driver_id,claim_id,driver_first_name,driver_middle_name,driver_last_name,driver_full_name,driver_mobile,driver_email,driver_gender,driver_gov_id,driver_dob,driver_license_no,relationship_to_insured,is_owner_flag,member_id
DRV-10000,CLM-00001,Tara,Anmol,Dara,Tara Dara,97918036977,tara42@outlook.co.in,F,AADHAR-3098-4437-6998,1980-01-17,DL-4595508623,Self,1,MEM-10137
DRV-10001,CLM-00002,Niharika,Vrinda,Parekh,Niharika Parekh,98964286555,niharika33@live.com,M,AADHAR-4379-5213-1967,1979-09-25,DL-9541057973,Son,0,
DRV-10002,CLM-00003,Jatin,,Nadig,Jatin Nadig,98754504498,jatin55@live.com,M,UID-355134569635,1963-05-02,DL-5981550423,Self,1,MEM-12182
DRV-10003,CLM-00004,Brinda,Ikshita,Sahni,Brinda Sahni,98411887806,brinda40@gmail.com,M,AADHAR-8531-6222-8218,1985-02-02,DL-5672855958,Spouse,0,
DRV-10004,CLM-00005,Panini,Nitara,Bansal,Panini Bansal,99997249030,panini27@hotmail.com,F,VOTER-B715166,1960-12-15,DL-4195234784,Relative,0,
DRV-10005,CLM-00006,Anjali,Darika,Pai,Anjali Pai,99710173026,anjali17@live.com,M,UID-239696621915,1994-01-16,DL-8809570915,Son,0,
DRV-10006,CLM-00007,Matthew,,Khare,Matthew Khare,99866572283,matthew20@gmail.com,M,AADHAR-1593-7033-4672,1997-09-10,DL-3282419599,Self,1,MEM-11043
DRV-10007,CLM-00008,Vritti,,Nair,Vritti Nair,97143906424,vritti95@gmail.com,F,VOTER-D569783,1976-01-30,DL-9197749052,Self,1,MEM-10417
DRV-10008,CLM-00009,Mekhala,Aarna,Chahal,Mekhala Chahal,98576478337,mekhala55@outlook.co.in,F,UID-336648701349,1960-12-23,DL-6309419676,Self,1,MEM-10752
DRV-10009,CLM-00010,Daksha,Rishi,Raghavan,Daksha Raghavan,97412607121,daksha78@yahoo.com,F,UID-456924896118,1995-11-19,DL-6986316215,Paid Driver,0,
DRV-10010,CLM-00011,Arya,Janani,Prabhu,Arya Prabhu,97703796859,arya59@gmail.com,F,UID-349209354926,1980-03-31,DL-1932707781,Self,1,MEM-11190
DRV-10011,CLM-00012,Hamsini,,Sagar,Hamsini Sagar,97223397635,hamsini47@yahoo.com,M,AADHAR-6930-5722-6128,1962-04-12,DL-2122670929,Paid Driver,0,
DRV-10012,CLM-00013,Vamakshi,Vasudha,Ratti,Vamakshi Ratti,99724077668,vamakshi60@rediffmail.com,F,AADHAR-8375-7254-2418,1965-04-19,DL-3209548363,Self,1,MEM-11056
DRV-10013,CLM-00014,Oni,Hiral,Prabhu,Oni Prabhu,99064579146,oni59@yahoo.com,M,VOTER-A118578,2004-01-30,DL-5754492093,Paid Driver,0,
DRV-10014,CLM-00015,Priya,Vasudha,Nigam,Priya Nigam,99446341135,priya52@outlook.co.in,F,UID-419732816288,1983-02-13,DL-5573837565,Self,1,MEM-10394
DRV-10015,CLM-00016,Rachit,,Merchant,Rachit Merchant,97924309586,rachit45@outlook.co.in,M,VOTER-D469485,1959-11-23,DL-6630584899,Self,1,MEM-11454
DRV-10016,CLM-00017,Zinal,,Gala,Zinal Gala,97603473191,zinal38@live.com,M,VOTER-A369992,1981-04-13,DL-6913370816,Paid Driver,0,
DRV-10017,CLM-00018,Unnati,,Chandran,Unnati Chandran,98538669648,unnati14@rediffmail.com,F,AADHAR-3314-5192-5136,1992-01-16,DL-5108557843,Spouse,0,
DRV-10018,CLM-00019,Vamakshi,,Taneja,Vamakshi Taneja,98844590144,vamakshi70@yahoo.com,F,UID-408794478275,1967-07-10,DL-1160253518,Spouse,0,
DRV-10019,CLM-00020,Deepa,Rajata,Kata,Deepa Kata,98780009785,deepa56@rediffmail.com,M,VOTER-C135727,2006-03-07,DL-5319136004,Friend,0,
DRV-10020,CLM-00021,Victor,,Pillai,Victor Pillai,98673555599,victor27@hotmail.com,M,VOTER-A370113,1998-05-08,DL-3629822740,Self,1,MEM-10906
DRV-10021,CLM-00022,Devika,Barkha,Chada,Devika Chada,98739058965,devika85@rediffmail.com,F,UID-198214204519,1982-12-21,DL-1004643880,Self,1,MEM-10959
DRV-10022,CLM-00023,Tanmayi,Indira,Palan,Tanmayi Palan,99798872716,tanmayi49@outlook.co.in,M,VOTER-B355023,1958-03-11,DL-9726703255,Paid Driver,0,
DRV-10023,CLM-00024,Rushil,,Khurana,Rushil Khurana,97646252093,rushil58@outlook.co.in,M,AADHAR-1391-7467-6096,2001-04-19,DL-7466346375,Self,1,MEM-13275
DRV-10024,CLM-00025,Janaki,Ucchal,Ramanathan,Janaki Ramanathan,99692615772,janaki76@live.com,M,AADHAR-4700-2427-6203,1992-07-29,DL-7547245951,Spouse,0,
DRV-10025,CLM-00026,Rajata,,Singhal,Rajata Singhal,97166430123,rajata28@hotmail.com,F,AADHAR-3421-4405-1250,2006-10-13,DL-1006441725,Daughter,0,
DRV-10026,CLM-00027,Aadhya,,Arora,Aadhya Arora,99762481901,aadhya75@rediffmail.com,F,UID-451269503741,1990-12-09,DL-7058279027,Self,1,MEM-13420
DRV-10027,CLM-00028,Aashi,Yochana,Sood,Aashi Sood,97464902242,aashi56@yahoo.com,M,AADHAR-4632-7595-7514,1998-06-12,DL-2748930533,Spouse,0,
DRV-10028,CLM-00029,Dayamai,Laban,Bali,Dayamai Bali,98983881751,dayamai87@rediffmail.com,F,UID-345336917209,1971-11-23,DL-8262672578,Self,1,MEM-10042
DRV-10029,CLM-00030,Kai,Jeremiah,Wable,Kai Wable,97699467970,kai98@rediffmail.com,M,UID-690955782842,1995-12-13,DL-1747862764,Self,1,MEM-10701
DRV-10030,CLM-00031,Aadi,Ira,Dayal,Aadi Dayal,98115159170,aadi91@rediffmail.com,M,VOTER-C816581,2002-10-27,DL-7498086202,Self,1,MEM-13455
DRV-10031,CLM-00032,Manbir,Champak,Barad,Manbir Barad,98159001496,manbir70@rediffmail.com,M,UID-198201059406,2007-08-07,DL-1537593847,Self,1,MEM-11182
DRV-10032,CLM-00033,Daksha,Frado,Goyal,Daksha Goyal,97625559224,daksha12@yahoo.com,M,VOTER-C971331,1978-02-02,DL-8685754559,Paid Driver,0,
DRV-10033,CLM-00034,Samar,,Ahuja,Samar Ahuja,99503016394,samar15@outlook.co.in,M,UID-487333171395,1990-03-02,DL-1632698129,Self,1,MEM-13350
DRV-10034,CLM-00035,Amruta,Zilmil,Bassi,Amruta Bassi,98177103756,amruta84@rediffmail.com,M,UID-376660946656,1969-12-19,DL-4708460852,Spouse,0,
DRV-10035,CLM-00036,Bhavini,Anirudh,Bedi,Bhavini Bedi,97622377954,bhavini93@yahoo.com,M,VOTER-D814902,1996-04-15,DL-1459348095,Friend,0,
DRV-10036,CLM-00037,Farhan,Vamakshi,Randhawa,Farhan Randhawa,99582717597,farhan71@live.com,M,VOTER-A640477,2000-02-21,DL-1899863268,Self,1,MEM-11891
DRV-10037,CLM-00038,Charles,,Mutti,Charles Mutti,99275966625,charles69@outlook.co.in,M,AADHAR-2412-2466-8068,1974-08-07,DL-3633153999,Self,1,MEM-11197
DRV-10038,CLM-00039,Qushi,Daniel,Din,Qushi Din,99252321611,qushi55@hotmail.com,F,VOTER-C505161,2005-01-20,DL-4951497139,Self,1,MEM-12299
DRV-10039,CLM-00040,Yashasvi,Zashil,Lad,Yashasvi Lad,99844954543,yashasvi49@hotmail.com,M,AADHAR-2774-2217-5503,1979-06-04,DL-5478072861,Daughter,0,
DRV-10040,CLM-00041,Osha,,Chadha,Osha Chadha,97841865875,osha47@rediffmail.com,M,UID-422168386804,1983-05-13,DL-3705666240,Relative,0,
DRV-10041,CLM-00042,Hritik,,Batra,Hritik Batra,98976808205,hritik46@gmail.com,M,AADHAR-2196-2171-3326,1978-08-27,DL-8789651901,Self,1,MEM-12294
DRV-10042,CLM-00043,Meera,,Sachdeva,Meera Sachdeva,98690776210,meera57@live.com,F,UID-536608417715,1984-12-25,DL-7840742805,Self,1,MEM-12399
DRV-10043,CLM-00044,Lakshit,Balvan,Sarma,Lakshit Sarma,98494938484,lakshit58@yahoo.com,M,AADHAR-7900-7056-4085,2006-12-16,DL-6561858556,Self,1,MEM-12133
DRV-10044,CLM-00045,Zaitra,Omkaar,Nair,Zaitra Nair,98791853382,zaitra60@rediffmail.com,F,AADHAR-3314-4839-1927,1957-02-12,DL-3769316797,Paid Driver,0,
DRV-10045,CLM-00046,Mitali,,Sekhon,Mitali Sekhon,97120092387,mitali41@yahoo.com,F,AADHAR-3563-7865-6083,1971-12-29,DL-5461130372,Daughter,0,
DRV-10046,CLM-00047,Anita,,Luthra,Anita Luthra,98164318440,anita17@live.com,F,AADHAR-7652-5308-5400,1976-06-20,DL-1614500531,Self,1,MEM-11119
DRV-10047,CLM-00048,Kashish,Widisha,Buch,Kashish Buch,97532093962,kashish33@hotmail.com,F,AADHAR-2139-1570-9750,1983-11-12,DL-2302297886,Son,0,
DRV-10048,CLM-00049,Mason,Anay,Dey,Mason Dey,97377465233,mason27@gmail.com,M,AADHAR-1157-8876-8252,1982-08-12,DL-2101533480,Self,1,MEM-11934
DRV-10049,CLM-00050,Jeet,,Shenoy,Jeet Shenoy,97132808548,jeet81@rediffmail.com,M,UID-334589189629,2003-03-14,DL-9771366027,Self,1,MEM-13072
DRV-10050,CLM-00051,Falguni,Faqid,Narain,Falguni Narain,98311980647,falguni85@gmail.com,M,VOTER-D799242,1995-07-16,DL-6543166772,Relative,0,
DRV-10051,CLM-00052,Aadhya,Osha,Balasubramanian,Aadhya Balasubramanian,97837188193,aadhya62@yahoo.com,M,AADHAR-5999-1103-4622,1970-08-31,DL-9495211658,Son,0,
DRV-10052,CLM-00053,Samuel,Bachittar,Anand,Samuel Anand,98321346363,samuel20@live.com,M,AADHAR-5986-5864-3016,1985-12-31,DL-2228159670,Self,1,MEM-10238
DRV-10053,CLM-00054,Eesha,Max,Varkey,Eesha Varkey,97828270386,eesha43@yahoo.com,F,UID-380470324968,1966-11-20,DL-5642313710,Self,1,MEM-12485
DRV-10054,CLM-00055,Darika,,Gokhale,Darika Gokhale,99556799270,darika44@live.com,M,UID-985459322565,1963-07-07,DL-9725695448,Spouse,0,
DRV-10055,CLM-00056,Falguni,Rohan,Din,Falguni Din,97654003766,falguni11@live.com,M,UID-925492820119,1996-07-26,DL-8550675185,Relative,0,
DRV-10056,CLM-00057,Osha,,Kamdar,Osha Kamdar,97139680649,osha77@yahoo.com,M,VOTER-C868435,1959-12-10,DL-3688500517,Relative,0,
DRV-10057,CLM-00058,Yashvi,,Rai,Yashvi Rai,97198084753,yashvi84@hotmail.com,F,UID-529928865397,1998-09-04,DL-8913308064,Self,1,MEM-10821
DRV-10058,CLM-00059,Nisha,,Sethi,Nisha Sethi,98247346723,nisha23@yahoo.com,F,AADHAR-6839-2070-9560,1988-06-11,DL-8723517355,Spouse,0,
DRV-10059,CLM-00060,Chandresh,Vasudha,Purohit,Chandresh Purohit,99087397669,chandresh71@gmail.com,M,VOTER-B550785,1984-02-27,DL-6526285622,Self,1,MEM-10090
DRV-10060,CLM-00061,Girindra,,Wable,Girindra Wable,98711143377,girindra53@yahoo.com,M,AADHAR-2715-3822-1983,1973-04-06,DL-3992376673,Self,1,MEM-11325
DRV-10061,CLM-00062,Ikbal,Idika,Rattan,Ikbal Rattan,99935519601,ikbal72@yahoo.com,M,AADHAR-9755-2225-3124,1988-01-28,DL-6272248471,Self,1,MEM-13058
DRV-10062,CLM-00063,Triveni,Gopal,Shetty,Triveni Shetty,97483867956,triveni64@yahoo.com,F,VOTER-B399443,1967-07-10,DL-1238096970,Paid Driver,0,
DRV-10063,CLM-00064,Sai,Guneet,Kapur,Sai Kapur,97990941220,sai55@rediffmail.com,M,AADHAR-4395-7835-3931,1980-03-23,DL-1446014289,Daughter,0,
DRV-10064,CLM-00065,Saanvi,,Rao,Saanvi Rao,99948645195,saanvi57@yahoo.com,M,VOTER-A635832,1956-11-12,DL-4274961178,Paid Driver,0,
DRV-10065,CLM-00066,Vamakshi,Vansha,Sule,Vamakshi Sule,97404846957,vamakshi91@rediffmail.com,M,VOTER-A774057,1956-11-04,DL-4782591285,Spouse,0,
DRV-10066,CLM-00067,Agastya,,Anne,Agastya Anne,98318225713,agastya76@hotmail.com,M,AADHAR-8004-6376-8788,1994-08-20,DL-7541568046,Self,1,MEM-12733
DRV-10067,CLM-00068,Ronith,Nirja,Salvi,Ronith Salvi,99132870601,ronith48@live.com,M,UID-676287260482,1965-09-04,DL-2005184521,Self,1,MEM-10946
DRV-10068,CLM-00069,Suhani,Ikbal,Chana,Suhani Chana,98540376743,suhani50@hotmail.com,M,UID-172242088749,1985-06-22,DL-8124359588,Spouse,0,
DRV-10069,CLM-00070,Oeshi,Yatan,Swamy,Oeshi Swamy,98820183012,oeshi66@outlook.co.in,F,UID-744360213867,1998-12-02,DL-7420811335,Self,1,MEM-12561
DRV-10070,CLM-00071,Noah,Nirja,Agate,Noah Agate,98133136559,noah31@outlook.co.in,M,VOTER-E584133,1970-12-06,DL-3092661998,Self,1,MEM-12627
DRV-10071,CLM-00072,Varsha,,Rai,Varsha Rai,97176987153,varsha26@hotmail.com,F,UID-653991513346,1955-12-08,DL-3321031339,Son,0,
DRV-10072,CLM-00073,Onveer,,Wable,Onveer Wable,98440592879,onveer57@outlook.co.in,M,VOTER-E346749,1988-03-23,DL-9236424468,Self,1,MEM-10852
DRV-10073,CLM-00074,Ishani,,Sachar,Ishani Sachar,98512602393,ishani77@outlook.co.in,F,AADHAR-2674-9261-5057,1993-10-04,DL-7981299737,Self,1,MEM-13100
DRV-10074,CLM-00075,Pavani,Ladli,Mishra,Pavani Mishra,97632202624,pavani71@yahoo.com,F,UID-199103378271,1984-03-23,DL-8303979418,Daughter,0,
DRV-10075,CLM-00076,Dominic,,Bhardwaj,Dominic Bhardwaj,99063662676,dominic83@live.com,M,VOTER-A501598,1968-04-18,DL-1551976917,Self,1,MEM-11123
DRV-10076,CLM-00077,Yamini,Ikshita,Lalla,Yamini Lalla,98173779791,yamini26@yahoo.com,F,UID-455084038663,1986-11-26,DL-3824914545,Spouse,0,
DRV-10077,CLM-00078,Siya,Ekantika,Bhatti,Siya Bhatti,99961415213,siya87@outlook.co.in,M,AADHAR-7433-5411-4177,1975-04-08,DL-3794496238,Paid Driver,0,
DRV-10078,CLM-00079,Januja,Gaurika,Nazareth,Januja Nazareth,99644054316,januja50@rediffmail.com,F,UID-747627125552,2007-10-18,DL-2154419890,Self,1,MEM-10671
DRV-10079,CLM-00080,Veer,Bhavna,Iyer,Veer Iyer,98966506130,veer84@outlook.co.in,M,UID-130154256903,2000-03-15,DL-1502454166,Self,1,MEM-10277
DRV-10080,CLM-00081,Omisha,Ishani,Balakrishnan,Omisha Balakrishnan,97635957273,omisha81@outlook.co.in,F,UID-798553862082,1974-01-18,DL-7265134375,Relative,0,
DRV-10081,CLM-00082,Geetika,Krish,Dara,Geetika Dara,98058662713,geetika26@outlook.co.in,F,VOTER-E655285,1983-09-27,DL-5796844598,Friend,0,
DRV-10082,CLM-00083,Vansha,,Tiwari,Vansha Tiwari,99328507570,vansha63@yahoo.com,F,VOTER-E757978,1996-03-11,DL-2536251922,Relative,0,
DRV-10083,CLM-00084,Gavin,Vedant,Chaudhari,Gavin Chaudhari,99077597878,gavin83@yahoo.com,M,VOTER-A991214,2005-05-07,DL-7659254936,Self,1,MEM-11545
DRV-10084,CLM-00085,Jalsa,Lekha,Ravel,Jalsa Ravel,97920972904,jalsa36@hotmail.com,F,UID-373205142476,1993-11-18,DL-6499047578,Daughter,0,
DRV-10085,CLM-00086,Bhavna,,Bava,Bhavna Bava,97720135531,bhavna35@hotmail.com,M,VOTER-A607280,1992-10-15,DL-4654989849,Daughter,0,
DRV-10086,CLM-00087,Pallavi,Aadhya,Mannan,Pallavi Mannan,98903650824,pallavi49@yahoo.com,F,AADHAR-6129-6189-9690,1995-08-09,DL-4897481267,Spouse,0,
DRV-10087,CLM-00088,Wakeeta,Reyansh,Deshpande,Wakeeta Deshpande,97329609096,wakeeta62@gmail.com,F,AADHAR-4127-6289-9069,1986-05-12,DL-7315949755,Spouse,0,
DRV-10088,CLM-00089,Utkarsh,Laksh,Biswas,Utkarsh Biswas,98182753844,utkarsh21@hotmail.com,M,UID-427162722831,1970-04-16,DL-9300749877,Self,1,MEM-13114
DRV-10089,CLM-00090,Tanmayi,Devika,Kibe,Tanmayi Kibe,98546499134,tanmayi56@outlook.co.in,F,VOTER-D690806,1962-01-24,DL-2666988400,Self,1,MEM-13204
DRV-10090,CLM-00091,Anvi,Kamya,Dugar,Anvi Dugar,98240202007,anvi56@yahoo.com,F,VOTER-B754248,1995-01-20,DL-4199849675,Son,0,
DRV-10091,CLM-00092,Hritik,,Batra,Hritik Batra,98976808205,hritik46@gmail.com,M,AADHAR-2196-2171-3326,1978-08-27,DL-3052852357,Self,1,MEM-12294
DRV-10092,CLM-00093,Triveni,,Agarwal,Triveni Agarwal,98889488649,triveni75@gmail.com,F,AADHAR-3989-9197-5033,1982-05-27,DL-7492291409,Self,1,MEM-12628
DRV-10093,CLM-00094,Samuel,Bachittar,Anand,Samuel Anand,98321346363,samuel20@live.com,M,AADHAR-5986-5864-3016,1985-12-31,DL-2156574576,Self,1,MEM-10238
DRV-10094,CLM-00095,Krishna,Upkaar,Iyengar,Krishna Iyengar,99630342466,krishna91@live.com,M,AADHAR-7421-7935-9606,2005-02-28,DL-1132074256,Self,1,MEM-13376
DRV-10095,CLM-00096,Patrick,Nimrat,Parikh,Patrick Parikh,99287539995,patrick47@hotmail.com,M,AADHAR-4031-4979-9970,2002-06-04,DL-2836345789,Self,1,MEM-12744
DRV-10096,CLM-00097,Ria,Saanvi,Barman,Ria Barman,99909755709,ria41@yahoo.com,F,VOTER-B647153,1976-04-22,DL-4546099716,Paid Driver,0,
DRV-10097,CLM-00098,Balendra,Gopal,Amble,Balendra Amble,99129054269,balendra55@gmail.com,M,VOTER-C259489,1983-10-26,DL-7519597977,Self,1,MEM-10450
DRV-10098,CLM-00099,Balendra,Gopal,Amble,Balendra Amble,99129054269,balendra55@gmail.com,M,VOTER-C259489,1983-10-26,DL-7169055002,Self,1,MEM-10450
DRV-10099,CLM-00100,Praneel,Lakshmi,Sankaran,Praneel Sankaran,97877044059,praneel66@yahoo.com,M,AADHAR-3639-8239-9288,1983-01-26,DL-4511306240,Self,1,MEM-13073
DRV-10100,CLM-00101,Krishna,Mitali,Agate,Krishna Agate,97577810075,krishna56@live.com,M,VOTER-E737106,1998-09-14,DL-4813654892,Spouse,0,
DRV-10101,CLM-00102,Dayamai,Aarav,Virk,Dayamai Virk,98277944743,dayamai41@rediffmail.com,F,AADHAR-7866-2940-1835,1997-07-25,DL-3721456674,Self,1,MEM-12264
DRV-10102,CLM-00103,Yashodhara,Ekbal,Kanda,Yashodhara Kanda,99781920155,yashodhara63@rediffmail.com,F,UID-530091546546,1981-02-10,DL-3257409330,Daughter,0,
DRV-10103,CLM-00104,Madhavi,Guneet,Borah,Madhavi Borah,97116919441,madhavi51@gmail.com,F,UID-164631261606,1972-10-30,DL-1320278948,Paid Driver,0,
DRV-10104,CLM-00105,Odika,Darsh,Kumer,Odika Kumer,99360408089,odika56@outlook.co.in,F,VOTER-C815239,1986-08-30,DL-1417934480,Self,1,MEM-10081
DRV-10105,CLM-00106,Chasmum,Vyanjana,Amble,Chasmum Amble,98205021380,chasmum37@hotmail.com,M,VOTER-E286185,1966-01-06,DL-3052750776,Friend,0,
DRV-10106,CLM-00107,Meera,Gagan,Pandit,Meera Pandit,97333536000,meera69@live.com,M,AADHAR-9492-4203-5533,1989-07-23,DL-2475336889,Son,0,
DRV-10107,CLM-00108,Bina,Adya,Desai,Bina Desai,99789758300,bina36@hotmail.com,M,VOTER-C331156,1961-08-06,DL-4061717011,Friend,0,
DRV-10108,CLM-00109,Reva,Barkha,Kalita,Reva Kalita,98556444551,reva56@outlook.co.in,F,VOTER-B205730,1988-07-30,DL-9263154145,Self,1,MEM-10795
DRV-10109,CLM-00110,Jasmit,,Chaudhari,Jasmit Chaudhari,97017220815,jasmit93@rediffmail.com,F,VOTER-B489253,1991-10-15,DL-5225292204,Self,1,MEM-12416
DRV-10110,CLM-00111,Darika,Unnati,Jaggi,Darika Jaggi,99651134785,darika44@gmail.com,M,AADHAR-1874-9706-5108,1966-12-26,DL-4645952152,Daughter,0,
DRV-10111,CLM-00112,Advika,Pranav,Swaminathan,Advika Swaminathan,99068190242,advika40@yahoo.com,F,AADHAR-6957-1667-2315,1994-09-20,DL-7311848704,Spouse,0,
DRV-10112,CLM-00113,Idika,Victor,Handa,Idika Handa,97715807792,idika28@yahoo.com,M,AADHAR-5743-2890-5586,1998-08-30,DL-5528541560,Friend,0,
DRV-10113,CLM-00114,Shivansh,Sanaya,Bir,Shivansh Bir,98806768833,shivansh77@hotmail.com,M,AADHAR-1837-3270-4337,1981-02-23,DL-7062267088,Self,1,MEM-12520
DRV-10114,CLM-00115,Yochana,Qarin,Vora,Yochana Vora,97645485162,yochana94@live.com,M,VOTER-D142402,1978-12-16,DL-1300561727,Daughter,0,
DRV-10115,CLM-00116,Eiravati,,Bhasin,Eiravati Bhasin,99305749276,eiravati81@outlook.co.in,M,AADHAR-9047-5728-4275,1990-02-19,DL-4660871466,Friend,0,
DRV-10116,CLM-00117,Sanya,Jalsa,Som,Sanya Som,97990995084,sanya37@rediffmail.com,F,UID-347445298565,1982-06-20,DL-5644633598,Spouse,0,
DRV-10117,CLM-00118,Dominic,Charles,Batra,Dominic Batra,99505918222,dominic49@hotmail.com,M,VOTER-B843629,1968-09-12,DL-1613152898,Self,1,MEM-12059
DRV-10118,CLM-00119,Omisha,Urishilla,Naidu,Omisha Naidu,98367063892,omisha27@yahoo.com,F,VOTER-B914841,1965-09-08,DL-7191743299,Self,1,MEM-11394
DRV-10119,CLM-00120,Radhika,,Khurana,Radhika Khurana,99967871102,radhika73@yahoo.com,F,UID-755154391737,1992-01-28,DL-1914146046,Self,1,MEM-12400
DRV-10120,CLM-00121,Gayathri,,Lad,Gayathri Lad,99835651563,gayathri95@live.com,M,AADHAR-5877-3961-8577,1991-08-15,DL-4945474391,Spouse,0,
DRV-10121,CLM-00122,Tanmayi,Kamala,Kashyap,Tanmayi Kashyap,99624202712,tanmayi97@live.com,F,UID-104129710188,2006-09-02,DL-8512503548,Spouse,0,
DRV-10122,CLM-00123,Lopa,Lajita,Sibal,Lopa Sibal,97261066282,lopa94@outlook.co.in,F,VOTER-A641886,1964-11-02,DL-9620442551,Friend,0,
DRV-10123,CLM-00124,Ria,Oviya,Morar,Ria Morar,99286104982,ria30@gmail.com,F,VOTER-A421086,1994-02-28,DL-8114644253,Self,1,MEM-11023
DRV-10124,CLM-00125,Suhani,Aachal,Nigam,Suhani Nigam,97621884739,suhani61@rediffmail.com,M,UID-721903402762,1963-07-03,DL-5563997661,Daughter,0,
DRV-10125,CLM-00126,Darika,Upadhriti,Mittal,Darika Mittal,97078237558,darika29@gmail.com,M,UID-909439118704,1983-05-24,DL-9204310718,Son,0,
DRV-10126,CLM-00127,Eshana,Nicholas,Chowdhury,Eshana Chowdhury,99480825544,eshana15@yahoo.com,F,VOTER-C484067,1976-10-31,DL-7578069250,Spouse,0,
DRV-10127,CLM-00128,Omaja,,Ramachandran,Omaja Ramachandran,99725525302,omaja28@outlook.co.in,M,VOTER-E441009,1986-11-24,DL-3153587138,Friend,0,
DRV-10128,CLM-00129,Eesha,Faris,Sami,Eesha Sami,98955547535,eesha89@hotmail.com,F,AADHAR-6567-1007-1117,1975-09-21,DL-8579433589,Self,1,MEM-11227
DRV-10129,CLM-00130,Damini,Thomas,Sastry,Damini Sastry,98103144321,damini79@outlook.co.in,F,UID-705604483437,1985-08-15,DL-2106616763,Self,1,MEM-11404
DRV-10130,CLM-00131,Prisha,David,Sheth,Prisha Sheth,97468692236,prisha73@yahoo.com,M,UID-819565892722,2007-04-25,DL-1430309889,Relative,0,
DRV-10131,CLM-00132,Adya,,Badami,Adya Badami,98613500402,adya24@live.com,F,AADHAR-5038-9264-7047,1962-08-24,DL-9269051225,Relative,0,
DRV-10132,CLM-00133,Maya,Abeer,Kala,Maya Kala,99323189244,maya41@hotmail.com,F,UID-636215099666,1989-08-21,DL-1097514685,Self,1,MEM-11751
DRV-10133,CLM-00134,Jeet,Dhruv,Karpe,Jeet Karpe,98788188344,jeet91@yahoo.com,M,UID-491686914504,1986-02-27,DL-6480854643,Self,1,MEM-13390
DRV-10134,CLM-00135,Advay,Upadhriti,Mitra,Advay Mitra,98375920003,advay20@outlook.co.in,M,AADHAR-1097-9683-8096,1981-12-03,DL-6804162270,Self,1,MEM-12639
DRV-10135,CLM-00136,Kamya,Naksh,Murthy,Kamya Murthy,99040493909,kamya52@gmail.com,M,AADHAR-8845-6847-6540,1982-08-17,DL-7785856814,Relative,0,
DRV-10136,CLM-00137,Urvashi,Barkha,Dasgupta,Urvashi Dasgupta,97144808230,urvashi76@outlook.co.in,F,AADHAR-9358-1201-1082,1994-04-04,DL-8951852117,Relative,0,
DRV-10137,CLM-00138,Dipta,Xavier,Taneja,Dipta Taneja,99272140464,dipta30@live.com,F,UID-424278689697,1984-12-04,DL-8405212700,Self,1,MEM-10851
DRV-10138,CLM-00139,Kashish,,Kari,Kashish Kari,99567919114,kashish81@rediffmail.com,F,VOTER-D974573,1966-06-07,DL-6277381325,Self,1,MEM-10897
DRV-10139,CLM-00140,Arya,Robert,Sharaf,Arya Sharaf,98357308077,arya85@outlook.co.in,M,VOTER-E864735,1995-10-24,DL-9685405679,Daughter,0,
DRV-10140,CLM-00141,Reva,,Chander,Reva Chander,97587018596,reva97@gmail.com,M,AADHAR-9843-4410-9905,1976-06-09,DL-7110442133,Friend,0,
DRV-10141,CLM-00142,Waida,Aadhya,Wali,Waida Wali,98209951507,waida58@gmail.com,M,UID-907888972091,2000-04-04,DL-5078256264,Paid Driver,0,
DRV-10142,CLM-00143,Dalaja,Chaman,Wason,Dalaja Wason,99129513236,dalaja44@hotmail.com,F,VOTER-A565515,1989-04-02,DL-6653678153,Self,1,MEM-12173
DRV-10143,CLM-00144,Manya,Shaurya,Krishnan,Manya Krishnan,99157606027,manya70@gmail.com,M,VOTER-E125502,1976-05-31,DL-4761669640,Daughter,0,
DRV-10144,CLM-00145,Ekani,Balendra,Swaminathan,Ekani Swaminathan,99294888759,ekani84@yahoo.com,F,UID-894921803855,1958-07-17,DL-5419318124,Spouse,0,
DRV-10145,CLM-00146,Anjali,Tanveer,Baral,Anjali Baral,99871083049,anjali20@gmail.com,F,VOTER-E714534,2006-03-14,DL-8443809115,Relative,0,
DRV-10146,CLM-00147,Tripti,,Kant,Tripti Kant,98598472054,tripti26@rediffmail.com,F,VOTER-B870748,1993-07-01,DL-5818741490,Spouse,0,
DRV-10147,CLM-00148,Sarthak,Jai,Gaba,Sarthak Gaba,98674964047,sarthak83@rediffmail.com,M,AADHAR-8695-9870-8488,1986-11-13,DL-9992917770,Self,1,MEM-12097
DRV-10148,CLM-00149,Gayathri,Xiti,Din,Gayathri Din,97366075689,gayathri48@hotmail.com,M,VOTER-D470609,1970-09-19,DL-4059601990,Daughter,0,
DRV-10149,CLM-00150,Zilmil,,Chawla,Zilmil Chawla,97882219421,zilmil95@live.com,M,VOTER-B999653,2007-08-11,DL-7551517832,Friend,0,
DRV-10150,CLM-00151,Siya,Eesha,Master,Siya Master,98002276114,siya30@live.com,M,AADHAR-5364-6501-9551,1966-03-23,DL-5785082624,Relative,0,
DRV-10151,CLM-00152,Sanya,Yoshita,Kannan,Sanya Kannan,99074849013,sanya90@hotmail.com,M,AADHAR-9008-7761-5445,1995-05-28,DL-5220500729,Paid Driver,0,
DRV-10152,CLM-00153,Dominic,Meera,Barad,Dominic Barad,98912682723,dominic32@live.com,M,AADHAR-1843-4143-8487,2003-10-31,DL-8909587213,Self,1,MEM-12766
DRV-10153,CLM-00154,Sneha,,Kaur,Sneha Kaur,98213992699,sneha56@yahoo.com,F,AADHAR-2666-5412-8592,2005-12-15,DL-5093911430,Spouse,0,
DRV-10154,CLM-00155,Udyati,Omkaar,Yadav,Udyati Yadav,97538652615,udyati82@yahoo.com,F,UID-961725108071,1985-01-13,DL-4969315821,Friend,0,
DRV-10155,CLM-00156,Bhavika,Aadhya,Agrawal,Bhavika Agrawal,99942530115,bhavika37@yahoo.com,F,UID-852789979272,2005-05-15,DL-4486945777,Paid Driver,0,
DRV-10156,CLM-00157,Eshana,,Das,Eshana Das,97608569990,eshana64@rediffmail.com,M,AADHAR-7216-5037-1874,1979-03-06,DL-2488014088,Daughter,0,
DRV-10157,CLM-00158,Shivani,Anamika,Uppal,Shivani Uppal,97289250319,shivani32@yahoo.com,F,VOTER-E140466,2007-10-19,DL-9226911129,Son,0,
DRV-10158,CLM-00159,Adya,Brijesh,Oommen,Adya Oommen,99695821111,adya21@rediffmail.com,M,AADHAR-3604-6439-5516,2006-09-15,DL-5932878532,Relative,0,
DRV-10159,CLM-00160,Alka,,Gaba,Alka Gaba,97785928974,alka61@outlook.co.in,F,VOTER-E774949,1989-12-08,DL-3292375094,Spouse,0,
DRV-10160,CLM-00161,Vanya,Tanish,Talwar,Vanya Talwar,97281670334,vanya80@hotmail.com,M,AADHAR-4052-8031-8861,1960-01-16,DL-1201606632,Son,0,
DRV-10161,CLM-00162,Edhitha,Rachit,Butala,Edhitha Butala,99406627019,edhitha45@outlook.co.in,M,VOTER-B828215,1960-07-15,DL-5621158256,Daughter,0,
DRV-10162,CLM-00163,Bhavani,Zaid,Kulkarni,Bhavani Kulkarni,97475743255,bhavani25@outlook.co.in,M,AADHAR-1756-8388-8630,1994-02-26,DL-1227033684,Paid Driver,0,
DRV-10163,CLM-00164,Rachana,,Goswami,Rachana Goswami,98391917816,rachana54@yahoo.com,M,VOTER-B563387,1996-07-22,DL-9196825513,Relative,0,
DRV-10164,CLM-00165,Sneha,Harinakshi,Brar,Sneha Brar,99495275588,sneha70@live.com,M,UID-770452110677,1961-10-19,DL-9805332794,Friend,0,
DRV-10165,CLM-00166,Ekantika,Jagat,Nayak,Ekantika Nayak,99136130837,ekantika13@yahoo.com,M,VOTER-A445588,1972-03-04,DL-1998786850,Spouse,0,
DRV-10166,CLM-00167,Ucchal,Saanvi,Baria,Ucchal Baria,99566061725,ucchal69@hotmail.com,F,AADHAR-4948-1206-6340,1996-01-08,DL-6148562784,Son,0,
DRV-10167,CLM-00168,Bhavna,Bhavna,Hans,Bhavna Hans,98078718766,bhavna79@rediffmail.com,M,UID-782363217046,2007-05-30,DL-2469403365,Friend,0,
DRV-10168,CLM-00169,Aarna,,Madan,Aarna Madan,97001605522,aarna46@yahoo.com,M,UID-599736637068,1983-03-12,DL-4546116138,Paid Driver,0,
DRV-10169,CLM-00170,Zansi,Rachana,Nori,Zansi Nori,99008484714,zansi43@gmail.com,M,AADHAR-8185-5338-8815,1957-04-08,DL-5965897516,Spouse,0,
DRV-10170,CLM-00171,Veda,Nidhi,Kala,Veda Kala,98994240617,veda18@gmail.com,F,UID-877403450723,1959-12-14,DL-5585030903,Self,1,MEM-10344
DRV-10171,CLM-00172,Ojasvi,Sathvik,Hegde,Ojasvi Hegde,99392302628,ojasvi78@live.com,M,VOTER-D832183,1996-10-08,DL-7334944338,Paid Driver,0,
DRV-10172,CLM-00173,Eesha,Dakshesh,Sahni,Eesha Sahni,99386101916,eesha79@outlook.co.in,F,UID-861816943554,1979-01-24,DL-9551808027,Spouse,0,
DRV-10173,CLM-00174,Unni,,Rao,Unni Rao,97243724931,unni79@hotmail.com,F,VOTER-A615227,1968-07-28,DL-4537088754,Daughter,0,
DRV-10174,CLM-00175,Yachana,Meera,Divan,Yachana Divan,99429697793,yachana77@yahoo.com,F,UID-603230682520,2007-02-23,DL-6436774516,Friend,0,
DRV-10175,CLM-00176,Urishilla,,Dugar,Urishilla Dugar,97510562890,urishilla18@rediffmail.com,M,UID-776609002475,1974-04-04,DL-8442546055,Spouse,0,
DRV-10176,CLM-00177,Kritika,,Raju,Kritika Raju,99149621490,kritika35@hotmail.com,F,VOTER-C605706,1964-07-16,DL-2309173038,Self,1,MEM-11510
DRV-10177,CLM-00178,Libni,,Chakraborty,Libni Chakraborty,97389267411,libni26@gmail.com,M,UID-121910046844,2001-08-07,DL-1054608991,Daughter,0,
DRV-10178,CLM-00179,Amara,Damyanti,Kara,Amara Kara,99117682702,amara74@gmail.com,F,VOTER-B989719,1991-06-12,DL-1244840162,Self,1,MEM-12074
DRV-10179,CLM-00180,Udyati,,Patel,Udyati Patel,99088814465,udyati32@hotmail.com,M,UID-644383295052,1986-03-09,DL-2154916892,Son,0,
DRV-10180,CLM-00181,Jatin,Kavya,Rai,Jatin Rai,97236444303,jatin75@outlook.co.in,M,AADHAR-2135-7442-7892,2001-05-03,DL-8425122474,Self,1,MEM-13060
DRV-10181,CLM-00182,Harinakshi,Harinakshi,Sathe,Harinakshi Sathe,99462032883,harinakshi23@outlook.co.in,F,UID-685004115515,1957-12-13,DL-7335281207,Friend,0,
DRV-10182,CLM-00183,Ekaja,Aadi,Sur,Ekaja Sur,97090610911,ekaja16@yahoo.com,F,VOTER-B284674,1987-07-30,DL-6496293312,Relative,0,
DRV-10183,CLM-00184,Vasana,,Solanki,Vasana Solanki,97358923204,vasana89@gmail.com,M,UID-697240655972,1977-10-05,DL-7973301591,Son,0,
DRV-10184,CLM-00185,Ekalinga,Sai,Chand,Ekalinga Chand,97598252667,ekalinga36@gmail.com,M,AADHAR-2747-6939-6432,1972-05-20,DL-2075194604,Self,1,MEM-12252
DRV-10185,CLM-00186,Januja,Ladli,Khatri,Januja Khatri,99490159138,januja26@outlook.co.in,M,UID-179768447393,1967-03-30,DL-1427389166,Paid Driver,0,
DRV-10186,CLM-00187,Zarna,Kavya,Halder,Zarna Halder,98178094408,zarna83@hotmail.com,M,VOTER-B492944,1965-03-02,DL-3227434611,Spouse,0,
DRV-10187,CLM-00188,Wakeeta,Chatresh,Ganesh,Wakeeta Ganesh,97373969691,wakeeta84@hotmail.com,F,AADHAR-8779-7052-4879,1982-06-18,DL-6170341583,Spouse,0,
DRV-10188,CLM-00189,Januja,Gaurika,Nazareth,Januja Nazareth,99644054316,januja50@rediffmail.com,F,UID-747627125552,2007-10-18,DL-7127103215,Self,1,MEM-10671
DRV-10189,CLM-00190,Zilmil,Gaurangi,Khare,Zilmil Khare,98352848242,zilmil54@gmail.com,M,VOTER-D599789,2002-11-06,DL-4433141361,Paid Driver,0,
DRV-10190,CLM-00191,Gautam,,Madan,Gautam Madan,99712852559,gautam78@hotmail.com,M,AADHAR-4856-4093-3409,1978-02-18,DL-2594209282,Self,1,MEM-12010
DRV-10191,CLM-00192,Tanveer,Yashvi,Ravel,Tanveer Ravel,98050720044,tanveer48@yahoo.com,M,UID-336392980370,1968-11-22,DL-6301586318,Self,1,MEM-10551
DRV-10192,CLM-00193,Udyati,Bhavya,Munshi,Udyati Munshi,99700563287,udyati50@gmail.com,F,AADHAR-2370-6601-1772,1972-12-17,DL-6258314069,Spouse,0,
DRV-10193,CLM-00194,Atharv,Hiral,Maharaj,Atharv Maharaj,99450257596,atharv29@yahoo.com,M,UID-774271322102,2003-02-06,DL-1103252351,Self,1,MEM-12407
DRV-10194,CLM-00195,Maya,,Dara,Maya Dara,99719425075,maya23@live.com,M,AADHAR-3613-1552-7994,1987-12-17,DL-5556024260,Relative,0,
DRV-10195,CLM-00196,Mohini,Falak,Khurana,Mohini Khurana,97914159113,mohini30@rediffmail.com,F,VOTER-E955384,2003-07-24,DL-5165842069,Relative,0,
DRV-10196,CLM-00197,Megha,Wridesh,Comar,Megha Comar,99986618586,megha42@hotmail.com,F,VOTER-C389742,2001-06-13,DL-4331752649,Daughter,0,
DRV-10197,CLM-00198,Aishani,Tanmayi,D’Alia,Aishani D’Alia,99966418895,aishani64@hotmail.com,M,VOTER-E384896,1993-07-09,DL-3817518597,Relative,0,
DRV-10198,CLM-00199,Wakeeta,Aarna,Patel,Wakeeta Patel,99357676622,wakeeta43@rediffmail.com,M,AADHAR-9686-6889-8483,1984-11-14,DL-3491097723,Daughter,0,
DRV-10199,CLM-00200,Prisha,Ekta,Sarma,Prisha Sarma,97457200781,prisha72@hotmail.com,F,VOTER-B414090,1995-07-25,DL-7041165775,Self,1,MEM-11148
DRV-10200,CLM-00201,Chasmum,Chaaya,Agrawal,Chasmum Agrawal,99043625732,chasmum61@hotmail.com,M,AADHAR-2077-3374-2739,1961-07-23,DL-2539760044,Friend,0,
DRV-10201,CLM-00202,Varsha,Baghyawati,Sethi,Varsha Sethi,99888020245,varsha98@hotmail.com,M,AADHAR-5461-5940-5180,1975-12-04,DL-7036039335,Spouse,0,
DRV-10202,CLM-00203,Nidhi,Faras,Sidhu,Nidhi Sidhu,97495430945,nidhi51@rediffmail.com,M,AADHAR-5855-2461-1515,1973-07-23,DL-2158121258,Son,0,
DRV-10203,CLM-00204,Vedant,Oscar,Narain,Vedant Narain,98586122523,vedant16@yahoo.com,M,AADHAR-8940-5455-6085,1961-01-02,DL-9256196732,Self,1,MEM-10624
DRV-10204,CLM-00205,Chandani,Pushti,Sur,Chandani Sur,97658814821,chandani59@gmail.com,F,VOTER-B239435,2005-06-22,DL-3367775382,Relative,0,
DRV-10205,CLM-00206,Jhalak,Varenya,Sharma,Jhalak Sharma,99381436126,jhalak62@live.com,F,AADHAR-7111-1073-7666,2001-01-16,DL-8709447666,Self,1,MEM-10879
DRV-10206,CLM-00207,Kavya,Yochana,Oommen,Kavya Oommen,98346855866,kavya65@hotmail.com,M,VOTER-D481908,1970-01-08,DL-1910806766,Paid Driver,0,
DRV-10207,CLM-00208,Ubika,Ekiya,Mannan,Ubika Mannan,98093423501,ubika96@gmail.com,M,UID-595557389061,2004-09-25,DL-7911103828,Spouse,0,
DRV-10208,CLM-00209,Nidra,Sara,Shroff,Nidra Shroff,97374782193,nidra43@rediffmail.com,M,AADHAR-9853-2789-8990,1958-06-18,DL-6556019363,Paid Driver,0,
DRV-10209,CLM-00210,Reva,Barkha,Kalita,Reva Kalita,98556444551,reva56@outlook.co.in,F,VOTER-B205730,1988-07-30,DL-5679381745,Self,1,MEM-10795
DRV-10210,CLM-00211,Indira,Upadhriti,Kala,Indira Kala,99834407420,indira29@hotmail.com,M,VOTER-B467103,2000-05-07,DL-4031367200,Spouse,0,
DRV-10211,CLM-00212,Girish,Faraj,Kari,Girish Kari,99463680019,girish66@rediffmail.com,M,UID-400686777356,2001-04-14,DL-1120231783,Self,1,MEM-10706
DRV-10212,CLM-00213,Laban,Janya,Rama,Laban Rama,98198031079,laban15@hotmail.com,M,UID-161470191371,1995-06-10,DL-5956221210,Self,1,MEM-11749
DRV-10213,CLM-00214,Bina,,Badal,Bina Badal,98698345333,bina23@gmail.com,M,UID-789145147362,1994-09-17,DL-4678637167,Son,0,
DRV-10214,CLM-00215,Chandresh,Azaan,Sarma,Chandresh Sarma,97200421238,chandresh36@yahoo.com,M,VOTER-D135252,1959-12-10,DL-4141287844,Self,1,MEM-10031
DRV-10215,CLM-00216,Widisha,,Borah,Widisha Borah,99197161630,widisha93@live.com,F,AADHAR-4471-1563-4176,1963-10-16,DL-8488342521,Self,1,MEM-12422
DRV-10216,CLM-00217,Sachi,Kai,Deep,Sachi Deep,99762911351,sachi98@live.com,F,UID-470912978548,1966-03-27,DL-4229679292,Son,0,
DRV-10217,CLM-00218,Oeshi,,Bahl,Oeshi Bahl,98024671232,oeshi34@rediffmail.com,M,UID-292094139433,1965-01-03,DL-7658211223,Friend,0,
DRV-10218,CLM-00219,Divya,Varsha,Mahal,Divya Mahal,99817965683,divya80@rediffmail.com,F,AADHAR-7995-8389-9652,1973-06-02,DL-1699837268,Son,0,
DRV-10219,CLM-00220,Oviya,,Kar,Oviya Kar,97990504311,oviya66@rediffmail.com,F,UID-816224390405,1994-05-30,DL-1324920214,Self,1,MEM-10941
DRV-10220,CLM-00221,Sai,Warinder,Aurora,Sai Aurora,99533731569,sai11@gmail.com,F,UID-891589837909,2005-04-05,DL-1828762691,Son,0,
DRV-10221,CLM-00222,Gauri,Kala,Lad,Gauri Lad,98233568052,gauri97@outlook.co.in,F,VOTER-D693925,1966-12-25,DL-3201208141,Self,1,MEM-12682
DRV-10222,CLM-00223,Rachit,,Merchant,Rachit Merchant,97924309586,rachit45@outlook.co.in,M,VOTER-D469485,1959-11-23,DL-4960895888,Self,1,MEM-11454
DRV-10223,CLM-00224,Dayita,Gayathri,Jani,Dayita Jani,99477343687,dayita20@rediffmail.com,M,VOTER-D606136,1955-10-14,DL-8829774231,Friend,0,
DRV-10224,CLM-00225,Bhavya,Ekansh,Kadakia,Bhavya Kadakia,98804068349,bhavya58@hotmail.com,F,VOTER-A460023,1990-11-10,DL-8839653190,Paid Driver,0,
DRV-10225,CLM-00226,Pallavi,Lavanya,Walla,Pallavi Walla,97347601662,pallavi43@rediffmail.com,M,AADHAR-8252-9648-2221,1962-02-05,DL-8501655731,Friend,0,
DRV-10226,CLM-00227,Idika,Ria,Morar,Idika Morar,97139853006,idika56@rediffmail.com,M,VOTER-B344618,1985-05-07,DL-8236710310,Friend,0,
DRV-10227,CLM-00228,Anirudh,Zashil,Contractor,Anirudh Contractor,99814835378,anirudh53@outlook.co.in,M,AADHAR-3250-8677-9303,1960-07-28,DL-9307830624,Self,1,MEM-11042
DRV-10228,CLM-00229,Xiti,,Guha,Xiti Guha,99912231000,xiti62@gmail.com,F,VOTER-E712177,1982-09-25,DL-1360737508,Self,1,MEM-13482
DRV-10229,CLM-00230,Aayush,Falan,Bala,Aayush Bala,98769255467,aayush32@gmail.com,M,AADHAR-8047-5700-5176,1996-09-20,DL-8474612494,Self,1,MEM-10093
DRV-10230,CLM-00231,Hemal,,Bhatnagar,Hemal Bhatnagar,98617926026,hemal29@hotmail.com,F,AADHAR-4712-9218-4085,1959-09-18,DL-1157963730,Son,0,
DRV-10231,CLM-00232,Hardik,Rushil,Rama,Hardik Rama,98706694964,hardik75@rediffmail.com,M,VOTER-A947124,1976-03-30,DL-3251694921,Self,1,MEM-12780
DRV-10232,CLM-00233,Lajita,Ganga,Chana,Lajita Chana,98516292422,lajita83@gmail.com,M,AADHAR-3713-6628-3685,1961-01-01,DL-8858466373,Son,0,
DRV-10233,CLM-00234,Harini,Harsh,Vala,Harini Vala,99578483131,harini60@live.com,F,UID-913457326946,1984-10-08,DL-8653133605,Daughter,0,
DRV-10234,CLM-00235,Yashodhara,,Halder,Yashodhara Halder,97681408005,yashodhara88@rediffmail.com,F,UID-112673002102,1961-10-30,DL-5944076644,Daughter,0,
DRV-10235,CLM-00236,Jagrati,Daksh,Seth,Jagrati Seth,97146313566,jagrati88@gmail.com,F,AADHAR-4714-2514-5281,1966-04-21,DL-5579825115,Relative,0,
DRV-10236,CLM-00237,Saanvi,Yuvraj,Mann,Saanvi Mann,97581125846,saanvi55@outlook.co.in,F,UID-978333366855,1995-05-01,DL-6522353359,Son,0,
DRV-10237,CLM-00238,Lekha,Samesh,Thaman,Lekha Thaman,97593658304,lekha67@rediffmail.com,M,AADHAR-6870-7788-7242,1966-01-23,DL-3423227022,Paid Driver,0,
DRV-10238,CLM-00239,Nimrat,,Cherian,Nimrat Cherian,97289236037,nimrat75@rediffmail.com,M,VOTER-A819692,1962-08-08,DL-1269019833,Son,0,
DRV-10239,CLM-00240,Advaith,Frado,Bir,Advaith Bir,98478828383,advaith11@rediffmail.com,M,VOTER-D562594,1989-11-24,DL-9354841310,Self,1,MEM-13013
DRV-10240,CLM-00241,Mahika,Lipika,Dayal,Mahika Dayal,98606995009,mahika23@rediffmail.com,F,UID-173253750467,2004-09-26,DL-9912440356,Relative,0,
DRV-10241,CLM-00242,Meghana,,Khatri,Meghana Khatri,99597541680,meghana26@gmail.com,F,VOTER-A657620,1989-11-08,DL-7360141853,Paid Driver,0,
DRV-10242,CLM-00243,Nimrat,,Panchal,Nimrat Panchal,97256902063,nimrat76@rediffmail.com,F,UID-647685636974,2004-09-27,DL-8202120455,Paid Driver,0,
DRV-10243,CLM-00244,Meghana,,Natarajan,Meghana Natarajan,97725226021,meghana43@rediffmail.com,M,AADHAR-7588-7595-8397,2007-01-02,DL-1349367800,Daughter,0,
DRV-10244,CLM-00245,Ishani,Luke,Vasa,Ishani Vasa,98900085127,ishani69@gmail.com,M,VOTER-E716182,1971-12-26,DL-3160460051,Son,0,
DRV-10245,CLM-00246,Jalsa,Praneel,Raman,Jalsa Raman,97290054299,jalsa52@yahoo.com,M,VOTER-C586766,1959-09-12,DL-2851762268,Son,0,
DRV-10246,CLM-00247,Leena,Eiravati,Savant,Leena Savant,99629696109,leena23@hotmail.com,M,UID-867294183966,1957-04-09,DL-5954532389,Spouse,0,
DRV-10247,CLM-00248,Vasudha,Wishi,Bhalla,Vasudha Bhalla,97446295785,vasudha49@outlook.co.in,M,AADHAR-8365-8421-1849,2003-09-16,DL-6206597245,Spouse,0,
DRV-10248,CLM-00249,Suhani,Tamanna,Venkataraman,Suhani Venkataraman,99638120161,suhani63@hotmail.com,F,VOTER-E430135,1985-05-09,DL-8893998960,Self,1,MEM-10080
DRV-10249,CLM-00250,Yashvi,Aashi,Sama,Yashvi Sama,99168028056,yashvi28@rediffmail.com,F,UID-834713756206,1996-03-11,DL-1267124733,Relative,0,
DRV-10250,CLM-00251,Unnati,,Doctor,Unnati Doctor,98746960939,unnati73@gmail.com,M,VOTER-B372074,1985-09-14,DL-2792375580,Spouse,0,
DRV-10251,CLM-00252,Farhan,,Mohanty,Farhan Mohanty,99817776093,farhan42@yahoo.com,M,AADHAR-5046-6852-5261,1973-05-04,DL-7490663704,Self,1,MEM-10358
DRV-10252,CLM-00253,Sai,,Sethi,Sai Sethi,99476808790,sai95@rediffmail.com,M,AADHAR-7179-5525-4481,1960-01-15,DL-2321167723,Self,1,MEM-11689
DRV-10253,CLM-00254,Brinda,Gopal,Contractor,Brinda Contractor,97331541639,brinda44@yahoo.com,F,UID-241912935264,1985-05-01,DL-4885174768,Self,1,MEM-10232
DRV-10254,CLM-00255,Geetika,Maanav,Nazareth,Geetika Nazareth,97736942148,geetika34@yahoo.com,F,VOTER-A430088,2003-07-21,DL-6117053361,Friend,0,
DRV-10255,CLM-00256,Anya,,Wagle,Anya Wagle,99653140382,anya24@outlook.co.in,F,UID-524786088643,1957-05-13,DL-7445302316,Daughter,0,
DRV-10256,CLM-00257,Ekantika,Garima,Kohli,Ekantika Kohli,99151365401,ekantika51@gmail.com,M,VOTER-A229069,1976-03-10,DL-5400375859,Daughter,0,
DRV-10257,CLM-00258,Zinal,,Naik,Zinal Naik,98309563177,zinal23@rediffmail.com,F,VOTER-B730236,1989-10-20,DL-1219620435,Self,1,MEM-10302
DRV-10258,CLM-00259,Falak,,Parekh,Falak Parekh,99103436008,falak46@gmail.com,M,UID-750318700149,1967-02-28,DL-1307929546,Friend,0,
DRV-10259,CLM-00260,David,Girindra,Das,David Das,99709460266,david73@yahoo.com,M,AADHAR-2050-5213-3146,1996-10-01,DL-4935193330,Self,1,MEM-10136
DRV-10260,CLM-00261,Edhitha,Harish,Garde,Edhitha Garde,99368109577,edhitha57@live.com,F,AADHAR-4707-9208-6142,2003-03-11,DL-7531145596,Self,1,MEM-11901
DRV-10261,CLM-00262,Zilmil,Nitara,Samra,Zilmil Samra,97067266822,zilmil68@gmail.com,F,UID-898219868423,1977-09-16,DL-6302653966,Daughter,0,
DRV-10262,CLM-00263,Charvi,Henry,Kala,Charvi Kala,99894324304,charvi30@yahoo.com,M,AADHAR-7506-5473-3448,1977-03-21,DL-4579048446,Son,0,
DRV-10263,CLM-00264,Inaya,,Johal,Inaya Johal,97126142374,inaya88@yahoo.com,F,VOTER-E818838,1995-08-11,DL-4432152014,Self,1,MEM-12668
DRV-10264,CLM-00265,Nikita,,Dayal,Nikita Dayal,97628027712,nikita23@gmail.com,M,UID-296029171499,2002-04-13,DL-7542648160,Friend,0,
DRV-10265,CLM-00266,Triya,Amruta,Mitra,Triya Mitra,97366865722,triya27@rediffmail.com,F,UID-602060132357,1996-05-15,DL-2614470307,Relative,0,
DRV-10266,CLM-00267,Urishilla,Chavvi,Ravi,Urishilla Ravi,97922616306,urishilla20@hotmail.com,F,AADHAR-4087-6582-5438,1993-02-19,DL-4497177694,Self,1,MEM-10129
DRV-10267,CLM-00268,Ikshita,Yash,Savant,Ikshita Savant,97270532851,ikshita19@yahoo.com,F,VOTER-C114563,1989-10-13,DL-7493791381,Friend,0,
DRV-10268,CLM-00269,Ria,Simon,Basu,Ria Basu,98004564113,ria91@gmail.com,M,UID-973302450435,1975-07-20,DL-2303571185,Son,0,
DRV-10269,CLM-00270,Lipika,Chanakya,Kashyap,Lipika Kashyap,97487271187,lipika50@yahoo.com,F,AADHAR-6685-5331-6480,1982-04-26,DL-6431114105,Son,0,
DRV-10270,CLM-00271,Ikbal,Idika,Rattan,Ikbal Rattan,99935519601,ikbal72@yahoo.com,M,AADHAR-9755-2225-3124,1988-01-28,DL-1055596378,Self,1,MEM-13058
DRV-10271,CLM-00272,Zinal,Rishi,Munshi,Zinal Munshi,98107981327,zinal20@gmail.com,F,UID-500756633631,1990-05-21,DL-1233519893,Self,1,MEM-12909
DRV-10272,CLM-00273,Kala,Ucchal,Desai,Kala Desai,97079578748,kala19@yahoo.com,F,AADHAR-2105-5558-8656,1982-01-26,DL-4229882621,Spouse,0,
DRV-10273,CLM-00274,Yashvi,,Ram,Yashvi Ram,97158743664,yashvi18@hotmail.com,F,UID-556942929595,1971-06-28,DL-8578962139,Self,1,MEM-12386
DRV-10274,CLM-00275,Bhavna,Falak,Natt,Bhavna Natt,99756001056,bhavna58@yahoo.com,F,VOTER-E666869,2000-09-15,DL-8041311041,Paid Driver,0,
DRV-10275,CLM-00276,Urvashi,Indali,Raman,Urvashi Raman,97897385493,urvashi75@outlook.co.in,F,VOTER-D893564,1996-10-09,DL-3229033365,Relative,0,
DRV-10276,CLM-00277,Adweta,,Bawa,Adweta Bawa,97370516397,adweta10@rediffmail.com,M,VOTER-E592948,1970-01-15,DL-1608281174,Daughter,0,
DRV-10277,CLM-00278,Maya,Jeremiah,Khurana,Maya Khurana,98214592840,maya78@outlook.co.in,F,AADHAR-6888-6129-8251,1959-11-14,DL-2227749348,Son,0,
DRV-10278,CLM-00279,Udant,,Raju,Udant Raju,97522579183,udant44@yahoo.com,M,UID-299685755721,2005-03-10,DL-4242866981,Self,1,MEM-11944
DRV-10279,CLM-00280,Aarav,,Chauhan,Aarav Chauhan,98642551881,aarav86@live.com,M,VOTER-C146183,2004-03-07,DL-4749228371,Self,1,MEM-13297
DRV-10280,CLM-00281,Veda,Deepa,Banerjee,Veda Banerjee,98857774974,veda32@hotmail.com,M,UID-319013710560,1998-08-27,DL-3044119492,Son,0,
DRV-10281,CLM-00282,Anusha,Yauvani,Behl,Anusha Behl,97893137336,anusha28@hotmail.com,F,UID-541018462789,1959-05-08,DL-6463980894,Paid Driver,0,
DRV-10282,CLM-00283,Eesha,Dipta,Narayanan,Eesha Narayanan,97083993248,eesha41@live.com,F,UID-867177486369,1988-01-28,DL-2515204607,Paid Driver,0,
DRV-10283,CLM-00284,Jagdish,Jeevika,Bajaj,Jagdish Bajaj,98071428558,jagdish27@live.com,M,AADHAR-3998-5108-2644,1992-10-11,DL-5226178213,Self,1,MEM-12115
DRV-10284,CLM-00285,Hiral,Ayush,Venkataraman,Hiral Venkataraman,99737113366,hiral97@yahoo.com,M,VOTER-D988308,1963-08-18,DL-2511293461,Paid Driver,0,
DRV-10285,CLM-00286,Sara,,Varghese,Sara Varghese,99148872005,sara46@gmail.com,M,VOTER-B613606,1958-12-10,DL-7102273007,Spouse,0,
DRV-10286,CLM-00287,Daksha,Vivaan,Rai,Daksha Rai,98335666735,daksha77@outlook.co.in,M,VOTER-D119450,2002-01-02,DL-5589501441,Relative,0,
DRV-10287,CLM-00288,Jhalak,Urishilla,Wable,Jhalak Wable,99610838982,jhalak69@gmail.com,F,UID-519569997593,1965-08-06,DL-7099606476,Self,1,MEM-10130
DRV-10288,CLM-00289,Widisha,Kashish,Radhakrishnan,Widisha Radhakrishnan,97970193529,widisha85@hotmail.com,F,AADHAR-9898-1204-9235,1990-12-19,DL-2246008573,Self,1,MEM-12905
DRV-10289,CLM-00290,Nilima,,Karan,Nilima Karan,99405137861,nilima71@live.com,F,AADHAR-3407-3494-6691,1977-01-09,DL-5331285080,Friend,0,
DRV-10290,CLM-00291,Megha,Yashawini,Gole,Megha Gole,97251102661,megha28@live.com,M,UID-157413779927,1956-06-29,DL-2081147495,Son,0,
DRV-10291,CLM-00292,Timothy,,Tak,Timothy Tak,97181282140,timothy46@rediffmail.com,M,AADHAR-8790-9617-1158,2003-07-20,DL-1112462516,Self,1,MEM-12813
DRV-10292,CLM-00293,Tanvi,Azaan,Guha,Tanvi Guha,97327650367,tanvi90@live.com,F,UID-904547686278,1983-01-01,DL-2147220832,Daughter,0,
DRV-10293,CLM-00294,Ishanvi,,Grover,Ishanvi Grover,98474973967,ishanvi75@live.com,F,AADHAR-3828-6250-3369,1962-04-27,DL-1404392972,Son,0,
DRV-10294,CLM-00295,Reva,Mitesh,Jain,Reva Jain,98659980297,reva42@rediffmail.com,F,AADHAR-9095-2787-2016,2007-09-03,DL-3364653096,Self,1,MEM-12066
DRV-10295,CLM-00296,Ishanvi,Chakradhar,Bhattacharyya,Ishanvi Bhattacharyya,98890339749,ishanvi91@live.com,M,VOTER-E652870,1996-02-10,DL-2617279407,Paid Driver,0,
DRV-10296,CLM-00297,Jagdish,Parth,Kara,Jagdish Kara,97389310617,jagdish24@gmail.com,M,VOTER-A121273,1991-06-20,DL-2361678796,Self,1,MEM-11819
DRV-10297,CLM-00298,Qabil,,Varkey,Qabil Varkey,97431575591,qabil21@live.com,M,VOTER-C679489,1994-04-26,DL-4343425820,Self,1,MEM-12317
DRV-10298,CLM-00299,Arya,Garima,Shenoy,Arya Shenoy,97014235540,arya98@rediffmail.com,F,AADHAR-3478-4922-5055,1980-10-23,DL-8875395792,Paid Driver,0,
DRV-10299,CLM-00300,Vrinda,Maanav,Rao,Vrinda Rao,99410384713,vrinda22@gmail.com,F,AADHAR-2614-1230-3340,1996-07-22,DL-7651089340,Self,1,MEM-11539
DRV-10300,CLM-00301,Indali,,Hayer,Indali Hayer,99314175286,indali63@hotmail.com,F,UID-149849124292,2006-07-19,DL-5362351557,Spouse,0,
DRV-10301,CLM-00302,Chaaya,,Chowdhury,Chaaya Chowdhury,97682707553,chaaya96@outlook.co.in,M,UID-923189279352,2001-08-10,DL-3632975815,Relative,0,
DRV-10302,CLM-00303,Veda,,Mohanty,Veda Mohanty,98729382287,veda21@hotmail.com,F,AADHAR-1923-2634-8544,1982-12-16,DL-6615940551,Spouse,0,
DRV-10303,CLM-00304,Zansi,Damini,Sodhi,Zansi Sodhi,98712712438,zansi31@outlook.co.in,M,AADHAR-4492-3644-6779,1982-06-11,DL-4999050908,Paid Driver,0,
DRV-10304,CLM-00305,Lavanya,George,Bansal,Lavanya Bansal,99344642978,lavanya42@yahoo.com,F,UID-690504419966,1960-02-22,DL-8024031457,Self,1,MEM-10831
DRV-10305,CLM-00306,Yadavi,George,Kadakia,Yadavi Kadakia,98190576320,yadavi10@live.com,M,VOTER-B678857,1994-11-15,DL-4033359099,Daughter,0,
DRV-10306,CLM-00307,Alka,,Raja,Alka Raja,98191204273,alka80@outlook.co.in,F,AADHAR-1928-8491-5263,2000-10-31,DL-9123080552,Self,1,MEM-10167
DRV-10307,CLM-00308,Dalbir,Oscar,Sha,Dalbir Sha,99408938065,dalbir97@live.com,M,VOTER-C130653,1977-04-08,DL-7781142974,Self,1,MEM-11966
DRV-10308,CLM-00309,Chavvi,Vedant,Thaman,Chavvi Thaman,98903417743,chavvi15@hotmail.com,F,VOTER-E385753,1977-04-19,DL-9272904382,Son,0,
DRV-10309,CLM-00310,Hemal,Upadhriti,Mani,Hemal Mani,99958454658,hemal44@hotmail.com,F,AADHAR-9238-3836-8395,1982-04-29,DL-4023459982,Self,1,MEM-12219
DRV-10310,CLM-00311,Darpan,Mohammed,Gill,Darpan Gill,97593524178,darpan31@gmail.com,M,AADHAR-3583-4951-7365,1975-09-02,DL-7125127490,Self,1,MEM-10027
DRV-10311,CLM-00312,Kavya,Janya,Bir,Kavya Bir,99198989707,kavya44@yahoo.com,F,VOTER-E352119,1988-04-11,DL-8829746740,Paid Driver,0,
DRV-10312,CLM-00313,Qabil,,Koshy,Qabil Koshy,98893406225,qabil27@outlook.co.in,M,AADHAR-4361-2208-9520,1996-04-22,DL-7507739466,Self,1,MEM-10987
DRV-10313,CLM-00314,Watika,,Sridhar,Watika Sridhar,98593432934,watika70@rediffmail.com,M,VOTER-A392609,1963-05-15,DL-5103084616,Friend,0,
DRV-10314,CLM-00315,Yashica,Rohan,Dyal,Yashica Dyal,97877970809,yashica15@hotmail.com,F,UID-507081988779,1982-11-29,DL-6783992869,Daughter,0,
DRV-10315,CLM-00316,Frederick,Yasti,Gera,Frederick Gera,98825875167,frederick19@live.com,M,VOTER-E906020,1997-01-06,DL-7562859686,Self,1,MEM-10713
DRV-10316,CLM-00317,Harini,Dayita,Baria,Harini Baria,99424088452,harini73@rediffmail.com,F,AADHAR-2266-4593-2478,1966-01-23,DL-4397964924,Spouse,0,
DRV-10317,CLM-00318,Chaman,Kai,Jaggi,Chaman Jaggi,99525622813,chaman83@outlook.co.in,F,AADHAR-3244-4133-4898,1991-12-17,DL-5776332169,Self,1,MEM-11917
DRV-10318,CLM-00319,Baghyawati,Bishakha,Balakrishnan,Baghyawati Balakrishnan,98669667804,baghyawati63@live.com,F,AADHAR-1552-4461-4675,1955-07-09,DL-7162606102,Son,0,
DRV-10319,CLM-00320,Bhanumati,Oeshi,Ghose,Bhanumati Ghose,99219389869,bhanumati70@hotmail.com,F,VOTER-B563750,1958-10-31,DL-8803743052,Spouse,0,
DRV-10320,CLM-00321,Nirja,Faras,Shetty,Nirja Shetty,97570899748,nirja15@live.com,M,AADHAR-3021-6907-6929,1973-08-07,DL-4550081389,Relative,0,
DRV-10321,CLM-00322,Xavier,Gautami,Narang,Xavier Narang,97939123956,xavier31@gmail.com,M,VOTER-D948768,1992-01-11,DL-3467377128,Self,1,MEM-12866
DRV-10322,CLM-00323,Meera,Dhriti,Rege,Meera Rege,97059368417,meera45@yahoo.com,M,VOTER-D549850,1986-03-27,DL-1444897692,Relative,0,
DRV-10323,CLM-00324,Sai,Simon,Munshi,Sai Munshi,97865075463,sai53@yahoo.com,M,UID-990580161538,1999-06-08,DL-7213544007,Self,1,MEM-10498
DRV-10324,CLM-00325,Bhavani,,Trivedi,Bhavani Trivedi,98613851824,bhavani84@outlook.co.in,M,VOTER-B943377,1980-06-23,DL-4514799063,Daughter,0,
DRV-10325,CLM-00326,Neelima,,Mukhopadhyay,Neelima Mukhopadhyay,99487400820,neelima38@live.com,F,UID-432151919911,1979-03-25,DL-3078621497,Self,1,MEM-10536
DRV-10326,CLM-00327,Harita,Rajata,Chakraborty,Harita Chakraborty,99041514206,harita50@yahoo.com,M,AADHAR-8951-2107-9646,1966-09-10,DL-7850749100,Paid Driver,0,
DRV-10327,CLM-00328,Ishanvi,,Thakkar,Ishanvi Thakkar,99615998915,ishanvi66@outlook.co.in,M,UID-116023615050,1970-01-14,DL-5538642617,Relative,0,
DRV-10328,CLM-00329,David,,Doctor,David Doctor,97651318626,david83@rediffmail.com,M,AADHAR-8109-8474-9862,1990-02-08,DL-8138170294,Self,1,MEM-11424
DRV-10329,CLM-00330,Januja,Vasudha,Mangat,Januja Mangat,99393622676,januja53@rediffmail.com,F,UID-333238285677,1966-06-30,DL-6437617606,Self,1,MEM-10657
DRV-10330,CLM-00331,Ikshita,Megha,Devan,Ikshita Devan,99852113347,ikshita17@live.com,F,AADHAR-3215-2274-7089,1961-11-05,DL-5292584356,Daughter,0,
DRV-10331,CLM-00332,Nitara,Peter,Krishnamurthy,Nitara Krishnamurthy,97635676802,nitara50@outlook.co.in,F,VOTER-A282221,1992-01-09,DL-9630365675,Friend,0,
DRV-10332,CLM-00333,Harshil,Agastya,Bhatt,Harshil Bhatt,98023021914,harshil92@rediffmail.com,M,UID-412249341316,1969-01-22,DL-7725977084,Self,1,MEM-10474
DRV-10333,CLM-00334,Triya,,Sheth,Triya Sheth,98228007328,triya45@live.com,F,VOTER-E550332,1972-03-16,DL-7759237138,Son,0,
DRV-10334,CLM-00335,Waida,Gunbir,Bhandari,Waida Bhandari,98439304625,waida90@rediffmail.com,M,UID-400338061650,1959-09-10,DL-9446696195,Daughter,0,
DRV-10335,CLM-00336,Yash,Vaishnavi,Chana,Yash Chana,99090788084,yash69@live.com,M,UID-532673485174,1965-09-18,DL-9457340131,Self,1,MEM-13486
DRV-10336,CLM-00337,Girik,Brinda,Mahal,Girik Mahal,98894385491,girik39@gmail.com,M,AADHAR-6543-4213-3816,1965-06-02,DL-1661782004,Self,1,MEM-13369
DRV-10337,CLM-00338,George,Chanchal,Vohra,George Vohra,99033207468,george92@outlook.co.in,M,VOTER-E471173,1967-12-09,DL-4585445215,Self,1,MEM-11761
DRV-10338,CLM-00339,Akshay,Samuel,Saxena,Akshay Saxena,97354833284,akshay98@gmail.com,M,AADHAR-8198-3114-2641,1972-10-08,DL-8062984233,Self,1,MEM-13242
DRV-10339,CLM-00340,Reva,Barkha,Kalita,Reva Kalita,98556444551,reva56@outlook.co.in,F,VOTER-B205730,1988-07-30,DL-7071070996,Self,1,MEM-10795
DRV-10340,CLM-00341,Oni,Ishanvi,Setty,Oni Setty,97371787055,oni11@live.com,F,VOTER-C847624,2002-05-08,DL-5879393764,Self,1,MEM-12153
DRV-10341,CLM-00342,Ekani,Yatan,Ramanathan,Ekani Ramanathan,99480443443,ekani27@yahoo.com,F,UID-529147206503,1971-03-18,DL-4512610752,Daughter,0,
DRV-10342,CLM-00343,George,Chanchal,Vohra,George Vohra,99033207468,george92@outlook.co.in,M,VOTER-E471173,1967-12-09,DL-4867633001,Self,1,MEM-11761
DRV-10343,CLM-00344,Pavani,,Sehgal,Pavani Sehgal,99819233134,pavani27@live.com,M,VOTER-E369121,2005-11-06,DL-4401290588,Spouse,0,
DRV-10344,CLM-00345,Shravya,Azad,Biswas,Shravya Biswas,97273826939,shravya29@yahoo.com,F,AADHAR-1135-3012-6851,1991-08-15,DL-4275860665,Paid Driver,0,
DRV-10345,CLM-00346,Ubika,,Garg,Ubika Garg,99615873889,ubika66@outlook.co.in,M,UID-597856723472,1984-07-16,DL-4097451840,Daughter,0,
DRV-10346,CLM-00347,Chasmum,Manya,Rattan,Chasmum Rattan,98954340204,chasmum70@yahoo.com,F,UID-153873874364,2003-04-04,DL-3448074489,Friend,0,
DRV-10347,CLM-00348,Keya,Chasmum,Kara,Keya Kara,97272824994,keya71@gmail.com,F,AADHAR-1811-4353-7347,1970-08-14,DL-3285474411,Son,0,
DRV-10348,CLM-00349,Gunbir,Lajita,Gala,Gunbir Gala,98772241007,gunbir17@rediffmail.com,M,AADHAR-9514-5235-1588,1966-01-05,DL-4188275059,Self,1,MEM-10870
DRV-10349,CLM-00350,Gaurika,,Dave,Gaurika Dave,99833366435,gaurika23@live.com,F,UID-436508785049,1967-08-11,DL-4076097564,Son,0,
DRV-10350,CLM-00351,Pallavi,Darsh,Wable,Pallavi Wable,98169926393,pallavi73@yahoo.com,F,AADHAR-7704-5140-3527,1979-04-28,DL-2734826241,Relative,0,
DRV-10351,CLM-00352,Ubika,Jai,Balan,Ubika Balan,97819986212,ubika59@outlook.co.in,M,AADHAR-8819-9243-9203,1996-05-31,DL-2330220030,Relative,0,
DRV-10352,CLM-00353,Charan,Omkaar,Basu,Charan Basu,99159147003,charan34@hotmail.com,M,VOTER-A232574,1972-03-30,DL-6154708470,Self,1,MEM-12045
DRV-10353,CLM-00354,Kavya,Alexander,Mitra,Kavya Mitra,99461653862,kavya76@live.com,F,AADHAR-5738-4361-1988,1973-05-06,DL-8469819959,Spouse,0,
DRV-10354,CLM-00355,Ekantika,Ijaya,Suresh,Ekantika Suresh,98412550607,ekantika66@rediffmail.com,F,VOTER-A420888,1963-05-19,DL-5798547448,Relative,0,
DRV-10355,CLM-00356,Praneel,Oeshi,Bawa,Praneel Bawa,99072724865,praneel43@hotmail.com,M,AADHAR-9359-8294-6895,1967-01-29,DL-7152205839,Self,1,MEM-12418
DRV-10356,CLM-00357,Vasana,Samaksh,Rattan,Vasana Rattan,98990484549,vasana51@rediffmail.com,M,AADHAR-6702-1916-4191,2002-04-06,DL-3244540929,Friend,0,
DRV-10357,CLM-00358,Simon,Zilmil,Venkatesh,Simon Venkatesh,97808760007,simon30@gmail.com,M,UID-815167101932,1974-01-03,DL-8938467496,Self,1,MEM-11729
DRV-10358,CLM-00359,Chaman,Umang,Butala,Chaman Butala,98624329967,chaman84@outlook.co.in,F,AADHAR-9324-8085-1833,1969-01-09,DL-2752003271,Daughter,0,
DRV-10359,CLM-00360,Vasudha,,Savant,Vasudha Savant,98880421402,vasudha31@gmail.com,F,UID-208826944894,1967-05-24,DL-5226367684,Spouse,0,
DRV-10360,CLM-00361,Balendra,,Anne,Balendra Anne,98530914966,balendra10@outlook.co.in,M,AADHAR-1864-9541-6535,1962-12-20,DL-8772578309,Self,1,MEM-11134
DRV-10361,CLM-00362,Ekansh,Advaith,D’Alia,Ekansh D’Alia,98609007369,ekansh21@rediffmail.com,M,UID-805234154649,1983-02-23,DL-1432066858,Self,1,MEM-13335
DRV-10362,CLM-00363,Odika,,Merchant,Odika Merchant,97118487073,odika43@outlook.co.in,M,AADHAR-2778-1579-5242,1986-10-18,DL-2021320260,Relative,0,
DRV-10363,CLM-00364,Tamanna,Samaksh,Dhingra,Tamanna Dhingra,97568094479,tamanna65@rediffmail.com,M,AADHAR-8437-3145-2862,1973-09-18,DL-5967181080,Daughter,0,
DRV-10364,CLM-00365,Ria,Brinda,Pandey,Ria Pandey,98579006107,ria56@rediffmail.com,F,UID-850319919596,1961-03-28,DL-2944590427,Self,1,MEM-10748
DRV-10365,CLM-00366,Osha,,Dhawan,Osha Dhawan,99059950746,osha30@gmail.com,F,AADHAR-6883-1008-2708,2003-10-21,DL-7882167609,Friend,0,
DRV-10366,CLM-00367,Vasudha,Samesh,Dhawan,Vasudha Dhawan,98962118131,vasudha42@outlook.co.in,F,VOTER-E280561,2001-08-19,DL-9385429199,Friend,0,
DRV-10367,CLM-00368,Niharika,,Mall,Niharika Mall,97639451652,niharika16@yahoo.com,F,UID-322048754831,1970-01-19,DL-5313854614,Relative,0,
DRV-10368,CLM-00369,Chanchal,Gopal,Gandhi,Chanchal Gandhi,98207406094,chanchal56@rediffmail.com,F,VOTER-A886537,1964-03-15,DL-3582072511,Son,0,
DRV-10369,CLM-00370,Yochana,Omkaar,Dubey,Yochana Dubey,97199918124,yochana53@gmail.com,F,AADHAR-7221-5914-3711,1962-02-17,DL-7340851789,Relative,0,
DRV-10370,CLM-00371,Rishi,,Sarin,Rishi Sarin,99595439877,rishi39@gmail.com,M,VOTER-E359738,1965-05-21,DL-5096072145,Self,1,MEM-12531
DRV-10371,CLM-00372,Chaitaly,Chavvi,Saini,Chaitaly Saini,97518864078,chaitaly41@live.com,F,VOTER-A767047,1961-06-25,DL-7562087802,Daughter,0,
DRV-10372,CLM-00373,Eta,Farhan,Baral,Eta Baral,98116403953,eta91@gmail.com,M,UID-421117208363,1997-07-06,DL-4989898364,Relative,0,
DRV-10373,CLM-00374,Oeshi,Anay,Chahal,Oeshi Chahal,98997985994,oeshi19@yahoo.com,F,VOTER-B594022,1975-10-07,DL-9068292746,Self,1,MEM-11899
DRV-10374,CLM-00375,Shivani,,Chaudhuri,Shivani Chaudhuri,99896265525,shivani16@gmail.com,M,VOTER-D706441,1991-09-17,DL-4480091298,Son,0,
DRV-10375,CLM-00376,Odika,Darsh,Kumer,Odika Kumer,99360408089,odika56@outlook.co.in,F,VOTER-C815239,1986-08-30,DL-2692792870,Self,1,MEM-10081
DRV-10376,CLM-00377,Advika,Manan,Walla,Advika Walla,99512363311,advika80@outlook.co.in,F,AADHAR-1481-2777-8975,1965-12-07,DL-2288559899,Son,0,
DRV-10377,CLM-00378,Tara,Gagan,Pandit,Tara Pandit,99459127284,tara39@outlook.co.in,F,AADHAR-2014-9660-7192,1959-10-04,DL-2311641601,Relative,0,
DRV-10378,CLM-00379,Mohini,,Dixit,Mohini Dixit,98355002246,mohini18@hotmail.com,M,VOTER-E297452,1992-09-22,DL-6036334589,Paid Driver,0,
DRV-10379,CLM-00380,Aahana,,Kaul,Aahana Kaul,99598359890,aahana86@gmail.com,M,AADHAR-7975-3794-5379,1991-03-05,DL-6898824137,Daughter,0,
DRV-10380,CLM-00381,Xiti,Faqid,Korpal,Xiti Korpal,98137626905,xiti77@yahoo.com,M,UID-160941880036,1974-09-24,DL-5199832474,Relative,0,
DRV-10381,CLM-00382,Pallavi,Pallavi,Vasa,Pallavi Vasa,99568177095,pallavi40@gmail.com,F,AADHAR-2258-3133-5859,2001-08-21,DL-7589516594,Relative,0,
DRV-10382,CLM-00383,Waida,Advik,Pradhan,Waida Pradhan,97914064890,waida34@outlook.co.in,F,UID-531779788608,2000-10-27,DL-1792292890,Friend,0,
DRV-10383,CLM-00384,Waida,,Samra,Waida Samra,98598342571,waida36@gmail.com,F,VOTER-A518308,1977-10-31,DL-1039479215,Self,1,MEM-11228
DRV-10384,CLM-00385,Reva,,Manne,Reva Manne,99546451170,reva39@rediffmail.com,F,AADHAR-2162-4272-5112,1990-08-21,DL-1998073195,Spouse,0,
DRV-10385,CLM-00386,Prisha,Ekta,Sarma,Prisha Sarma,97457200781,prisha72@hotmail.com,F,VOTER-B414090,1995-07-25,DL-2460728049,Self,1,MEM-11148
DRV-10386,CLM-00387,Vasatika,,Baral,Vasatika Baral,98890726393,vasatika19@gmail.com,F,UID-115089029851,1971-04-13,DL-5576576757,Daughter,0,
DRV-10387,CLM-00388,Maya,Imaran,Mohanty,Maya Mohanty,98157704408,maya39@rediffmail.com,F,UID-376187329639,1980-11-20,DL-6718043330,Spouse,0,
DRV-10388,CLM-00389,Ayush,Dominic,Chhabra,Ayush Chhabra,98488783985,ayush27@gmail.com,M,AADHAR-2745-2547-4170,1986-10-08,DL-6076998445,Self,1,MEM-11412
DRV-10389,CLM-00390,Anya,,Varghese,Anya Varghese,99024782075,anya23@live.com,M,UID-166572725349,2005-05-11,DL-9149693376,Paid Driver,0,
DRV-10390,CLM-00391,Divya,,Kalita,Divya Kalita,97190780316,divya62@live.com,M,UID-913881628386,1998-09-16,DL-5768637682,Spouse,0,
DRV-10391,CLM-00392,Siya,,Date,Siya Date,97195782645,siya84@live.com,M,AADHAR-7912-9440-5401,1984-01-22,DL-7904598992,Paid Driver,0,
DRV-10392,CLM-00393,Chanchal,Samaksh,Tank,Chanchal Tank,99262373775,chanchal71@outlook.co.in,F,VOTER-D717319,1968-11-21,DL-4816075341,Self,1,MEM-12170
DRV-10393,CLM-00394,Kashish,Onkar,Mistry,Kashish Mistry,99423980668,kashish55@gmail.com,F,UID-589744843580,1973-04-14,DL-6420211068,Self,1,MEM-11124
DRV-10394,CLM-00395,Jhalak,,Lala,Jhalak Lala,97739857771,jhalak26@yahoo.com,F,UID-315691635721,1973-07-29,DL-1671021899,Spouse,0,
DRV-10395,CLM-00396,Geetika,,Kaul,Geetika Kaul,99821253727,geetika90@rediffmail.com,F,AADHAR-8979-6936-4804,1993-08-07,DL-4563546990,Daughter,0,
DRV-10396,CLM-00397,Dhriti,Udyati,Dass,Dhriti Dass,99479047081,dhriti44@yahoo.com,M,UID-525228291141,1967-11-20,DL-4191381386,Son,0,
DRV-10397,CLM-00398,Hema,George,Ganesh,Hema Ganesh,99462141979,hema87@rediffmail.com,M,AADHAR-3302-1370-8341,1973-10-31,DL-8275774391,Relative,0,
DRV-10398,CLM-00399,Niharika,Christopher,Gaba,Niharika Gaba,99889953366,niharika64@rediffmail.com,F,VOTER-A817529,1957-05-22,DL-7219629706,Son,0,
DRV-10399,CLM-00400,Yasti,Ansh,Jaggi,Yasti Jaggi,98732268352,yasti71@rediffmail.com,F,UID-374678070699,1965-02-27,DL-3003295722,Spouse,0,
DRV-10400,CLM-00401,Wishi,,Palla,Wishi Palla,98680803316,wishi90@gmail.com,F,UID-694715087707,1989-01-07,DL-2723360400,Self,1,MEM-11307
DRV-10401,CLM-00402,Dalaja,,Varghese,Dalaja Varghese,98690491805,dalaja72@gmail.com,M,AADHAR-9274-2391-2874,1985-12-06,DL-5641816066,Spouse,0,
DRV-10402,CLM-00403,Adweta,Zaid,Prabhu,Adweta Prabhu,99432820453,adweta85@outlook.co.in,M,AADHAR-3329-2982-4403,1956-01-21,DL-7978588187,Friend,0,
DRV-10403,CLM-00404,Liam,Lila,Vyas,Liam Vyas,99486806274,liam35@hotmail.com,M,UID-551805700266,1968-03-19,DL-6256020585,Self,1,MEM-11754
DRV-10404,CLM-00405,Udyati,Qushi,Setty,Udyati Setty,97018151012,udyati27@gmail.com,F,AADHAR-9504-9406-7544,1987-01-05,DL-6031647441,Son,0,
DRV-10405,CLM-00406,Yashodhara,Tarak,Kar,Yashodhara Kar,99578922985,yashodhara89@live.com,M,VOTER-E403731,1981-08-09,DL-8470587529,Son,0,
DRV-10406,CLM-00407,Oscar,,Agate,Oscar Agate,99736228825,oscar17@hotmail.com,M,VOTER-A326767,1981-01-06,DL-6948870257,Self,1,MEM-12078
DRV-10407,CLM-00408,Jeremiah,Azaan,Iyer,Jeremiah Iyer,97550661867,jeremiah75@outlook.co.in,M,VOTER-B591061,1962-11-17,DL-8317663620,Self,1,MEM-11432
DRV-10408,CLM-00409,Nisha,Ayaan,Balasubramanian,Nisha Balasubramanian,98670221056,nisha99@hotmail.com,M,AADHAR-6001-5015-6227,1986-08-01,DL-3212626608,Daughter,0,
DRV-10409,CLM-00410,Nitara,,Sawhney,Nitara Sawhney,99316822956,nitara16@gmail.com,F,VOTER-D469584,1996-05-19,DL-1080887813,Daughter,0,
DRV-10410,CLM-00411,Sanya,Hritik,Baria,Sanya Baria,98200595159,sanya97@gmail.com,M,UID-797909129707,1999-11-09,DL-9378826593,Daughter,0,
DRV-10411,CLM-00412,Chameli,Pooja,Rajagopal,Chameli Rajagopal,97682239643,chameli90@yahoo.com,F,UID-836702751046,1962-12-21,DL-2731286433,Son,0,
DRV-10412,CLM-00413,Dipta,Xavier,Taneja,Dipta Taneja,99272140464,dipta30@live.com,F,UID-424278689697,1984-12-04,DL-5459949410,Self,1,MEM-10851
DRV-10413,CLM-00414,Upma,,Baria,Upma Baria,97026238337,upma48@outlook.co.in,F,AADHAR-6257-5153-5895,1964-07-06,DL-7337874292,Self,1,MEM-10670
DRV-10414,CLM-00415,Niharika,,Kala,Niharika Kala,97246002886,niharika36@gmail.com,F,AADHAR-3703-8961-5445,1974-02-16,DL-5078101883,Paid Driver,0,
DRV-10415,CLM-00416,Ekaja,Ekansh,Brahmbhatt,Ekaja Brahmbhatt,98098342117,ekaja93@gmail.com,M,VOTER-C875399,2005-01-15,DL-9525453732,Friend,0,
DRV-10416,CLM-00417,Wriddhish,Waida,Brar,Wriddhish Brar,97630487856,wriddhish80@yahoo.com,M,VOTER-C694502,1967-01-14,DL-6238263286,Self,1,MEM-10558
DRV-10417,CLM-00418,Hitesh,Kalpit,Palla,Hitesh Palla,98307023214,hitesh97@yahoo.com,M,UID-864323728970,1988-08-04,DL-7607917248,Self,1,MEM-12442
DRV-10418,CLM-00419,Tanmayi,Anjali,Shere,Tanmayi Shere,99030528124,tanmayi90@live.com,M,UID-146051650290,1987-04-04,DL-3524082377,Spouse,0,
DRV-10419,CLM-00420,Omisha,Yagnesh,Wable,Omisha Wable,98904322311,omisha53@gmail.com,F,VOTER-B377556,1994-11-24,DL-6468550725,Self,1,MEM-10732
DRV-10420,CLM-00421,Bhavna,Teerth,Modi,Bhavna Modi,97377579516,bhavna75@hotmail.com,M,UID-692500316361,1967-06-23,DL-1693060932,Relative,0,
DRV-10421,CLM-00422,Radha,Chandran,Doshi,Radha Doshi,98652817503,radha73@rediffmail.com,M,UID-990449414264,1999-11-08,DL-3884949981,Spouse,0,
DRV-10422,CLM-00423,Krishna,Upkaar,Iyengar,Krishna Iyengar,99630342466,krishna91@live.com,M,AADHAR-7421-7935-9606,2005-02-28,DL-8167611924,Self,1,MEM-13376
DRV-10423,CLM-00424,Tanvi,,Sharma,Tanvi Sharma,99730043199,tanvi50@outlook.co.in,F,AADHAR-5812-9546-4423,1990-07-18,DL-5859875701,Self,1,MEM-10991
DRV-10424,CLM-00425,Kashvi,Qadim,Minhas,Kashvi Minhas,97224246693,kashvi30@outlook.co.in,F,AADHAR-8170-5619-3384,1997-12-24,DL-4607956458,Paid Driver,0,
DRV-10425,CLM-00426,Sai,Ekaraj,Choudhary,Sai Choudhary,98429211938,sai76@gmail.com,F,AADHAR-8965-3245-5415,1963-02-22,DL-1840903352,Self,1,MEM-11381
DRV-10426,CLM-00427,Divya,Omkaar,Palla,Divya Palla,98574719318,divya18@outlook.co.in,F,UID-587678120871,1960-04-06,DL-6078286784,Son,0,
DRV-10427,CLM-00428,Chakrika,Ayaan,Bala,Chakrika Bala,98698727712,chakrika53@live.com,F,VOTER-B526550,2004-05-16,DL-8417754752,Daughter,0,
DRV-10428,CLM-00429,Neha,Arunima,Babu,Neha Babu,97302914942,neha97@hotmail.com,M,AADHAR-4032-4796-9974,1996-05-13,DL-1558937874,Relative,0,
DRV-10429,CLM-00430,Jacob,,Maharaj,Jacob Maharaj,98895059633,jacob85@yahoo.com,M,VOTER-B831157,1961-10-10,DL-9083567189,Self,1,MEM-12839
DRV-10430,CLM-00431,Aarini,Urvashi,Sahota,Aarini Sahota,99520830861,aarini28@rediffmail.com,M,UID-494167579621,1963-07-28,DL-4627065536,Paid Driver,0,
DRV-10431,CLM-00432,Mohini,Balhaar,Banerjee,Mohini Banerjee,99291679478,mohini14@rediffmail.com,M,UID-330773173850,1966-08-19,DL-6434489863,Relative,0,
DRV-10432,CLM-00433,Veer,Bhavna,Iyer,Veer Iyer,98966506130,veer84@outlook.co.in,M,UID-130154256903,2000-03-15,DL-4892376764,Self,1,MEM-10277
DRV-10433,CLM-00434,Vihaan,Logan,Samra,Vihaan Samra,97818241363,vihaan47@gmail.com,M,UID-281727934519,1988-01-25,DL-2888171808,Self,1,MEM-10782
DRV-10434,CLM-00435,Pushti,Yashawini,Vala,Pushti Vala,98554581832,pushti41@gmail.com,F,VOTER-D409188,1961-03-24,DL-1860979702,Son,0,
DRV-10435,CLM-00436,Tamanna,Owen,Kothari,Tamanna Kothari,97558349856,tamanna28@rediffmail.com,F,VOTER-A462948,1968-03-29,DL-8278848175,Self,1,MEM-11721
DRV-10436,CLM-00437,Aarini,Balhaar,Samra,Aarini Samra,97076055467,aarini92@rediffmail.com,F,UID-168388024750,1986-05-09,DL-8421424129,Self,1,MEM-10836
DRV-10437,CLM-00438,Yashica,Arunima,Bora,Yashica Bora,98319333535,yashica86@yahoo.com,M,VOTER-B122521,1996-12-29,DL-3761249633,Paid Driver,0,
DRV-10438,CLM-00439,Prisha,,Gera,Prisha Gera,97807814191,prisha46@gmail.com,F,UID-658994905150,1979-09-16,DL-2949913222,Self,1,MEM-10865
DRV-10439,CLM-00440,Adweta,Vinaya,Tara,Adweta Tara,99374956149,adweta54@outlook.co.in,M,UID-669486963263,1971-10-05,DL-1820553998,Friend,0,
DRV-10440,CLM-00441,Unnati,,Dugar,Unnati Dugar,98784567476,unnati24@live.com,F,AADHAR-9794-2716-9083,1981-04-26,DL-5714804679,Daughter,0,
DRV-10441,CLM-00442,Saanvi,Advay,Doctor,Saanvi Doctor,98781127653,saanvi87@yahoo.com,F,UID-135441102117,2002-10-06,DL-3391820234,Self,1,MEM-12715
DRV-10442,CLM-00443,Vaishnavi,Nisha,Gera,Vaishnavi Gera,97252390351,vaishnavi29@rediffmail.com,F,AADHAR-7487-1167-3094,1995-06-05,DL-1435493256,Spouse,0,
DRV-10443,CLM-00444,Eiravati,Nathaniel,Bhat,Eiravati Bhat,99911067632,eiravati50@outlook.co.in,M,VOTER-B277720,1989-08-29,DL-3542596589,Son,0,
DRV-10444,CLM-00445,Manya,,Garg,Manya Garg,98724016343,manya49@live.com,M,VOTER-D941114,1977-01-01,DL-1713927551,Daughter,0,
DRV-10445,CLM-00446,Ishanvi,Aachal,Andra,Ishanvi Andra,98575094278,ishanvi14@live.com,M,VOTER-D155738,1995-10-28,DL-4665432481,Paid Driver,0,
DRV-10446,CLM-00447,Saanvi,Faraj,Memon,Saanvi Memon,98794513849,saanvi40@rediffmail.com,M,AADHAR-1332-2409-1086,2001-08-13,DL-1554020425,Daughter,0,
DRV-10447,CLM-00448,Vaishnavi,Tarak,Dugar,Vaishnavi Dugar,97645805607,vaishnavi47@yahoo.com,M,UID-941584634667,1999-09-08,DL-6126067539,Son,0,
DRV-10448,CLM-00449,Maya,Abeer,Kala,Maya Kala,99323189244,maya41@hotmail.com,F,UID-636215099666,1989-08-21,DL-2205037439,Self,1,MEM-11751
DRV-10449,CLM-00450,Vrinda,Samarth,Bahl,Vrinda Bahl,98394772673,vrinda20@hotmail.com,M,VOTER-E907269,1998-09-28,DL-2103913713,Spouse,0,
DRV-10450,CLM-00451,Forum,Caleb,Contractor,Forum Contractor,98682729323,forum52@rediffmail.com,M,VOTER-B331815,1993-08-10,DL-2190328325,Paid Driver,0,
DRV-10451,CLM-00452,Yutika,Dipta,Kurian,Yutika Kurian,98875853867,yutika74@gmail.com,F,UID-272921269533,1997-05-26,DL-9341425269,Paid Driver,0,
DRV-10452,CLM-00453,Inaya,Dipta,Patil,Inaya Patil,99434036270,inaya54@rediffmail.com,M,VOTER-D207185,2001-02-12,DL-6659682849,Paid Driver,0,
DRV-10453,CLM-00454,Bhavini,Aryan,Kurian,Bhavini Kurian,97249329042,bhavini84@gmail.com,F,AADHAR-1774-3096-3882,1990-06-15,DL-4584265701,Son,0,
DRV-10454,CLM-00455,Pooja,,Kapur,Pooja Kapur,99734810196,pooja27@gmail.com,F,AADHAR-9360-5224-5120,1997-07-02,DL-3933826199,Self,1,MEM-13464
DRV-10455,CLM-00456,Bhavna,Onveer,Saxena,Bhavna Saxena,97643782912,bhavna62@hotmail.com,F,AADHAR-7419-1442-6781,1960-04-06,DL-9880860632,Friend,0,
DRV-10456,CLM-00457,Amrita,Jagrati,Doctor,Amrita Doctor,97645945465,amrita19@yahoo.com,F,UID-301993395595,1961-03-19,DL-4316639518,Spouse,0,
DRV-10457,CLM-00458,Nirja,Yashodhara,Ghosh,Nirja Ghosh,97426698262,nirja53@outlook.co.in,M,VOTER-A373715,1959-04-25,DL-4396354443,Friend,0,
DRV-10458,CLM-00459,Vansha,Vrishti,Varkey,Vansha Varkey,98975114140,vansha93@gmail.com,M,VOTER-B908558,1963-03-16,DL-9306185570,Spouse,0,
DRV-10459,CLM-00460,Nitara,,Mody,Nitara Mody,99442660621,nitara36@yahoo.com,M,VOTER-E660973,2003-07-20,DL-8145166688,Son,0,
DRV-10460,CLM-00461,Ira,,Dugar,Ira Dugar,98242790173,ira50@rediffmail.com,F,AADHAR-2460-4582-8446,1990-05-19,DL-4201101139,Self,1,MEM-12276
DRV-10461,CLM-00462,Tamanna,,Barad,Tamanna Barad,99892895494,tamanna32@hotmail.com,M,VOTER-B292762,2007-02-28,DL-2638876233,Relative,0,
DRV-10462,CLM-00463,Indira,Advik,Mohan,Indira Mohan,97999965548,indira19@hotmail.com,F,AADHAR-8811-3753-9818,1983-05-31,DL-7022412439,Self,1,MEM-12772
DRV-10463,CLM-00464,Urishilla,Parth,Zachariah,Urishilla Zachariah,99195504908,urishilla55@yahoo.com,M,UID-783470081614,1997-10-24,DL-2087239379,Friend,0,
DRV-10464,CLM-00465,Alka,Jhalak,Mistry,Alka Mistry,99948044859,alka16@hotmail.com,M,VOTER-A954176,1958-05-23,DL-2089584636,Son,0,
DRV-10465,CLM-00466,Wakeeta,Nisha,Pathak,Wakeeta Pathak,98201366911,wakeeta46@rediffmail.com,M,AADHAR-7446-8636-6441,1955-10-18,DL-2910449764,Friend,0,
DRV-10466,CLM-00467,Harshil,,Kant,Harshil Kant,98566699643,harshil39@hotmail.com,M,UID-846639805467,1991-08-06,DL-2484936928,Self,1,MEM-11309
DRV-10467,CLM-00468,Vansha,,Gade,Vansha Gade,97748050771,vansha20@hotmail.com,M,AADHAR-8433-2913-4987,1983-02-03,DL-9662567094,Spouse,0,
DRV-10468,CLM-00469,Gautami,Shaurya,Pathak,Gautami Pathak,98511851354,gautami92@gmail.com,M,AADHAR-4469-6513-2453,1996-11-10,DL-6473274704,Relative,0,
DRV-10469,CLM-00470,Dhriti,,Kuruvilla,Dhriti Kuruvilla,98297288328,dhriti46@rediffmail.com,F,AADHAR-3957-9884-2070,2000-01-10,DL-9907018135,Self,1,MEM-10611
DRV-10470,CLM-00471,Vrishti,Avni,Biswas,Vrishti Biswas,98456802892,vrishti50@hotmail.com,F,AADHAR-9849-8119-2568,1965-07-25,DL-4317182159,Self,1,MEM-10100
DRV-10471,CLM-00472,Garima,Chavvi,Dora,Garima Dora,98087365059,garima44@hotmail.com,F,UID-742535988706,1979-03-27,DL-8147198787,Spouse,0,
DRV-10472,CLM-00473,Falak,,Kari,Falak Kari,99867276453,falak49@live.com,F,AADHAR-7678-8627-1514,2004-01-05,DL-1228169574,Paid Driver,0,
DRV-10473,CLM-00474,Oviya,,Naik,Oviya Naik,97698613940,oviya33@gmail.com,F,UID-101695385315,1991-09-25,DL-6211282329,Daughter,0,
DRV-10474,CLM-00475,Raghav,Ekansh,Seshadri,Raghav Seshadri,97297312266,raghav73@yahoo.com,M,VOTER-E391138,1978-01-02,DL-6999845688,Self,1,MEM-11437
DRV-10475,CLM-00476,Dominic,,Bhardwaj,Dominic Bhardwaj,99063662676,dominic83@live.com,M,VOTER-A501598,1968-04-18,DL-9859512669,Self,1,MEM-11123
DRV-10476,CLM-00477,Yadavi,Meera,Reddy,Yadavi Reddy,97070595975,yadavi13@rediffmail.com,F,AADHAR-6699-1617-1872,2005-11-01,DL-3752956344,Relative,0,
DRV-10477,CLM-00478,Reva,Barkha,Kalita,Reva Kalita,98556444551,reva56@outlook.co.in,F,VOTER-B205730,1988-07-30,DL-3721128733,Self,1,MEM-10795
DRV-10478,CLM-00479,Urmi,,Sabharwal,Urmi Sabharwal,99212249418,urmi22@live.com,F,AADHAR-3348-5725-5278,1979-09-17,DL-8643700783,Spouse,0,
DRV-10479,CLM-00480,Hiral,Lipika,Bal,Hiral Bal,97561641127,hiral90@rediffmail.com,M,VOTER-B762373,1975-05-09,DL-5774273621,Son,0,
DRV-10480,CLM-00481,Oeshi,,Loyal,Oeshi Loyal,99663536428,oeshi29@hotmail.com,F,VOTER-D587127,2000-02-22,DL-9232529739,Daughter,0,
DRV-10481,CLM-00482,Upadhriti,Ekanta,Mishra,Upadhriti Mishra,97714017575,upadhriti13@gmail.com,F,VOTER-D361684,1998-08-07,DL-7070430930,Son,0,
DRV-10482,CLM-00483,Vasudha,Thomas,Bail,Vasudha Bail,98859026643,vasudha87@yahoo.com,M,AADHAR-7391-3596-2911,1988-01-06,DL-4853803090,Son,0,
DRV-10483,CLM-00484,Charita,Vansha,Ganesh,Charita Ganesh,99316629464,charita23@yahoo.com,M,VOTER-D560336,1980-01-07,DL-2284651171,Daughter,0,
DRV-10484,CLM-00485,Netra,Vaishnavi,Chada,Netra Chada,97520246206,netra38@outlook.co.in,M,VOTER-C127030,2006-04-26,DL-1941847708,Spouse,0,
DRV-10485,CLM-00486,Prisha,Balvan,Maharaj,Prisha Maharaj,98719383827,prisha91@outlook.co.in,F,VOTER-C115584,2003-06-25,DL-2217536549,Self,1,MEM-12337
DRV-10486,CLM-00487,Yashasvi,Owen,Loke,Yashasvi Loke,99659214851,yashasvi13@live.com,F,VOTER-E193361,1980-12-25,DL-8820675514,Friend,0,
DRV-10487,CLM-00488,Triveni,Edhitha,Atwal,Triveni Atwal,97034853268,triveni40@outlook.co.in,M,UID-376134584038,1978-10-01,DL-6456653540,Spouse,0,
DRV-10488,CLM-00489,Keya,Kalpit,Nazareth,Keya Nazareth,99898688731,keya81@rediffmail.com,F,VOTER-A415190,1965-10-05,DL-6091669149,Friend,0,
DRV-10489,CLM-00490,Harinakshi,Gaurang,Lal,Harinakshi Lal,97451119510,harinakshi84@outlook.co.in,F,UID-424889158915,1962-02-11,DL-9074176277,Self,1,MEM-11633
DRV-10490,CLM-00491,Gauri,Charles,Lal,Gauri Lal,98798023623,gauri81@rediffmail.com,F,VOTER-E637477,1955-04-11,DL-3891874178,Relative,0,
DRV-10491,CLM-00492,Kritika,,Kulkarni,Kritika Kulkarni,98085861537,kritika42@hotmail.com,M,VOTER-E535429,2004-09-04,DL-2360241280,Daughter,0,
DRV-10492,CLM-00493,Vrishti,Avni,Biswas,Vrishti Biswas,98456802892,vrishti50@hotmail.com,F,AADHAR-9849-8119-2568,1965-07-25,DL-7275425526,Self,1,MEM-10100
DRV-10493,CLM-00494,Ojasvi,,Seth,Ojasvi Seth,99469895537,ojasvi22@yahoo.com,F,VOTER-B177362,1983-12-14,DL-9418182433,Friend,0,
DRV-10494,CLM-00495,Urvi,Jasmit,Kapadia,Urvi Kapadia,98355119379,urvi26@rediffmail.com,F,UID-433190223674,2006-02-06,DL-1184843226,Friend,0,
DRV-10495,CLM-00496,Aashi,,Lata,Aashi Lata,99208363512,aashi49@hotmail.com,M,VOTER-C716023,1979-06-25,DL-1029441348,Friend,0,
DRV-10496,CLM-00497,Deepa,,Tiwari,Deepa Tiwari,98631473373,deepa66@yahoo.com,F,VOTER-E658477,1963-09-02,DL-9167981983,Friend,0,
DRV-10497,CLM-00498,Gautami,Bimala,Patla,Gautami Patla,98375745561,gautami55@hotmail.com,F,AADHAR-6518-2389-7269,1970-08-30,DL-7142137205,Self,1,MEM-10763
DRV-10498,CLM-00499,Peter,Isaac,Sampath,Peter Sampath,98049146507,peter93@gmail.com,M,AADHAR-9955-7625-1568,1992-07-06,DL-5235283784,Self,1,MEM-10367
DRV-10499,CLM-00500,Zarna,Jatin,Singh,Zarna Singh,97284582966,zarna91@yahoo.com,M,VOTER-A149095,1963-02-22,DL-6078770160,Daughter,0,
DRV-10500,CLM-00501,Vidhi,Janaki,Ramaswamy,Vidhi Ramaswamy,98057886088,vidhi84@hotmail.com,F,VOTER-D712173,1988-12-06,DL-7953362091,Spouse,0,
DRV-10501,CLM-00502,Pushti,,Naidu,Pushti Naidu,98793563941,pushti67@gmail.com,F,AADHAR-3247-9702-1313,1986-08-23,DL-6052149367,Self,1,MEM-10656
DRV-10502,CLM-00503,Vamakshi,Dayamai,Nagarajan,Vamakshi Nagarajan,99533653018,vamakshi42@rediffmail.com,M,VOTER-B690408,1990-03-04,DL-3662212042,Relative,0,
DRV-10503,CLM-00504,Lakshmi,Rohan,Goel,Lakshmi Goel,97251900621,lakshmi58@gmail.com,F,UID-724247964124,1963-03-01,DL-4868135616,Spouse,0,
DRV-10504,CLM-00505,Jeevika,,Suresh,Jeevika Suresh,99973713011,jeevika71@outlook.co.in,M,AADHAR-9552-8137-7157,1971-01-02,DL-3514815158,Daughter,0,
DRV-10505,CLM-00506,Dhruv,,Keer,Dhruv Keer,98500464816,dhruv83@gmail.com,M,VOTER-D263134,1987-11-30,DL-6061386314,Self,1,MEM-10684
DRV-10506,CLM-00507,Zaid,Jackson,Parmar,Zaid Parmar,98951668260,zaid98@hotmail.com,M,AADHAR-2120-1291-6881,2003-01-21,DL-9182531036,Self,1,MEM-10186
DRV-10507,CLM-00508,Indali,Aadhya,Sant,Indali Sant,99594135176,indali63@live.com,M,AADHAR-7768-4121-9557,1961-12-05,DL-8879485972,Spouse,0,
DRV-10508,CLM-00509,Ekantika,Kabir,Tripathi,Ekantika Tripathi,98587427160,ekantika47@hotmail.com,F,AADHAR-5183-5465-4689,1971-12-07,DL-4233563914,Friend,0,
DRV-10509,CLM-00510,Bhavya,Chaaya,Rama,Bhavya Rama,97785094711,bhavya21@live.com,F,AADHAR-7512-3457-6867,1989-05-03,DL-7854356466,Spouse,0,
DRV-10510,CLM-00511,Ubika,Lipika,Dash,Ubika Dash,99464373253,ubika26@gmail.com,M,AADHAR-8067-5777-3707,1999-06-08,DL-8745458553,Friend,0,
DRV-10511,CLM-00512,Aadhya,,Arora,Aadhya Arora,99762481901,aadhya75@rediffmail.com,F,UID-451269503741,1990-12-09,DL-9827688788,Self,1,MEM-13420
DRV-10512,CLM-00513,Triya,Alka,Kant,Triya Kant,97754904002,triya73@yahoo.com,M,AADHAR-6631-3937-9807,1965-05-30,DL-6721215613,Paid Driver,0,
DRV-10513,CLM-00514,Ladli,,Bhat,Ladli Bhat,98526374402,ladli46@hotmail.com,M,AADHAR-5236-1887-6740,1980-02-09,DL-3442610001,Friend,0,
DRV-10514,CLM-00515,Ekantika,,Joshi,Ekantika Joshi,99564314892,ekantika94@rediffmail.com,M,VOTER-E758779,1961-09-19,DL-8787161398,Friend,0,
DRV-10515,CLM-00516,Mekhala,Gunbir,Grover,Mekhala Grover,98639787887,mekhala92@gmail.com,F,VOTER-A676168,1994-12-26,DL-3442764428,Friend,0,
DRV-10516,CLM-00517,Timothy,,Tak,Timothy Tak,97181282140,timothy46@rediffmail.com,M,AADHAR-8790-9617-1158,2003-07-20,DL-8498228941,Self,1,MEM-12813
DRV-10517,CLM-00518,Niharika,,Oommen,Niharika Oommen,97236689546,niharika93@yahoo.com,M,VOTER-B326084,1969-11-12,DL-8721023168,Spouse,0,
DRV-10518,CLM-00519,Yauvani,Chaaya,Dewan,Yauvani Dewan,98924733816,yauvani63@outlook.co.in,M,AADHAR-4759-8168-3905,2001-09-17,DL-3208551205,Daughter,0,
DRV-10519,CLM-00520,Bina,,Mittal,Bina Mittal,98928396145,bina41@live.com,M,UID-654915570803,1972-09-25,DL-8951378000,Friend,0,
DRV-10520,CLM-00521,Anjali,Lopa,Tripathi,Anjali Tripathi,97610442254,anjali54@gmail.com,M,VOTER-B528211,1980-06-20,DL-2759425649,Relative,0,
DRV-10521,CLM-00522,Diya,Samarth,Nori,Diya Nori,98565330367,diya60@yahoo.com,M,VOTER-C801652,1957-08-05,DL-8755974441,Friend,0,
DRV-10522,CLM-00523,Gauri,Fariq,Banik,Gauri Banik,99559749151,gauri65@rediffmail.com,F,UID-317238673678,1996-09-14,DL-4939437106,Spouse,0,
DRV-10523,CLM-00524,Reva,Imaran,Memon,Reva Memon,99801003948,reva50@hotmail.com,M,AADHAR-9130-3215-8320,1960-12-02,DL-9153646234,Daughter,0,
DRV-10524,CLM-00525,Yashasvi,,Shetty,Yashasvi Shetty,98905472789,yashasvi12@hotmail.com,F,UID-390389435071,1998-10-01,DL-2053573725,Self,1,MEM-12812
DRV-10525,CLM-00526,Rachita,Raksha,Chand,Rachita Chand,97337748626,rachita85@outlook.co.in,F,VOTER-B242510,2002-02-13,DL-1931148127,Paid Driver,0,
DRV-10526,CLM-00527,Lila,Bachittar,Nigam,Lila Nigam,97035568970,lila94@gmail.com,F,VOTER-E941811,1977-06-29,DL-6750128935,Self,1,MEM-11392
DRV-10527,CLM-00528,Ojasvi,,Sinha,Ojasvi Sinha,98070577127,ojasvi81@hotmail.com,M,UID-821335509249,1992-12-18,DL-6670815194,Friend,0,
DRV-10528,CLM-00529,Eshana,Abhiram,Sagar,Eshana Sagar,99882197564,eshana62@outlook.co.in,F,AADHAR-7726-9935-3955,1959-06-14,DL-5912809552,Friend,0,
DRV-10529,CLM-00530,Nikita,Ira,Bhasin,Nikita Bhasin,97817555961,nikita76@live.com,F,UID-813214124674,1999-12-05,DL-8141548607,Paid Driver,0,
DRV-10530,CLM-00531,Jeremiah,Janaki,Tella,Jeremiah Tella,99188030050,jeremiah19@live.com,M,UID-808749567098,1974-03-06,DL-9016238256,Self,1,MEM-10098
DRV-10531,CLM-00532,Bina,Harshil,Narula,Bina Narula,99627306590,bina98@rediffmail.com,M,VOTER-E457404,1988-10-08,DL-9570461892,Relative,0,
DRV-10532,CLM-00533,Alka,Yashica,Garde,Alka Garde,99184742268,alka14@outlook.co.in,M,AADHAR-7999-9077-5420,1997-11-09,DL-6814411521,Spouse,0,
DRV-10533,CLM-00534,Lavanya,Alka,Pau,Lavanya Pau,98542705853,lavanya88@live.com,M,VOTER-B444957,1963-02-26,DL-4709878563,Son,0,
DRV-10534,CLM-00535,Niharika,Kritika,Nagi,Niharika Nagi,98096788725,niharika82@rediffmail.com,F,VOTER-A873873,1972-09-07,DL-1152082293,Self,1,MEM-13193
DRV-10535,CLM-00536,Fiyaz,,Hegde,Fiyaz Hegde,97213939396,fiyaz33@outlook.co.in,M,AADHAR-6069-1635-6655,1972-01-13,DL-2075488941,Self,1,MEM-10011
DRV-10536,CLM-00537,Manthan,Damini,Ratta,Manthan Ratta,97598043284,manthan41@rediffmail.com,M,AADHAR-6429-5719-8270,1990-03-23,DL-8743081975,Self,1,MEM-13079
DRV-10537,CLM-00538,Dayita,Ayushman,Chand,Dayita Chand,99352819843,dayita48@gmail.com,F,UID-170879570099,1999-12-09,DL-6648711971,Friend,0,
DRV-10538,CLM-00539,Upma,Jonathan,Radhakrishnan,Upma Radhakrishnan,97011884342,upma72@yahoo.com,F,AADHAR-1618-2803-5303,1985-11-18,DL-5684488389,Paid Driver,0,
DRV-10539,CLM-00540,Janani,Gaurang,Dhar,Janani Dhar,98375001284,janani22@yahoo.com,F,AADHAR-5983-2758-4661,1988-01-23,DL-3252950350,Paid Driver,0,
DRV-10540,CLM-00541,Anusha,Libni,Luthra,Anusha Luthra,97315235777,anusha81@outlook.co.in,M,UID-226562812469,1978-05-27,DL-4138756808,Paid Driver,0,
DRV-10541,CLM-00542,Ikbal,Lipika,Mangat,Ikbal Mangat,98644365556,ikbal91@rediffmail.com,M,AADHAR-3319-5849-3225,1993-03-20,DL-8964137312,Self,1,MEM-11308
DRV-10542,CLM-00543,Jason,,Ganesan,Jason Ganesan,98170674517,jason95@outlook.co.in,M,VOTER-D960959,1993-07-04,DL-8211897349,Self,1,MEM-11946
DRV-10543,CLM-00544,Saanvi,Ansh,Dada,Saanvi Dada,97045722892,saanvi84@rediffmail.com,F,UID-467459845485,1989-04-21,DL-3685809266,Self,1,MEM-12177
DRV-10544,CLM-00545,Gaurangi,,Tandon,Gaurangi Tandon,98838967921,gaurangi10@live.com,M,VOTER-E605663,2004-08-12,DL-6380429473,Friend,0,
DRV-10545,CLM-00546,Lajita,Advik,Keer,Lajita Keer,97861818807,lajita26@yahoo.com,M,VOTER-E212115,2005-11-13,DL-2860226657,Paid Driver,0,
DRV-10546,CLM-00547,Devika,Samar,Master,Devika Master,98831859827,devika69@hotmail.com,M,UID-438947902419,1994-07-25,DL-1088295313,Paid Driver,0,
DRV-10547,CLM-00548,Zarna,,Parsa,Zarna Parsa,97563353641,zarna54@yahoo.com,F,UID-933599850019,2005-07-16,DL-5624342640,Self,1,MEM-13440
DRV-10548,CLM-00549,Ikbal,Samarth,Mangat,Ikbal Mangat,99846197746,ikbal17@gmail.com,M,VOTER-B385759,1970-06-06,DL-9165465865,Self,1,MEM-10152
DRV-10549,CLM-00550,Anita,,Srinivasan,Anita Srinivasan,98515586518,anita54@yahoo.com,M,AADHAR-2556-5936-3190,1957-03-17,DL-3692488763,Relative,0,
DRV-10550,CLM-00551,Rachita,,Narayanan,Rachita Narayanan,97528396271,rachita13@gmail.com,M,AADHAR-9340-9124-2195,1997-12-07,DL-1092036861,Paid Driver,0,
DRV-10551,CLM-00552,Saumya,,Bahl,Saumya Bahl,98550657447,saumya17@gmail.com,F,UID-382531546089,1994-06-16,DL-2354612726,Self,1,MEM-13270
DRV-10552,CLM-00553,Aashi,,Arora,Aashi Arora,98291277038,aashi30@gmail.com,F,AADHAR-9678-7578-7230,1972-07-18,DL-8966521429,Self,1,MEM-10644
DRV-10553,CLM-00554,Dipta,Vritti,Chakrabarti,Dipta Chakrabarti,98025770279,dipta67@yahoo.com,F,VOTER-B402721,1959-03-08,DL-8907894241,Spouse,0,
DRV-10554,CLM-00555,Gunbir,Samesh,Ghose,Gunbir Ghose,99266077954,gunbir59@hotmail.com,M,VOTER-A363681,2002-06-25,DL-3516600988,Self,1,MEM-11431
DRV-10555,CLM-00556,Lavanya,Chasmum,Bawa,Lavanya Bawa,97384191948,lavanya34@hotmail.com,F,UID-709827256041,1972-05-23,DL-9286899223,Spouse,0,
DRV-10556,CLM-00557,Isaac,,Vyas,Isaac Vyas,99267700638,isaac58@rediffmail.com,M,UID-890562482632,2003-09-22,DL-1631248693,Self,1,MEM-10214
DRV-10557,CLM-00558,Bina,Christopher,Mand,Bina Mand,99373599231,bina10@rediffmail.com,F,AADHAR-6836-3414-3046,1957-12-23,DL-9257292181,Spouse,0,
DRV-10558,CLM-00559,Hitesh,,Oza,Hitesh Oza,99847310484,hitesh20@hotmail.com,M,UID-780471870737,1974-08-20,DL-9789623231,Self,1,MEM-12600
DRV-10559,CLM-00560,Faras,Sudiksha,More,Faras More,97809078519,faras55@outlook.co.in,M,VOTER-A207526,1974-11-11,DL-2431504123,Self,1,MEM-12864
DRV-10560,CLM-00561,Shravya,,Khosla,Shravya Khosla,99676166577,shravya19@hotmail.com,F,UID-529372299680,1957-12-25,DL-7442652130,Friend,0,
DRV-10561,CLM-00562,Adweta,,Chokshi,Adweta Chokshi,99773514611,adweta15@gmail.com,F,UID-985148400889,2004-04-12,DL-9685982125,Self,1,MEM-12792
DRV-10562,CLM-00563,Adya,,Dhawan,Adya Dhawan,97248397984,adya40@outlook.co.in,F,UID-439364448798,1967-03-26,DL-1289410401,Spouse,0,
DRV-10563,CLM-00564,Radha,Anay,Mitter,Radha Mitter,97813293408,radha94@gmail.com,M,VOTER-B470902,1967-10-28,DL-4366491367,Daughter,0,
DRV-10564,CLM-00565,Imaran,Vaishnavi,Murty,Imaran Murty,97735128875,imaran72@outlook.co.in,M,AADHAR-9813-1719-7949,1977-09-21,DL-6817382882,Self,1,MEM-11278
DRV-10565,CLM-00566,Anamika,Quincy,Chadha,Anamika Chadha,97551525168,anamika99@rediffmail.com,F,AADHAR-6857-5425-2352,1955-03-28,DL-1065478997,Friend,0,
DRV-10566,CLM-00567,Jasmit,,Chaudhari,Jasmit Chaudhari,97017220815,jasmit93@rediffmail.com,F,VOTER-B489253,1991-10-15,DL-7288001534,Self,1,MEM-12416
DRV-10567,CLM-00568,Prisha,,Shukla,Prisha Shukla,97863348098,prisha99@gmail.com,M,UID-662219954478,1982-09-14,DL-8894708250,Spouse,0,
DRV-10568,CLM-00569,Vasatika,Yagnesh,Pau,Vasatika Pau,97377995443,vasatika34@yahoo.com,M,VOTER-B326829,1969-05-08,DL-2337346156,Friend,0,
DRV-10569,CLM-00570,Vasana,,Raval,Vasana Raval,98123465022,vasana86@rediffmail.com,F,VOTER-B666486,1999-06-11,DL-4313260500,Friend,0,
DRV-10570,CLM-00571,Odika,Abha,Bakshi,Odika Bakshi,99994686037,odika37@rediffmail.com,F,VOTER-C793592,1961-10-12,DL-3966266705,Paid Driver,0,
DRV-10571,CLM-00572,Hema,Maanas,Sharma,Hema Sharma,97840958621,hema23@yahoo.com,M,AADHAR-3576-8150-1631,2000-07-16,DL-1870850325,Relative,0,
DRV-10572,CLM-00573,Osha,Madhav,Setty,Osha Setty,99167360455,osha22@live.com,F,VOTER-A847090,2005-12-01,DL-6848385549,Self,1,MEM-11496
DRV-10573,CLM-00574,Forum,Eta,Mohan,Forum Mohan,98578779595,forum15@yahoo.com,M,UID-906619273141,1997-12-20,DL-2556698028,Relative,0,
DRV-10574,CLM-00575,Ikshita,Janani,Master,Ikshita Master,99662638855,ikshita54@outlook.co.in,F,UID-837318292185,1984-03-03,DL-2842771204,Self,1,MEM-12331
DRV-10575,CLM-00576,Tanay,Alka,Narain,Tanay Narain,99150335052,tanay81@gmail.com,M,AADHAR-9327-4316-6637,1990-11-10,DL-5759590026,Self,1,MEM-11667
DRV-10576,CLM-00577,Ubika,Lohit,Kakar,Ubika Kakar,99403459474,ubika34@hotmail.com,F,VOTER-B287472,1984-10-24,DL-3522018764,Self,1,MEM-11055
DRV-10577,CLM-00578,Zarna,Orinder,Sampath,Zarna Sampath,97309912363,zarna95@yahoo.com,F,UID-487678668826,1970-02-26,DL-3475615141,Son,0,
DRV-10578,CLM-00579,Forum,Ijaya,Nath,Forum Nath,99960775857,forum90@yahoo.com,F,VOTER-B955565,1996-10-09,DL-5294320639,Relative,0,
DRV-10579,CLM-00580,Ekalinga,Sai,Chand,Ekalinga Chand,97598252667,ekalinga36@gmail.com,M,AADHAR-2747-6939-6432,1972-05-20,DL-1881857579,Self,1,MEM-12252
DRV-10580,CLM-00581,Udyati,Pratyush,Gandhi,Udyati Gandhi,98541062128,udyati93@live.com,M,UID-498484566204,1968-11-01,DL-1641442189,Son,0,
DRV-10581,CLM-00582,Ekalinga,Sai,Chand,Ekalinga Chand,97598252667,ekalinga36@gmail.com,M,AADHAR-2747-6939-6432,1972-05-20,DL-7227072917,Self,1,MEM-12252
DRV-10582,CLM-00583,Pooja,Lila,Din,Pooja Din,99111178771,pooja50@gmail.com,F,UID-409875689863,1999-08-15,DL-9648811344,Daughter,0,
DRV-10583,CLM-00584,Mahika,Ishwar,Manne,Mahika Manne,97424453451,mahika96@gmail.com,M,AADHAR-1079-5308-2270,1990-03-08,DL-6118429002,Friend,0,
DRV-10584,CLM-00585,Waida,Ranbir,Dhar,Waida Dhar,99926730335,waida39@gmail.com,F,UID-955787782143,1965-07-26,DL-8770153564,Spouse,0,
DRV-10585,CLM-00586,Shivansh,Pooja,Sekhon,Shivansh Sekhon,97119815252,shivansh47@hotmail.com,M,UID-468849569304,1966-02-23,DL-5124566785,Self,1,MEM-10168
DRV-10586,CLM-00587,Ishanvi,Dominic,Natarajan,Ishanvi Natarajan,97564660375,ishanvi57@live.com,M,AADHAR-6728-3349-8188,1983-09-10,DL-6216679283,Daughter,0,
DRV-10587,CLM-00588,Victor,Anya,Om,Victor Om,99195761393,victor26@gmail.com,M,VOTER-E827979,2006-09-12,DL-3307025801,Self,1,MEM-12769
DRV-10588,CLM-00589,Tanvi,Ethan,Saxena,Tanvi Saxena,97222102956,tanvi20@live.com,F,VOTER-C155562,1995-11-29,DL-6542921763,Daughter,0,
DRV-10589,CLM-00590,Hema,Oviya,Raja,Hema Raja,97059186226,hema32@rediffmail.com,M,AADHAR-9270-1050-7289,1977-10-18,DL-5274828962,Friend,0,
DRV-10590,CLM-00591,Girik,Brinda,Mahal,Girik Mahal,98894385491,girik39@gmail.com,M,AADHAR-6543-4213-3816,1965-06-02,DL-5841257270,Self,1,MEM-13369
DRV-10591,CLM-00592,Saumya,Imaran,Sarin,Saumya Sarin,98912957131,saumya90@hotmail.com,F,AADHAR-7420-3966-5691,1998-09-11,DL-4272743675,Son,0,
DRV-10592,CLM-00593,Unnati,,Rajagopalan,Unnati Rajagopalan,98737146762,unnati94@rediffmail.com,F,VOTER-A483189,1993-09-25,DL-2342390292,Daughter,0,
DRV-10593,CLM-00594,Ojas,Neha,Seshadri,Ojas Seshadri,99916663772,ojas38@outlook.co.in,M,AADHAR-6478-7115-1894,1966-12-26,DL-4244796221,Self,1,MEM-10876
DRV-10594,CLM-00595,Yamini,Elijah,Bava,Yamini Bava,99900154608,yamini89@outlook.co.in,F,UID-253757738568,1996-09-25,DL-1941738332,Daughter,0,
DRV-10595,CLM-00596,Krishna,Upkaar,Iyengar,Krishna Iyengar,99630342466,krishna91@live.com,M,AADHAR-7421-7935-9606,2005-02-28,DL-3515569381,Self,1,MEM-13376
DRV-10596,CLM-00597,Xavier,Gautami,Narang,Xavier Narang,97939123956,xavier31@gmail.com,M,VOTER-D948768,1992-01-11,DL-3772675214,Self,1,MEM-12866
DRV-10597,CLM-00598,Abeer,Bimala,Thakkar,Abeer Thakkar,99322130651,abeer11@rediffmail.com,M,VOTER-B373820,1994-01-26,DL-8146273897,Self,1,MEM-12161
DRV-10598,CLM-00599,Damini,Harshil,Bajwa,Damini Bajwa,98775251728,damini47@hotmail.com,M,AADHAR-6224-7789-5129,1994-10-23,DL-3986260056,Paid Driver,0,
DRV-10599,CLM-00600,Chanchal,Oviya,Gour,Chanchal Gour,98587763821,chanchal95@gmail.com,M,VOTER-E632767,1972-09-23,DL-7578633374,Friend,0,
DRV-10600,CLM-00601,Ishani,Hemangini,Master,Ishani Master,98960675060,ishani60@yahoo.com,M,AADHAR-6251-8750-7234,1982-07-10,DL-5885941774,Paid Driver,0,
DRV-10601,CLM-00602,Dalaja,Vanya,Narasimhan,Dalaja Narasimhan,99150287584,dalaja77@yahoo.com,F,VOTER-D823774,2000-02-23,DL-6096082001,Daughter,0,
DRV-10602,CLM-00603,Ekanta,,Bal,Ekanta Bal,99570753143,ekanta33@yahoo.com,M,UID-422488868094,1978-08-18,DL-7625704814,Spouse,0,
DRV-10603,CLM-00604,Lipika,Lakshmi,Sodhi,Lipika Sodhi,99403687822,lipika59@yahoo.com,M,UID-525355790261,1976-07-16,DL-5687556422,Spouse,0,
DRV-10604,CLM-00605,Hemangini,,Badami,Hemangini Badami,99322865190,hemangini40@outlook.co.in,M,UID-285605384235,1980-06-20,DL-5347494651,Son,0,
DRV-10605,CLM-00606,Balendra,Gopal,Amble,Balendra Amble,99129054269,balendra55@gmail.com,M,VOTER-C259489,1983-10-26,DL-8285052360,Self,1,MEM-10450
DRV-10606,CLM-00607,Leela,Daniel,Dhaliwal,Leela Dhaliwal,97430429701,leela58@outlook.co.in,F,UID-113123676571,1973-04-15,DL-9094079378,Relative,0,
DRV-10607,CLM-00608,Edhitha,,Bahl,Edhitha Bahl,98416503688,edhitha37@live.com,F,AADHAR-4355-5588-6305,1994-06-10,DL-4254191868,Son,0,
DRV-10608,CLM-00609,Ethan,,Sarin,Ethan Sarin,99749912488,ethan86@live.com,M,VOTER-B713562,1983-04-27,DL-8127970041,Self,1,MEM-12303
DRV-10609,CLM-00610,Vrinda,Abhiram,Ben,Vrinda Ben,99342992267,vrinda36@live.com,M,UID-879988285090,2006-05-25,DL-9884659472,Relative,0,
DRV-10610,CLM-00611,Rachit,,Merchant,Rachit Merchant,97924309586,rachit45@outlook.co.in,M,VOTER-D469485,1959-11-23,DL-8307274005,Self,1,MEM-11454
DRV-10611,CLM-00612,Lakshmi,Gautam,Arora,Lakshmi Arora,97267987267,lakshmi58@rediffmail.com,M,UID-644044963640,1963-08-12,DL-7598540511,Son,0,
DRV-10612,CLM-00613,Tanmayi,David,Chokshi,Tanmayi Chokshi,98952633917,tanmayi72@rediffmail.com,F,UID-966728704658,1997-11-30,DL-7034067490,Paid Driver,0,
DRV-10613,CLM-00614,Jacob,,Maharaj,Jacob Maharaj,98895059633,jacob85@yahoo.com,M,VOTER-B831157,1961-10-10,DL-7448276431,Self,1,MEM-12839
DRV-10614,CLM-00615,Ladli,Dhriti,Mandal,Ladli Mandal,97996292199,ladli39@live.com,M,AADHAR-8138-2513-7803,1997-12-09,DL-5268937730,Spouse,0,
DRV-10615,CLM-00616,Damyanti,Manthan,Sangha,Damyanti Sangha,99690326665,damyanti94@outlook.co.in,F,VOTER-A451726,1978-02-10,DL-5888727710,Self,1,MEM-13169
DRV-10616,CLM-00617,Arya,Jai,Sachar,Arya Sachar,99769534133,arya98@yahoo.com,M,VOTER-E983991,2005-02-11,DL-9811941459,Relative,0,
DRV-10617,CLM-00618,Harini,Manthan,Rajagopalan,Harini Rajagopalan,99075639862,harini99@live.com,F,VOTER-A503721,1960-11-29,DL-7887119659,Spouse,0,
DRV-10618,CLM-00619,Damini,,Nagi,Damini Nagi,97767320486,damini13@gmail.com,F,AADHAR-1825-1795-5969,1972-05-26,DL-3417375692,Self,1,MEM-12329
DRV-10619,CLM-00620,Netra,Ucchal,More,Netra More,98572207810,netra65@outlook.co.in,M,VOTER-A764589,1995-01-15,DL-5391276085,Paid Driver,0,
DRV-10620,CLM-00621,Ishanvi,,Bhat,Ishanvi Bhat,97778311614,ishanvi99@hotmail.com,F,UID-525100811301,1968-08-07,DL-8227349800,Self,1,MEM-10077
DRV-10621,CLM-00622,Zaid,Upma,Dhawan,Zaid Dhawan,99259586340,zaid18@outlook.co.in,M,VOTER-D257060,1963-02-24,DL-7628605014,Self,1,MEM-12429
DRV-10622,CLM-00623,Prisha,Ekta,Sarma,Prisha Sarma,97457200781,prisha72@hotmail.com,F,VOTER-B414090,1995-07-25,DL-4735596544,Self,1,MEM-11148
DRV-10623,CLM-00624,Baghyawati,Janya,Oak,Baghyawati Oak,98140079227,baghyawati55@yahoo.com,F,VOTER-C712921,1957-12-18,DL-2221198580,Son,0,
DRV-10624,CLM-00625,Charita,Rachana,Nagy,Charita Nagy,99164750604,charita95@hotmail.com,F,VOTER-D659380,1991-03-03,DL-6176790119,Spouse,0,
DRV-10625,CLM-00626,Raagini,Sara,Dar,Raagini Dar,98249815762,raagini26@outlook.co.in,F,AADHAR-4440-6402-7502,1963-07-09,DL-5870102013,Friend,0,
DRV-10626,CLM-00627,Gautami,Guneet,Sampath,Gautami Sampath,97959923568,gautami72@rediffmail.com,M,VOTER-A979289,1970-02-28,DL-3618903979,Friend,0,
DRV-10627,CLM-00628,Meghana,Chanchal,Bath,Meghana Bath,99243817395,meghana88@outlook.co.in,M,AADHAR-3420-9686-8037,1992-06-06,DL-6074384824,Daughter,0,
DRV-10628,CLM-00629,Onveer,Wazir,Guha,Onveer Guha,98722951704,onveer55@hotmail.com,M,AADHAR-4291-1667-1315,1974-02-06,DL-8907122127,Self,1,MEM-10171
DRV-10629,CLM-00630,Jai,,Loyal,Jai Loyal,99417174133,jai33@rediffmail.com,M,UID-203808961152,1968-07-22,DL-2519303355,Self,1,MEM-11350
DRV-10630,CLM-00631,Bahadurjit,Chandani,Sodhi,Bahadurjit Sodhi,98861387757,bahadurjit25@hotmail.com,M,UID-980865564739,1972-05-26,DL-1047392913,Self,1,MEM-11832
DRV-10631,CLM-00632,Kritika,,Sabharwal,Kritika Sabharwal,99859646881,kritika60@outlook.co.in,F,VOTER-A451124,1982-10-08,DL-8649403738,Relative,0,
DRV-10632,CLM-00633,Diya,,Madan,Diya Madan,99696580358,diya25@outlook.co.in,F,AADHAR-3664-5264-5914,1990-05-08,DL-1728591768,Son,0,
DRV-10633,CLM-00634,Falan,,Date,Falan Date,98008176052,falan98@hotmail.com,M,AADHAR-3233-4264-1605,1968-08-30,DL-3314801413,Self,1,MEM-12292
DRV-10634,CLM-00635,Krisha,Warhi,Subramanian,Krisha Subramanian,98250253896,krisha23@yahoo.com,F,UID-554497636626,1977-07-12,DL-8149052498,Friend,0,
DRV-10635,CLM-00636,Upasna,Watika,Nayar,Upasna Nayar,97532520297,upasna58@yahoo.com,F,UID-758713321414,2000-10-24,DL-9643486633,Son,0,
DRV-10636,CLM-00637,Vyanjana,,Anne,Vyanjana Anne,98592973750,vyanjana87@yahoo.com,M,AADHAR-9990-5897-4245,1957-06-18,DL-9522645228,Paid Driver,0,
DRV-10637,CLM-00638,Dayamai,Indira,Brar,Dayamai Brar,99021858704,dayamai94@rediffmail.com,F,UID-810869107155,1975-06-25,DL-1503783182,Self,1,MEM-11962
DRV-10638,CLM-00639,Lopa,Bhavini,Rao,Lopa Rao,99605378964,lopa98@live.com,F,AADHAR-1795-2830-9410,1989-05-19,DL-5428317957,Self,1,MEM-11888
DRV-10639,CLM-00640,Omaja,Mason,Mahal,Omaja Mahal,98057080090,omaja31@live.com,M,VOTER-B951843,1975-09-03,DL-3199877513,Daughter,0,
DRV-10640,CLM-00641,Dipta,Dipta,Sankar,Dipta Sankar,98567063462,dipta10@yahoo.com,F,AADHAR-6256-8366-3647,2005-11-24,DL-9143988795,Son,0,
DRV-10641,CLM-00642,Indali,Sanya,Tella,Indali Tella,97226821163,indali34@gmail.com,M,UID-914638572416,1998-09-20,DL-7637411351,Daughter,0,
DRV-10642,CLM-00643,Megha,,Karan,Megha Karan,98501540137,megha75@rediffmail.com,F,UID-382011930142,1994-12-22,DL-3957047340,Paid Driver,0,
DRV-10643,CLM-00644,Triya,Parth,Gaba,Triya Gaba,99031183082,triya44@rediffmail.com,F,UID-143144661855,1979-09-29,DL-1180508564,Self,1,MEM-12339
DRV-10644,CLM-00645,Rayaan,,Dhawan,Rayaan Dhawan,99704601144,rayaan12@rediffmail.com,M,AADHAR-4492-9540-8768,1996-12-09,DL-9008035067,Self,1,MEM-12559
DRV-10645,CLM-00646,Mohini,Azad,Rout,Mohini Rout,98294993819,mohini99@outlook.co.in,F,AADHAR-8026-6461-3312,1993-05-25,DL-1021112010,Relative,0,
DRV-10646,CLM-00647,Amol,Raksha,Dey,Amol Dey,99144177589,amol86@hotmail.com,M,UID-878510871658,1988-06-23,DL-1673589637,Self,1,MEM-13433
DRV-10647,CLM-00648,Pallavi,,Tripathi,Pallavi Tripathi,99261419805,pallavi72@hotmail.com,F,AADHAR-1595-2605-8903,1970-10-27,DL-5522113071,Self,1,MEM-11257
DRV-10648,CLM-00649,Ethan,,Dewan,Ethan Dewan,97707461642,ethan21@rediffmail.com,M,UID-490288936828,1964-01-25,DL-9900321043,Self,1,MEM-13030
DRV-10649,CLM-00650,Qushi,Krishna,Edwin,Qushi Edwin,98497293603,qushi87@gmail.com,F,UID-917457543890,1982-02-27,DL-9810156599,Daughter,0,
DRV-10650,CLM-00651,Rushil,,Khurana,Rushil Khurana,97646252093,rushil58@outlook.co.in,M,AADHAR-1391-7467-6096,2001-04-19,DL-2764833800,Self,1,MEM-13275
DRV-10651,CLM-00652,Omaja,Leena,Bawa,Omaja Bawa,97799706233,omaja35@yahoo.com,F,AADHAR-1724-6128-8595,1989-05-16,DL-8330711009,Daughter,0,
DRV-10652,CLM-00653,Ridhi,Lucky,Kade,Ridhi Kade,99196089109,ridhi33@hotmail.com,F,VOTER-B783568,1972-05-12,DL-4475256934,Daughter,0,
DRV-10653,CLM-00654,Fariq,,Apte,Fariq Apte,97095190648,fariq95@yahoo.com,M,UID-714442481456,1990-02-13,DL-6194448691,Self,1,MEM-12894
DRV-10654,CLM-00655,Eesha,,Sood,Eesha Sood,99314999211,eesha20@rediffmail.com,M,AADHAR-7466-5736-1141,1971-02-26,DL-6568138012,Son,0,
DRV-10655,CLM-00656,Udyati,,Jha,Udyati Jha,98237305446,udyati22@outlook.co.in,F,VOTER-E972388,1961-11-09,DL-1051220069,Son,0,
DRV-10656,CLM-00657,Suhani,,Talwar,Suhani Talwar,98513378486,suhani65@outlook.co.in,F,VOTER-D138835,1959-05-26,DL-9420494468,Paid Driver,0,
DRV-10657,CLM-00658,Urishilla,Chavvi,Ravi,Urishilla Ravi,97922616306,urishilla20@hotmail.com,F,AADHAR-4087-6582-5438,1993-02-19,DL-4620762860,Self,1,MEM-10129
DRV-10658,CLM-00659,Kashish,Onkar,Mistry,Kashish Mistry,99423980668,kashish55@gmail.com,F,UID-589744843580,1973-04-14,DL-2476608043,Self,1,MEM-11124
DRV-10659,CLM-00660,Geetika,Kiaan,Jani,Geetika Jani,99971555209,geetika96@yahoo.com,F,VOTER-D595206,1969-10-07,DL-3862362495,Daughter,0,
DRV-10660,CLM-00661,Gaurika,Mohini,Saini,Gaurika Saini,99459828198,gaurika59@rediffmail.com,M,AADHAR-9319-3945-5093,1990-05-06,DL-4452699385,Relative,0,
DRV-10661,CLM-00662,Agastya,,Anne,Agastya Anne,98318225713,agastya76@hotmail.com,M,AADHAR-8004-6376-8788,1994-08-20,DL-5111592778,Self,1,MEM-12733
DRV-10662,CLM-00663,Tara,Hemani,Prashad,Tara Prashad,99336609972,tara12@gmail.com,M,AADHAR-5367-2549-8829,1966-03-20,DL-2497477987,Spouse,0,
DRV-10663,CLM-00664,Saksham,,Mukherjee,Saksham Mukherjee,99854711481,saksham14@yahoo.com,M,AADHAR-1511-3318-6809,2005-09-30,DL-4616748489,Self,1,MEM-12778
DRV-10664,CLM-00665,Harita,,Kumar,Harita Kumar,97334055731,harita31@yahoo.com,F,VOTER-A184938,1962-08-30,DL-2216607508,Friend,0,
DRV-10665,CLM-00666,Yutika,Ojasvi,Keer,Yutika Keer,97262017301,yutika70@gmail.com,M,VOTER-C395120,1982-11-30,DL-4986626007,Friend,0,
DRV-10666,CLM-00667,Sara,,Buch,Sara Buch,99977530550,sara97@hotmail.com,M,AADHAR-1658-4166-8107,1981-06-15,DL-2265223593,Son,0,
DRV-10667,CLM-00668,Dayamai,,Sahni,Dayamai Sahni,98314704346,dayamai59@live.com,F,VOTER-A201019,1977-07-17,DL-7025801153,Self,1,MEM-11002
DRV-10668,CLM-00669,Chanchal,,Sarma,Chanchal Sarma,97676275485,chanchal70@live.com,F,UID-847289357280,1998-05-04,DL-5103929016,Son,0,
DRV-10669,CLM-00670,Ijaya,Anjali,Buch,Ijaya Buch,97525571124,ijaya72@hotmail.com,F,VOTER-D651500,1974-09-27,DL-3553048108,Friend,0,
DRV-10670,CLM-00671,Mugdha,,Madan,Mugdha Madan,97599754060,mugdha72@live.com,M,VOTER-E349726,1972-11-06,DL-4921987417,Daughter,0,
DRV-10671,CLM-00672,Nikita,Pratyush,Mangal,Nikita Mangal,97528422114,nikita94@gmail.com,F,AADHAR-7943-9895-8934,2007-03-25,DL-2405349419,Self,1,MEM-12713
DRV-10672,CLM-00673,Aryan,Madhavi,Sarraf,Aryan Sarraf,99155010673,aryan12@gmail.com,M,UID-258437111544,1986-01-30,DL-2554199260,Self,1,MEM-13214
DRV-10673,CLM-00674,Nidra,Abdul,Raman,Nidra Raman,98125750475,nidra77@live.com,F,VOTER-D353489,2003-12-16,DL-7540093669,Relative,0,
DRV-10674,CLM-00675,Pratyush,,Sem,Pratyush Sem,98827848969,pratyush10@outlook.co.in,M,AADHAR-6858-4853-9896,1974-03-26,DL-2210167078,Self,1,MEM-10981
DRV-10675,CLM-00676,Hitesh,,Oza,Hitesh Oza,99847310484,hitesh20@hotmail.com,M,UID-780471870737,1974-08-20,DL-2373402251,Self,1,MEM-12600
DRV-10676,CLM-00677,Chanchal,,Morar,Chanchal Morar,98864525386,chanchal21@hotmail.com,M,VOTER-D408882,1979-03-17,DL-8964051536,Paid Driver,0,
DRV-10677,CLM-00678,Dhriti,,Parmer,Dhriti Parmer,97572533545,dhriti13@live.com,M,AADHAR-4515-6244-7466,1969-12-24,DL-5187875570,Paid Driver,0,
DRV-10678,CLM-00679,Darika,Timothy,Sekhon,Darika Sekhon,98286840490,darika82@live.com,M,UID-196087411674,2007-03-23,DL-7394045036,Spouse,0,
DRV-10679,CLM-00680,Lopa,Chakradhar,Cherian,Lopa Cherian,98925291874,lopa69@live.com,F,VOTER-C540986,1981-04-10,DL-8945925536,Friend,0,
DRV-10680,CLM-00681,Lavanya,Karan,Iyer,Lavanya Iyer,97842648009,lavanya16@live.com,F,UID-756644868008,2004-08-13,DL-9115004247,Spouse,0,
DRV-10681,CLM-00682,Neelima,,Mukhopadhyay,Neelima Mukhopadhyay,99487400820,neelima38@live.com,F,UID-432151919911,1979-03-25,DL-1252871379,Self,1,MEM-10536
DRV-10682,CLM-00683,Hemani,Gaurang,Bhavsar,Hemani Bhavsar,97513775133,hemani83@yahoo.com,F,AADHAR-6643-7320-9828,2003-12-06,DL-4311687627,Self,1,MEM-11557
DRV-10683,CLM-00684,Anita,,Saha,Anita Saha,97225607002,anita35@yahoo.com,F,UID-468253362335,2005-08-28,DL-2214879316,Self,1,MEM-13050
DRV-10684,CLM-00685,Janani,Chatura,Sanghvi,Janani Sanghvi,98085137680,janani94@outlook.co.in,F,AADHAR-5765-7208-7520,1996-08-17,DL-5842434980,Self,1,MEM-12343
DRV-10685,CLM-00686,Kala,Oliver,Murthy,Kala Murthy,98248053157,kala37@live.com,M,AADHAR-4116-2769-9146,1984-08-13,DL-5157879901,Son,0,
DRV-10686,CLM-00687,Mohini,,Grover,Mohini Grover,99656354993,mohini95@outlook.co.in,F,VOTER-C368666,1985-06-03,DL-2659654279,Paid Driver,0,
DRV-10687,CLM-00688,Nikita,Vedika,Narula,Nikita Narula,98197206668,nikita46@rediffmail.com,M,UID-329684691056,1975-02-13,DL-1483810226,Relative,0,
DRV-10688,CLM-00689,Gayathri,,Magar,Gayathri Magar,98147488605,gayathri30@hotmail.com,M,UID-370055768864,1963-12-03,DL-1519006176,Paid Driver,0,
DRV-10689,CLM-00690,Ubika,Meghana,Sathe,Ubika Sathe,97377321602,ubika12@live.com,M,AADHAR-3625-8364-8280,1985-04-08,DL-6027663627,Paid Driver,0,
DRV-10690,CLM-00691,Ekiya,Yashvi,Dey,Ekiya Dey,98671981174,ekiya72@yahoo.com,F,UID-714228227696,2003-10-26,DL-7166918117,Son,0,
DRV-10691,CLM-00692,Lekha,Aarav,Sangha,Lekha Sangha,97531251958,lekha16@rediffmail.com,F,AADHAR-8417-9058-1072,1955-12-11,DL-1234302026,Paid Driver,0,
DRV-10692,CLM-00693,Yashoda,,Mani,Yashoda Mani,97729887532,yashoda74@outlook.co.in,F,UID-494457281109,1988-07-25,DL-3749735020,Daughter,0,
DRV-10693,CLM-00694,Dalaja,Vanya,Naidu,Dalaja Naidu,99127802431,dalaja43@hotmail.com,F,UID-254189517922,1982-03-25,DL-1459872615,Daughter,0,
DRV-10694,CLM-00695,Sachi,Kiaan,Narasimhan,Sachi Narasimhan,98853628159,sachi95@rediffmail.com,F,UID-848883577199,1994-05-29,DL-6894929121,Self,1,MEM-12585
DRV-10695,CLM-00696,Bina,Dayita,Nagi,Bina Nagi,99237622654,bina11@yahoo.com,M,VOTER-D354340,1988-01-22,DL-2110181196,Relative,0,
DRV-10696,CLM-00697,Anita,Pavani,Chauhan,Anita Chauhan,98927147964,anita23@yahoo.com,F,VOTER-C770793,1967-12-28,DL-6324391289,Daughter,0,
DRV-10697,CLM-00698,Nikita,Fitan,Sathe,Nikita Sathe,99991457596,nikita71@hotmail.com,F,AADHAR-5380-9675-3203,2005-11-02,DL-8999861702,Self,1,MEM-11642
DRV-10698,CLM-00699,Inaya,Azaan,Din,Inaya Din,98088445813,inaya27@gmail.com,F,VOTER-A104947,1963-09-15,DL-7564035080,Daughter,0,
DRV-10699,CLM-00700,Dakshesh,Odika,Ray,Dakshesh Ray,97250167491,dakshesh83@rediffmail.com,M,VOTER-D179770,1980-04-08,DL-3127381233,Self,1,MEM-13087
DRV-10700,CLM-00701,Nirja,Patrick,Pillai,Nirja Pillai,97617624134,nirja20@rediffmail.com,F,AADHAR-3816-9321-8925,2002-05-17,DL-6006027941,Spouse,0,
DRV-10701,CLM-00702,Abha,,Rau,Abha Rau,99857233982,abha10@yahoo.com,M,VOTER-C697995,1981-10-31,DL-8129562301,Daughter,0,
DRV-10702,CLM-00703,Januja,Gaurika,Nazareth,Januja Nazareth,99644054316,januja50@rediffmail.com,F,UID-747627125552,2007-10-18,DL-8268652215,Self,1,MEM-10671
DRV-10703,CLM-00704,Victor,Lakshit,Ghosh,Victor Ghosh,99161146100,victor41@outlook.co.in,M,VOTER-A583631,1979-12-31,DL-7163690009,Self,1,MEM-10520
DRV-10704,CLM-00705,Lopa,Lekha,Peri,Lopa Peri,98146967449,lopa53@hotmail.com,M,UID-497894238198,1967-04-20,DL-6086241581,Paid Driver,0,
DRV-10705,CLM-00706,Pavani,,Kuruvilla,Pavani Kuruvilla,99443581376,pavani91@rediffmail.com,F,VOTER-E266272,1977-02-21,DL-7425640627,Self,1,MEM-12397
DRV-10706,CLM-00707,Kavya,,Sani,Kavya Sani,98466424392,kavya29@yahoo.com,F,VOTER-B410596,2006-04-03,DL-7446172118,Daughter,0,
DRV-10707,CLM-00708,Vaishnavi,Jeremiah,Sharma,Vaishnavi Sharma,98159948071,vaishnavi71@live.com,F,UID-984973588669,1982-01-24,DL-1479550569,Son,0,
DRV-10708,CLM-00709,Janani,Ansh,Chahal,Janani Chahal,99788446466,janani51@outlook.co.in,F,UID-305647502204,1997-09-03,DL-7942902535,Relative,0,
DRV-10709,CLM-00710,Faris,William,Gaba,Faris Gaba,98849656593,faris20@live.com,M,AADHAR-1611-8925-3390,2003-12-24,DL-9181178538,Self,1,MEM-13032
DRV-10710,CLM-00711,Isha,,Biswas,Isha Biswas,97501711894,isha92@rediffmail.com,M,VOTER-D340822,1973-12-11,DL-3841538860,Spouse,0,
DRV-10711,CLM-00712,Vedika,Nilima,Sodhi,Vedika Sodhi,99406711165,vedika27@live.com,F,UID-609974061148,1999-10-07,DL-7246743467,Self,1,MEM-12728
DRV-10712,CLM-00713,Jasmit,Thomas,Wadhwa,Jasmit Wadhwa,98252211603,jasmit54@gmail.com,F,UID-939296413792,2001-10-30,DL-7658294845,Spouse,0,
DRV-10713,CLM-00714,Ubika,Dayamai,Bedi,Ubika Bedi,98805522070,ubika10@outlook.co.in,F,UID-584027228023,1969-04-25,DL-2098325096,Friend,0,
DRV-10714,CLM-00715,Leena,Nimrat,Rout,Leena Rout,98074858993,leena43@live.com,F,UID-438338769077,2001-04-08,DL-3708010310,Self,1,MEM-11858
DRV-10715,CLM-00716,Anika,Qadim,Garg,Anika Garg,99232206599,anika42@hotmail.com,F,VOTER-B337458,1955-06-24,DL-7595875316,Relative,0,
DRV-10716,CLM-00717,Amara,Owen,Dass,Amara Dass,99046690760,amara67@outlook.co.in,F,AADHAR-7856-5530-1038,2005-04-27,DL-7701088844,Relative,0,
DRV-10717,CLM-00718,Vamakshi,,Ramakrishnan,Vamakshi Ramakrishnan,99991255007,vamakshi45@live.com,F,UID-495505713372,1976-11-22,DL-4919121688,Spouse,0,
DRV-10718,CLM-00719,Ria,,Sibal,Ria Sibal,99194409277,ria27@outlook.co.in,M,UID-970965288339,1955-10-04,DL-5684354134,Paid Driver,0,
DRV-10719,CLM-00720,Kashish,,Kari,Kashish Kari,99567919114,kashish81@rediffmail.com,F,VOTER-D974573,1966-06-07,DL-7311532326,Self,1,MEM-10897
DRV-10720,CLM-00721,Turvi,Indrajit,Palan,Turvi Palan,98934021011,turvi25@rediffmail.com,M,AADHAR-6272-7740-5945,1961-12-06,DL-3323380775,Friend,0,
DRV-10721,CLM-00722,Oni,Upma,Khurana,Oni Khurana,97327623656,oni87@hotmail.com,F,AADHAR-1691-4233-3043,1996-03-10,DL-3119266635,Relative,0,
DRV-10722,CLM-00723,Turvi,,Soman,Turvi Soman,99977422512,turvi32@gmail.com,M,UID-656410963036,1973-07-25,DL-8293663030,Paid Driver,0,
DRV-10723,CLM-00724,Kalpit,,Kalla,Kalpit Kalla,99118355289,kalpit77@gmail.com,M,UID-737039376119,1968-01-29,DL-5948304325,Self,1,MEM-11961
DRV-10724,CLM-00725,Inaya,,Mallick,Inaya Mallick,97308597957,inaya33@gmail.com,F,UID-431904107257,1975-10-07,DL-1724255597,Relative,0,
DRV-10725,CLM-00726,Qushi,Oviya,Parmer,Qushi Parmer,98687668328,qushi39@outlook.co.in,F,AADHAR-2076-6923-6349,1999-12-20,DL-9915624997,Self,1,MEM-12305
DRV-10726,CLM-00727,Zilmil,Rajata,Rajagopalan,Zilmil Rajagopalan,97369334413,zilmil80@yahoo.com,M,VOTER-C911224,1960-04-17,DL-9495898433,Spouse,0,
DRV-10727,CLM-00728,Ridhi,Hema,Sarin,Ridhi Sarin,98000359216,ridhi46@rediffmail.com,M,UID-790037928061,2007-02-01,DL-4597526725,Paid Driver,0,
DRV-10728,CLM-00729,Urmi,,Mammen,Urmi Mammen,97196057442,urmi99@live.com,F,UID-285253427087,1966-11-13,DL-4021896995,Relative,0,
DRV-10729,CLM-00730,Naksh,Harini,Cheema,Naksh Cheema,99196203046,naksh75@gmail.com,M,UID-982905199899,2007-09-03,DL-9625694154,Self,1,MEM-13200
DRV-10730,CLM-00731,Kai,Yuvraj,Pai,Kai Pai,97451127411,kai80@rediffmail.com,M,AADHAR-3918-7325-1463,1985-07-27,DL-4567267081,Self,1,MEM-11033
DRV-10731,CLM-00732,Kashish,Vedika,Narang,Kashish Narang,99891349532,kashish57@hotmail.com,F,UID-257203716612,2007-05-09,DL-9794609868,Relative,0,
DRV-10732,CLM-00733,Tripti,Bhanumati,Yadav,Tripti Yadav,98978262218,tripti61@outlook.co.in,F,AADHAR-8662-7532-3385,2002-05-17,DL-3878996718,Paid Driver,0,
DRV-10733,CLM-00734,Edhitha,,Sampath,Edhitha Sampath,98371337572,edhitha93@rediffmail.com,F,UID-392059247282,2001-05-12,DL-9150956365,Friend,0,
DRV-10734,CLM-00735,Dev,,Chaudhuri,Dev Chaudhuri,97998181887,dev32@gmail.com,M,UID-647335426025,1985-02-02,DL-6365099948,Self,1,MEM-13123
DRV-10735,CLM-00736,Ekani,,Golla,Ekani Golla,97322203637,ekani61@hotmail.com,M,UID-755050421446,1998-10-27,DL-5524873695,Relative,0,
DRV-10736,CLM-00737,Amol,Raksha,Dey,Amol Dey,99144177589,amol86@hotmail.com,M,UID-878510871658,1988-06-23,DL-7818256223,Self,1,MEM-13433
DRV-10737,CLM-00738,Rishi,,Sarin,Rishi Sarin,99595439877,rishi39@gmail.com,M,VOTER-E359738,1965-05-21,DL-4806929997,Self,1,MEM-12531
DRV-10738,CLM-00739,Chasmum,Sanya,Puri,Chasmum Puri,98479016904,chasmum11@yahoo.com,M,UID-835175504235,1957-12-20,DL-7078330465,Friend,0,
DRV-10739,CLM-00740,Gaurangi,Radhika,Chandra,Gaurangi Chandra,99140558469,gaurangi42@outlook.co.in,F,VOTER-B801065,1967-07-14,DL-6105773621,Self,1,MEM-12493
DRV-10740,CLM-00741,Megha,Nicholas,Badal,Megha Badal,97377526166,megha77@outlook.co.in,M,UID-631132083408,1968-03-23,DL-6970955442,Son,0,
DRV-10741,CLM-00742,Barkha,Aahana,Khurana,Barkha Khurana,99544364514,barkha79@rediffmail.com,M,AADHAR-9136-2284-8422,1972-03-20,DL-5311802134,Spouse,0,
DRV-10742,CLM-00743,Baghyawati,,Sant,Baghyawati Sant,99876660402,baghyawati15@hotmail.com,F,AADHAR-6583-9655-4569,1967-07-02,DL-2609003628,Self,1,MEM-10524
DRV-10743,CLM-00744,Onkar,,Zachariah,Onkar Zachariah,98978941673,onkar53@gmail.com,M,AADHAR-1366-8199-2654,1963-01-28,DL-6002239481,Self,1,MEM-10359
DRV-10744,CLM-00745,Madhavi,Sanaya,Bose,Madhavi Bose,97094347973,madhavi30@live.com,M,UID-165082677362,2000-04-02,DL-7962339032,Friend,0,
DRV-10745,CLM-00746,Gagan,Simon,Shankar,Gagan Shankar,99518669293,gagan97@rediffmail.com,M,UID-373893838900,1991-02-24,DL-6878430806,Self,1,MEM-13227
DRV-10746,CLM-00747,Tara,,Chander,Tara Chander,97103238714,tara83@rediffmail.com,M,VOTER-D655252,1988-05-27,DL-8790904938,Paid Driver,0,
DRV-10747,CLM-00748,Ojasvi,Wridesh,Chaudhary,Ojasvi Chaudhary,97467606510,ojasvi55@yahoo.com,M,AADHAR-4580-6832-7120,1966-02-12,DL-7049877159,Friend,0,
DRV-10748,CLM-00749,Bishakha,Avi,Bhakta,Bishakha Bhakta,99005860208,bishakha39@rediffmail.com,F,VOTER-A983157,1974-01-07,DL-2002211820,Son,0,
DRV-10749,CLM-00750,Nisha,Damyanti,Chawla,Nisha Chawla,99410854797,nisha38@live.com,M,VOTER-A632946,1994-11-09,DL-6033740077,Son,0,
DRV-10750,CLM-00751,Nakul,,Bhavsar,Nakul Bhavsar,98040948393,nakul28@hotmail.com,M,UID-942945540851,1977-02-16,DL-9681165502,Self,1,MEM-12222
DRV-10751,CLM-00752,Avni,,Krishna,Avni Krishna,97294520361,avni10@hotmail.com,M,VOTER-C972195,2004-05-05,DL-3916170747,Spouse,0,
DRV-10752,CLM-00753,Xalak,Manthan,Varma,Xalak Varma,97331590004,xalak59@rediffmail.com,F,VOTER-B257651,1981-06-21,DL-9104368129,Self,1,MEM-11449
DRV-10753,CLM-00754,Neha,,Chakraborty,Neha Chakraborty,97210157012,neha34@hotmail.com,F,VOTER-D572436,1970-01-25,DL-5209479308,Son,0,
DRV-10754,CLM-00755,Chameli,Mugdha,Lalla,Chameli Lalla,99752002155,chameli12@rediffmail.com,F,UID-413609020144,1975-09-01,DL-4882133324,Spouse,0,
DRV-10755,CLM-00756,Arunima,Kalpit,Gopal,Arunima Gopal,97095470161,arunima29@outlook.co.in,F,VOTER-D975989,1974-06-19,DL-3778894949,Friend,0,
DRV-10756,CLM-00757,Hemal,Jatin,Ravel,Hemal Ravel,98367101221,hemal97@rediffmail.com,F,UID-962205490968,1972-10-18,DL-5103569740,Daughter,0,
DRV-10757,CLM-00758,Shravya,,Shankar,Shravya Shankar,98915081889,shravya92@rediffmail.com,F,VOTER-E650441,2007-11-01,DL-4813959149,Self,1,MEM-10234
DRV-10758,CLM-00759,Aishani,,Sankar,Aishani Sankar,98040475316,aishani30@hotmail.com,F,VOTER-B787387,1977-07-04,DL-8513743581,Son,0,
DRV-10759,CLM-00760,Vihaan,Joshua,Sama,Vihaan Sama,97047345161,vihaan87@outlook.co.in,M,UID-166332537521,1972-04-28,DL-9377975803,Self,1,MEM-11954
DRV-10760,CLM-00761,Yashoda,Waida,Sachdev,Yashoda Sachdev,98716801144,yashoda52@outlook.co.in,F,AADHAR-5348-3749-1416,1975-10-19,DL-1990643603,Relative,0,
DRV-10761,CLM-00762,Siya,,Banerjee,Siya Banerjee,99744081864,siya43@hotmail.com,F,UID-431116230285,1962-02-17,DL-8682780081,Son,0,
DRV-10762,CLM-00763,Varsha,Chakrika,Tata,Varsha Tata,97585644104,varsha72@hotmail.com,M,UID-289224328667,1987-04-10,DL-6299439572,Paid Driver,0,
DRV-10763,CLM-00764,Finn,,Misra,Finn Misra,99540609737,finn84@hotmail.com,M,VOTER-E416379,1969-09-03,DL-7702705812,Self,1,MEM-13310
DRV-10764,CLM-00765,Lakshit,Lopa,Sridhar,Lakshit Sridhar,98888341894,lakshit87@outlook.co.in,M,UID-922720417384,1988-12-09,DL-5369236324,Self,1,MEM-12344
DRV-10765,CLM-00766,Sneha,Hredhaan,Chana,Sneha Chana,99130290239,sneha49@hotmail.com,F,UID-352675846937,1986-01-04,DL-4777394774,Daughter,0,
DRV-10766,CLM-00767,Bina,Pahal,Shere,Bina Shere,99787819492,bina35@hotmail.com,M,VOTER-B791671,1968-10-14,DL-4762982260,Spouse,0,
DRV-10767,CLM-00768,Oeshi,Yatan,Swamy,Oeshi Swamy,98820183012,oeshi66@outlook.co.in,F,UID-744360213867,1998-12-02,DL-5982375307,Self,1,MEM-12561
DRV-10768,CLM-00769,Mohammed,Maanav,Merchant,Mohammed Merchant,97614721763,mohammed21@live.com,M,UID-347387797171,1975-11-08,DL-3659567374,Self,1,MEM-10739
DRV-10769,CLM-00770,Pushti,Abhimanyu,Sathe,Pushti Sathe,98761125555,pushti56@hotmail.com,F,VOTER-B410939,1963-08-21,DL-6987986207,Self,1,MEM-11061
DRV-10770,CLM-00771,Anvi,,Mutti,Anvi Mutti,99759091859,anvi88@gmail.com,M,VOTER-D870454,1960-07-29,DL-5975684277,Friend,0,
DRV-10771,CLM-00772,Jasmit,Amol,Batra,Jasmit Batra,98638355348,jasmit76@outlook.co.in,M,VOTER-B112297,1996-03-05,DL-1827594085,Spouse,0,
DRV-10772,CLM-00773,Chandani,,Sanghvi,Chandani Sanghvi,98441195759,chandani96@rediffmail.com,F,AADHAR-5284-9567-9410,1957-05-21,DL-2318202003,Friend,0,
DRV-10773,CLM-00774,Atharv,Nidra,Taneja,Atharv Taneja,98031922644,atharv45@hotmail.com,M,VOTER-B296557,1978-01-29,DL-7877840220,Self,1,MEM-11572
DRV-10774,CLM-00775,Yachana,Qarin,Ranganathan,Yachana Ranganathan,97599406242,yachana88@yahoo.com,M,UID-435783288338,1961-03-23,DL-1968801409,Paid Driver,0,
DRV-10775,CLM-00776,Vanya,Varsha,Bobal,Vanya Bobal,98929436626,vanya63@live.com,F,AADHAR-3393-7761-2192,1988-08-30,DL-6776235907,Daughter,0,
DRV-10776,CLM-00777,Arunima,Umang,Samra,Arunima Samra,97636021954,arunima99@live.com,M,VOTER-D212448,1967-10-31,DL-4709854616,Spouse,0,
DRV-10777,CLM-00778,Samar,Balendra,Bains,Samar Bains,99173243587,samar64@hotmail.com,M,UID-250814192272,1977-11-11,DL-8946470834,Self,1,MEM-10460
DRV-10778,CLM-00779,Nilima,Ekalinga,Deshpande,Nilima Deshpande,97985094998,nilima17@gmail.com,M,AADHAR-7331-2926-8576,1957-07-15,DL-7968264028,Daughter,0,
DRV-10779,CLM-00780,Banjeet,Samuel,Baria,Banjeet Baria,98296333676,banjeet24@gmail.com,M,VOTER-C606402,1976-10-22,DL-9084000499,Self,1,MEM-12131
DRV-10780,CLM-00781,Ira,,Dugar,Ira Dugar,98242790173,ira50@rediffmail.com,F,AADHAR-2460-4582-8446,1990-05-19,DL-8943664290,Self,1,MEM-12276
DRV-10781,CLM-00782,Varenya,,Madan,Varenya Madan,97569446210,varenya31@rediffmail.com,M,AADHAR-3075-5620-1873,1962-04-10,DL-8305122342,Friend,0,
DRV-10782,CLM-00783,Aishani,Pahal,Sangha,Aishani Sangha,97092614046,aishani54@rediffmail.com,F,AADHAR-5022-1486-8809,1980-06-17,DL-7560273801,Paid Driver,0,
DRV-10783,CLM-00784,Sachi,Reyansh,Sachdev,Sachi Sachdev,98406650753,sachi83@hotmail.com,F,VOTER-C358359,1967-06-08,DL-8313446141,Relative,0,
DRV-10784,CLM-00785,Chaman,,Lala,Chaman Lala,98189160560,chaman29@yahoo.com,M,UID-651306858318,1963-09-18,DL-1797251866,Friend,0,
DRV-10785,CLM-00786,Ekaja,Ojas,Bansal,Ekaja Bansal,97180102546,ekaja38@outlook.co.in,F,VOTER-E922473,2001-04-01,DL-3865635478,Friend,0,
DRV-10786,CLM-00787,Charles,,Mutti,Charles Mutti,99275966625,charles69@outlook.co.in,M,AADHAR-2412-2466-8068,1974-08-07,DL-4582228100,Self,1,MEM-11197
DRV-10787,CLM-00788,Geetika,,Subramanian,Geetika Subramanian,97430657406,geetika60@hotmail.com,M,VOTER-C520946,1958-12-13,DL-4163252378,Paid Driver,0,
DRV-10788,CLM-00789,Anika,Hredhaan,Ramesh,Anika Ramesh,97457972938,anika40@rediffmail.com,F,AADHAR-6623-8063-9457,1963-03-05,DL-7142850175,Paid Driver,0,
DRV-10789,CLM-00790,Jagdish,Parth,Kara,Jagdish Kara,97389310617,jagdish24@gmail.com,M,VOTER-A121273,1991-06-20,DL-4792160134,Self,1,MEM-11819
DRV-10790,CLM-00791,Ucchal,Veda,Kuruvilla,Ucchal Kuruvilla,97720178306,ucchal73@gmail.com,M,VOTER-A143525,1995-11-01,DL-9332841437,Daughter,0,
DRV-10791,CLM-00792,Bishakha,,Bala,Bishakha Bala,99179188494,bishakha73@gmail.com,M,VOTER-A698895,1958-03-22,DL-6108781098,Friend,0,
DRV-10792,CLM-00793,Chakrika,,Palan,Chakrika Palan,98900559229,chakrika34@live.com,F,AADHAR-2981-2446-6192,1993-10-02,DL-7888139336,Daughter,0,
DRV-10793,CLM-00794,Shivani,Mitali,Pillay,Shivani Pillay,99116175531,shivani41@yahoo.com,F,VOTER-D716925,1967-09-11,DL-5736419153,Friend,0,
DRV-10794,CLM-00795,Chandani,Vrinda,Balan,Chandani Balan,99301454654,chandani64@rediffmail.com,F,UID-605244337749,1983-07-20,DL-8648266132,Daughter,0,
DRV-10795,CLM-00796,Sneha,Lakshit,Khalsa,Sneha Khalsa,98894580660,sneha75@live.com,M,VOTER-D901549,1970-05-25,DL-6337166257,Relative,0,
DRV-10796,CLM-00797,Sara,Chanakya,Khatri,Sara Khatri,98948597789,sara66@rediffmail.com,F,UID-183971905174,1976-07-22,DL-4096257936,Son,0,
DRV-10797,CLM-00798,Ishwar,,Jhaveri,Ishwar Jhaveri,98343832764,ishwar11@yahoo.com,M,AADHAR-6167-9893-4569,2005-08-24,DL-7649085806,Self,1,MEM-11225
DRV-10798,CLM-00799,Jyoti,,Brahmbhatt,Jyoti Brahmbhatt,99640966113,jyoti87@rediffmail.com,F,VOTER-D159462,1955-12-09,DL-7522813618,Son,0,
DRV-10799,CLM-00800,Ira,William,Sachdeva,Ira Sachdeva,97164549582,ira67@hotmail.com,F,UID-339574650619,1985-07-24,DL-1311022529,Daughter,0,
DRV-10800,CLM-00801,Dhriti,,Dugar,Dhriti Dugar,99496865347,dhriti60@rediffmail.com,F,UID-698148381873,1983-08-26,DL-3871935395,Friend,0,
DRV-10801,CLM-00802,Ira,Finn,Desai,Ira Desai,98365376772,ira86@live.com,M,VOTER-E918271,1955-07-12,DL-9523434469,Daughter,0,
DRV-10802,CLM-00803,Alka,,Raja,Alka Raja,98191204273,alka80@outlook.co.in,F,AADHAR-1928-8491-5263,2000-10-31,DL-7914661305,Self,1,MEM-10167
DRV-10803,CLM-00804,Libni,Amara,Talwar,Libni Talwar,99290247233,libni41@live.com,M,VOTER-C724150,1964-01-25,DL-3014828532,Relative,0,
DRV-10804,CLM-00805,Kamala,Jeremiah,Patla,Kamala Patla,98812481872,kamala23@hotmail.com,F,AADHAR-8880-8832-2172,2004-10-24,DL-6045099064,Self,1,MEM-10373
DRV-10805,CLM-00806,Hritik,Chameli,Sachar,Hritik Sachar,99728520350,hritik50@hotmail.com,M,VOTER-B597491,1970-04-28,DL-8807911360,Self,1,MEM-12102
DRV-10806,CLM-00807,Jack,Siddharth,Patil,Jack Patil,98001879197,jack87@hotmail.com,M,AADHAR-2733-8737-8146,1962-03-27,DL-9950143987,Self,1,MEM-12495
DRV-10807,CLM-00808,Neelima,Chakradev,Mammen,Neelima Mammen,99469320227,neelima59@hotmail.com,F,UID-852114190838,1998-07-01,DL-7395602614,Self,1,MEM-11050
DRV-10808,CLM-00809,Kashish,,Sekhon,Kashish Sekhon,98185360976,kashish52@gmail.com,M,AADHAR-5634-5740-6147,1989-02-23,DL-1211137151,Daughter,0,
DRV-10809,CLM-00810,Indira,Advik,Mohan,Indira Mohan,97999965548,indira19@hotmail.com,F,AADHAR-8811-3753-9818,1983-05-31,DL-2359593440,Self,1,MEM-12772
DRV-10810,CLM-00811,Vrishti,,Sinha,Vrishti Sinha,97869158720,vrishti79@gmail.com,M,AADHAR-4928-5617-6482,1999-07-15,DL-9054504347,Friend,0,
DRV-10811,CLM-00812,Bhavini,Tanay,Srivastava,Bhavini Srivastava,97435707252,bhavini96@hotmail.com,F,VOTER-C780084,1964-02-15,DL-8743039075,Self,1,MEM-10843
DRV-10812,CLM-00813,Oni,Ishanvi,Setty,Oni Setty,97371787055,oni11@live.com,F,VOTER-C847624,2002-05-08,DL-4441103869,Self,1,MEM-12153
DRV-10813,CLM-00814,Shivani,Ranbir,More,Shivani More,97311709259,shivani54@hotmail.com,F,UID-355054375764,2003-04-18,DL-2556850663,Daughter,0,
DRV-10814,CLM-00815,Ira,Advaith,Keer,Ira Keer,99637774194,ira54@rediffmail.com,F,UID-663449794972,2006-05-31,DL-3687807716,Self,1,MEM-11655
DRV-10815,CLM-00816,Frado,,Rajagopal,Frado Rajagopal,97187578482,frado74@yahoo.com,M,AADHAR-2327-9444-5796,1989-04-12,DL-8658173119,Self,1,MEM-13257
DRV-10816,CLM-00817,Luke,Nimrat,Nagy,Luke Nagy,97642572672,luke81@live.com,M,AADHAR-8109-6078-9699,1986-01-27,DL-3459728513,Self,1,MEM-11699
DRV-10817,CLM-00818,Charvi,,Deshmukh,Charvi Deshmukh,97309171123,charvi74@yahoo.com,F,AADHAR-9009-9997-5076,1973-07-30,DL-2318914159,Daughter,0,
DRV-10818,CLM-00819,Rishi,Advik,Basu,Rishi Basu,99647547800,rishi17@yahoo.com,M,AADHAR-5499-1043-2477,1985-11-24,DL-7619526272,Self,1,MEM-10874
DRV-10819,CLM-00820,Ekaja,,Kapadia,Ekaja Kapadia,97518195177,ekaja15@hotmail.com,M,UID-452559280189,1964-09-11,DL-6777462709,Paid Driver,0,
DRV-10820,CLM-00821,Zinal,,Brar,Zinal Brar,98546061830,zinal11@live.com,M,UID-912234885352,2004-02-04,DL-9971501812,Friend,0,
DRV-10821,CLM-00822,Dhriti,Vrishti,Chhabra,Dhriti Chhabra,98829753619,dhriti31@outlook.co.in,F,VOTER-E812290,1975-02-23,DL-2417792466,Self,1,MEM-10252
DRV-10822,CLM-00823,Ekta,,Anand,Ekta Anand,99685900630,ekta74@live.com,M,AADHAR-5484-5746-5924,1998-04-30,DL-9922228618,Daughter,0,
DRV-10823,CLM-00824,Nakul,Dayamai,Pall,Nakul Pall,99899704796,nakul66@hotmail.com,M,UID-892255200901,1969-12-11,DL-2730742014,Self,1,MEM-10504
DRV-10824,CLM-00825,Varsha,Nathan,Loyal,Varsha Loyal,97358955712,varsha98@gmail.com,F,UID-879206224437,1976-10-02,DL-7736960569,Son,0,
DRV-10825,CLM-00826,Panini,Ria,Narain,Panini Narain,99964359061,panini73@live.com,F,VOTER-D173301,1980-03-14,DL-3155619452,Paid Driver,0,
DRV-10826,CLM-00827,Mohammed,Vansha,Sama,Mohammed Sama,97788216424,mohammed86@outlook.co.in,M,AADHAR-1649-7239-7551,1977-04-20,DL-4661433553,Self,1,MEM-11344
DRV-10827,CLM-00828,Aradhana,Oeshi,Bhatia,Aradhana Bhatia,98861226121,aradhana18@hotmail.com,M,AADHAR-6652-4686-7635,1955-10-01,DL-5317530949,Son,0,
DRV-10828,CLM-00829,Aradhana,,Pradhan,Aradhana Pradhan,99417214845,aradhana87@live.com,F,UID-510460947733,2003-07-18,DL-6064292215,Daughter,0,
DRV-10829,CLM-00830,Ekaja,Darsh,Bahl,Ekaja Bahl,97110227973,ekaja98@yahoo.com,F,AADHAR-3440-4811-6538,1973-06-30,DL-5142907896,Paid Driver,0,
DRV-10830,CLM-00831,Onveer,Jackson,Desai,Onveer Desai,98355146337,onveer73@outlook.co.in,M,AADHAR-8413-4387-6564,1998-12-18,DL-9357708012,Self,1,MEM-12610
DRV-10831,CLM-00832,Hemani,Gopal,Tella,Hemani Tella,98096340689,hemani17@gmail.com,F,UID-324510026835,1985-03-24,DL-6363951542,Self,1,MEM-10318
DRV-10832,CLM-00833,Vedhika,Sachi,Bali,Vedhika Bali,97241424304,vedhika90@outlook.co.in,M,UID-459670678961,1979-07-15,DL-8027518140,Spouse,0,
DRV-10833,CLM-00834,Urishilla,,Kata,Urishilla Kata,97527178473,urishilla17@hotmail.com,M,AADHAR-7250-9475-6511,1973-04-26,DL-3607667538,Son,0,
DRV-10834,CLM-00835,Gaurang,,Chada,Gaurang Chada,98106173786,gaurang17@gmail.com,M,UID-305421142523,1994-06-04,DL-2528585536,Self,1,MEM-12897
DRV-10835,CLM-00836,Pallavi,Varsha,Shere,Pallavi Shere,99015629539,pallavi75@rediffmail.com,F,VOTER-A719318,2004-10-18,DL-3416820132,Paid Driver,0,
DRV-10836,CLM-00837,Zarna,Zashil,Bansal,Zarna Bansal,98791889150,zarna84@rediffmail.com,F,UID-981225715282,1971-07-18,DL-6578412757,Daughter,0,
DRV-10837,CLM-00838,Chaitaly,Aradhana,More,Chaitaly More,99009464445,chaitaly91@live.com,F,AADHAR-9346-6634-9987,1957-10-13,DL-8929259409,Friend,0,
DRV-10838,CLM-00839,Amruta,Ucchal,Dhar,Amruta Dhar,98458928206,amruta31@rediffmail.com,M,VOTER-B430471,1958-06-14,DL-8271557764,Spouse,0,
DRV-10839,CLM-00840,Wishi,Wazir,Hegde,Wishi Hegde,99652443740,wishi71@yahoo.com,F,AADHAR-5756-4038-2916,1963-07-04,DL-2170748295,Self,1,MEM-12622
DRV-10840,CLM-00841,Dayita,,Purohit,Dayita Purohit,99274863086,dayita58@yahoo.com,F,VOTER-C635728,1957-11-26,DL-4941090321,Spouse,0,
DRV-10841,CLM-00842,Gaurangi,Radhika,Chandra,Gaurangi Chandra,99140558469,gaurangi42@outlook.co.in,F,VOTER-B801065,1967-07-14,DL-2697688664,Self,1,MEM-12493
DRV-10842,CLM-00843,Aadhya,Kamya,Badal,Aadhya Badal,98994191721,aadhya40@gmail.com,F,VOTER-D478024,1980-09-03,DL-1697118679,Relative,0,
DRV-10843,CLM-00844,Chameli,,Gour,Chameli Gour,99190518634,chameli78@rediffmail.com,F,VOTER-D867560,1997-08-12,DL-5063149188,Relative,0,
DRV-10844,CLM-00845,Anika,Jackson,Lalla,Anika Lalla,98898824110,anika14@yahoo.com,F,AADHAR-3564-5645-1367,1963-03-12,DL-7864111591,Self,1,MEM-13363
DRV-10845,CLM-00846,Rushil,Oliver,Venkatesh,Rushil Venkatesh,97397542101,rushil57@hotmail.com,M,AADHAR-9408-5831-8786,1969-04-08,DL-3487519229,Self,1,MEM-11622
DRV-10846,CLM-00847,Nirja,Vinaya,Jha,Nirja Jha,98515280131,nirja85@gmail.com,M,VOTER-C616304,1986-03-07,DL-5512803231,Paid Driver,0,
DRV-10847,CLM-00848,Bina,Divya,Bedi,Bina Bedi,98407186905,bina92@rediffmail.com,F,UID-122932207178,2005-11-13,DL-8986356128,Spouse,0,
DRV-10848,CLM-00849,Mugdha,,Patil,Mugdha Patil,97101179580,mugdha94@gmail.com,F,VOTER-D732997,1999-12-29,DL-1847895939,Spouse,0,
DRV-10849,CLM-00850,Arya,Damyanti,Grover,Arya Grover,98554497364,arya85@live.com,F,UID-524666943764,1987-04-04,DL-7176626983,Self,1,MEM-12710
DRV-10850,CLM-00851,Baghyawati,Theodore,Palla,Baghyawati Palla,98539354108,baghyawati53@yahoo.com,F,VOTER-D713350,1992-09-26,DL-7894781075,Self,1,MEM-11331
DRV-10851,CLM-00852,Arjun,Siya,Pandey,Arjun Pandey,98141441470,arjun41@rediffmail.com,M,VOTER-A640379,1972-10-14,DL-9208578811,Self,1,MEM-12829
DRV-10852,CLM-00853,Advika,Anika,Radhakrishnan,Advika Radhakrishnan,97049104904,advika40@yahoo.com,F,AADHAR-4910-4460-6412,1959-12-01,DL-2992002726,Paid Driver,0,
DRV-10853,CLM-00854,Urvashi,,Lalla,Urvashi Lalla,99594737467,urvashi67@rediffmail.com,F,AADHAR-4098-8836-2025,1998-01-18,DL-6437567917,Self,1,MEM-10430
DRV-10854,CLM-00855,Mekhala,Aarna,Chahal,Mekhala Chahal,98576478337,mekhala55@outlook.co.in,F,UID-336648701349,1960-12-23,DL-9777963620,Self,1,MEM-10752
DRV-10855,CLM-00856,Girik,Brinda,Mahal,Girik Mahal,98894385491,girik39@gmail.com,M,AADHAR-6543-4213-3816,1965-06-02,DL-5616994857,Self,1,MEM-13369
DRV-10856,CLM-00857,Avi,,Yohannan,Avi Yohannan,97846141330,avi22@outlook.co.in,M,AADHAR-5676-2891-3296,2005-12-17,DL-5013102808,Self,1,MEM-11253
DRV-10857,CLM-00858,Xalak,,Basu,Xalak Basu,97234801288,xalak89@gmail.com,F,UID-951172823012,1993-01-24,DL-4538234261,Daughter,0,
DRV-10858,CLM-00859,Zaid,Jackson,Parmar,Zaid Parmar,98951668260,zaid98@hotmail.com,M,AADHAR-2120-1291-6881,2003-01-21,DL-3307043448,Self,1,MEM-10186
DRV-10859,CLM-00860,Bhavna,,Chahal,Bhavna Chahal,99498421834,bhavna52@live.com,F,VOTER-B594094,1985-05-26,DL-4548292291,Paid Driver,0,
DRV-10860,CLM-00861,Januja,Yasti,Narasimhan,Januja Narasimhan,99633378170,januja13@hotmail.com,F,AADHAR-3530-9884-8908,1964-06-02,DL-7779291976,Friend,0,
DRV-10861,CLM-00862,Ladli,,Atwal,Ladli Atwal,97350231059,ladli65@rediffmail.com,M,UID-165502194226,1992-11-09,DL-6636960391,Daughter,0,
DRV-10862,CLM-00863,Ekta,,Srivastava,Ekta Srivastava,97969324818,ekta66@outlook.co.in,F,VOTER-D623915,1977-07-04,DL-4608040083,Self,1,MEM-11719
DRV-10863,CLM-00864,Lipika,Ojas,Kothari,Lipika Kothari,97024155370,lipika71@live.com,M,AADHAR-7174-3360-8657,1960-12-12,DL-1896825147,Friend,0,
DRV-10864,CLM-00865,Sathvik,Madhavi,Tiwari,Sathvik Tiwari,98766321053,sathvik37@live.com,M,AADHAR-7597-9487-6907,1978-12-18,DL-1047328387,Self,1,MEM-11414
DRV-10865,CLM-00866,Hritik,,Batra,Hritik Batra,98976808205,hritik46@gmail.com,M,AADHAR-2196-2171-3326,1978-08-27,DL-5400478605,Self,1,MEM-12294
DRV-10866,CLM-00867,Amara,,Nagy,Amara Nagy,97604654837,amara93@hotmail.com,F,AADHAR-8754-8803-1877,1994-04-05,DL-9795974393,Self,1,MEM-10265
DRV-10867,CLM-00868,Darika,,Khosla,Darika Khosla,99731540621,darika39@hotmail.com,F,UID-461121788930,1990-09-20,DL-8816521019,Son,0,
DRV-10868,CLM-00869,Sudiksha,Libni,Basu,Sudiksha Basu,98572036760,sudiksha63@live.com,F,UID-780948540670,1955-05-03,DL-1600786740,Spouse,0,
DRV-10869,CLM-00870,Unni,Naveen,Shukla,Unni Shukla,99510797491,unni72@gmail.com,F,UID-686293402294,1958-07-20,DL-6933826626,Son,0,
DRV-10870,CLM-00871,Chameli,Bina,Bassi,Chameli Bassi,99039238698,chameli81@live.com,F,UID-990253994549,1956-11-01,DL-6697185597,Daughter,0,
DRV-10871,CLM-00872,Charita,,Seth,Charita Seth,97957323488,charita96@yahoo.com,M,AADHAR-5813-2924-9397,1981-07-07,DL-1341946089,Daughter,0,
DRV-10872,CLM-00873,Eesha,Robert,Nath,Eesha Nath,97302786264,eesha75@hotmail.com,F,UID-129680828644,1968-10-12,DL-4899270016,Relative,0,
DRV-10873,CLM-00874,Varsha,Omisha,Bora,Varsha Bora,98581605186,varsha54@live.com,M,VOTER-A980277,2003-03-14,DL-4252731457,Son,0,
DRV-10874,CLM-00875,Gaurangi,Radhika,Chandra,Gaurangi Chandra,99140558469,gaurangi42@outlook.co.in,F,VOTER-B801065,1967-07-14,DL-5179750722,Self,1,MEM-12493
DRV-10875,CLM-00876,Qushi,Faris,Char,Qushi Char,97723947747,qushi93@yahoo.com,M,UID-870808377992,1975-10-17,DL-2045117758,Paid Driver,0,
DRV-10876,CLM-00877,Warda,,Vig,Warda Vig,97262135338,warda68@hotmail.com,F,UID-409737522070,1960-01-30,DL-9004372341,Relative,0,
DRV-10877,CLM-00878,Xiti,Aradhana,Bakshi,Xiti Bakshi,98228461196,xiti38@gmail.com,F,UID-623602921897,1974-07-26,DL-4463874446,Daughter,0,
DRV-10878,CLM-00879,Radhika,Vaishnavi,Shenoy,Radhika Shenoy,98018003051,radhika81@outlook.co.in,F,UID-757500645439,1960-11-04,DL-2151372523,Self,1,MEM-13230
DRV-10879,CLM-00880,Vansha,Jatin,Bala,Vansha Bala,99869271444,vansha11@rediffmail.com,M,AADHAR-6451-5576-4203,2001-02-27,DL-4666695326,Relative,0,
DRV-10880,CLM-00881,Wakeeta,Atharv,Wali,Wakeeta Wali,98260343845,wakeeta61@hotmail.com,F,UID-972623871112,1998-01-27,DL-1651395400,Spouse,0,
DRV-10881,CLM-00882,Chaman,Advaith,Mani,Chaman Mani,99125034558,chaman17@yahoo.com,M,AADHAR-6315-5476-3994,1990-01-03,DL-6684568390,Daughter,0,
DRV-10882,CLM-00883,Forum,Maanav,Murthy,Forum Murthy,99403712039,forum20@yahoo.com,M,AADHAR-8020-8468-4032,1998-11-27,DL-3976866647,Son,0,
DRV-10883,CLM-00884,Suhani,Zayyan,Wadhwa,Suhani Wadhwa,97751349047,suhani16@yahoo.com,F,AADHAR-8761-6421-1078,1975-03-27,DL-1930748935,Friend,0,
DRV-10884,CLM-00885,Bhavani,Darsh,Bhattacharyya,Bhavani Bhattacharyya,98156708736,bhavani60@outlook.co.in,M,UID-830448319959,1964-08-28,DL-9959211748,Relative,0,
DRV-10885,CLM-00886,Zinal,Rishi,Munshi,Zinal Munshi,98107981327,zinal20@gmail.com,F,UID-500756633631,1990-05-21,DL-2919386073,Self,1,MEM-12909
DRV-10886,CLM-00887,Bhavani,,Ganesh,Bhavani Ganesh,97512621237,bhavani31@rediffmail.com,F,UID-874554292792,1994-12-25,DL-4630310571,Paid Driver,0,
DRV-10887,CLM-00888,Bhavika,Tripti,Sule,Bhavika Sule,99890124876,bhavika26@gmail.com,M,VOTER-D790274,2007-07-13,DL-6999103766,Paid Driver,0,
DRV-10888,CLM-00889,Aayush,,Ganesh,Aayush Ganesh,99043717235,aayush55@rediffmail.com,M,AADHAR-8433-3007-5028,1993-07-21,DL-4253814713,Self,1,MEM-11638
DRV-10889,CLM-00890,Frado,,Rajagopal,Frado Rajagopal,97187578482,frado74@yahoo.com,M,AADHAR-2327-9444-5796,1989-04-12,DL-4691973793,Self,1,MEM-13257
DRV-10890,CLM-00891,Vaishnavi,,Anand,Vaishnavi Anand,99987508453,vaishnavi71@gmail.com,F,UID-726528148937,1971-11-23,DL-8383468777,Friend,0,
DRV-10891,CLM-00892,Watika,Kamala,Sengupta,Watika Sengupta,98740130801,watika95@gmail.com,F,VOTER-C502700,1973-08-19,DL-1884732392,Self,1,MEM-12642
DRV-10892,CLM-00893,Arya,Hardik,Purohit,Arya Purohit,98125951910,arya32@outlook.co.in,M,AADHAR-4897-7806-2113,1979-09-26,DL-2347835780,Paid Driver,0,
DRV-10893,CLM-00894,Victor,Lakshit,Ghosh,Victor Ghosh,99161146100,victor41@outlook.co.in,M,VOTER-A583631,1979-12-31,DL-4784635496,Self,1,MEM-10520
DRV-10894,CLM-00895,Bhanumati,,Kari,Bhanumati Kari,98953095094,bhanumati22@outlook.co.in,F,UID-407600100821,1959-02-24,DL-2442650547,Relative,0,
DRV-10895,CLM-00896,Chakradhar,Aarini,Ray,Chakradhar Ray,97996982592,chakradhar84@live.com,M,VOTER-E260200,1986-11-20,DL-3648013766,Self,1,MEM-12424
DRV-10896,CLM-00897,Sudiksha,Bimala,Khurana,Sudiksha Khurana,97406661586,sudiksha12@gmail.com,F,AADHAR-6013-4010-9794,1977-09-16,DL-3941640657,Daughter,0,
DRV-10897,CLM-00898,Nandini,Ekantika,Ben,Nandini Ben,98740201800,nandini98@hotmail.com,F,UID-741392323628,2004-05-04,DL-2388697210,Self,1,MEM-10596
DRV-10898,CLM-00899,Oeshi,Anay,Chahal,Oeshi Chahal,98997985994,oeshi19@yahoo.com,F,VOTER-B594022,1975-10-07,DL-4120893048,Self,1,MEM-11899
DRV-10899,CLM-00900,Rishi,,Sarin,Rishi Sarin,99595439877,rishi39@gmail.com,M,VOTER-E359738,1965-05-21,DL-3014047267,Self,1,MEM-12531
DRV-10900,CLM-00901,Vamakshi,Dominic,Bal,Vamakshi Bal,99203757420,vamakshi38@live.com,M,VOTER-A525097,1975-12-01,DL-4742138012,Son,0,
DRV-10901,CLM-00902,Indira,Laksh,Merchant,Indira Merchant,98973897360,indira35@live.com,M,UID-247627491216,1978-09-11,DL-7592232240,Son,0,
DRV-10902,CLM-00903,Siya,Jasmit,Singh,Siya Singh,97187649164,siya85@live.com,F,VOTER-D734066,1969-10-02,DL-4215825447,Relative,0,
DRV-10903,CLM-00904,Leela,,Mistry,Leela Mistry,97047106477,leela90@gmail.com,F,AADHAR-9215-1287-6336,1989-06-12,DL-4002960275,Daughter,0,
DRV-10904,CLM-00905,Yutika,,Bhasin,Yutika Bhasin,99635857816,yutika43@hotmail.com,F,UID-355038084017,1988-03-21,DL-4347908276,Self,1,MEM-13002
DRV-10905,CLM-00906,Girish,Faraj,Kari,Girish Kari,99463680019,girish66@rediffmail.com,M,UID-400686777356,2001-04-14,DL-3087253233,Self,1,MEM-10706
DRV-10906,CLM-00907,Jalsa,,Dubey,Jalsa Dubey,99685531465,jalsa30@gmail.com,F,VOTER-D656401,1994-07-18,DL-5774187918,Spouse,0,
DRV-10907,CLM-00908,Zaid,Upma,Dhawan,Zaid Dhawan,99259586340,zaid18@outlook.co.in,M,VOTER-D257060,1963-02-24,DL-3673983576,Self,1,MEM-12429
DRV-10908,CLM-00909,Hemal,Vasatika,Dugar,Hemal Dugar,98220982787,hemal49@outlook.co.in,M,VOTER-E322410,1972-02-15,DL-1897672995,Daughter,0,
DRV-10909,CLM-00910,Oviya,,Kar,Oviya Kar,97990504311,oviya66@rediffmail.com,F,UID-816224390405,1994-05-30,DL-7846403277,Self,1,MEM-10941
DRV-10910,CLM-00911,Anamika,Maya,Venkataraman,Anamika Venkataraman,99856549441,anamika78@live.com,F,VOTER-C569388,1985-10-04,DL-1774641560,Self,1,MEM-13446
DRV-10911,CLM-00912,Janya,Robert,Bajaj,Janya Bajaj,97496150339,janya70@outlook.co.in,F,UID-968515590705,1977-10-25,DL-7492992075,Paid Driver,0,
DRV-10912,CLM-00913,Hritik,,Batra,Hritik Batra,98976808205,hritik46@gmail.com,M,AADHAR-2196-2171-3326,1978-08-27,DL-3718430052,Self,1,MEM-12294
DRV-10913,CLM-00914,Gaurika,Vamakshi,Rau,Gaurika Rau,98634450378,gaurika98@rediffmail.com,F,AADHAR-2153-8193-3879,1991-05-09,DL-3938569248,Self,1,MEM-12196
DRV-10914,CLM-00915,Vaishnavi,Vedika,Bora,Vaishnavi Bora,98013223321,vaishnavi34@hotmail.com,M,VOTER-C215990,1982-08-22,DL-4304430101,Daughter,0,
DRV-10915,CLM-00916,Peter,Fiyaz,Gara,Peter Gara,99474671130,peter82@yahoo.com,M,VOTER-C282040,2004-05-12,DL-3377479896,Self,1,MEM-13287
DRV-10916,CLM-00917,Aashi,Rachita,Lad,Aashi Lad,98305638436,aashi64@rediffmail.com,F,AADHAR-6299-2932-1895,1979-04-02,DL-4448824606,Son,0,
DRV-10917,CLM-00918,Zayyan,Lila,Keer,Zayyan Keer,99486660698,zayyan72@live.com,M,UID-680220223568,1968-09-14,DL-2614927846,Self,1,MEM-11353
DRV-10918,CLM-00919,Jagat,,Chaudhry,Jagat Chaudhry,97421180270,jagat15@rediffmail.com,M,AADHAR-7045-7733-3509,1980-03-17,DL-6350783689,Self,1,MEM-13445
DRV-10919,CLM-00920,Xavier,Gautami,Narang,Xavier Narang,97939123956,xavier31@gmail.com,M,VOTER-D948768,1992-01-11,DL-6140378541,Self,1,MEM-12866
DRV-10920,CLM-00921,Aishani,Vamakshi,Lata,Aishani Lata,99899663104,aishani84@live.com,F,VOTER-C735351,1990-01-28,DL-9846198701,Son,0,
DRV-10921,CLM-00922,Hritik,,Batra,Hritik Batra,98976808205,hritik46@gmail.com,M,AADHAR-2196-2171-3326,1978-08-27,DL-3652561664,Self,1,MEM-12294
DRV-10922,CLM-00923,Bhanumati,Adweta,Prakash,Bhanumati Prakash,97822442910,bhanumati13@rediffmail.com,F,VOTER-B815428,2003-07-23,DL-1716141314,Relative,0,
DRV-10923,CLM-00924,Noah,,Gara,Noah Gara,98944473546,noah49@rediffmail.com,M,AADHAR-9713-9726-9486,1971-07-05,DL-8133335498,Self,1,MEM-13356
DRV-10924,CLM-00925,Falak,Ranbir,Khosla,Falak Khosla,98691805507,falak48@yahoo.com,F,VOTER-C995134,1980-11-19,DL-5631641749,Spouse,0,
DRV-10925,CLM-00926,Leena,,Muni,Leena Muni,98803072882,leena96@gmail.com,F,AADHAR-6547-3542-9403,1984-11-13,DL-1458203487,Daughter,0,
DRV-10926,CLM-00927,Ekta,,Nigam,Ekta Nigam,97815467059,ekta48@yahoo.com,F,VOTER-A860030,1962-12-30,DL-9336796492,Spouse,0,
DRV-10927,CLM-00928,Forum,Bhavya,Walia,Forum Walia,97769125693,forum15@outlook.co.in,M,AADHAR-2758-8399-8886,1981-04-06,DL-2056215777,Daughter,0,
DRV-10928,CLM-00929,Pallavi,,Tripathi,Pallavi Tripathi,99261419805,pallavi72@hotmail.com,F,AADHAR-1595-2605-8903,1970-10-27,DL-7026657507,Self,1,MEM-11257
DRV-10929,CLM-00930,Zaitra,,Pandit,Zaitra Pandit,97367134184,zaitra91@gmail.com,F,AADHAR-6997-4068-2802,1979-04-24,DL-9650185147,Self,1,MEM-12070
DRV-10930,CLM-00931,Neelima,Frederick,Nagarajan,Neelima Nagarajan,97489479496,neelima37@rediffmail.com,M,UID-346168345602,1977-01-20,DL-8164182226,Relative,0,
DRV-10931,CLM-00932,Damyanti,Aarna,Atwal,Damyanti Atwal,97810869134,damyanti96@hotmail.com,F,VOTER-C887558,1955-02-05,DL-9651454112,Son,0,
DRV-10932,CLM-00933,Jason,Aarna,Kumer,Jason Kumer,99578267982,jason25@yahoo.com,M,AADHAR-3917-7511-7495,1981-10-05,DL-5422444209,Self,1,MEM-11457
DRV-10933,CLM-00934,Janya,,Khanna,Janya Khanna,99348088398,janya73@rediffmail.com,M,AADHAR-7508-7927-1849,1982-07-16,DL-2081844865,Friend,0,
DRV-10934,CLM-00935,Qarin,Urvi,Brar,Qarin Brar,98070598542,qarin79@outlook.co.in,M,UID-685578919189,1995-09-05,DL-5525856625,Self,1,MEM-11096
DRV-10935,CLM-00936,Janaki,Ikbal,Kala,Janaki Kala,99494929576,janaki69@live.com,M,VOTER-D732903,1958-09-27,DL-2448388322,Friend,0,
DRV-10936,CLM-00937,Yoshita,Veer,Mitra,Yoshita Mitra,98410600445,yoshita57@outlook.co.in,F,AADHAR-9119-3817-6571,1955-06-25,DL-2513152099,Son,0,
DRV-10937,CLM-00938,Gaurang,,Sehgal,Gaurang Sehgal,97570106917,gaurang63@gmail.com,M,VOTER-A769749,1992-08-10,DL-5175362377,Self,1,MEM-10998
DRV-10938,CLM-00939,Lakshit,Balvan,Sarma,Lakshit Sarma,98494938484,lakshit58@yahoo.com,M,AADHAR-7900-7056-4085,2006-12-16,DL-6001533914,Self,1,MEM-12133
DRV-10939,CLM-00940,Janya,Mohammed,Raghavan,Janya Raghavan,98673802969,janya58@yahoo.com,F,AADHAR-3820-6385-1660,1986-08-24,DL-1656652931,Self,1,MEM-11726
DRV-10940,CLM-00941,Sanya,Baljiwan,Shetty,Sanya Shetty,97929662494,sanya67@hotmail.com,F,UID-927482681902,1961-10-14,DL-1750007766,Paid Driver,0,
DRV-10941,CLM-00942,Rachita,Indrajit,Saraf,Rachita Saraf,98941093790,rachita50@yahoo.com,M,UID-608496939764,1964-05-23,DL-5120194266,Paid Driver,0,
DRV-10942,CLM-00943,Kashvi,Onkar,Brahmbhatt,Kashvi Brahmbhatt,99097399114,kashvi76@outlook.co.in,F,VOTER-E247038,1955-04-11,DL-8624025742,Son,0,
DRV-10943,CLM-00944,Ira,,Dugar,Ira Dugar,98242790173,ira50@rediffmail.com,F,AADHAR-2460-4582-8446,1990-05-19,DL-1849508463,Self,1,MEM-12276
DRV-10944,CLM-00945,Zaitra,,Pandit,Zaitra Pandit,97367134184,zaitra91@gmail.com,F,AADHAR-6997-4068-2802,1979-04-24,DL-6944854929,Self,1,MEM-12070
DRV-10945,CLM-00946,Jeevika,Priya,Krishnan,Jeevika Krishnan,99852553534,jeevika55@rediffmail.com,M,UID-534146665436,1967-03-19,DL-4504534183,Son,0,
DRV-10946,CLM-00947,Yutika,Manthan,Trivedi,Yutika Trivedi,99231032190,yutika89@live.com,F,VOTER-C738421,1957-10-24,DL-9952798380,Friend,0,
DRV-10947,CLM-00948,Nisha,Gaurika,Sami,Nisha Sami,99610097112,nisha66@rediffmail.com,M,AADHAR-1638-8424-8695,1996-02-27,DL-4821985776,Relative,0,
DRV-10948,CLM-00949,Ishita,,Batra,Ishita Batra,97385499437,ishita47@rediffmail.com,F,AADHAR-1898-1065-7432,1993-04-29,DL-3139789399,Self,1,MEM-11452
DRV-10949,CLM-00950,Aarini,Gavin,Dutt,Aarini Dutt,99315477665,aarini98@gmail.com,F,VOTER-D626786,1985-10-21,DL-8300006789,Self,1,MEM-12923
DRV-10950,CLM-00951,Niharika,Balveer,Chaudhry,Niharika Chaudhry,97090658969,niharika25@live.com,M,AADHAR-9363-4375-1620,1995-11-04,DL-4634508181,Paid Driver,0,
DRV-10951,CLM-00952,Chandresh,Vasudha,Purohit,Chandresh Purohit,99087397669,chandresh71@gmail.com,M,VOTER-B550785,1984-02-27,DL-2598851195,Self,1,MEM-10090
DRV-10952,CLM-00953,Girik,,Borde,Girik Borde,97674223349,girik79@outlook.co.in,M,VOTER-B994982,2001-01-10,DL-1469481541,Self,1,MEM-13086
DRV-10953,CLM-00954,Lopa,,Vig,Lopa Vig,97935529716,lopa22@hotmail.com,F,VOTER-D643900,2003-04-15,DL-3676447749,Daughter,0,
DRV-10954,CLM-00955,Krish,Adya,Choudhury,Krish Choudhury,99914629778,krish11@rediffmail.com,M,AADHAR-7579-1203-9031,1964-01-24,DL-3723594305,Self,1,MEM-13190
DRV-10955,CLM-00956,Eesha,Lavanya,Pai,Eesha Pai,99583620544,eesha26@gmail.com,F,VOTER-D190469,1962-03-19,DL-3179064105,Son,0,
DRV-10956,CLM-00957,Forum,,Kumar,Forum Kumar,99359573385,forum92@outlook.co.in,F,AADHAR-5330-6293-9838,1957-08-23,DL-7407550914,Relative,0,
DRV-10957,CLM-00958,Turvi,Kamya,Barman,Turvi Barman,98755003923,turvi99@rediffmail.com,F,UID-999360253996,1996-11-29,DL-9363088542,Self,1,MEM-12457
DRV-10958,CLM-00959,Osha,Baljiwan,Dutt,Osha Dutt,97717874819,osha13@outlook.co.in,M,AADHAR-8516-2633-6889,1972-12-15,DL-1275859800,Daughter,0,
DRV-10959,CLM-00960,Urmi,Faras,Sheth,Urmi Sheth,98548565771,urmi49@outlook.co.in,F,UID-376506058670,1997-10-15,DL-5497091011,Son,0,
DRV-10960,CLM-00961,Ridhi,Baljiwan,Karpe,Ridhi Karpe,98568047752,ridhi16@gmail.com,M,AADHAR-4053-3067-1500,1971-04-14,DL-6680330684,Paid Driver,0,
DRV-10961,CLM-00962,Gaurav,Thomas,Sharaf,Gaurav Sharaf,98146888947,gaurav48@yahoo.com,M,VOTER-A468348,1963-02-14,DL-2131113516,Self,1,MEM-11770
DRV-10962,CLM-00963,Vrinda,Oni,Lad,Vrinda Lad,99224641239,vrinda29@outlook.co.in,M,UID-567033642352,1997-12-30,DL-5468659944,Paid Driver,0,
DRV-10963,CLM-00964,Aradhana,,Parmar,Aradhana Parmar,97470644175,aradhana25@hotmail.com,F,AADHAR-2443-2611-5946,1965-05-12,DL-5294777449,Self,1,MEM-11905
DRV-10964,CLM-00965,Leela,,Gokhale,Leela Gokhale,99343585480,leela33@rediffmail.com,M,AADHAR-4209-8411-2929,1956-05-05,DL-1569757112,Relative,0,
DRV-10965,CLM-00966,Leena,Ijaya,Sha,Leena Sha,99207970822,leena28@gmail.com,F,AADHAR-6684-2494-5533,1965-10-19,DL-3244357209,Relative,0,
DRV-10966,CLM-00967,Chanchal,Lucky,Gola,Chanchal Gola,98433991235,chanchal78@live.com,F,UID-306508089876,1994-07-28,DL-3061528156,Relative,0,
DRV-10967,CLM-00968,Yatin,Prisha,Jain,Yatin Jain,97125163222,yatin42@rediffmail.com,M,VOTER-A872697,1991-03-09,DL-7561416008,Self,1,MEM-10529
DRV-10968,CLM-00969,Tripti,,Pall,Tripti Pall,99948153205,tripti39@hotmail.com,F,VOTER-E461782,1984-04-05,DL-4063781342,Self,1,MEM-13171
DRV-10969,CLM-00970,Neel,Upma,Bhatia,Neel Bhatia,98900721589,neel59@live.com,M,VOTER-E153984,2006-10-18,DL-6835561281,Self,1,MEM-11222
DRV-10970,CLM-00971,Eshana,Krisha,Memon,Eshana Memon,98045287690,eshana23@hotmail.com,F,UID-758089111943,1990-05-20,DL-1357642322,Spouse,0,
DRV-10971,CLM-00972,Gautami,Warjas,Pradhan,Gautami Pradhan,97580025864,gautami43@gmail.com,F,AADHAR-8908-9372-1618,1983-11-17,DL-5555171022,Daughter,0,
DRV-10972,CLM-00973,Anmol,Tara,Chander,Anmol Chander,97878621508,anmol36@live.com,M,AADHAR-5995-4579-2282,1969-11-15,DL-7749189399,Self,1,MEM-12044
DRV-10973,CLM-00974,Geetika,Robert,Seshadri,Geetika Seshadri,99199454591,geetika68@rediffmail.com,M,VOTER-E789581,1995-11-17,DL-2397071657,Son,0,
DRV-10974,CLM-00975,Zansi,Wridesh,Ganguly,Zansi Ganguly,99364104956,zansi31@gmail.com,F,VOTER-E719713,2004-11-24,DL-2569075814,Friend,0,
DRV-10975,CLM-00976,Dhriti,,Ram,Dhriti Ram,99562395412,dhriti16@gmail.com,F,VOTER-E936920,1977-08-18,DL-7202080116,Self,1,MEM-13261
DRV-10976,CLM-00977,Sneha,,Sodhi,Sneha Sodhi,98743439299,sneha93@live.com,F,VOTER-A152276,1981-08-28,DL-1571854971,Friend,0,
DRV-10977,CLM-00978,Pallavi,Atharv,Dass,Pallavi Dass,98575837638,pallavi59@yahoo.com,F,VOTER-C580347,1976-02-03,DL-1178311408,Self,1,MEM-10544
DRV-10978,CLM-00979,Mohini,,Bala,Mohini Bala,97814150640,mohini71@outlook.co.in,M,VOTER-A378449,1993-08-22,DL-6626712430,Friend,0,
DRV-10979,CLM-00980,Lipika,Waida,Raman,Lipika Raman,99693011648,lipika60@hotmail.com,M,UID-265925979593,1954-11-21,DL-4305879869,Son,0,
DRV-10980,CLM-00981,Gaurika,Ansh,Ratti,Gaurika Ratti,98670251581,gaurika85@hotmail.com,F,VOTER-C437408,1969-07-30,DL-6120755329,Self,1,MEM-11418
DRV-10981,CLM-00982,Urvi,Jagdish,Kala,Urvi Kala,99023552717,urvi54@yahoo.com,F,UID-169339287125,1968-09-12,DL-6495941767,Self,1,MEM-13144
DRV-10982,CLM-00983,Vedhika,,Dora,Vedhika Dora,98555535873,vedhika86@gmail.com,M,AADHAR-1094-8467-9071,1991-03-31,DL-4814077722,Friend,0,
DRV-10983,CLM-00984,Anamika,Priya,Choudhary,Anamika Choudhary,98734983983,anamika65@gmail.com,M,UID-699475742659,1994-03-29,DL-8150431305,Daughter,0,
DRV-10984,CLM-00985,Rishi,Michael,Virk,Rishi Virk,98755008945,rishi62@rediffmail.com,M,AADHAR-2554-9891-5652,2001-09-09,DL-6626810502,Self,1,MEM-11999
DRV-10985,CLM-00986,Chavvi,Yachana,Dasgupta,Chavvi Dasgupta,98304247799,chavvi19@hotmail.com,F,UID-538855199259,1996-02-14,DL-2007693123,Self,1,MEM-12468
DRV-10986,CLM-00987,Lekha,Wazir,Tandon,Lekha Tandon,97741316581,lekha21@rediffmail.com,M,UID-426770152518,2004-06-12,DL-2033563734,Relative,0,
DRV-10987,CLM-00988,Gauri,,Virk,Gauri Virk,99259581799,gauri46@rediffmail.com,F,AADHAR-2042-8923-4887,1980-11-26,DL-5182493449,Self,1,MEM-12174
DRV-10988,CLM-00989,Hemal,,Chakrabarti,Hemal Chakrabarti,97511409911,hemal61@gmail.com,F,AADHAR-3443-6011-7208,2004-04-15,DL-3451163896,Relative,0,
DRV-10989,CLM-00990,Odika,,Sunder,Odika Sunder,99654208892,odika71@live.com,F,VOTER-A335504,2004-07-31,DL-8181239579,Spouse,0,
DRV-10990,CLM-00991,Yashoda,,Basu,Yashoda Basu,97350013199,yashoda64@hotmail.com,F,UID-942150045867,2003-03-20,DL-6271962184,Relative,0,
DRV-10991,CLM-00992,Ekani,Ekapad,Gill,Ekani Gill,98163351311,ekani60@live.com,M,AADHAR-9923-4246-8822,1960-11-19,DL-1311008417,Spouse,0,
DRV-10992,CLM-00993,Ishanvi,Adweta,Ratti,Ishanvi Ratti,99540848442,ishanvi57@rediffmail.com,M,VOTER-E849432,1995-01-20,DL-1284569622,Daughter,0,
DRV-10993,CLM-00994,Andrew,Ekaraj,Hora,Andrew Hora,97105941917,andrew70@gmail.com,M,UID-662342655524,1986-07-14,DL-9054618813,Self,1,MEM-10666
DRV-10994,CLM-00995,Veda,Varsha,Agrawal,Veda Agrawal,99594176047,veda23@outlook.co.in,F,AADHAR-8605-6482-2762,1965-05-29,DL-3687049699,Spouse,0,
DRV-10995,CLM-00996,Warinder,Fiyaz,Dugal,Warinder Dugal,99951676724,warinder66@hotmail.com,M,AADHAR-5375-1925-4478,1974-04-16,DL-8531352788,Self,1,MEM-13300
DRV-10996,CLM-00997,Nachiket,Nathan,Singh,Nachiket Singh,98189367325,nachiket52@rediffmail.com,M,UID-532105771981,1996-07-22,DL-2975167534,Self,1,MEM-12681
DRV-10997,CLM-00998,Om,,Dass,Om Dass,97468981640,om35@rediffmail.com,M,UID-523970193886,1970-04-12,DL-6807491667,Self,1,MEM-12360
DRV-10998,CLM-00999,Advaith,Ekaja,Shah,Advaith Shah,97606484487,advaith68@rediffmail.com,M,AADHAR-4092-1367-2931,1995-02-04,DL-4659870262,Self,1,MEM-11909
DRV-10999,CLM-01000,Kavya,Charan,Som,Kavya Som,98665829304,kavya42@live.com,F,VOTER-C116324,2006-04-12,DL-9262843484,Friend,0,
DRV-11000,CLM-01001,Sai,Yagnesh,Morar,Sai Morar,99040012545,sai99@rediffmail.com,F,VOTER-B524287,2003-01-14,DL-5508488265,Self,1,MEM-12504
DRV-11001,CLM-01002,Nimrat,,Ghose,Nimrat Ghose,98982355025,nimrat24@yahoo.com,F,VOTER-D737031,1970-03-17,DL-6519867648,Spouse,0,
DRV-11002,CLM-01003,Barkha,,Mukherjee,Barkha Mukherjee,99111250173,barkha75@outlook.co.in,M,VOTER-A523650,1971-09-07,DL-1896663637,Daughter,0,
DRV-11003,CLM-01004,Hemangini,Ishaan,Chadha,Hemangini Chadha,97243083586,hemangini51@yahoo.com,M,UID-315991730891,1966-09-07,DL-3149707920,Relative,0,
DRV-11004,CLM-01005,Harshil,,De,Harshil De,97087883865,harshil99@gmail.com,M,VOTER-E964836,2003-05-07,DL-8604826880,Self,1,MEM-10730
DRV-11005,CLM-01006,Harita,Ekantika,Chandran,Harita Chandran,99486386640,harita75@live.com,M,AADHAR-3054-5113-8831,1981-10-13,DL-5705977587,Daughter,0,
DRV-11006,CLM-01007,Chakrika,Maanas,Kashyap,Chakrika Kashyap,99885971654,chakrika13@rediffmail.com,F,UID-448144912911,1963-02-25,DL-6334889594,Daughter,0,
DRV-11007,CLM-01008,Kashish,Vanya,Bhavsar,Kashish Bhavsar,97680848875,kashish47@hotmail.com,M,VOTER-A269073,1983-02-03,DL-3152694407,Paid Driver,0,
DRV-11008,CLM-01009,Radha,,Patla,Radha Patla,97242563364,radha84@rediffmail.com,M,UID-275830391556,1988-02-21,DL-4885287353,Relative,0,
DRV-11009,CLM-01010,Finn,,Misra,Finn Misra,99540609737,finn84@hotmail.com,M,VOTER-E416379,1969-09-03,DL-1554830488,Self,1,MEM-13310
DRV-11010,CLM-01011,Widisha,Krish,Korpal,Widisha Korpal,97589803600,widisha39@live.com,F,AADHAR-1501-6034-2167,1960-10-21,DL-1041836154,Son,0,
DRV-11011,CLM-01012,Geetika,Yahvi,Arora,Geetika Arora,99712676216,geetika61@hotmail.com,M,UID-146262831328,2003-02-24,DL-2749974605,Spouse,0,
DRV-11012,CLM-01013,Indira,Advik,Mohan,Indira Mohan,97999965548,indira19@hotmail.com,F,AADHAR-8811-3753-9818,1983-05-31,DL-6384960524,Self,1,MEM-12772
DRV-11013,CLM-01014,Chandani,,Sachdev,Chandani Sachdev,97264689035,chandani11@hotmail.com,M,AADHAR-7312-3834-9970,1966-10-04,DL-9305100644,Spouse,0,
DRV-11014,CLM-01015,Jeevika,,Parsa,Jeevika Parsa,98967231609,jeevika94@outlook.co.in,F,AADHAR-4441-8811-6774,1999-12-28,DL-4060343126,Spouse,0,
DRV-11015,CLM-01016,Meera,Hamsini,Gade,Meera Gade,98100131536,meera63@gmail.com,F,AADHAR-8880-4256-2082,1992-07-29,DL-3703747398,Self,1,MEM-11982
DRV-11016,CLM-01017,Dayamai,,Mani,Dayamai Mani,99564160674,dayamai47@hotmail.com,M,AADHAR-4542-5095-7538,1965-08-04,DL-5470990522,Relative,0,
DRV-11017,CLM-01018,Vritti,Max,Comar,Vritti Comar,98297584912,vritti46@hotmail.com,M,AADHAR-1800-2434-1939,1974-03-06,DL-3846192800,Relative,0,
DRV-11018,CLM-01019,Siya,,Gill,Siya Gill,97034136948,siya81@outlook.co.in,M,VOTER-D179072,2004-01-25,DL-4926488313,Spouse,0,
DRV-11019,CLM-01020,Brinda,Samaksh,Samra,Brinda Samra,97801708005,brinda43@hotmail.com,F,VOTER-C570819,1985-09-26,DL-5226531640,Spouse,0,
DRV-11020,CLM-01021,Ishita,Ojas,Shere,Ishita Shere,97443928514,ishita14@live.com,M,VOTER-C591925,1997-07-08,DL-7156188516,Relative,0,
DRV-11021,CLM-01022,Vrishti,,Dhar,Vrishti Dhar,97897901445,vrishti88@outlook.co.in,M,VOTER-D165526,1964-01-07,DL-6887267144,Friend,0,
DRV-11022,CLM-01023,Sanya,Avi,Prasad,Sanya Prasad,98210413658,sanya31@live.com,M,UID-477363890782,2005-03-22,DL-8125471167,Son,0,
DRV-11023,CLM-01024,Harita,,Magar,Harita Magar,97397376684,harita79@yahoo.com,F,UID-372322875618,2006-12-24,DL-6659374682,Self,1,MEM-13175
DRV-11024,CLM-01025,Tanmayi,Wazir,Bahri,Tanmayi Bahri,98200417738,tanmayi31@gmail.com,F,VOTER-C918202,1987-08-29,DL-9273883639,Self,1,MEM-13132
DRV-11025,CLM-01026,Wakeeta,,Sahota,Wakeeta Sahota,97807568278,wakeeta91@live.com,F,AADHAR-4736-1057-7517,1955-09-05,DL-4798107447,Relative,0,
DRV-11026,CLM-01027,Jason,,Doctor,Jason Doctor,99624638201,jason72@live.com,M,UID-731332886166,1960-12-27,DL-1426012218,Self,1,MEM-13183
DRV-11027,CLM-01028,Megha,,Loke,Megha Loke,99701489449,megha48@yahoo.com,M,UID-539690738278,1956-02-17,DL-1104575585,Son,0,
DRV-11028,CLM-01029,Chakrika,Maya,Deshpande,Chakrika Deshpande,99557801294,chakrika41@hotmail.com,M,VOTER-E621928,2005-02-16,DL-2637623097,Daughter,0,
DRV-11029,CLM-01030,Kritika,Leena,Handa,Kritika Handa,99964906010,kritika37@live.com,F,VOTER-A440688,1960-06-18,DL-9334425124,Self,1,MEM-10781
DRV-11030,CLM-01031,Ati,Robert,Lad,Ati Lad,98885025217,ati60@yahoo.com,F,AADHAR-3687-7436-7493,1971-01-12,DL-8513411311,Son,0,
DRV-11031,CLM-01032,Niharika,,Chaudhary,Niharika Chaudhary,97276306054,niharika31@gmail.com,F,AADHAR-2385-7645-7131,1979-09-29,DL-9667931045,Spouse,0,
DRV-11032,CLM-01033,Raagini,,Mishra,Raagini Mishra,97784620838,raagini89@rediffmail.com,F,UID-176261918412,1997-04-07,DL-6211680239,Relative,0,
DRV-11033,CLM-01034,Ishita,Siddharth,Nayak,Ishita Nayak,97874990956,ishita68@gmail.com,F,VOTER-C401835,1990-12-05,DL-5939063947,Spouse,0,
DRV-11034,CLM-01035,Mekhala,Isaac,Saxena,Mekhala Saxena,97925596432,mekhala75@outlook.co.in,F,UID-705356172607,1990-01-17,DL-8620448789,Relative,0,
DRV-11035,CLM-01036,Gaurangi,,Prakash,Gaurangi Prakash,98519350952,gaurangi31@yahoo.com,F,AADHAR-5405-2758-7259,1963-02-24,DL-4524200052,Self,1,MEM-10235
DRV-11036,CLM-01037,Joshua,,Chakraborty,Joshua Chakraborty,99400954105,joshua68@live.com,M,AADHAR-7761-4522-6358,1975-04-23,DL-7296804251,Self,1,MEM-12857
DRV-11037,CLM-01038,Nikita,,Sharaf,Nikita Sharaf,99945217813,nikita13@live.com,F,VOTER-C626841,2000-09-14,DL-8520730264,Self,1,MEM-12898
DRV-11038,CLM-01039,Varsha,,Chandra,Varsha Chandra,99018186187,varsha43@outlook.co.in,F,UID-569857431462,1991-05-03,DL-9356678160,Self,1,MEM-10317
DRV-11039,CLM-01040,Leela,Gaurang,Mitter,Leela Mitter,98385826812,leela79@gmail.com,M,AADHAR-5847-4511-2648,2006-01-11,DL-6976709976,Relative,0,
DRV-11040,CLM-01041,Chandresh,Azaan,Sarma,Chandresh Sarma,97200421238,chandresh36@yahoo.com,M,VOTER-D135252,1959-12-10,DL-4476288990,Self,1,MEM-10031
DRV-11041,CLM-01042,Neelima,Fitan,Raman,Neelima Raman,98535533680,neelima87@gmail.com,F,AADHAR-8177-2493-3760,1962-11-18,DL-1840005608,Paid Driver,0,
DRV-11042,CLM-01043,Triveni,Shaurya,Mallick,Triveni Mallick,99313136991,triveni91@hotmail.com,F,UID-123021632378,1997-04-22,DL-1092756240,Daughter,0,
DRV-11043,CLM-01044,Urvashi,Girik,Madan,Urvashi Madan,97697140884,urvashi34@gmail.com,F,VOTER-D454057,1972-08-20,DL-8528579825,Self,1,MEM-13093
DRV-11044,CLM-01045,Omaja,Tanish,Divan,Omaja Divan,99426416445,omaja14@live.com,F,AADHAR-7253-4306-3073,1974-08-09,DL-8710412110,Paid Driver,0,
DRV-11045,CLM-01046,Nidhi,Sneha,Jaggi,Nidhi Jaggi,98162217203,nidhi77@rediffmail.com,M,AADHAR-2187-1190-4483,1970-02-04,DL-9390536649,Friend,0,
DRV-11046,CLM-01047,Naksh,Harini,Cheema,Naksh Cheema,99196203046,naksh75@gmail.com,M,UID-982905199899,2007-09-03,DL-9000389358,Self,1,MEM-13200
DRV-11047,CLM-01048,Urvi,,Trivedi,Urvi Trivedi,98270921697,urvi85@yahoo.com,F,UID-200519525450,1997-01-29,DL-4769776733,Relative,0,
DRV-11048,CLM-01049,Janani,Jai,Palan,Janani Palan,97080752323,janani79@live.com,M,AADHAR-7322-2174-8860,1963-04-16,DL-1712978398,Daughter,0,
DRV-11049,CLM-01050,Inaya,Onveer,Dugar,Inaya Dugar,97624279455,inaya63@gmail.com,F,UID-416900513778,1962-04-16,DL-5383077852,Friend,0,
DRV-11050,CLM-01051,Brinda,Oviya,Morar,Brinda Morar,97522544759,brinda64@rediffmail.com,F,UID-359182163861,1987-01-05,DL-8611747076,Relative,0,
DRV-11051,CLM-01052,Abdul,,Wable,Abdul Wable,99035943175,abdul19@gmail.com,M,UID-745519726044,1998-04-29,DL-4548817922,Self,1,MEM-11459
DRV-11052,CLM-01053,Chavvi,,Varty,Chavvi Varty,98369917322,chavvi41@live.com,M,VOTER-B129054,1962-09-30,DL-9462168066,Daughter,0,
DRV-11053,CLM-01054,Bimala,,Chad,Bimala Chad,99630325050,bimala70@hotmail.com,M,UID-690971658324,2005-12-15,DL-9837516028,Paid Driver,0,
DRV-11054,CLM-01055,Lopa,Anirudh,Seth,Lopa Seth,97270116823,lopa48@outlook.co.in,F,VOTER-A436932,1997-09-24,DL-2467494845,Paid Driver,0,
DRV-11055,CLM-01056,Urvi,,Borde,Urvi Borde,97501617259,urvi10@gmail.com,F,VOTER-B249087,1985-09-18,DL-8423303067,Spouse,0,
DRV-11056,CLM-01057,Reva,Barkha,Kalita,Reva Kalita,98556444551,reva56@outlook.co.in,F,VOTER-B205730,1988-07-30,DL-1975139951,Self,1,MEM-10795
DRV-11057,CLM-01058,Oviya,,Mahajan,Oviya Mahajan,99931767536,oviya23@hotmail.com,F,VOTER-C489823,1983-02-10,DL-4331200391,Self,1,MEM-11416
DRV-11058,CLM-01059,Ucchal,Yahvi,Dube,Ucchal Dube,98618068030,ucchal17@outlook.co.in,F,AADHAR-8539-9250-5253,2005-02-09,DL-3204212223,Spouse,0,
DRV-11059,CLM-01060,Aryan,Henry,Toor,Aryan Toor,99502697916,aryan61@rediffmail.com,M,VOTER-B559676,1964-02-15,DL-7251607276,Self,1,MEM-12134
DRV-11060,CLM-01061,Daksha,,Hegde,Daksha Hegde,97759432216,daksha41@live.com,F,VOTER-D687483,1978-10-14,DL-4375086453,Self,1,MEM-10892
DRV-11061,CLM-01062,Vedhika,Vamakshi,Mammen,Vedhika Mammen,98026876052,vedhika33@gmail.com,M,VOTER-C945997,1997-01-15,DL-8153683487,Friend,0,
DRV-11062,CLM-01063,Ekantika,Rudra,Tandon,Ekantika Tandon,97819660069,ekantika85@rediffmail.com,F,UID-964213362271,2004-05-12,DL-9467108402,Spouse,0,
DRV-11063,CLM-01064,Omisha,Urishilla,Naidu,Omisha Naidu,98367063892,omisha27@yahoo.com,F,VOTER-B914841,1965-09-08,DL-5272958719,Self,1,MEM-11394
DRV-11064,CLM-01065,Yashodhara,Baghyawati,Parmer,Yashodhara Parmer,97828216690,yashodhara50@outlook.co.in,M,AADHAR-1284-9572-1569,1968-10-09,DL-9927381293,Daughter,0,
DRV-11065,CLM-01066,Bhavya,Warda,Amble,Bhavya Amble,98834220633,bhavya93@yahoo.com,F,AADHAR-6199-2296-4687,1986-05-19,DL-1521976609,Spouse,0,
DRV-11066,CLM-01067,Zarna,Henry,Khare,Zarna Khare,99465807925,zarna28@outlook.co.in,M,UID-511240937816,1963-08-28,DL-8575172942,Spouse,0,
DRV-11067,CLM-01068,Aahana,Upasna,Devan,Aahana Devan,99219745890,aahana77@gmail.com,F,UID-435566836873,1967-04-18,DL-5293943525,Self,1,MEM-10639
DRV-11068,CLM-01069,Shivani,Rishi,Johal,Shivani Johal,99112057434,shivani13@hotmail.com,F,UID-820191289284,1994-09-09,DL-9702447425,Self,1,MEM-13476
DRV-11069,CLM-01070,Nidra,Charvi,Borde,Nidra Borde,98190918425,nidra43@hotmail.com,F,AADHAR-1763-1423-2059,1975-05-20,DL-3157637836,Paid Driver,0,
DRV-11070,CLM-01071,Wakeeta,Ucchal,Chatterjee,Wakeeta Chatterjee,97306761410,wakeeta27@hotmail.com,F,UID-792266913928,1969-09-28,DL-1577139457,Self,1,MEM-12779
DRV-11071,CLM-01072,Oviya,,Parikh,Oviya Parikh,97464203887,oviya53@live.com,F,AADHAR-2053-4571-9840,2001-09-29,DL-5911360901,Self,1,MEM-10464
DRV-11072,CLM-01073,Sachi,Abhiram,Saxena,Sachi Saxena,97135937574,sachi60@yahoo.com,F,AADHAR-4681-2486-5747,1973-06-18,DL-9040932373,Paid Driver,0,
DRV-11073,CLM-01074,Ijaya,,Bhasin,Ijaya Bhasin,98470362263,ijaya20@rediffmail.com,M,UID-769539114286,1977-08-22,DL-2147046249,Paid Driver,0,
DRV-11074,CLM-01075,Ethan,,Dewan,Ethan Dewan,97707461642,ethan21@rediffmail.com,M,UID-490288936828,1964-01-25,DL-1025465055,Self,1,MEM-13030
DRV-11075,CLM-01076,Kai,Jeremiah,Wable,Kai Wable,97699467970,kai98@rediffmail.com,M,UID-690955782842,1995-12-13,DL-8222254185,Self,1,MEM-10701
DRV-11076,CLM-01077,Janaki,Liam,Raja,Janaki Raja,97967290075,janaki97@gmail.com,F,AADHAR-9150-3133-3413,1956-03-31,DL-3687310680,Spouse,0,
DRV-11077,CLM-01078,Mohammed,Maanav,Merchant,Mohammed Merchant,97614721763,mohammed21@live.com,M,UID-347387797171,1975-11-08,DL-8469819506,Self,1,MEM-10739
DRV-11078,CLM-01079,Garima,Advaith,Sani,Garima Sani,99705775702,garima19@live.com,M,VOTER-A642550,2001-11-20,DL-2734396088,Friend,0,
DRV-11079,CLM-01080,Ekiya,,Parikh,Ekiya Parikh,99059672236,ekiya78@yahoo.com,F,AADHAR-2189-4165-2821,1965-12-15,DL-2521403551,Friend,0,
DRV-11080,CLM-01081,Nidra,,Dara,Nidra Dara,99373206425,nidra31@live.com,F,UID-124041386983,1970-06-22,DL-2202416260,Spouse,0,
DRV-11081,CLM-01082,Megha,Nandini,Dhar,Megha Dhar,98667724859,megha23@rediffmail.com,M,AADHAR-3948-9436-3290,2007-05-31,DL-3246824203,Daughter,0,
DRV-11082,CLM-01083,Indrajit,Urmi,Amble,Indrajit Amble,98737505174,indrajit23@hotmail.com,M,AADHAR-6869-4010-1796,1982-06-15,DL-3912713197,Self,1,MEM-10995
DRV-11083,CLM-01084,Alka,Ishwar,Puri,Alka Puri,99265253040,alka53@hotmail.com,M,VOTER-A630054,1994-04-21,DL-3330551063,Friend,0,
DRV-11084,CLM-01085,Samesh,Ishani,Gour,Samesh Gour,97384091529,samesh45@gmail.com,M,VOTER-D228569,2001-10-02,DL-7360766884,Self,1,MEM-12029
DRV-11085,CLM-01086,Bhavya,Ikshita,Toor,Bhavya Toor,97283755894,bhavya85@hotmail.com,M,AADHAR-1026-8824-8004,1994-04-04,DL-6472762584,Relative,0,
DRV-11086,CLM-01087,Alexander,,Manne,Alexander Manne,99143441836,alexander42@live.com,M,UID-804033084093,2001-05-23,DL-2299538091,Self,1,MEM-11709
DRV-11087,CLM-01088,Anvi,,Sheth,Anvi Sheth,98583709890,anvi12@gmail.com,M,AADHAR-1870-9556-6347,1983-06-24,DL-7766531850,Son,0,
DRV-11088,CLM-01089,Libni,Guneet,Patla,Libni Patla,98933232967,libni22@rediffmail.com,F,VOTER-B326405,1979-11-14,DL-3955988387,Self,1,MEM-12006
DRV-11089,CLM-01090,Janya,Mohammed,Raghavan,Janya Raghavan,98673802969,janya58@yahoo.com,F,AADHAR-3820-6385-1660,1986-08-24,DL-8367951874,Self,1,MEM-11726
DRV-11090,CLM-01091,Ishita,Azad,Bahri,Ishita Bahri,97431672582,ishita60@rediffmail.com,F,AADHAR-4807-1132-6227,1979-12-18,DL-7960261122,Friend,0,
DRV-11091,CLM-01092,Nirja,Udyati,Rao,Nirja Rao,98626393727,nirja69@outlook.co.in,F,VOTER-D874790,2001-11-24,DL-2939334748,Daughter,0,
DRV-11092,CLM-01093,Ekta,Vihaan,Verma,Ekta Verma,97688967917,ekta99@live.com,F,AADHAR-8715-2990-2844,1987-11-02,DL-9898649097,Friend,0,
DRV-11093,CLM-01094,Advik,,Prashad,Advik Prashad,97590696975,advik70@yahoo.com,M,UID-954741253691,1964-08-29,DL-5760289819,Self,1,MEM-12597
DRV-11094,CLM-01095,Irya,Chaman,Pathak,Irya Pathak,97937481016,irya30@gmail.com,F,AADHAR-7399-2878-5239,1990-01-09,DL-3149009389,Spouse,0,
DRV-11095,CLM-01096,Upma,,Nair,Upma Nair,98420891496,upma78@live.com,F,AADHAR-2437-1476-4987,1981-04-30,DL-1903794441,Relative,0,
DRV-11096,CLM-01097,Lipika,Bimala,Kade,Lipika Kade,97582393212,lipika38@outlook.co.in,F,VOTER-D717479,1973-09-17,DL-8569085897,Paid Driver,0,
DRV-11097,CLM-01098,Yashvi,Fiyaz,Sahni,Yashvi Sahni,98341301199,yashvi26@outlook.co.in,F,UID-242992483287,1993-06-01,DL-8308700844,Self,1,MEM-10462
DRV-11098,CLM-01099,Triveni,Upma,Chawla,Triveni Chawla,99871998768,triveni61@yahoo.com,M,VOTER-C725226,1991-05-23,DL-1940581351,Spouse,0,
DRV-11099,CLM-01100,Eiravati,,Uppal,Eiravati Uppal,98942462056,eiravati12@gmail.com,F,VOTER-E725914,1977-07-31,DL-8242827461,Paid Driver,0,
DRV-11100,CLM-01101,Urvi,Watika,Buch,Urvi Buch,99725964578,urvi54@hotmail.com,F,AADHAR-8987-3187-1759,1981-09-05,DL-5981496627,Spouse,0,
DRV-11101,CLM-01102,Isha,Yuvraj,Gole,Isha Gole,99027015538,isha84@gmail.com,M,VOTER-D131673,2007-08-23,DL-2536229578,Spouse,0,
DRV-11102,CLM-01103,Nimrat,,Patla,Nimrat Patla,98166481690,nimrat98@yahoo.com,F,AADHAR-9770-5536-2958,1996-06-08,DL-5690357449,Son,0,
DRV-11103,CLM-01104,Balendra,,Anne,Balendra Anne,98530914966,balendra10@outlook.co.in,M,AADHAR-1864-9541-6535,1962-12-20,DL-8379813884,Self,1,MEM-11134
DRV-11104,CLM-01105,Chandran,,Sarna,Chandran Sarna,97290481680,chandran90@yahoo.com,M,UID-460624914723,1988-12-20,DL-1506529482,Self,1,MEM-10514
DRV-11105,CLM-01106,Vedika,Laksh,Borra,Vedika Borra,97048685929,vedika37@hotmail.com,F,UID-136217746358,1982-08-20,DL-4888021691,Self,1,MEM-12089
DRV-11106,CLM-01107,Anika,,Kapadia,Anika Kapadia,98878427637,anika72@live.com,M,VOTER-A887199,1965-02-01,DL-9606098288,Daughter,0,
DRV-11107,CLM-01108,Noah,,Narayanan,Noah Narayanan,98367117974,noah10@yahoo.com,M,UID-840844699328,1989-05-19,DL-7151607364,Self,1,MEM-11926
DRV-11108,CLM-01109,Suhani,Jeremiah,Nagarajan,Suhani Nagarajan,98045934441,suhani91@yahoo.com,F,AADHAR-6216-1535-9586,1957-09-07,DL-5254542124,Spouse,0,
DRV-11109,CLM-01110,Eesha,Dalaja,Agrawal,Eesha Agrawal,98920197811,eesha50@live.com,F,VOTER-A343833,1978-10-04,DL-9738873169,Self,1,MEM-10803
DRV-11110,CLM-01111,Zarna,,Singhal,Zarna Singhal,99737826035,zarna69@rediffmail.com,F,UID-648865000577,1998-06-14,DL-8256221519,Daughter,0,
DRV-11111,CLM-01112,Sara,,Seshadri,Sara Seshadri,99680780912,sara48@hotmail.com,F,VOTER-C332543,1965-08-14,DL-5974660397,Relative,0,
DRV-11112,CLM-01113,Vaishnavi,Mason,Barad,Vaishnavi Barad,98581136516,vaishnavi78@yahoo.com,F,AADHAR-5035-5960-5091,1974-01-04,DL-6553618754,Relative,0,
DRV-11113,CLM-01114,Jasmit,Saanvi,Kakar,Jasmit Kakar,98055104589,jasmit20@live.com,F,AADHAR-8556-7280-7174,1999-06-03,DL-5812999007,Paid Driver,0,
DRV-11114,CLM-01115,Yamini,Gayathri,Sachdev,Yamini Sachdev,97262985842,yamini84@live.com,F,AADHAR-4310-2222-2719,1967-04-02,DL-1455362486,Friend,0,
DRV-11115,CLM-01116,Sneha,,Dutt,Sneha Dutt,98185396175,sneha24@live.com,M,AADHAR-3112-3253-6931,1987-06-01,DL-2013873857,Spouse,0,
DRV-11116,CLM-01117,Ishita,Hema,Balay,Ishita Balay,98551009663,ishita59@outlook.co.in,F,VOTER-D127185,2000-05-01,DL-9959964958,Friend,0,
DRV-11117,CLM-01118,Dayamai,Pavani,Chaudhuri,Dayamai Chaudhuri,99641801366,dayamai88@yahoo.com,F,UID-555364303804,1960-05-18,DL-5393617859,Daughter,0,
DRV-11118,CLM-01119,Vasudha,Isaac,Zachariah,Vasudha Zachariah,97669239657,vasudha51@rediffmail.com,M,UID-793121341551,1990-12-07,DL-7465234703,Daughter,0,
DRV-11119,CLM-01120,Zansi,Ranveer,Gandhi,Zansi Gandhi,98901239989,zansi45@yahoo.com,M,UID-855974859219,1983-08-31,DL-9506082688,Spouse,0,
DRV-11120,CLM-01121,Wishi,Wazir,Peri,Wishi Peri,98822097067,wishi11@yahoo.com,F,AADHAR-4380-5685-2806,2002-01-31,DL-8826205639,Friend,0,
DRV-11121,CLM-01122,Gunbir,Samesh,Ghose,Gunbir Ghose,99266077954,gunbir59@hotmail.com,M,VOTER-A363681,2002-06-25,DL-8597057416,Self,1,MEM-11431
DRV-11122,CLM-01123,Hemani,Vasana,Ram,Hemani Ram,98288646234,hemani28@live.com,F,AADHAR-9876-7985-3723,1971-09-10,DL-3305841076,Self,1,MEM-10196
DRV-11123,CLM-01124,Omya,Rachana,Kurian,Omya Kurian,99980008665,omya12@yahoo.com,F,UID-831561046765,2003-10-31,DL-1964916745,Self,1,MEM-13224
DRV-11124,CLM-01125,Vidhi,Shravya,Sama,Vidhi Sama,97860282454,vidhi75@gmail.com,F,VOTER-D825873,1988-01-29,DL-4378652994,Self,1,MEM-11566
DRV-11125,CLM-01126,Praneel,Lucky,Nair,Praneel Nair,99874996891,praneel86@rediffmail.com,M,VOTER-D920141,1969-02-20,DL-1030189823,Self,1,MEM-11328
DRV-11126,CLM-01127,Warhi,Manya,Jain,Warhi Jain,99708266715,warhi17@hotmail.com,M,UID-442011840876,1971-11-12,DL-7098214451,Daughter,0,
DRV-11127,CLM-01128,Vinaya,Krish,Rama,Vinaya Rama,97882101340,vinaya55@live.com,F,UID-146105249229,1970-11-11,DL-9103855795,Self,1,MEM-12741
DRV-11128,CLM-01129,Dhriti,,Brar,Dhriti Brar,98305728624,dhriti19@rediffmail.com,M,AADHAR-7906-2060-4734,1964-12-19,DL-3966554995,Paid Driver,0,
DRV-11129,CLM-01130,Upasna,Vamakshi,Bhatt,Upasna Bhatt,97425006307,upasna72@yahoo.com,M,VOTER-E266612,1970-09-14,DL-1386788770,Spouse,0,
DRV-11130,CLM-01131,Luke,,Sachar,Luke Sachar,98346922013,luke47@gmail.com,M,UID-401272758897,1967-10-20,DL-3717307243,Self,1,MEM-11032
DRV-11131,CLM-01132,Ucchal,Chasmum,Garg,Ucchal Garg,99701244606,ucchal29@gmail.com,F,UID-638403750901,1972-02-12,DL-9292191999,Self,1,MEM-11170
DRV-11132,CLM-01133,Zinal,Rishi,Munshi,Zinal Munshi,98107981327,zinal20@gmail.com,F,UID-500756633631,1990-05-21,DL-4947038610,Self,1,MEM-12909
DRV-11133,CLM-01134,Widisha,,Palla,Widisha Palla,99529109101,widisha31@hotmail.com,F,UID-799187529363,2001-05-21,DL-5097627349,Friend,0,
DRV-11134,CLM-01135,Anamika,,Ray,Anamika Ray,98624669015,anamika37@yahoo.com,F,UID-604266477786,1986-10-24,DL-8401917175,Son,0,
DRV-11135,CLM-01136,Madhavi,Anjali,Khare,Madhavi Khare,98894661259,madhavi94@rediffmail.com,F,UID-537604898798,1960-06-07,DL-3246447238,Spouse,0,
DRV-11136,CLM-01137,Isha,Janani,Patil,Isha Patil,99563813609,isha91@yahoo.com,M,VOTER-B643116,1997-06-29,DL-3691148350,Daughter,0,
DRV-11137,CLM-01138,Libni,Gabriel,Rout,Libni Rout,98782193565,libni89@rediffmail.com,F,VOTER-A832757,1999-04-11,DL-1947173856,Friend,0,
DRV-11138,CLM-01139,Meera,,Hari,Meera Hari,97248735394,meera63@yahoo.com,M,VOTER-E842902,1981-04-29,DL-5067585474,Spouse,0,
DRV-11139,CLM-01140,Diya,,Mody,Diya Mody,99512868150,diya58@gmail.com,F,AADHAR-4822-7186-3957,1965-04-24,DL-5332924446,Daughter,0,
DRV-11140,CLM-01141,Zilmil,Yatin,Dora,Zilmil Dora,99367152040,zilmil83@live.com,F,UID-693986123499,1962-10-03,DL-7412501987,Self,1,MEM-12426
DRV-11141,CLM-01142,Gaurang,,Barad,Gaurang Barad,97680557520,gaurang64@gmail.com,M,AADHAR-9711-2584-7998,1991-06-17,DL-9922575690,Self,1,MEM-11867
DRV-11142,CLM-01143,Gauri,Yashasvi,Mani,Gauri Mani,97516779599,gauri10@live.com,F,AADHAR-4724-8990-3583,1968-01-06,DL-8044178887,Friend,0,
DRV-11143,CLM-01144,Lekha,,Ganesan,Lekha Ganesan,97104686336,lekha19@live.com,F,VOTER-D452951,1966-02-15,DL-5822865709,Daughter,0,
DRV-11144,CLM-01145,Idika,Parth,Karnik,Idika Karnik,97118736655,idika39@hotmail.com,M,VOTER-C859386,1999-01-01,DL-1623347313,Daughter,0,
DRV-11145,CLM-01146,Gauri,Kala,Lad,Gauri Lad,98233568052,gauri97@outlook.co.in,F,VOTER-D693925,1966-12-25,DL-1222002682,Self,1,MEM-12682
DRV-11146,CLM-01147,Anjali,Advik,Kalla,Anjali Kalla,99472059428,anjali73@outlook.co.in,F,AADHAR-5570-1723-4767,1965-01-28,DL-5589821021,Daughter,0,
DRV-11147,CLM-01148,Brinda,Zaid,Pandey,Brinda Pandey,99361481234,brinda40@live.com,F,UID-378527159985,1979-06-17,DL-8085106656,Friend,0,
DRV-11148,CLM-01149,Yachana,Jyoti,Chada,Yachana Chada,99869302438,yachana31@yahoo.com,F,UID-940396505893,1977-09-24,DL-8581919695,Relative,0,
DRV-11149,CLM-01150,Lekha,Krishna,Sem,Lekha Sem,97025826301,lekha30@rediffmail.com,M,VOTER-B943113,1987-08-11,DL-5074304854,Son,0,
DRV-11150,CLM-01151,Oliver,Krisha,Ramanathan,Oliver Ramanathan,99023165804,oliver32@live.com,M,UID-589091802075,1959-11-04,DL-9760202648,Self,1,MEM-12735
DRV-11151,CLM-01152,Tejas,Falan,Lata,Tejas Lata,97319581770,tejas87@yahoo.com,M,UID-636398962141,1990-12-26,DL-9789762858,Self,1,MEM-10737
DRV-11152,CLM-01153,Anay,Mahika,Doshi,Anay Doshi,97740268999,anay24@gmail.com,M,UID-556294702242,1996-10-06,DL-3890279561,Self,1,MEM-12358
DRV-11153,CLM-01154,Omya,Yashasvi,Bumb,Omya Bumb,99482743379,omya81@hotmail.com,M,UID-580663124696,1962-02-25,DL-6934311323,Paid Driver,0,
DRV-11154,CLM-01155,Rohan,,Garde,Rohan Garde,99154984848,rohan52@yahoo.com,M,AADHAR-7340-1717-8911,1983-09-04,DL-1747389352,Self,1,MEM-12705
DRV-11155,CLM-01156,Kashish,Warjas,Ahuja,Kashish Ahuja,97208693104,kashish44@outlook.co.in,F,VOTER-E988850,1964-10-15,DL-1337182758,Spouse,0,
DRV-11156,CLM-01157,Matthew,,Khare,Matthew Khare,99866572283,matthew20@gmail.com,M,AADHAR-1593-7033-4672,1997-09-10,DL-2155517166,Self,1,MEM-11043
DRV-11157,CLM-01158,Raagini,,Prasad,Raagini Prasad,99128175686,raagini90@outlook.co.in,M,UID-733177462652,2003-05-04,DL-8811625832,Son,0,
DRV-11158,CLM-01159,Janaki,,Choudhry,Janaki Choudhry,98541215069,janaki48@outlook.co.in,F,VOTER-D695149,2002-05-22,DL-7568663942,Relative,0,
DRV-11159,CLM-01160,Sanya,Liam,Biswas,Sanya Biswas,97557708459,sanya36@yahoo.com,M,VOTER-C489923,1999-09-06,DL-2985239247,Friend,0,
DRV-11160,CLM-01161,Nirja,Umang,Bath,Nirja Bath,98735696920,nirja78@rediffmail.com,M,VOTER-D368508,1957-06-13,DL-6514088637,Relative,0,
DRV-11161,CLM-01162,Forum,,Balay,Forum Balay,98846668310,forum58@live.com,F,UID-859994073666,1988-04-01,DL-4672344925,Friend,0,
DRV-11162,CLM-01163,Nidhi,,Malhotra,Nidhi Malhotra,97722359367,nidhi81@hotmail.com,F,UID-334142203117,1989-11-15,DL-7101720182,Self,1,MEM-10729
DRV-11163,CLM-01164,Avni,Vansha,Basu,Avni Basu,99753024230,avni45@hotmail.com,M,UID-499830444509,1992-09-17,DL-7290611416,Friend,0,
DRV-11164,CLM-01165,Bhavna,,Sarin,Bhavna Sarin,97861398204,bhavna70@rediffmail.com,M,VOTER-A860554,1985-03-31,DL-2694368629,Friend,0,
DRV-11165,CLM-01166,Darsh,Yashoda,Mandal,Darsh Mandal,99486388010,darsh43@gmail.com,M,AADHAR-8379-8704-2623,2002-07-27,DL-5185668130,Self,1,MEM-11136
DRV-11166,CLM-01167,Falguni,,Bajwa,Falguni Bajwa,97700681513,falguni26@hotmail.com,M,VOTER-E718639,2006-11-20,DL-9550613436,Daughter,0,
DRV-11167,CLM-01168,Urvi,Vrishti,More,Urvi More,97722655292,urvi52@rediffmail.com,F,AADHAR-4158-6032-5242,1981-01-28,DL-1828181629,Self,1,MEM-13254
DRV-11168,CLM-01169,Vasudha,Hemang,Balan,Vasudha Balan,97340436828,vasudha76@yahoo.com,F,VOTER-D640414,1995-03-01,DL-4905617298,Son,0,
DRV-11169,CLM-01170,Jagvi,,Mangal,Jagvi Mangal,98424304263,jagvi90@gmail.com,F,UID-756257404261,1984-11-07,DL-2353485147,Spouse,0,
DRV-11170,CLM-01171,Alka,Vedika,Hari,Alka Hari,97560178064,alka38@yahoo.com,F,AADHAR-9266-3171-9538,1961-04-01,DL-6222450551,Self,1,MEM-12890
DRV-11171,CLM-01172,Dhriti,,Chandran,Dhriti Chandran,97806796782,dhriti20@rediffmail.com,M,UID-708164535126,1979-08-11,DL-9263956739,Spouse,0,
DRV-11172,CLM-01173,Lipika,Osha,Lad,Lipika Lad,98085800745,lipika69@outlook.co.in,F,AADHAR-1953-1350-2791,1980-09-20,DL-8424463961,Self,1,MEM-12451
DRV-11173,CLM-01174,Yadavi,,Dugar,Yadavi Dugar,99741265026,yadavi44@rediffmail.com,F,VOTER-C934633,1982-06-05,DL-8422278932,Self,1,MEM-10224
DRV-11174,CLM-01175,Damyanti,Abhimanyu,Oza,Damyanti Oza,99393394039,damyanti13@hotmail.com,M,VOTER-E565602,1989-06-30,DL-1498611890,Daughter,0,
DRV-11175,CLM-01176,Arjun,,Wagle,Arjun Wagle,98442695321,arjun84@outlook.co.in,M,AADHAR-5552-1160-2687,1970-03-14,DL-8825100821,Self,1,MEM-11621
DRV-11176,CLM-01177,Januja,Niharika,Mukhopadhyay,Januja Mukhopadhyay,98378457986,januja20@rediffmail.com,M,VOTER-C232143,1962-07-31,DL-8812206977,Relative,0,
DRV-11177,CLM-01178,Madhav,Rayaan,Borah,Madhav Borah,97152118993,madhav54@live.com,M,AADHAR-1501-7270-6476,1984-06-18,DL-6668671363,Self,1,MEM-13437
DRV-11178,CLM-01179,Maya,Chaaya,Bawa,Maya Bawa,99615319158,maya14@gmail.com,F,VOTER-A755856,1958-10-13,DL-3396773897,Spouse,0,
DRV-11179,CLM-01180,Chanchal,Samaksh,Tank,Chanchal Tank,99262373775,chanchal71@outlook.co.in,F,VOTER-D717319,1968-11-21,DL-8702269401,Self,1,MEM-12170
DRV-11180,CLM-01181,Vedika,,Narain,Vedika Narain,97684118544,vedika93@hotmail.com,M,VOTER-C342212,1965-04-04,DL-8995946333,Son,0,
DRV-11181,CLM-01182,Anvi,,Comar,Anvi Comar,97674024170,anvi31@hotmail.com,F,VOTER-B472011,1972-08-06,DL-4225375387,Son,0,
DRV-11182,CLM-01183,Ekani,Aarini,Suri,Ekani Suri,99520520842,ekani60@rediffmail.com,F,AADHAR-7807-7469-6257,1994-03-31,DL-4928854743,Self,1,MEM-10668
DRV-11183,CLM-01184,Harinakshi,,Bhargava,Harinakshi Bhargava,99668947048,harinakshi63@live.com,M,VOTER-A102735,1987-04-08,DL-7523728675,Son,0,
DRV-11184,CLM-01185,Aashi,Lucky,Jani,Aashi Jani,97261882425,aashi10@live.com,F,VOTER-A159423,1968-09-28,DL-5936367569,Daughter,0,
DRV-11185,CLM-01186,Warinder,Fiyaz,Dugal,Warinder Dugal,99951676724,warinder66@hotmail.com,M,AADHAR-5375-1925-4478,1974-04-16,DL-2014473867,Self,1,MEM-13300
DRV-11186,CLM-01187,Sara,Quincy,Doctor,Sara Doctor,99674571813,sara11@outlook.co.in,M,UID-654523398653,1972-09-26,DL-6053195300,Daughter,0,
DRV-11187,CLM-01188,Mahika,Kalpit,Bajwa,Mahika Bajwa,98319702441,mahika97@live.com,F,VOTER-D156774,1985-09-16,DL-2184619077,Daughter,0,
DRV-11188,CLM-01189,Yamini,Balhaar,Butala,Yamini Butala,99829000331,yamini86@hotmail.com,M,VOTER-D896306,1998-01-04,DL-3980054684,Son,0,
DRV-11189,CLM-01190,Luke,Jeremiah,Memon,Luke Memon,98588984771,luke11@gmail.com,M,UID-935272247415,1967-07-30,DL-2540841862,Self,1,MEM-12035
DRV-11190,CLM-01191,Abdul,Yug,Batra,Abdul Batra,98395691435,abdul51@outlook.co.in,M,UID-821277796528,1995-03-31,DL-1726568469,Self,1,MEM-11276
DRV-11191,CLM-01192,Harshil,,De,Harshil De,97087883865,harshil99@gmail.com,M,VOTER-E964836,2003-05-07,DL-5301589576,Self,1,MEM-10730
DRV-11192,CLM-01193,Aahana,,Sangha,Aahana Sangha,99794092504,aahana22@rediffmail.com,M,VOTER-E634695,2007-04-06,DL-2767620698,Relative,0,
DRV-11193,CLM-01194,Yamini,,Ramanathan,Yamini Ramanathan,99196122695,yamini87@yahoo.com,F,VOTER-E166186,2005-02-24,DL-3148755042,Son,0,
DRV-11194,CLM-01195,Vyanjana,Diya,Nori,Vyanjana Nori,98870183957,vyanjana77@yahoo.com,F,UID-332084885780,1994-04-17,DL-8619534803,Paid Driver,0,
DRV-11195,CLM-01196,Bhavya,,Prashad,Bhavya Prashad,98731368585,bhavya43@rediffmail.com,M,UID-131067065026,1972-06-03,DL-5208857886,Spouse,0,
DRV-11196,CLM-01197,Anmol,Zarna,Bansal,Anmol Bansal,97669985688,anmol16@rediffmail.com,M,AADHAR-1585-4788-8195,1966-10-29,DL-2376029913,Self,1,MEM-13441
DRV-11197,CLM-01198,Maya,Ishani,Bala,Maya Bala,98040187130,maya36@live.com,F,VOTER-B719726,1998-07-11,DL-2715514950,Paid Driver,0,
DRV-11198,CLM-01199,Jagrati,,Ranganathan,Jagrati Ranganathan,98306136059,jagrati69@outlook.co.in,M,UID-690649465319,1962-03-18,DL-4837177284,Spouse,0,
DRV-11199,CLM-01200,Ikshita,Janani,Master,Ikshita Master,99662638855,ikshita54@outlook.co.in,F,UID-837318292185,1984-03-03,DL-5878626181,Self,1,MEM-12331
DRV-11200,CLM-01201,Zaid,Jackson,Parmar,Zaid Parmar,98951668260,zaid98@hotmail.com,M,AADHAR-2120-1291-6881,2003-01-21,DL-9506272166,Self,1,MEM-10186
DRV-11201,CLM-01202,Aadhya,Tripti,Som,Aadhya Som,98664091132,aadhya40@yahoo.com,M,AADHAR-9343-9822-5841,1962-03-18,DL-5854841805,Relative,0,
DRV-11202,CLM-01203,Aadhya,Fariq,Verma,Aadhya Verma,99488635932,aadhya83@rediffmail.com,M,UID-562841350563,1992-09-17,DL-9094644306,Friend,0,
DRV-11203,CLM-01204,Waida,,Bhatnagar,Waida Bhatnagar,99359508235,waida60@gmail.com,F,UID-543263489452,1992-09-12,DL-6085431402,Daughter,0,
DRV-11204,CLM-01205,Ishita,,Narang,Ishita Narang,97601546171,ishita31@gmail.com,M,AADHAR-8049-3833-4035,1985-10-05,DL-4235562747,Friend,0,
DRV-11205,CLM-01206,Kamya,Saumya,Chana,Kamya Chana,99172687990,kamya39@rediffmail.com,F,AADHAR-9064-1043-7153,1965-04-09,DL-2658246529,Self,1,MEM-12673
DRV-11206,CLM-01207,Amara,Jeremiah,Arora,Amara Arora,99519228360,amara58@live.com,F,UID-958541834472,1963-05-28,DL-6028851015,Self,1,MEM-11008
DRV-11207,CLM-01208,Ekani,Benjamin,Deep,Ekani Deep,99528247042,ekani65@outlook.co.in,F,UID-494441393379,1972-08-28,DL-3797941003,Son,0,
DRV-11208,CLM-01209,Daksh,Jagdish,Samra,Daksh Samra,98418222709,daksh27@outlook.co.in,M,VOTER-D451194,1996-03-03,DL-6400113751,Self,1,MEM-11221
DRV-11209,CLM-01210,Chakrika,Ekta,Gupta,Chakrika Gupta,99384182669,chakrika66@live.com,F,UID-476946062374,1996-08-10,DL-4280264199,Friend,0,
DRV-11210,CLM-01211,Brijesh,Edhitha,Mammen,Brijesh Mammen,98589057174,brijesh55@rediffmail.com,M,VOTER-B541487,1973-01-04,DL-2774152577,Self,1,MEM-12913
DRV-11211,CLM-01212,Xiti,,Vora,Xiti Vora,99882523822,xiti51@rediffmail.com,M,AADHAR-1098-4482-2630,2004-03-17,DL-1545929110,Friend,0,
DRV-11212,CLM-01213,Tanvi,,Sharma,Tanvi Sharma,99730043199,tanvi50@outlook.co.in,F,AADHAR-5812-9546-4423,1990-07-18,DL-3344938304,Self,1,MEM-10991
DRV-11213,CLM-01214,Shravya,Yuvraj,Sidhu,Shravya Sidhu,98408065281,shravya59@outlook.co.in,M,AADHAR-6623-7554-3278,1998-09-07,DL-2515211503,Spouse,0,
DRV-11214,CLM-01215,Urvi,Kavya,Sarraf,Urvi Sarraf,97458321535,urvi14@gmail.com,M,VOTER-A357655,1959-03-04,DL-3017530335,Daughter,0,
DRV-11215,CLM-01216,Anita,,Luthra,Anita Luthra,98164318440,anita17@live.com,F,AADHAR-7652-5308-5400,1976-06-20,DL-9305390592,Self,1,MEM-11119
DRV-11216,CLM-01217,Sanya,Zansi,Arya,Sanya Arya,99972221030,sanya42@hotmail.com,F,AADHAR-6714-4972-2259,1955-01-30,DL-3121162565,Paid Driver,0,
DRV-11217,CLM-01218,Neelima,Harsh,Sengupta,Neelima Sengupta,99575530292,neelima10@rediffmail.com,F,AADHAR-1259-2078-1936,2004-03-18,DL-7555284026,Daughter,0,
DRV-11218,CLM-01219,Gayathri,Abdul,Sarna,Gayathri Sarna,99667092164,gayathri97@gmail.com,M,UID-904844877953,1988-04-27,DL-2591296976,Relative,0,
DRV-11219,CLM-01220,Upasna,Yasti,Kohli,Upasna Kohli,97222124167,upasna80@hotmail.com,M,VOTER-E865729,1996-09-02,DL-2000543731,Friend,0,
DRV-11220,CLM-01221,Chandran,,Bansal,Chandran Bansal,99794018282,chandran59@live.com,M,UID-907415955415,2007-01-22,DL-4101619158,Self,1,MEM-12723
DRV-11221,CLM-01222,Gaurang,Ridhi,Manda,Gaurang Manda,97395169357,gaurang48@hotmail.com,M,AADHAR-8456-1160-9463,1980-12-25,DL-9108406995,Self,1,MEM-12671
DRV-11222,CLM-01223,Guneet,,Hayer,Guneet Hayer,98484731121,guneet15@rediffmail.com,M,VOTER-C652381,1966-11-05,DL-1332205489,Self,1,MEM-11774
DRV-11223,CLM-01224,Yashoda,Keya,Dubey,Yashoda Dubey,99468989417,yashoda57@outlook.co.in,F,AADHAR-2317-3768-5721,1967-12-19,DL-9799541670,Self,1,MEM-11208
DRV-11224,CLM-01225,Ethan,,Dewan,Ethan Dewan,97707461642,ethan21@rediffmail.com,M,UID-490288936828,1964-01-25,DL-8318497968,Self,1,MEM-13030
DRV-11225,CLM-01226,Wakeeta,,Padmanabhan,Wakeeta Padmanabhan,97894188297,wakeeta33@live.com,F,UID-424269778776,1999-08-20,DL-7581348753,Daughter,0,
DRV-11226,CLM-01227,Vinaya,,Tak,Vinaya Tak,99202051759,vinaya48@outlook.co.in,F,UID-730375826260,1989-11-07,DL-3036578038,Self,1,MEM-10598
DRV-11227,CLM-01228,Qushi,,Kumer,Qushi Kumer,99470550181,qushi48@gmail.com,M,UID-478760850520,1990-04-19,DL-2606041792,Relative,0,
DRV-11228,CLM-01229,Yutika,Urmi,Sidhu,Yutika Sidhu,97178950167,yutika90@rediffmail.com,F,AADHAR-6358-1651-2179,1961-09-07,DL-8509029339,Self,1,MEM-10511
DRV-11229,CLM-01230,Eta,,Keer,Eta Keer,99694344366,eta76@outlook.co.in,M,AADHAR-5332-5714-8046,1963-08-14,DL-6049078352,Son,0,
DRV-11230,CLM-01231,Sai,Anthony,Chatterjee,Sai Chatterjee,98602955389,sai40@hotmail.com,M,VOTER-D972784,1998-02-08,DL-5648249769,Friend,0,
DRV-11231,CLM-01232,Amrita,,Gandhi,Amrita Gandhi,97019982508,amrita85@yahoo.com,F,UID-256451784201,1992-01-10,DL-3482146785,Paid Driver,0,
DRV-11232,CLM-01233,Bhavna,Janani,Sahota,Bhavna Sahota,97357505733,bhavna31@hotmail.com,M,AADHAR-1983-5371-6106,1960-09-22,DL-4738711905,Son,0,
DRV-11233,CLM-01234,Libni,Wakeeta,Chakraborty,Libni Chakraborty,99987966186,libni92@hotmail.com,F,AADHAR-7830-5062-3707,1957-02-25,DL-8044658499,Relative,0,
DRV-11234,CLM-01235,Chanchal,,Chaudry,Chanchal Chaudry,98579230851,chanchal48@rediffmail.com,F,UID-442917274075,1984-06-07,DL-9488570561,Paid Driver,0,
DRV-11235,CLM-01236,Chakradev,Arunima,Sharma,Chakradev Sharma,99708211634,chakradev88@hotmail.com,M,UID-995731053177,1999-10-16,DL-9491344000,Self,1,MEM-13090
DRV-11236,CLM-01237,Ekanta,Mekhala,Arya,Ekanta Arya,99486326935,ekanta39@hotmail.com,F,AADHAR-2783-5632-2599,1986-11-25,DL-3247852536,Self,1,MEM-12590
DRV-11237,CLM-01238,Sanya,Chanakya,Sastry,Sanya Sastry,99053741886,sanya52@rediffmail.com,F,VOTER-D534576,2005-10-17,DL-5458727257,Self,1,MEM-11948
DRV-11238,CLM-01239,Vanya,Aarna,Ahluwalia,Vanya Ahluwalia,99091707914,vanya25@gmail.com,F,AADHAR-2241-3391-2491,1988-09-12,DL-9553795412,Paid Driver,0,
DRV-11239,CLM-01240,Varsha,Urishilla,Nagar,Varsha Nagar,98413558529,varsha39@outlook.co.in,F,VOTER-D161665,1978-10-14,DL-5161913278,Friend,0,
DRV-11240,CLM-01241,Amol,Ranveer,Ram,Amol Ram,98209714932,amol21@gmail.com,M,UID-253848075831,1977-03-14,DL-6308158237,Self,1,MEM-10301
DRV-11241,CLM-01242,Gaurika,Falak,Ghosh,Gaurika Ghosh,99047327129,gaurika60@hotmail.com,F,AADHAR-5243-8699-9704,1996-03-07,DL-2113302821,Self,1,MEM-10287
DRV-11242,CLM-01243,Jagat,,Ramanathan,Jagat Ramanathan,99690989414,jagat80@hotmail.com,M,VOTER-B467358,1964-12-01,DL-1435159113,Self,1,MEM-12512
DRV-11243,CLM-01244,Atharv,Daniel,Badal,Atharv Badal,97331592054,atharv94@hotmail.com,M,VOTER-A341718,1966-07-29,DL-2027506179,Self,1,MEM-11683
DRV-11244,CLM-01245,Panini,,Taneja,Panini Taneja,99966639706,panini44@hotmail.com,F,UID-797276721056,1999-10-15,DL-4596075978,Spouse,0,
DRV-11245,CLM-01246,Aarnav,,Acharya,Aarnav Acharya,99105749942,aarnav15@gmail.com,M,VOTER-D545495,1995-08-31,DL-6290535071,Self,1,MEM-11834
DRV-11246,CLM-01247,Kalpit,,Kalla,Kalpit Kalla,99118355289,kalpit77@gmail.com,M,UID-737039376119,1968-01-29,DL-9316300455,Self,1,MEM-11961
DRV-11247,CLM-01248,Odika,Pooja,Patil,Odika Patil,97904400343,odika68@rediffmail.com,M,AADHAR-1430-6325-7609,1982-09-11,DL-8037772186,Paid Driver,0,
DRV-11248,CLM-01249,Zaitra,,Pandit,Zaitra Pandit,97367134184,zaitra91@gmail.com,F,AADHAR-6997-4068-2802,1979-04-24,DL-2908817741,Self,1,MEM-12070
DRV-11249,CLM-01250,Chasmum,Kavya,Chopra,Chasmum Chopra,99327842340,chasmum47@yahoo.com,M,AADHAR-1103-3091-4658,1968-06-16,DL-1707249824,Paid Driver,0,
DRV-11250,CLM-01251,Ekaja,Hemangini,Mittal,Ekaja Mittal,99415328490,ekaja71@rediffmail.com,M,AADHAR-1616-4586-9991,2004-11-16,DL-7138096326,Relative,0,
DRV-11251,CLM-01252,Hemangini,,Sahni,Hemangini Sahni,99212013545,hemangini90@hotmail.com,M,UID-670729203381,1971-07-26,DL-3859688425,Son,0,
DRV-11252,CLM-01253,Zaid,Karan,Varkey,Zaid Varkey,98459973012,zaid29@rediffmail.com,M,UID-180354353683,2001-06-16,DL-8177819266,Self,1,MEM-11546
DRV-11253,CLM-01254,Ishani,Hemangini,Iyer,Ishani Iyer,98617454841,ishani18@outlook.co.in,F,VOTER-B806422,1965-05-21,DL-1410755665,Self,1,MEM-13422
DRV-11254,CLM-01255,Nandini,,Khanna,Nandini Khanna,97220425568,nandini45@hotmail.com,F,VOTER-B539543,1960-09-19,DL-2132989612,Relative,0,
DRV-11255,CLM-01256,Yutika,,Bhasin,Yutika Bhasin,99635857816,yutika43@hotmail.com,F,UID-355038084017,1988-03-21,DL-7973065446,Self,1,MEM-13002
DRV-11256,CLM-01257,Anvi,,Toor,Anvi Toor,97006301288,anvi47@live.com,F,UID-756799611642,1994-03-14,DL-1671452363,Self,1,MEM-10528
DRV-11257,CLM-01258,Ucchal,Mitesh,Sarkar,Ucchal Sarkar,99007475290,ucchal11@rediffmail.com,M,VOTER-A711292,1955-05-01,DL-4869179506,Friend,0,
DRV-11258,CLM-01259,Zaid,Karan,Varkey,Zaid Varkey,98459973012,zaid29@rediffmail.com,M,UID-180354353683,2001-06-16,DL-4388851087,Self,1,MEM-11546
DRV-11259,CLM-01260,Oviya,Yashoda,Kant,Oviya Kant,99812373111,oviya24@hotmail.com,F,VOTER-D115860,2001-02-05,DL-4161720956,Self,1,MEM-10395
DRV-11260,CLM-01261,Ria,,Bhattacharyya,Ria Bhattacharyya,99251095255,ria66@hotmail.com,F,UID-914449252766,1971-08-19,DL-2888380033,Friend,0,
DRV-11261,CLM-01262,Aachal,Jatin,Raman,Aachal Raman,98570741863,aachal36@gmail.com,F,UID-891686215612,1959-11-18,DL-3728435078,Friend,0,
DRV-11262,CLM-01263,Sneha,Shivani,Prakash,Sneha Prakash,97173858012,sneha15@hotmail.com,F,VOTER-B721933,1966-12-04,DL-6527764774,Paid Driver,0,
DRV-11263,CLM-01264,Aachal,Mohini,Rege,Aachal Rege,98360378161,aachal98@rediffmail.com,F,VOTER-D494009,2001-01-25,DL-3713374846,Relative,0,
DRV-11264,CLM-01265,Vidhi,,Warrior,Vidhi Warrior,98145667972,vidhi87@live.com,M,VOTER-E708680,1995-03-04,DL-6915906546,Friend,0,
DRV-11265,CLM-01266,Leela,,Saxena,Leela Saxena,99377179770,leela70@yahoo.com,M,VOTER-E878606,2006-06-17,DL-6275480388,Son,0,
DRV-11266,CLM-01267,Gaurika,,Saran,Gaurika Saran,98078017641,gaurika70@outlook.co.in,F,VOTER-B574726,1991-11-04,DL-2356336597,Relative,0,
DRV-11267,CLM-01268,Lopa,Darsh,Sibal,Lopa Sibal,98708324540,lopa23@yahoo.com,F,AADHAR-9610-9509-5485,1998-02-03,DL-9161964267,Daughter,0,
DRV-11268,CLM-01269,Ijaya,,Jain,Ijaya Jain,97210179980,ijaya75@live.com,F,VOTER-A342340,2003-07-04,DL-4378761820,Self,1,MEM-13332
DRV-11269,CLM-01270,Aishani,Anusha,Shan,Aishani Shan,98273280948,aishani74@outlook.co.in,F,AADHAR-4695-3308-5681,1998-11-21,DL-9964964139,Relative,0,
DRV-11270,CLM-01271,Rachana,Chavvi,Mutti,Rachana Mutti,99128518243,rachana72@live.com,M,AADHAR-6784-1925-5599,1955-04-13,DL-8177092483,Paid Driver,0,
DRV-11271,CLM-01272,Aarna,Yamini,Tiwari,Aarna Tiwari,98360810145,aarna16@gmail.com,M,UID-623744254531,1994-03-07,DL-4918356182,Paid Driver,0,
DRV-11272,CLM-01273,Riya,Lakshmi,Shankar,Riya Shankar,98244323106,riya38@outlook.co.in,F,AADHAR-1771-6436-2430,1974-09-20,DL-2120222342,Daughter,0,
DRV-11273,CLM-01274,Vrishti,Avni,Biswas,Vrishti Biswas,98456802892,vrishti50@hotmail.com,F,AADHAR-9849-8119-2568,1965-07-25,DL-5553771759,Self,1,MEM-10100
DRV-11274,CLM-01275,Raksha,Teerth,Sama,Raksha Sama,99279106767,raksha10@live.com,F,VOTER-E171876,1981-08-25,DL-6853092430,Relative,0,
DRV-11275,CLM-01276,Xiti,Nathaniel,Brahmbhatt,Xiti Brahmbhatt,99225626111,xiti21@live.com,F,VOTER-C699315,2005-08-31,DL-9843041471,Son,0,
DRV-11276,CLM-01277,Darsh,,Bala,Darsh Bala,97319809138,darsh95@gmail.com,M,AADHAR-1199-6006-5250,1969-01-17,DL-2104967043,Self,1,MEM-11039
DRV-11277,CLM-01278,Nikita,,Bhandari,Nikita Bhandari,97203177885,nikita31@yahoo.com,M,VOTER-C493844,1960-04-27,DL-7275806651,Paid Driver,0,
DRV-11278,CLM-01279,Saanvi,,Korpal,Saanvi Korpal,99756286433,saanvi80@outlook.co.in,F,VOTER-C409008,1993-11-23,DL-4535625220,Daughter,0,
DRV-11279,CLM-01280,Harinakshi,,Bhatnagar,Harinakshi Bhatnagar,97040895610,harinakshi34@gmail.com,F,VOTER-A484810,1991-01-16,DL-1055004427,Self,1,MEM-10983
DRV-11280,CLM-01281,Damini,William,Garg,Damini Garg,98532558871,damini80@gmail.com,M,UID-718774075572,1986-06-15,DL-2383810263,Relative,0,
DRV-11281,CLM-01282,Aarnav,,Ganesan,Aarnav Ganesan,98892545935,aarnav87@live.com,M,UID-499444031808,1998-03-14,DL-9912435376,Self,1,MEM-12708
DRV-11282,CLM-01283,Yashasvi,Tripti,Handa,Yashasvi Handa,99450700814,yashasvi62@gmail.com,M,AADHAR-2856-2333-6761,1990-04-28,DL-1370080774,Friend,0,
DRV-11283,CLM-01284,Wishi,Dhriti,Kunda,Wishi Kunda,99511933916,wishi39@live.com,F,VOTER-E562496,1986-02-17,DL-2516964485,Daughter,0,
DRV-11284,CLM-01285,Daksh,,Narain,Daksh Narain,97333621276,daksh56@yahoo.com,M,UID-710984021998,2005-08-27,DL-1311329238,Self,1,MEM-12755
DRV-11285,CLM-01286,Reyansh,,Tiwari,Reyansh Tiwari,99280270571,reyansh47@gmail.com,M,VOTER-A423864,1968-03-15,DL-3118206341,Self,1,MEM-12727
DRV-11286,CLM-01287,Atharv,Nidra,Taneja,Atharv Taneja,98031922644,atharv45@hotmail.com,M,VOTER-B296557,1978-01-29,DL-7796869771,Self,1,MEM-11572
DRV-11287,CLM-01288,Urishilla,Sanaya,Dora,Urishilla Dora,97397598922,urishilla41@gmail.com,M,UID-890716168103,1999-10-11,DL-3460860754,Spouse,0,
DRV-11288,CLM-01289,Manan,Kavya,Thakkar,Manan Thakkar,98557402873,manan90@gmail.com,M,AADHAR-1776-7314-1222,2004-06-22,DL-2162197432,Self,1,MEM-13066
DRV-11289,CLM-01290,Onveer,Jackson,Desai,Onveer Desai,98355146337,onveer73@outlook.co.in,M,AADHAR-8413-4387-6564,1998-12-18,DL-5867833179,Self,1,MEM-12610
DRV-11290,CLM-01291,Jeremiah,Janaki,Tella,Jeremiah Tella,99188030050,jeremiah19@live.com,M,UID-808749567098,1974-03-06,DL-1309612235,Self,1,MEM-10098
DRV-11291,CLM-01292,Amaira,,Khosla,Amaira Khosla,97825730638,amaira49@gmail.com,F,UID-139189538257,2005-10-28,DL-6686150716,Self,1,MEM-11915
DRV-11292,CLM-01293,Nisha,,Chaudhry,Nisha Chaudhry,99090184971,nisha52@outlook.co.in,F,VOTER-B822796,1990-01-11,DL-6559148887,Self,1,MEM-10155
DRV-11293,CLM-01294,Agastya,,Anne,Agastya Anne,98318225713,agastya76@hotmail.com,M,AADHAR-8004-6376-8788,1994-08-20,DL-1195279543,Self,1,MEM-12733
DRV-11294,CLM-01295,Yashica,Jacob,Ram,Yashica Ram,99651176235,yashica78@rediffmail.com,M,VOTER-A237105,2000-04-28,DL-3243337323,Paid Driver,0,
DRV-11295,CLM-01296,Faqid,Oscar,Naik,Faqid Naik,98022192630,faqid10@yahoo.com,M,AADHAR-7728-5673-1930,1966-10-24,DL-4313726730,Self,1,MEM-12717
DRV-11296,CLM-01297,Sai,Ekaraj,Choudhary,Sai Choudhary,98429211938,sai76@gmail.com,F,AADHAR-8965-3245-5415,1963-02-22,DL-3543337712,Self,1,MEM-11381
DRV-11297,CLM-01298,Lipika,Jyoti,Chawla,Lipika Chawla,97901237742,lipika15@hotmail.com,M,AADHAR-3459-2173-8026,1982-03-16,DL-4335419987,Paid Driver,0,
DRV-11298,CLM-01299,Anvi,Widisha,Som,Anvi Som,97605765835,anvi66@live.com,F,VOTER-D965497,1965-04-14,DL-3557364084,Paid Driver,0,
DRV-11299,CLM-01300,Mohammed,Maanav,Merchant,Mohammed Merchant,97614721763,mohammed21@live.com,M,UID-347387797171,1975-11-08,DL-8521891597,Self,1,MEM-10739
DRV-11300,CLM-01301,Vasatika,,Mammen,Vasatika Mammen,98972526873,vasatika81@live.com,F,AADHAR-2181-5209-2235,1986-04-27,DL-1643871907,Daughter,0,
DRV-11301,CLM-01302,Jalsa,Charita,Sami,Jalsa Sami,97201782678,jalsa67@live.com,F,UID-217292868435,1994-02-14,DL-5164850352,Relative,0,
DRV-11302,CLM-01303,Rushil,Kamya,Toor,Rushil Toor,99429086146,rushil77@yahoo.com,M,UID-715499921449,1979-10-20,DL-4140377247,Self,1,MEM-13004
DRV-11303,CLM-01304,Sachi,,Grover,Sachi Grover,98851530865,sachi69@outlook.co.in,F,UID-324902113359,1992-11-22,DL-5360637399,Son,0,
DRV-11304,CLM-01305,Ria,Alka,Sibal,Ria Sibal,99871439080,ria35@yahoo.com,F,UID-678338082147,2003-04-09,DL-7400424731,Son,0,
DRV-11305,CLM-01306,Zansi,,Krishnan,Zansi Krishnan,97032248003,zansi21@outlook.co.in,M,UID-166170665098,1987-12-27,DL-9400156904,Daughter,0,
DRV-11306,CLM-01307,Kashish,Jalsa,Barad,Kashish Barad,98784114481,kashish79@yahoo.com,F,UID-536814774113,1977-05-29,DL-7113444570,Self,1,MEM-12985
DRV-11307,CLM-01308,Eesha,Max,Varkey,Eesha Varkey,97828270386,eesha43@yahoo.com,F,UID-380470324968,1966-11-20,DL-2633053277,Self,1,MEM-12485
DRV-11308,CLM-01309,Krisha,Gaurang,Ganesh,Krisha Ganesh,98908530377,krisha76@outlook.co.in,M,VOTER-C402453,1996-03-23,DL-7968070398,Son,0,
DRV-11309,CLM-01310,Chakrika,Aayush,Padmanabhan,Chakrika Padmanabhan,97538951985,chakrika23@outlook.co.in,F,UID-961490665276,1981-11-15,DL-5149015324,Friend,0,
DRV-11310,CLM-01311,Chasmum,,Peri,Chasmum Peri,97034804959,chasmum50@rediffmail.com,F,VOTER-D899502,1978-04-15,DL-4604144485,Relative,0,
DRV-11311,CLM-01312,Kala,,Balan,Kala Balan,98035568107,kala51@gmail.com,F,VOTER-A956617,1966-01-15,DL-6185735281,Spouse,0,
DRV-11312,CLM-01313,Sneha,,Swaminathan,Sneha Swaminathan,99738266006,sneha26@live.com,M,UID-959127949997,1982-07-07,DL-9308649869,Friend,0,
DRV-11313,CLM-01314,Lipika,,Ramaswamy,Lipika Ramaswamy,97637932087,lipika98@yahoo.com,F,UID-860257235588,1980-10-30,DL-1564337087,Self,1,MEM-10559
DRV-11314,CLM-01315,Ishanvi,,Madan,Ishanvi Madan,99168118695,ishanvi31@yahoo.com,F,VOTER-D166422,1984-04-09,DL-2929064473,Spouse,0,
DRV-11315,CLM-01316,Jhalak,Vasatika,More,Jhalak More,97222277329,jhalak56@gmail.com,F,UID-820475906799,2003-09-25,DL-8767985594,Daughter,0,
DRV-11316,CLM-01317,Chakrika,,Venkatesh,Chakrika Venkatesh,97692158524,chakrika24@hotmail.com,F,UID-843192936711,1955-07-19,DL-9719610125,Paid Driver,0,
DRV-11317,CLM-01318,Upadhriti,Timothy,Kota,Upadhriti Kota,98183582284,upadhriti31@gmail.com,F,AADHAR-8590-2332-2621,1987-07-25,DL-7958861211,Relative,0,
DRV-11318,CLM-01319,Alka,Jagdish,Pandey,Alka Pandey,98464561480,alka91@rediffmail.com,M,VOTER-E457860,1971-12-09,DL-2602276930,Son,0,
DRV-11319,CLM-01320,Logan,,Upadhyay,Logan Upadhyay,99483864531,logan84@hotmail.com,M,UID-532412770722,1990-10-17,DL-9217426575,Self,1,MEM-10972
DRV-11320,CLM-01321,Widisha,Tarak,Krishnamurthy,Widisha Krishnamurthy,99359797350,widisha65@live.com,F,UID-966899101601,1982-01-07,DL-2427586129,Self,1,MEM-12467
DRV-11321,CLM-01322,Shravya,,Shankar,Shravya Shankar,98915081889,shravya92@rediffmail.com,F,VOTER-E650441,2007-11-01,DL-5084503830,Self,1,MEM-10234
DRV-11322,CLM-01323,Vidhi,Yashawini,Konda,Vidhi Konda,98774352236,vidhi56@live.com,M,UID-979993840039,1987-05-08,DL-3276964665,Son,0,
DRV-11323,CLM-01324,Nidhi,Karan,Ben,Nidhi Ben,97831727914,nidhi81@gmail.com,F,AADHAR-4930-2339-2878,1962-06-01,DL-9404318586,Daughter,0,
DRV-11324,CLM-01325,Wyatt,,Kaul,Wyatt Kaul,97030854241,wyatt14@outlook.co.in,M,VOTER-D798679,1989-12-13,DL-5887828173,Self,1,MEM-11910
DRV-11325,CLM-01326,Reva,Victor,Krishnamurthy,Reva Krishnamurthy,98680935199,reva47@yahoo.com,F,VOTER-B801877,1979-08-03,DL-4089421924,Relative,0,
DRV-11326,CLM-01327,Januja,,Chauhan,Januja Chauhan,99187393635,januja44@yahoo.com,F,AADHAR-2940-3618-3718,1988-09-15,DL-7385071081,Paid Driver,0,
DRV-11327,CLM-01328,Rachita,Chakrika,Rout,Rachita Rout,99845021530,rachita77@yahoo.com,F,UID-404621072558,1991-05-30,DL-2204281362,Spouse,0,
DRV-11328,CLM-01329,Tamanna,Wakeeta,Pal,Tamanna Pal,97445162543,tamanna26@rediffmail.com,F,UID-426570353050,2001-12-10,DL-6244089463,Spouse,0,
DRV-11329,CLM-01330,Mohini,Priya,Shetty,Mohini Shetty,98657576639,mohini76@outlook.co.in,M,AADHAR-5805-8187-6134,1955-08-29,DL-4530182044,Son,0,
DRV-11330,CLM-01331,Adya,,Borde,Adya Borde,99830224909,adya69@live.com,F,AADHAR-8631-7738-4207,1969-11-27,DL-4735808467,Self,1,MEM-11143
DRV-11331,CLM-01332,Neha,,Pant,Neha Pant,98967896549,neha28@gmail.com,M,VOTER-A200785,1977-12-15,DL-6111509115,Son,0,
DRV-11332,CLM-01333,Meera,Suhani,Virk,Meera Virk,99414890131,meera84@gmail.com,M,AADHAR-3135-5679-2146,2003-11-29,DL-4630386904,Paid Driver,0,
DRV-11333,CLM-01334,Tanmayi,Osha,Gill,Tanmayi Gill,99484265864,tanmayi69@hotmail.com,F,AADHAR-2170-3235-8996,1978-03-17,DL-9355820137,Self,1,MEM-13312
DRV-11334,CLM-01335,Jagvi,Devika,Deo,Jagvi Deo,97712494777,jagvi34@outlook.co.in,F,VOTER-B942792,1960-04-09,DL-3000296994,Relative,0,
DRV-11335,CLM-01336,Ira,,Buch,Ira Buch,98624095656,ira52@hotmail.com,M,VOTER-A981002,1972-07-26,DL-5374051691,Relative,0,
DRV-11336,CLM-01337,Kashish,,Kari,Kashish Kari,99567919114,kashish81@rediffmail.com,F,VOTER-D974573,1966-06-07,DL-7897033566,Self,1,MEM-10897
DRV-11337,CLM-01338,Vrinda,Chanchal,Bali,Vrinda Bali,99860025687,vrinda49@gmail.com,M,VOTER-D734263,2001-12-02,DL-4442773422,Paid Driver,0,
DRV-11338,CLM-01339,Farhan,Meera,Ahuja,Farhan Ahuja,97198254616,farhan30@hotmail.com,M,UID-888056464419,1999-08-17,DL-9292354370,Self,1,MEM-12083
DRV-11339,CLM-01340,Irya,Pranav,Peri,Irya Peri,99593516533,irya73@live.com,M,VOTER-B211240,2003-09-03,DL-5097155743,Daughter,0,
DRV-11340,CLM-01341,Radha,Hemang,Virk,Radha Virk,97273959600,radha60@hotmail.com,M,UID-816415084401,1989-03-17,DL-3570018118,Spouse,0,
DRV-11341,CLM-01342,Ekavir,Banjeet,Merchant,Ekavir Merchant,99611995664,ekavir42@yahoo.com,M,UID-759296500178,1966-12-23,DL-5725996756,Self,1,MEM-10087
DRV-11342,CLM-01343,Amara,Jeremiah,Arora,Amara Arora,99519228360,amara58@live.com,F,UID-958541834472,1963-05-28,DL-7047144966,Self,1,MEM-11008
DRV-11343,CLM-01344,Gayathri,Aishani,Batra,Gayathri Batra,97115487437,gayathri45@gmail.com,M,UID-404964041692,1957-01-22,DL-9301956972,Spouse,0,
DRV-11344,CLM-01345,Harrison,Neha,Goyal,Harrison Goyal,98730792254,harrison35@gmail.com,M,UID-819786938109,1973-02-03,DL-7930554612,Self,1,MEM-10461
DRV-11345,CLM-01346,Upasna,,Anne,Upasna Anne,98469099206,upasna14@yahoo.com,M,UID-205361907308,1996-10-07,DL-5305708664,Son,0,
DRV-11346,CLM-01347,Nilima,Amol,Keer,Nilima Keer,99308990580,nilima31@rediffmail.com,F,AADHAR-1492-4973-5130,1967-07-11,DL-6745635135,Self,1,MEM-12122
DRV-11347,CLM-01348,Neelima,Chakradev,Mammen,Neelima Mammen,99469320227,neelima59@hotmail.com,F,UID-852114190838,1998-07-01,DL-3841067961,Self,1,MEM-11050
DRV-11348,CLM-01349,Darika,,Vaidya,Darika Vaidya,99993348267,darika90@hotmail.com,F,UID-391526586873,1970-07-05,DL-3364610521,Son,0,
DRV-11349,CLM-01350,Ikbal,,Divan,Ikbal Divan,98525919035,ikbal81@hotmail.com,M,AADHAR-7100-6099-7729,2000-05-13,DL-4956669884,Self,1,MEM-13236
DRV-11350,CLM-01351,Timothy,,Rana,Timothy Rana,97034478586,timothy44@outlook.co.in,M,VOTER-E273196,1963-02-11,DL-6167310921,Self,1,MEM-13138
DRV-11351,CLM-01352,Ishwar,Hemangini,Pandya,Ishwar Pandya,99325328439,ishwar83@hotmail.com,M,VOTER-D681633,1974-05-22,DL-4642362025,Self,1,MEM-10299
DRV-11352,CLM-01353,Balendra,,Anne,Balendra Anne,98530914966,balendra10@outlook.co.in,M,AADHAR-1864-9541-6535,1962-12-20,DL-9687322413,Self,1,MEM-11134
DRV-11353,CLM-01354,Zansi,,Kala,Zansi Kala,99732364930,zansi47@rediffmail.com,M,VOTER-B434886,2000-02-13,DL-2811080538,Son,0,
DRV-11354,CLM-01355,Tamanna,Vasana,Sarkar,Tamanna Sarkar,97397636313,tamanna96@outlook.co.in,F,AADHAR-4896-8183-6685,1988-03-24,DL-3189296881,Paid Driver,0,
DRV-11355,CLM-01356,Bimala,,Parekh,Bimala Parekh,98112180334,bimala92@yahoo.com,M,VOTER-B687202,2001-10-18,DL-7280799121,Relative,0,
DRV-11356,CLM-01357,Qushi,,Sharaf,Qushi Sharaf,99627542533,qushi53@hotmail.com,M,VOTER-A949040,2007-08-26,DL-3560198594,Spouse,0,
DRV-11357,CLM-01358,Mekhala,Prisha,Hari,Mekhala Hari,97052343888,mekhala91@gmail.com,F,UID-298653245221,2007-09-15,DL-8492179854,Self,1,MEM-10036
DRV-11358,CLM-01359,Anya,Eta,Dhawan,Anya Dhawan,98018329275,anya22@rediffmail.com,M,AADHAR-4090-3609-2306,1981-10-22,DL-1686929016,Relative,0,
DRV-11359,CLM-01360,Upkaar,Chanchal,Dutt,Upkaar Dutt,99042898855,upkaar98@live.com,M,AADHAR-3251-7790-2520,1998-08-19,DL-3193051946,Self,1,MEM-13398
DRV-11360,CLM-01361,Lakshit,,Nori,Lakshit Nori,98914911197,lakshit60@rediffmail.com,M,UID-365921117626,1964-10-11,DL-7489674689,Self,1,MEM-12015
DRV-11361,CLM-01362,Sachi,Kiaan,Narasimhan,Sachi Narasimhan,98853628159,sachi95@rediffmail.com,F,UID-848883577199,1994-05-29,DL-3716613563,Self,1,MEM-12585
DRV-11362,CLM-01363,Chaaya,Pahal,Parmar,Chaaya Parmar,97130169219,chaaya26@outlook.co.in,M,UID-537957740379,1974-09-13,DL-8189587126,Son,0,
DRV-11363,CLM-01364,Kashvi,Qushi,Srinivas,Kashvi Srinivas,99154992084,kashvi69@rediffmail.com,M,VOTER-A833940,1963-05-17,DL-2791013444,Paid Driver,0,
DRV-11364,CLM-01365,Ganga,Vinaya,Babu,Ganga Babu,99846401081,ganga32@hotmail.com,M,AADHAR-2933-6101-8244,2003-07-30,DL-6509590515,Son,0,
DRV-11365,CLM-01366,Bhavya,Samuel,Choudhary,Bhavya Choudhary,98430140497,bhavya74@gmail.com,M,VOTER-A150656,1959-11-14,DL-4875180474,Paid Driver,0,
DRV-11366,CLM-01367,Oviya,Hema,Mohanty,Oviya Mohanty,97673760643,oviya44@yahoo.com,F,UID-105870306245,1964-10-08,DL-1953926082,Daughter,0,
DRV-11367,CLM-01368,Abhiram,Tanveer,Chhabra,Abhiram Chhabra,98361580954,abhiram91@outlook.co.in,M,VOTER-C582521,1970-12-19,DL-1700986983,Self,1,MEM-11844
DRV-11368,CLM-01369,Prisha,Ekta,Sarma,Prisha Sarma,97457200781,prisha72@hotmail.com,F,VOTER-B414090,1995-07-25,DL-2867033585,Self,1,MEM-11148
DRV-11369,CLM-01370,Pratyush,,Sem,Pratyush Sem,98827848969,pratyush10@outlook.co.in,M,AADHAR-6858-4853-9896,1974-03-26,DL-6987308735,Self,1,MEM-10981
DRV-11370,CLM-01371,Warda,Falak,Dash,Warda Dash,99810859929,warda32@gmail.com,F,VOTER-D791028,1996-03-09,DL-8901501269,Relative,0,
DRV-11371,CLM-01372,Upma,Oviya,Toor,Upma Toor,97417875448,upma59@rediffmail.com,M,UID-914604364363,1986-08-28,DL-3395850812,Daughter,0,
DRV-11372,CLM-01373,Anvi,,Kara,Anvi Kara,98735210036,anvi19@rediffmail.com,F,AADHAR-3837-9828-4594,1964-08-09,DL-7236651670,Self,1,MEM-11019
DRV-11373,CLM-01374,Yug,Harsh,Chhabra,Yug Chhabra,97213389678,yug12@rediffmail.com,M,UID-587269496507,1961-08-26,DL-5416673170,Self,1,MEM-10035
DRV-11374,CLM-01375,Neelima,,Mukhopadhyay,Neelima Mukhopadhyay,99487400820,neelima38@live.com,F,UID-432151919911,1979-03-25,DL-4068637853,Self,1,MEM-10536
DRV-11375,CLM-01376,Shravya,Pallavi,Nanda,Shravya Nanda,99961692800,shravya83@gmail.com,F,UID-670680379177,2006-07-05,DL-9362758163,Son,0,
DRV-11376,CLM-01377,Elijah,,Joshi,Elijah Joshi,99038811910,elijah75@rediffmail.com,M,VOTER-D720525,1986-08-15,DL-3169855405,Self,1,MEM-12586
DRV-11377,CLM-01378,Anusha,Hemangini,Krish,Anusha Krish,99768577604,anusha90@yahoo.com,M,VOTER-E973383,1963-11-16,DL-2258856579,Son,0,
DRV-11378,CLM-01379,Bishakha,,Shah,Bishakha Shah,97239035076,bishakha94@outlook.co.in,M,AADHAR-7175-6005-9186,1995-11-27,DL-5602856882,Daughter,0,
DRV-11379,CLM-01380,Mohini,,Sachdeva,Mohini Sachdeva,97942823247,mohini97@hotmail.com,F,VOTER-C765837,1988-01-04,DL-3861477373,Paid Driver,0,
DRV-11380,CLM-01381,Warhi,Raksha,Tank,Warhi Tank,98052132483,warhi10@hotmail.com,M,VOTER-B620924,1967-07-14,DL-3797809281,Son,0,
DRV-11381,CLM-01382,Qushi,Krishna,Chander,Qushi Chander,99113878574,qushi87@rediffmail.com,F,VOTER-E194702,1976-02-18,DL-3917665424,Self,1,MEM-10806
DRV-11382,CLM-01383,Kashish,Nikita,De,Kashish De,97561371304,kashish54@gmail.com,M,AADHAR-5335-8873-8466,2003-12-02,DL-9270613484,Friend,0,
DRV-11383,CLM-01384,Jasmit,,Chaudhary,Jasmit Chaudhary,99304419373,jasmit28@hotmail.com,F,AADHAR-5428-4879-3771,1967-01-09,DL-8573508829,Paid Driver,0,
DRV-11384,CLM-01385,Jalsa,Ijaya,Kakar,Jalsa Kakar,99977639271,jalsa29@hotmail.com,F,VOTER-E369547,2000-11-16,DL-6992981216,Self,1,MEM-12964
DRV-11385,CLM-01386,Hema,Ojas,Thaker,Hema Thaker,99656032984,hema67@yahoo.com,F,UID-286217916932,2005-07-01,DL-5182944026,Self,1,MEM-13070
DRV-11386,CLM-01387,Hemal,Orinder,Nagy,Hemal Nagy,99604830467,hemal38@live.com,M,UID-117547903339,1966-06-06,DL-8868503507,Friend,0,
DRV-11387,CLM-01388,Bachittar,Tanveer,Saxena,Bachittar Saxena,99381203993,bachittar21@hotmail.com,M,VOTER-C790459,1986-10-28,DL-2345780832,Self,1,MEM-10975
DRV-11388,CLM-01389,Chasmum,,Choudhury,Chasmum Choudhury,97359105296,chasmum15@yahoo.com,F,AADHAR-3493-8299-3089,1969-02-15,DL-9091809132,Relative,0,
DRV-11389,CLM-01390,Isha,,Lall,Isha Lall,97870123880,isha45@gmail.com,M,UID-962446967185,1958-07-22,DL-2133628833,Son,0,
DRV-11390,CLM-01391,Zilmil,Yuvraj,Dhar,Zilmil Dhar,97464012087,zilmil45@live.com,M,UID-493836634460,1964-07-16,DL-3242193310,Relative,0,
DRV-11391,CLM-01392,Ishita,,Mody,Ishita Mody,99098438266,ishita52@yahoo.com,M,AADHAR-3630-6273-7337,1976-08-30,DL-5801056469,Paid Driver,0,
DRV-11392,CLM-01393,Kritika,Amrita,Swamy,Kritika Swamy,98307931461,kritika22@outlook.co.in,F,AADHAR-7737-6532-5598,1990-12-24,DL-2640203792,Son,0,
DRV-11393,CLM-01394,Priya,Nilima,Khatri,Priya Khatri,98177381330,priya41@outlook.co.in,M,VOTER-E613089,1961-12-31,DL-7832389902,Paid Driver,0,
DRV-11394,CLM-01395,Kiaan,Chakradev,Rao,Kiaan Rao,98443350453,kiaan16@rediffmail.com,M,UID-815701821505,1965-08-21,DL-8532829091,Self,1,MEM-10225
DRV-11395,CLM-01396,Chanchal,Samaksh,Tank,Chanchal Tank,99262373775,chanchal71@outlook.co.in,F,VOTER-D717319,1968-11-21,DL-7469400800,Self,1,MEM-12170
DRV-11396,CLM-01397,Yasti,Praneel,Dave,Yasti Dave,99380145458,yasti45@outlook.co.in,F,AADHAR-8059-8173-6460,1998-10-06,DL-5880808177,Relative,0,
DRV-11397,CLM-01398,Wriddhish,Hemang,Muni,Wriddhish Muni,98770379581,wriddhish33@rediffmail.com,M,UID-274309316538,1991-07-08,DL-4704741550,Self,1,MEM-10188
DRV-11398,CLM-01399,Vaishnavi,,Dugal,Vaishnavi Dugal,97620114034,vaishnavi18@live.com,M,UID-435812443129,1968-10-23,DL-5281016223,Son,0,
DRV-11399,CLM-01400,Anya,,Jaggi,Anya Jaggi,99229404841,anya34@rediffmail.com,F,VOTER-C462574,1981-07-18,DL-7726184292,Friend,0,
DRV-11400,CLM-01401,Janani,Michael,Balakrishnan,Janani Balakrishnan,97159746754,janani19@gmail.com,M,UID-219757096483,2000-02-12,DL-8940680643,Son,0,
DRV-11401,CLM-01402,Onveer,,Wable,Onveer Wable,98440592879,onveer57@outlook.co.in,M,VOTER-E346749,1988-03-23,DL-3177835241,Self,1,MEM-10852
DRV-11402,CLM-01403,Aarnav,,Ganesan,Aarnav Ganesan,98892545935,aarnav87@live.com,M,UID-499444031808,1998-03-14,DL-1446487038,Self,1,MEM-12708
DRV-11403,CLM-01404,Vidhi,Girindra,Karnik,Vidhi Karnik,99947740072,vidhi31@gmail.com,M,VOTER-C411679,1955-08-28,DL-3572802083,Paid Driver,0,
DRV-11404,CLM-01405,Hemani,Naveen,Ganguly,Hemani Ganguly,99968535540,hemani98@outlook.co.in,F,AADHAR-9627-9920-9786,1975-07-26,DL-6721654266,Self,1,MEM-10437
DRV-11405,CLM-01406,Girish,Mahika,Karnik,Girish Karnik,98885456585,girish33@hotmail.com,M,UID-587903082105,2007-07-03,DL-4814060898,Self,1,MEM-10527
DRV-11406,CLM-01407,Advaith,Frado,Bir,Advaith Bir,98478828383,advaith11@rediffmail.com,M,VOTER-D562594,1989-11-24,DL-8650003234,Self,1,MEM-13013
DRV-11407,CLM-01408,Mitali,Netra,Shan,Mitali Shan,99016151570,mitali38@live.com,M,AADHAR-1184-2431-6020,1974-01-20,DL-5058825162,Son,0,
DRV-11408,CLM-01409,Chaaya,Nisha,Kala,Chaaya Kala,97948627187,chaaya29@yahoo.com,F,VOTER-B337987,1957-05-13,DL-2599532198,Friend,0,
DRV-11409,CLM-01410,Sara,Tanish,Rajagopalan,Sara Rajagopalan,98482974964,sara88@yahoo.com,F,VOTER-A533479,1955-05-01,DL-1869338667,Spouse,0,
DRV-11410,CLM-01411,Hritik,,Batra,Hritik Batra,98976808205,hritik46@gmail.com,M,AADHAR-2196-2171-3326,1978-08-27,DL-8535774116,Self,1,MEM-12294
DRV-11411,CLM-01412,Baghyawati,,Sant,Baghyawati Sant,99876660402,baghyawati15@hotmail.com,F,AADHAR-6583-9655-4569,1967-07-02,DL-2688284119,Self,1,MEM-10524
DRV-11412,CLM-01413,Panini,,Kapur,Panini Kapur,98650021744,panini81@rediffmail.com,M,AADHAR-6344-6452-6628,1965-02-22,DL-3541430042,Spouse,0,
DRV-11413,CLM-01414,Ekta,,Issac,Ekta Issac,98243519637,ekta31@hotmail.com,F,UID-182949994288,1991-07-14,DL-9823656439,Friend,0,
DRV-11414,CLM-01415,Ekanta,Darpan,Raj,Ekanta Raj,99465491939,ekanta11@hotmail.com,M,VOTER-B976698,1986-01-16,DL-9168115204,Son,0,
DRV-11415,CLM-01416,Tamanna,Shravya,Chhabra,Tamanna Chhabra,97000218261,tamanna32@hotmail.com,F,VOTER-D828258,1993-06-08,DL-5079801851,Self,1,MEM-12198
DRV-11416,CLM-01417,Jason,Aarna,Kumer,Jason Kumer,99578267982,jason25@yahoo.com,M,AADHAR-3917-7511-7495,1981-10-05,DL-3243642458,Self,1,MEM-11457
DRV-11417,CLM-01418,Barkha,Faras,Kala,Barkha Kala,99659328889,barkha33@live.com,F,VOTER-D819939,1959-01-09,DL-7664400372,Spouse,0,
DRV-11418,CLM-01419,Anusha,Daniel,Walla,Anusha Walla,97115007193,anusha77@hotmail.com,F,VOTER-D947122,1969-03-10,DL-9837477945,Daughter,0,
DRV-11419,CLM-01420,Hemangini,Bina,Sankaran,Hemangini Sankaran,97320623240,hemangini65@outlook.co.in,F,UID-719081089677,1991-02-27,DL-3061890874,Self,1,MEM-13498
DRV-11420,CLM-01421,Farhan,Vyanjana,Parmer,Farhan Parmer,99247656210,farhan53@outlook.co.in,M,VOTER-D937507,1972-07-18,DL-6649711606,Self,1,MEM-11333
DRV-11421,CLM-01422,Warhi,Wahab,Raju,Warhi Raju,98040503485,warhi75@gmail.com,F,UID-222596484687,1990-04-11,DL-8653055662,Relative,0,
DRV-11422,CLM-01423,Wakeeta,Christopher,Seshadri,Wakeeta Seshadri,98261258430,wakeeta11@outlook.co.in,F,VOTER-D825388,1968-11-21,DL-2813627890,Friend,0,
DRV-11423,CLM-01424,Omya,Rachana,Kurian,Omya Kurian,99980008665,omya12@yahoo.com,F,UID-831561046765,2003-10-31,DL-5433242943,Self,1,MEM-13224
DRV-11424,CLM-01425,Yachana,Gaurav,Dave,Yachana Dave,98860493180,yachana18@hotmail.com,F,AADHAR-3277-8585-4918,1978-04-25,DL-2889861083,Paid Driver,0,
DRV-11425,CLM-01426,Bimala,Ishanvi,Singh,Bimala Singh,97515145653,bimala95@rediffmail.com,F,VOTER-C124600,1961-02-01,DL-2122789355,Daughter,0,
DRV-11426,CLM-01427,Vivaan,Elijah,Sharma,Vivaan Sharma,97886988029,vivaan18@yahoo.com,M,VOTER-A857268,1968-10-20,DL-9126412888,Self,1,MEM-10260
DRV-11427,CLM-01428,Timothy,,Rana,Timothy Rana,97034478586,timothy44@outlook.co.in,M,VOTER-E273196,1963-02-11,DL-5060619050,Self,1,MEM-13138
DRV-11428,CLM-01429,Nakul,,Bhavsar,Nakul Bhavsar,98040948393,nakul28@hotmail.com,M,UID-942945540851,1977-02-16,DL-6459345564,Self,1,MEM-12222
DRV-11429,CLM-01430,Zaid,,Prakash,Zaid Prakash,97454150876,zaid81@gmail.com,M,VOTER-C324377,1977-05-14,DL-2764445388,Self,1,MEM-12223
DRV-11430,CLM-01431,Reva,Barkha,Kalita,Reva Kalita,98556444551,reva56@outlook.co.in,F,VOTER-B205730,1988-07-30,DL-1296278412,Self,1,MEM-10795
DRV-11431,CLM-01432,Kalpit,,Kalla,Kalpit Kalla,99118355289,kalpit77@gmail.com,M,UID-737039376119,1968-01-29,DL-8795203037,Self,1,MEM-11961
DRV-11432,CLM-01433,Tara,Chatura,Hayer,Tara Hayer,99215081152,tara67@rediffmail.com,F,AADHAR-7239-4974-1395,2006-01-30,DL-6099591858,Friend,0,
DRV-11433,CLM-01434,Tanveer,Yashvi,Ravel,Tanveer Ravel,98050720044,tanveer48@yahoo.com,M,UID-336392980370,1968-11-22,DL-5564242335,Self,1,MEM-10551
DRV-11434,CLM-01435,Adya,Chakradev,Bose,Adya Bose,98785257340,adya82@rediffmail.com,M,UID-331367715202,1996-03-09,DL-6166025532,Spouse,0,
DRV-11435,CLM-01436,Yashvi,Fiyaz,Sahni,Yashvi Sahni,98341301199,yashvi26@outlook.co.in,F,UID-242992483287,1993-06-01,DL-6522688208,Self,1,MEM-10462
DRV-11436,CLM-01437,Krisha,Adweta,Munshi,Krisha Munshi,98621963495,krisha84@hotmail.com,F,UID-301621001816,1960-01-08,DL-8053826940,Son,0,
DRV-11437,CLM-01438,Hiral,Saanvi,Nazareth,Hiral Nazareth,98829480429,hiral45@yahoo.com,F,VOTER-D407443,1982-05-21,DL-1213509844,Spouse,0,
DRV-11438,CLM-01439,Hemal,Kavya,Dani,Hemal Dani,99057225141,hemal14@hotmail.com,M,AADHAR-7854-8720-5268,2003-12-08,DL-8177521076,Friend,0,
DRV-11439,CLM-01440,Meera,,Tella,Meera Tella,99236720094,meera96@live.com,M,AADHAR-4878-7427-8802,1986-01-20,DL-4718627358,Spouse,0,
DRV-11440,CLM-01441,Tanvi,,Sama,Tanvi Sama,99139574310,tanvi62@live.com,F,UID-611767048169,1995-01-01,DL-3899086052,Daughter,0,
DRV-11441,CLM-01442,Harita,,Lal,Harita Lal,99974042037,harita76@yahoo.com,M,UID-408315097865,1964-07-02,DL-8409331965,Son,0,
DRV-11442,CLM-01443,Tripti,,Pall,Tripti Pall,99948153205,tripti39@hotmail.com,F,VOTER-E461782,1984-04-05,DL-1395814475,Self,1,MEM-13171
DRV-11443,CLM-01444,Priya,Vasudha,Nigam,Priya Nigam,99446341135,priya52@outlook.co.in,F,UID-419732816288,1983-02-13,DL-2937611712,Self,1,MEM-10394
DRV-11444,CLM-01445,Aahana,Upasna,Devan,Aahana Devan,99219745890,aahana77@gmail.com,F,UID-435566836873,1967-04-18,DL-7980541823,Self,1,MEM-10639
DRV-11445,CLM-01446,Ubika,Januja,Dave,Ubika Dave,97367334022,ubika49@rediffmail.com,F,VOTER-C838617,1982-12-04,DL-1923355183,Friend,0,
DRV-11446,CLM-01447,Rushil,,Khurana,Rushil Khurana,97646252093,rushil58@outlook.co.in,M,AADHAR-1391-7467-6096,2001-04-19,DL-4143922610,Self,1,MEM-13275
DRV-11447,CLM-01448,Nidra,Nathan,Panchal,Nidra Panchal,97187556266,nidra22@hotmail.com,F,VOTER-C149967,1973-09-22,DL-4113418620,Spouse,0,
DRV-11448,CLM-01449,Ojasvi,Parth,Prashad,Ojasvi Prashad,98984968459,ojasvi16@rediffmail.com,F,AADHAR-2630-1614-6751,1968-03-20,DL-9419080618,Paid Driver,0,
DRV-11449,CLM-01450,Kamya,Onkar,Chopra,Kamya Chopra,98508685446,kamya12@outlook.co.in,F,UID-634015780607,1995-03-01,DL-6487843352,Self,1,MEM-12293
DRV-11450,CLM-01451,Ekaja,Viraj,Divan,Ekaja Divan,97287782730,ekaja16@gmail.com,F,AADHAR-7239-2082-9634,1993-01-07,DL-6926341487,Relative,0,
DRV-11451,CLM-01452,Nilima,Ikbal,Choudhury,Nilima Choudhury,99228361536,nilima53@outlook.co.in,F,UID-726995835523,1983-04-28,DL-8641875204,Paid Driver,0,
DRV-11452,CLM-01453,Ucchal,Chasmum,Garg,Ucchal Garg,99701244606,ucchal29@gmail.com,F,UID-638403750901,1972-02-12,DL-7564776994,Self,1,MEM-11170
DRV-11453,CLM-01454,Gayathri,Barkha,Sarraf,Gayathri Sarraf,98588730734,gayathri14@rediffmail.com,F,UID-260332912474,2002-02-24,DL-6642903257,Friend,0,
DRV-11454,CLM-01455,Sanya,Dominic,Bedi,Sanya Bedi,98305080950,sanya95@gmail.com,M,AADHAR-3852-8747-7042,1979-05-31,DL-9266606805,Friend,0,
DRV-11455,CLM-01456,Yashoda,Maanav,Bhattacharyya,Yashoda Bhattacharyya,98990842655,yashoda44@yahoo.com,F,UID-522877461889,1970-05-27,DL-2324378922,Relative,0,
DRV-11456,CLM-01457,Aarav,,Singh,Aarav Singh,97171020465,aarav73@gmail.com,M,VOTER-D318816,1981-09-04,DL-4925735878,Self,1,MEM-12019
DRV-11457,CLM-01458,Tanmayi,,Aggarwal,Tanmayi Aggarwal,97386508722,tanmayi96@outlook.co.in,F,VOTER-D407156,2004-08-12,DL-4351178514,Paid Driver,0,
DRV-11458,CLM-01459,Warda,Amrita,Bawa,Warda Bawa,98175462087,warda30@hotmail.com,M,VOTER-C855812,1975-04-25,DL-4476629026,Friend,0,
DRV-11459,CLM-01460,Rajeshri,,Divan,Rajeshri Divan,97611269565,rajeshri39@rediffmail.com,F,VOTER-A643251,1964-06-09,DL-9342860683,Spouse,0,
DRV-11460,CLM-01461,Rachana,Lakshit,Pandey,Rachana Pandey,99679789834,rachana51@outlook.co.in,M,AADHAR-8295-4988-5899,1957-04-26,DL-7570758480,Spouse,0,
DRV-11461,CLM-01462,Leela,,Sethi,Leela Sethi,99010928551,leela17@outlook.co.in,M,VOTER-E301681,2006-05-25,DL-1892810775,Friend,0,
DRV-11462,CLM-01463,Ishita,Hardik,Kalla,Ishita Kalla,98225877662,ishita57@yahoo.com,M,UID-824175382775,1975-07-09,DL-3708013275,Friend,0,
DRV-11463,CLM-01464,Vaishnavi,,Pandya,Vaishnavi Pandya,98536834847,vaishnavi37@rediffmail.com,F,VOTER-E821287,1968-02-14,DL-7525336869,Self,1,MEM-11439
DRV-11464,CLM-01465,Oviya,,Kar,Oviya Kar,97990504311,oviya66@rediffmail.com,F,UID-816224390405,1994-05-30,DL-5783047504,Self,1,MEM-10941
DRV-11465,CLM-01466,Wishi,Wazir,Hegde,Wishi Hegde,99652443740,wishi71@yahoo.com,F,AADHAR-5756-4038-2916,1963-07-04,DL-8651862048,Self,1,MEM-12622
DRV-11466,CLM-01467,Prisha,Balvan,Maharaj,Prisha Maharaj,98719383827,prisha91@outlook.co.in,F,VOTER-C115584,2003-06-25,DL-9635307639,Self,1,MEM-12337
DRV-11467,CLM-01468,Henry,Sathvik,Pingle,Henry Pingle,97942011292,henry63@yahoo.com,M,UID-178090404802,1979-05-15,DL-1146384899,Self,1,MEM-10759
DRV-11468,CLM-01469,Girish,Zansi,Seshadri,Girish Seshadri,98640258409,girish54@rediffmail.com,M,UID-674365278412,2001-05-26,DL-4082886909,Self,1,MEM-12080
DRV-11469,CLM-01470,Niharika,,Sangha,Niharika Sangha,98355183075,niharika53@hotmail.com,F,VOTER-D669375,2000-11-24,DL-7981298360,Self,1,MEM-10409
DRV-11470,CLM-01471,Chandani,Gautami,Shere,Chandani Shere,98285022962,chandani61@hotmail.com,F,UID-806331971606,1976-02-05,DL-2312715264,Self,1,MEM-12109
DRV-11471,CLM-01472,Reyansh,Kashish,Oommen,Reyansh Oommen,97353521730,reyansh85@hotmail.com,M,VOTER-C543715,1987-12-23,DL-4112398892,Self,1,MEM-11231
DRV-11472,CLM-01473,Tripti,Saksham,Natt,Tripti Natt,98093706774,tripti10@hotmail.com,F,VOTER-C575627,2005-06-24,DL-6545542614,Relative,0,
DRV-11473,CLM-01474,Varsha,Aachal,Kumer,Varsha Kumer,99494341708,varsha92@outlook.co.in,M,UID-792177347901,1968-11-01,DL-8804761125,Daughter,0,
DRV-11474,CLM-01475,Omya,Rachana,Kurian,Omya Kurian,99980008665,omya12@yahoo.com,F,UID-831561046765,2003-10-31,DL-2824771549,Self,1,MEM-13224
DRV-11475,CLM-01476,Aishani,Samesh,Dash,Aishani Dash,98910624926,aishani39@live.com,M,VOTER-B213981,2005-05-23,DL-6686011766,Relative,0,
DRV-11476,CLM-01477,Prisha,,Pant,Prisha Pant,98347095433,prisha84@live.com,M,VOTER-C317323,1981-11-13,DL-2350151842,Son,0,
DRV-11477,CLM-01478,Balendra,Gopal,Amble,Balendra Amble,99129054269,balendra55@gmail.com,M,VOTER-C259489,1983-10-26,DL-1593427604,Self,1,MEM-10450
DRV-11478,CLM-01479,Eshana,Andrew,Saraf,Eshana Saraf,97770578380,eshana29@gmail.com,F,VOTER-D681675,1979-10-02,DL-1479712492,Paid Driver,0,
DRV-11479,CLM-01480,Krishna,,Gera,Krishna Gera,98461159799,krishna92@rediffmail.com,F,UID-651677355999,1979-01-27,DL-6539105470,Daughter,0,
DRV-11480,CLM-01481,Hritik,Chameli,Sachar,Hritik Sachar,99728520350,hritik50@hotmail.com,M,VOTER-B597491,1970-04-28,DL-5497693969,Self,1,MEM-12102
DRV-11481,CLM-01482,Anika,Ojas,Chauhan,Anika Chauhan,98114159504,anika38@outlook.co.in,F,UID-736853716129,2000-03-26,DL-7982789124,Spouse,0,
DRV-11482,CLM-01483,Ira,Liam,Ganguly,Ira Ganguly,99810401066,ira44@outlook.co.in,F,AADHAR-7987-1897-4612,1965-09-05,DL-4472193657,Daughter,0,
DRV-11483,CLM-01484,Leena,Zayan,Varma,Leena Varma,98474032739,leena69@live.com,F,UID-536470561312,2002-12-10,DL-9632973968,Self,1,MEM-10332
DRV-11484,CLM-01485,Chandani,Mekhala,Shan,Chandani Shan,99864444257,chandani98@outlook.co.in,F,AADHAR-7793-3866-2099,1985-04-06,DL-2725215459,Self,1,MEM-11688
DRV-11485,CLM-01486,Ojasvi,Oliver,Ravi,Ojasvi Ravi,97022041138,ojasvi38@live.com,M,VOTER-A440020,1992-03-04,DL-6623571545,Paid Driver,0,
DRV-11486,CLM-01487,Hema,Liam,Palla,Hema Palla,97369375626,hema68@yahoo.com,F,AADHAR-1462-4381-1667,2002-10-21,DL-7835722526,Spouse,0,
DRV-11487,CLM-01488,Prisha,Pranit,Zachariah,Prisha Zachariah,97097717201,prisha99@outlook.co.in,M,UID-647112873719,1972-08-20,DL-4776804741,Friend,0,
DRV-11488,CLM-01489,Triveni,,Dash,Triveni Dash,97099534514,triveni48@hotmail.com,F,AADHAR-7685-4401-6060,1995-06-20,DL-9071757400,Spouse,0,
DRV-11489,CLM-01490,Manya,Urishilla,Rau,Manya Rau,97318447534,manya51@rediffmail.com,F,UID-294872251187,1984-03-06,DL-7838110150,Spouse,0,
DRV-11490,CLM-01491,Hemani,,Krishna,Hemani Krishna,98925366254,hemani19@outlook.co.in,F,AADHAR-6901-7984-9922,1970-04-14,DL-7079977438,Paid Driver,0,
DRV-11491,CLM-01492,Hamsini,Wakeeta,Gala,Hamsini Gala,98727361053,hamsini15@outlook.co.in,M,UID-659555787330,1996-04-25,DL-7370334634,Relative,0,
DRV-11492,CLM-01493,Zinal,Hemal,Dara,Zinal Dara,99558146360,zinal36@yahoo.com,F,UID-397736755614,1999-05-02,DL-5386547917,Self,1,MEM-11298
DRV-11493,CLM-01494,Bakhshi,Aadhya,Bath,Bakhshi Bath,98329198540,bakhshi53@yahoo.com,M,VOTER-E112396,1991-08-12,DL-2726042503,Self,1,MEM-11668
DRV-11494,CLM-01495,Gaurangi,,Samra,Gaurangi Samra,98889502709,gaurangi75@hotmail.com,F,UID-291709620847,1961-06-23,DL-8935191648,Spouse,0,
DRV-11495,CLM-01496,Omisha,Urishilla,Naidu,Omisha Naidu,98367063892,omisha27@yahoo.com,F,VOTER-B914841,1965-09-08,DL-5907908440,Self,1,MEM-11394
DRV-11496,CLM-01497,Ira,Kamya,Hora,Ira Hora,98697085886,ira87@yahoo.com,M,UID-505167684976,1957-12-10,DL-2914654071,Friend,0,
DRV-11497,CLM-01498,Nandini,Finn,Korpal,Nandini Korpal,98119856831,nandini96@gmail.com,F,UID-968634677793,1968-07-13,DL-5914307822,Relative,0,
DRV-11498,CLM-01499,Vasudha,Aradhana,Kapoor,Vasudha Kapoor,99163681707,vasudha33@rediffmail.com,F,AADHAR-8141-2386-7112,1957-06-29,DL-8931705693,Relative,0,
DRV-11499,CLM-01500,Krishna,Joshua,Tara,Krishna Tara,98573997072,krishna36@gmail.com,M,VOTER-A618242,1996-01-09,DL-8259463796,Self,1,MEM-10777
DRV-11500,CLM-01501,Abha,Mahika,Sandhu,Abha Sandhu,98810847989,abha39@hotmail.com,F,UID-898602579007,1987-02-11,DL-8843860330,Self,1,MEM-12184
DRV-11501,CLM-01502,Bhavna,Yamini,Mahal,Bhavna Mahal,99977457056,bhavna70@gmail.com,M,UID-916383831406,1992-01-02,DL-3147315976,Friend,0,
DRV-11502,CLM-01503,Lavanya,Sanya,Mahajan,Lavanya Mahajan,97857689378,lavanya93@rediffmail.com,F,VOTER-C694903,2003-10-30,DL-2647798189,Self,1,MEM-12842
DRV-11503,CLM-01504,Yashawini,Charvi,Bala,Yashawini Bala,99247324391,yashawini22@live.com,M,VOTER-D893617,1967-08-23,DL-1994867748,Son,0,
DRV-11504,CLM-01505,Pooja,Irya,Om,Pooja Om,99795838028,pooja67@hotmail.com,F,UID-808604479499,1979-12-01,DL-4044203607,Relative,0,
DRV-11505,CLM-01506,Dayamai,Vedant,Khurana,Dayamai Khurana,99115935430,dayamai27@gmail.com,F,VOTER-E693946,1962-06-08,DL-4826574901,Self,1,MEM-11371
DRV-11506,CLM-01507,Avni,Rehaan,D’Alia,Avni D’Alia,99906075168,avni82@hotmail.com,F,AADHAR-5716-3878-8636,1989-03-27,DL-2400026254,Spouse,0,
DRV-11507,CLM-01508,Abha,Mahika,Sandhu,Abha Sandhu,98810847989,abha39@hotmail.com,F,UID-898602579007,1987-02-11,DL-2783204304,Self,1,MEM-12184
DRV-11508,CLM-01509,Quincy,Lila,Raval,Quincy Raval,98039459885,quincy61@rediffmail.com,M,UID-696256838124,1983-06-17,DL-5089106498,Self,1,MEM-11508
DRV-11509,CLM-01510,Jacob,,Maharaj,Jacob Maharaj,98895059633,jacob85@yahoo.com,M,VOTER-B831157,1961-10-10,DL-9055490255,Self,1,MEM-12839
DRV-11510,CLM-01511,Kamya,Vinaya,Sekhon,Kamya Sekhon,99878568399,kamya85@yahoo.com,M,VOTER-D234999,1960-02-21,DL-3273445928,Son,0,
DRV-11511,CLM-01512,Wriddhish,,Wason,Wriddhish Wason,99019381333,wriddhish92@outlook.co.in,M,UID-742936802604,1980-10-13,DL-5496095761,Self,1,MEM-11163
DRV-11512,CLM-01513,Nisha,Vinaya,Bahl,Nisha Bahl,99054325482,nisha67@gmail.com,F,VOTER-D555620,1966-09-21,DL-7831747911,Relative,0,
DRV-11513,CLM-01514,Nisha,Anirudh,Mitter,Nisha Mitter,98753136172,nisha69@yahoo.com,F,AADHAR-3068-2325-5258,1976-12-14,DL-2607200520,Daughter,0,
DRV-11514,CLM-01515,Januja,Gavin,Upadhyay,Januja Upadhyay,97350759515,januja80@yahoo.com,F,AADHAR-6918-3007-4581,1967-06-02,DL-5279665528,Self,1,MEM-10363
DRV-11515,CLM-01516,Nisha,Lavanya,Ram,Nisha Ram,97425338104,nisha80@gmail.com,F,UID-919698584261,1986-12-04,DL-7507582489,Relative,0,
DRV-11516,CLM-01517,Adya,Jeet,Kata,Adya Kata,98104236266,adya53@outlook.co.in,F,UID-291802085478,1983-03-16,DL-1260140265,Self,1,MEM-11087
DRV-11517,CLM-01518,Bhavini,Tanay,Srivastava,Bhavini Srivastava,97435707252,bhavini96@hotmail.com,F,VOTER-C780084,1964-02-15,DL-5448234304,Self,1,MEM-10843
DRV-11518,CLM-01519,Abha,Arunima,Nair,Abha Nair,99574297686,abha91@rediffmail.com,F,UID-588309858359,1972-12-02,DL-9744311444,Self,1,MEM-13247
DRV-11519,CLM-01520,Vinaya,Wridesh,Chopra,Vinaya Chopra,99952754023,vinaya67@outlook.co.in,F,AADHAR-2568-9302-4991,1967-04-17,DL-6637994911,Relative,0,
DRV-11520,CLM-01521,Aahana,,Mallick,Aahana Mallick,99255250516,aahana34@outlook.co.in,M,UID-315946617306,1965-07-08,DL-2714242384,Friend,0,
DRV-11521,CLM-01522,Gautami,Rishi,Suresh,Gautami Suresh,98418048410,gautami28@rediffmail.com,M,UID-615921452581,2004-11-12,DL-4030734030,Paid Driver,0,
DRV-11522,CLM-01523,Shivani,,Sagar,Shivani Sagar,99475575409,shivani30@hotmail.com,M,VOTER-E903807,1984-05-12,DL-5567070313,Relative,0,
DRV-11523,CLM-01524,Ladli,,Ramachandran,Ladli Ramachandran,97654137687,ladli69@outlook.co.in,F,AADHAR-6840-6988-2277,1963-04-15,DL-7117146373,Friend,0,
DRV-11524,CLM-01525,Bishakha,Radhika,Varkey,Bishakha Varkey,98349890492,bishakha41@outlook.co.in,M,UID-680150324641,1999-09-22,DL-9955258990,Spouse,0,
DRV-11525,CLM-01526,Riya,Yug,Bava,Riya Bava,98953742352,riya23@yahoo.com,F,VOTER-D696797,1978-11-09,DL-4562723384,Relative,0,
DRV-11526,CLM-01527,Mitali,Jasmit,Dutt,Mitali Dutt,99206796724,mitali90@live.com,F,VOTER-D186936,1995-03-07,DL-4339047332,Self,1,MEM-10062
DRV-11527,CLM-01528,Anjali,Vritti,Hari,Anjali Hari,98384482131,anjali83@rediffmail.com,F,AADHAR-3862-6485-1388,1974-12-12,DL-1327831548,Son,0,
DRV-11528,CLM-01529,Ekiya,,Bains,Ekiya Bains,99168602561,ekiya79@gmail.com,F,AADHAR-9751-7080-5506,1990-10-07,DL-3495653736,Paid Driver,0,
DRV-11529,CLM-01530,Anya,David,Chaudhry,Anya Chaudhry,97134703084,anya26@outlook.co.in,M,AADHAR-8252-8230-7936,1997-01-05,DL-7466423030,Son,0,
DRV-11530,CLM-01531,Dhriti,,Puri,Dhriti Puri,98620633324,dhriti36@live.com,F,UID-922260183017,1984-01-09,DL-1055798878,Son,0,
DRV-11531,CLM-01532,Anya,Raksha,Lad,Anya Lad,98412415716,anya55@hotmail.com,F,UID-255626768032,1959-07-23,DL-7759115737,Son,0,
DRV-11532,CLM-01533,Vansha,Caleb,Bandi,Vansha Bandi,99325424441,vansha33@rediffmail.com,F,VOTER-A664514,1996-11-26,DL-6091965131,Self,1,MEM-12919
DRV-11533,CLM-01534,Vinaya,,Tak,Vinaya Tak,99202051759,vinaya48@outlook.co.in,F,UID-730375826260,1989-11-07,DL-6842220991,Self,1,MEM-10598
DRV-11534,CLM-01535,Yashoda,Hredhaan,Jain,Yashoda Jain,98259951183,yashoda81@yahoo.com,F,UID-336329791651,2004-06-25,DL-1070038768,Son,0,
DRV-11535,CLM-01536,Sudiksha,Chanakya,Baral,Sudiksha Baral,98097719661,sudiksha30@hotmail.com,M,UID-221293864216,1968-02-23,DL-3229316157,Spouse,0,
DRV-11536,CLM-01537,Darika,Zarna,Narayan,Darika Narayan,98273629899,darika27@outlook.co.in,M,UID-262891371719,1989-07-21,DL-6154196752,Daughter,0,
DRV-11537,CLM-01538,Irya,Advik,Nanda,Irya Nanda,98540326811,irya74@live.com,F,UID-717648186513,1976-11-16,DL-2913047117,Paid Driver,0,
DRV-11538,CLM-01539,Hredhaan,,Rege,Hredhaan Rege,98610960824,hredhaan28@hotmail.com,M,UID-850518599021,1961-02-17,DL-4785100365,Self,1,MEM-12542
DRV-11539,CLM-01540,Yashvi,,Chadha,Yashvi Chadha,98618219018,yashvi45@outlook.co.in,M,UID-453762818734,1964-10-29,DL-7459303300,Paid Driver,0,
DRV-11540,CLM-01541,Lavanya,,Kanda,Lavanya Kanda,97740687688,lavanya15@gmail.com,F,UID-475155202872,1997-12-24,DL-6022206680,Self,1,MEM-12577
DRV-11541,CLM-01542,Yashoda,Hitesh,Anne,Yashoda Anne,99705592849,yashoda88@outlook.co.in,F,AADHAR-5158-1951-4469,1985-03-11,DL-8903007070,Relative,0,
DRV-11542,CLM-01543,Ishani,Nirja,Deep,Ishani Deep,99222050401,ishani71@outlook.co.in,F,VOTER-B290303,2002-12-27,DL-9309277228,Friend,0,
DRV-11543,CLM-01544,Vasudha,Charles,Varughese,Vasudha Varughese,99497511809,vasudha63@rediffmail.com,M,UID-348418984139,1995-08-06,DL-9758190589,Son,0,
DRV-11544,CLM-01545,Eshana,,Kata,Eshana Kata,98799072625,eshana90@live.com,M,VOTER-B661628,1960-12-18,DL-9055353864,Son,0,
DRV-11545,CLM-01546,Tamanna,,Mane,Tamanna Mane,98378248235,tamanna61@rediffmail.com,M,VOTER-D728385,1976-08-27,DL-9350851850,Relative,0,
DRV-11546,CLM-01547,Charvi,Priya,Ratta,Charvi Ratta,97133464183,charvi95@yahoo.com,F,VOTER-C204818,1983-08-31,DL-1400910967,Friend,0,
DRV-11547,CLM-01548,Raagini,Zayan,Nadig,Raagini Nadig,98709679711,raagini13@gmail.com,F,VOTER-C684828,2006-01-20,DL-6194312378,Friend,0,
DRV-11548,CLM-01549,Kiaan,Bimala,Kalla,Kiaan Kalla,99102314327,kiaan43@yahoo.com,M,AADHAR-6793-9522-8456,1981-12-24,DL-7536543193,Self,1,MEM-10846
DRV-11549,CLM-01550,Dhriti,,Rege,Dhriti Rege,98876281005,dhriti80@gmail.com,M,AADHAR-8939-3676-2264,1988-03-29,DL-6362112631,Paid Driver,0,
DRV-11550,CLM-01551,Chandani,Anay,Raval,Chandani Raval,98173905711,chandani52@rediffmail.com,M,VOTER-A240017,1980-10-21,DL-9779394354,Spouse,0,
DRV-11551,CLM-01552,Garima,Ekani,Khatri,Garima Khatri,97334028683,garima82@yahoo.com,F,AADHAR-1618-3572-8859,1955-04-21,DL-7480885032,Paid Driver,0,
DRV-11552,CLM-01553,Abdul,Yadavi,More,Abdul More,97934481618,abdul25@rediffmail.com,M,UID-773619574908,1985-05-22,DL-2916276145,Self,1,MEM-11680
DRV-11553,CLM-01554,Vaishnavi,Yoshita,Sinha,Vaishnavi Sinha,98550784141,vaishnavi12@rediffmail.com,M,AADHAR-7788-7543-1216,1997-01-12,DL-4173835106,Friend,0,
DRV-11554,CLM-01555,Manthan,Eta,Gara,Manthan Gara,97682361530,manthan66@gmail.com,M,AADHAR-9810-9855-5069,2003-08-19,DL-9705108503,Self,1,MEM-10809
DRV-11555,CLM-01556,Elijah,Tanish,Barad,Elijah Barad,99332950970,elijah85@rediffmail.com,M,VOTER-A861784,1986-06-25,DL-4215106175,Self,1,MEM-12877
DRV-11556,CLM-01557,Harita,,Biswas,Harita Biswas,97681036204,harita57@live.com,F,VOTER-D556475,1970-10-19,DL-5187532753,Relative,0,
DRV-11557,CLM-01558,William,,Halder,William Halder,98179705276,william52@yahoo.com,M,VOTER-B911864,1978-10-15,DL-3478941698,Self,1,MEM-12544
DRV-11558,CLM-01559,Leena,Benjamin,Jhaveri,Leena Jhaveri,99234181950,leena31@rediffmail.com,F,AADHAR-9041-5740-6038,1988-10-05,DL-5616746736,Self,1,MEM-12567
DRV-11559,CLM-01560,Yashvi,,Verma,Yashvi Verma,98326278157,yashvi97@gmail.com,F,AADHAR-3681-2334-8265,2004-05-06,DL-9190825210,Friend,0,
DRV-11560,CLM-01561,Yashodhara,,Muni,Yashodhara Muni,97831459363,yashodhara23@live.com,F,UID-788517532272,1972-07-14,DL-4724180210,Paid Driver,0,
DRV-11561,CLM-01562,Hemal,Hemang,Soni,Hemal Soni,99158454283,hemal93@gmail.com,F,UID-982597694588,2001-11-21,DL-3750705776,Daughter,0,
DRV-11562,CLM-01563,Pushti,,Prasad,Pushti Prasad,99181450647,pushti98@gmail.com,M,UID-940058099509,1958-03-17,DL-7292985083,Friend,0,
DRV-11563,CLM-01564,Idika,,Anand,Idika Anand,98705800992,idika52@gmail.com,F,VOTER-B332196,1982-06-10,DL-3115083950,Paid Driver,0,
DRV-11564,CLM-01565,Yutika,,Bhasin,Yutika Bhasin,99635857816,yutika43@hotmail.com,F,UID-355038084017,1988-03-21,DL-9770531833,Self,1,MEM-13002
DRV-11565,CLM-01566,Nisha,,Chaudhry,Nisha Chaudhry,99090184971,nisha52@outlook.co.in,F,VOTER-B822796,1990-01-11,DL-8398624826,Self,1,MEM-10155
DRV-11566,CLM-01567,Vidhi,,Mukhopadhyay,Vidhi Mukhopadhyay,98108764998,vidhi23@yahoo.com,M,VOTER-C305132,1966-04-05,DL-3236060371,Paid Driver,0,
DRV-11567,CLM-01568,Nidra,,Mohan,Nidra Mohan,98236393900,nidra21@live.com,M,UID-923034799131,1976-02-06,DL-8954137824,Relative,0,
DRV-11568,CLM-01569,Hemangini,Damini,Muni,Hemangini Muni,98262772651,hemangini44@rediffmail.com,M,VOTER-D129161,1968-11-11,DL-6467436926,Paid Driver,0,
DRV-11569,CLM-01570,Gayathri,Pahal,Nazareth,Gayathri Nazareth,97853205958,gayathri48@hotmail.com,F,UID-374070987297,1967-07-24,DL-5868792758,Friend,0,
DRV-11570,CLM-01571,Ekiya,Fitan,Magar,Ekiya Magar,99646655123,ekiya33@gmail.com,F,UID-641233275147,2007-04-03,DL-8000700404,Daughter,0,
DRV-11571,CLM-01572,Dominic,Veda,Sen,Dominic Sen,97467395645,dominic76@rediffmail.com,M,AADHAR-7323-4572-4553,2004-06-17,DL-9511864196,Self,1,MEM-11630
DRV-11572,CLM-01573,Ishanvi,,Luthra,Ishanvi Luthra,97955270302,ishanvi28@outlook.co.in,M,AADHAR-7135-4276-5078,1965-03-14,DL-2981241988,Friend,0,
DRV-11573,CLM-01574,Varsha,,Chandra,Varsha Chandra,99018186187,varsha43@outlook.co.in,F,UID-569857431462,1991-05-03,DL-1116852402,Self,1,MEM-10317
DRV-11574,CLM-01575,Pushti,Bhavini,Randhawa,Pushti Randhawa,99402626587,pushti42@yahoo.com,F,AADHAR-3863-2729-1984,1982-10-20,DL-5436150164,Spouse,0,
DRV-11575,CLM-01576,Vedhika,Lopa,Golla,Vedhika Golla,99400413158,vedhika81@live.com,M,VOTER-E970541,1975-08-19,DL-2690476788,Spouse,0,
DRV-11576,CLM-01577,Qushi,Lekha,Borra,Qushi Borra,98176558645,qushi84@live.com,M,VOTER-C860932,1956-12-09,DL-2595031686,Spouse,0,
DRV-11577,CLM-01578,Nihal,Anamika,Char,Nihal Char,97132571471,nihal36@yahoo.com,M,UID-890602175788,1965-08-19,DL-3358698227,Self,1,MEM-11902
DRV-11578,CLM-01579,Osha,Jagvi,Shankar,Osha Shankar,98391644795,osha79@yahoo.com,M,VOTER-B947731,1956-06-24,DL-4936417697,Daughter,0,
DRV-11579,CLM-01580,Oviya,Aadhya,Mall,Oviya Mall,98300427733,oviya14@outlook.co.in,F,AADHAR-2960-9311-3208,1962-06-24,DL-5743241197,Spouse,0,
DRV-11580,CLM-01581,Xiti,,Bir,Xiti Bir,98466223627,xiti38@gmail.com,F,UID-834210915926,1978-11-14,DL-7399446579,Friend,0,
DRV-11581,CLM-01582,Rachita,Gautam,Vohra,Rachita Vohra,97413252434,rachita28@outlook.co.in,F,UID-442946907557,1989-01-25,DL-8341389390,Son,0,
DRV-11582,CLM-01583,Priya,,Murthy,Priya Murthy,99500100022,priya47@gmail.com,M,UID-581431453090,1962-09-08,DL-6537360717,Spouse,0,
DRV-11583,CLM-01584,Yashica,Ishani,Sahota,Yashica Sahota,98615786361,yashica17@gmail.com,F,VOTER-B912956,1970-01-19,DL-3341730790,Self,1,MEM-13154
DRV-11584,CLM-01585,Pavani,,Prabhu,Pavani Prabhu,97521768596,pavani96@gmail.com,F,UID-247935373444,1978-05-08,DL-9928798638,Friend,0,
DRV-11585,CLM-01586,Vanya,Eta,Ratti,Vanya Ratti,98157542848,vanya12@live.com,F,AADHAR-3852-3249-7663,1979-05-12,DL-7452168851,Self,1,MEM-10386
DRV-11586,CLM-01587,Nikita,,Sharaf,Nikita Sharaf,99945217813,nikita13@live.com,F,VOTER-C626841,2000-09-14,DL-6376848658,Self,1,MEM-12898
DRV-11587,CLM-01588,Nandini,Udyati,Sibal,Nandini Sibal,97384664672,nandini34@hotmail.com,F,UID-911014274529,1969-04-16,DL-8234887888,Self,1,MEM-12972
DRV-11588,CLM-01589,Janya,Abhimanyu,Johal,Janya Johal,97813491256,janya69@yahoo.com,F,UID-608529644371,1970-01-30,DL-4777729404,Self,1,MEM-11326
DRV-11589,CLM-01590,Ayaan,Theodore,Loyal,Ayaan Loyal,98974794707,ayaan27@yahoo.com,M,VOTER-E837300,1963-10-07,DL-2952567460,Self,1,MEM-12828
DRV-11590,CLM-01591,Hema,,Buch,Hema Buch,98118321131,hema16@hotmail.com,M,AADHAR-9013-5414-5776,1996-08-14,DL-9276265862,Daughter,0,
DRV-11591,CLM-01592,Ekantika,,Kumer,Ekantika Kumer,98785565549,ekantika71@yahoo.com,F,UID-671751615517,1983-05-12,DL-5726721042,Self,1,MEM-13331
DRV-11592,CLM-01593,Damyanti,,Divan,Damyanti Divan,98677290806,damyanti45@hotmail.com,M,UID-605369050788,1988-09-24,DL-1866044033,Son,0,
DRV-11593,CLM-01594,Avni,,Gupta,Avni Gupta,97098764766,avni29@yahoo.com,M,UID-405105802613,1960-01-08,DL-2830731796,Friend,0,
DRV-11594,CLM-01595,Chasmum,Dakshesh,Mittal,Chasmum Mittal,99216916706,chasmum22@gmail.com,F,VOTER-D679638,1998-02-24,DL-1294260127,Daughter,0,
DRV-11595,CLM-01596,Bhanumati,Frado,Amble,Bhanumati Amble,98495128290,bhanumati40@outlook.co.in,M,UID-121030806526,2002-11-04,DL-3693485807,Spouse,0,
DRV-11596,CLM-01597,Neelima,Varenya,Baral,Neelima Baral,98341455739,neelima96@hotmail.com,F,AADHAR-1634-2763-4038,1995-09-13,DL-1800089314,Spouse,0,
DRV-11597,CLM-01598,Osha,Darpan,Wable,Osha Wable,99907634618,osha61@yahoo.com,F,AADHAR-5211-2393-8327,1995-06-27,DL-3889420244,Relative,0,
DRV-11598,CLM-01599,Libni,Laksh,Malhotra,Libni Malhotra,97788083938,libni71@rediffmail.com,F,UID-184857167501,1973-07-14,DL-2221574764,Spouse,0,
DRV-11599,CLM-01600,Yutika,Gabriel,Andra,Yutika Andra,98293158105,yutika92@hotmail.com,F,UID-676923640342,1986-01-14,DL-3022247295,Paid Driver,0,
DRV-11600,CLM-01601,Yutika,,Modi,Yutika Modi,98645240938,yutika56@rediffmail.com,M,VOTER-D104220,1965-01-04,DL-8675380288,Relative,0,
DRV-11601,CLM-01602,Amruta,Harini,Basak,Amruta Basak,98225674652,amruta78@rediffmail.com,M,VOTER-A513967,2005-08-26,DL-5479154072,Spouse,0,
DRV-11602,CLM-01603,Jalsa,Ijaya,Kakar,Jalsa Kakar,99977639271,jalsa29@hotmail.com,F,VOTER-E369547,2000-11-16,DL-6777814664,Self,1,MEM-12964
DRV-11603,CLM-01604,Yashvi,Yauvani,Babu,Yashvi Babu,99650931279,yashvi70@gmail.com,F,AADHAR-2559-3274-9727,1961-11-14,DL-4025465779,Self,1,MEM-10679
DRV-11604,CLM-01605,Darika,Bina,Walia,Darika Walia,97260995701,darika35@outlook.co.in,M,UID-732151270957,1993-07-12,DL-6679919999,Relative,0,
DRV-11605,CLM-01606,Wishi,Omisha,Pal,Wishi Pal,99288426066,wishi72@live.com,M,UID-538847686826,1972-04-18,DL-5809765298,Daughter,0,
DRV-11606,CLM-01607,Waida,Yachana,Ganesh,Waida Ganesh,97855341380,waida20@outlook.co.in,M,UID-393855572701,1967-12-16,DL-1833338818,Friend,0,
DRV-11607,CLM-01608,Hema,Ojas,Thaker,Hema Thaker,99656032984,hema67@yahoo.com,F,UID-286217916932,2005-07-01,DL-7653563241,Self,1,MEM-13070
DRV-11608,CLM-01609,Chameli,,Sinha,Chameli Sinha,99261278742,chameli60@yahoo.com,M,AADHAR-9681-7498-2692,1979-09-19,DL-2189256106,Daughter,0,
DRV-11609,CLM-01610,Wahab,Vaishnavi,Ramaswamy,Wahab Ramaswamy,99893349509,wahab25@yahoo.com,M,UID-194119278391,1969-01-12,DL-9185054615,Self,1,MEM-12620
DRV-11610,CLM-01611,Aryan,Farhan,Mutti,Aryan Mutti,97782262343,aryan59@hotmail.com,M,UID-873150093220,1970-01-04,DL-3359489526,Self,1,MEM-11159
DRV-11611,CLM-01612,Jagrati,Oni,Manne,Jagrati Manne,99161658397,jagrati56@yahoo.com,M,UID-362263375023,1963-07-05,DL-4722432496,Relative,0,
DRV-11612,CLM-01613,Bina,William,Sant,Bina Sant,99234590738,bina69@outlook.co.in,F,UID-636176037571,1967-01-17,DL-4387963771,Spouse,0,
DRV-11613,CLM-01614,Dalaja,,Lal,Dalaja Lal,97687742994,dalaja77@outlook.co.in,F,VOTER-D373869,1989-09-28,DL-4627085173,Self,1,MEM-10074
DRV-11614,CLM-01615,Ekbal,Warda,Khanna,Ekbal Khanna,99932565476,ekbal40@gmail.com,M,VOTER-D889012,1973-10-27,DL-7370327621,Self,1,MEM-12140
DRV-11615,CLM-01616,Leela,Osha,Nair,Leela Nair,97940295445,leela58@outlook.co.in,F,AADHAR-5600-3090-1015,1996-08-05,DL-2370411143,Daughter,0,
DRV-11616,CLM-01617,Diya,Chandani,Dua,Diya Dua,99594281647,diya92@yahoo.com,M,UID-176715764519,1960-11-15,DL-8025801237,Paid Driver,0,
DRV-11617,CLM-01618,Niharika,Oviya,Tripathi,Niharika Tripathi,98976350420,niharika44@outlook.co.in,F,UID-919595578852,2001-02-19,DL-2101249674,Relative,0,
DRV-11618,CLM-01619,Kritika,,Raju,Kritika Raju,99149621490,kritika35@hotmail.com,F,VOTER-C605706,1964-07-16,DL-1391080424,Self,1,MEM-11510
DRV-11619,CLM-01620,Patrick,,Bal,Patrick Bal,97308519340,patrick84@gmail.com,M,AADHAR-7174-9546-4422,2001-06-29,DL-5522163784,Self,1,MEM-10365
DRV-11620,CLM-01621,Dhriti,Teerth,D’Alia,Dhriti D’Alia,99933189904,dhriti41@rediffmail.com,M,VOTER-C192937,1963-11-02,DL-8769070502,Friend,0,
DRV-11621,CLM-01622,Kritika,Leena,Handa,Kritika Handa,99964906010,kritika37@live.com,F,VOTER-A440688,1960-06-18,DL-8031588512,Self,1,MEM-10781
DRV-11622,CLM-01623,Neelima,Chakradev,Mammen,Neelima Mammen,99469320227,neelima59@hotmail.com,F,UID-852114190838,1998-07-01,DL-5519906503,Self,1,MEM-11050
DRV-11623,CLM-01624,Mohini,,Bains,Mohini Bains,97778037916,mohini91@yahoo.com,M,VOTER-E694795,1967-03-01,DL-9413946734,Spouse,0,
DRV-11624,CLM-01625,Kritika,,Raju,Kritika Raju,99149621490,kritika35@hotmail.com,F,VOTER-C605706,1964-07-16,DL-4738789640,Self,1,MEM-11510
DRV-11625,CLM-01626,Chakradhar,Onveer,Jaggi,Chakradhar Jaggi,99904541643,chakradhar37@rediffmail.com,M,UID-486149236306,1982-05-29,DL-9054442635,Self,1,MEM-10570
DRV-11626,CLM-01627,Sara,Kalpit,Tailor,Sara Tailor,98160440904,sara86@yahoo.com,F,VOTER-E447927,2005-08-22,DL-3341763232,Relative,0,
DRV-11627,CLM-01628,Nisha,Ojas,Barman,Nisha Barman,98153838032,nisha48@outlook.co.in,F,UID-278418894865,2000-05-26,DL-4930039886,Self,1,MEM-12720
DRV-11628,CLM-01629,Baghyawati,Bhavika,Pandey,Baghyawati Pandey,97965826179,baghyawati16@hotmail.com,M,AADHAR-6503-6122-3144,1956-08-29,DL-8401404176,Spouse,0,
DRV-11629,CLM-01630,Indira,,Dhillon,Indira Dhillon,97490664037,indira79@gmail.com,M,UID-959351012630,1969-10-22,DL-7583879801,Paid Driver,0,
DRV-11630,CLM-01631,Ekansh,Maanav,Kaul,Ekansh Kaul,97136622919,ekansh26@outlook.co.in,M,UID-641868645324,1966-06-07,DL-5396165609,Self,1,MEM-10180
DRV-11631,CLM-01632,Yashoda,Aadi,Bajwa,Yashoda Bajwa,99665157734,yashoda82@live.com,M,AADHAR-5253-2570-6189,1977-11-07,DL-3344387281,Son,0,
DRV-11632,CLM-01633,Chaitaly,,Shukla,Chaitaly Shukla,98459095697,chaitaly33@yahoo.com,M,VOTER-A553268,2005-10-29,DL-3392660355,Son,0,
DRV-11633,CLM-01634,Indali,,Arya,Indali Arya,97066326649,indali99@yahoo.com,F,VOTER-D686423,2005-08-30,DL-6343584695,Spouse,0,
DRV-11634,CLM-01635,Idika,Samuel,Narayanan,Idika Narayanan,98217258216,idika82@yahoo.com,F,VOTER-C537025,1987-11-24,DL-4017656540,Relative,0,
DRV-11635,CLM-01636,Reyansh,,Tiwari,Reyansh Tiwari,99280270571,reyansh47@gmail.com,M,VOTER-A423864,1968-03-15,DL-3606337215,Self,1,MEM-12727
DRV-11636,CLM-01637,Inaya,Advaith,Nadig,Inaya Nadig,98604912784,inaya95@yahoo.com,F,VOTER-B779795,1971-08-29,DL-8440569061,Self,1,MEM-13164
DRV-11637,CLM-01638,Raagini,Eta,Sharma,Raagini Sharma,98792615394,raagini19@hotmail.com,M,AADHAR-9816-3695-3633,1996-12-26,DL-2557574228,Spouse,0,
DRV-11638,CLM-01639,Krishna,Upkaar,Iyengar,Krishna Iyengar,99630342466,krishna91@live.com,M,AADHAR-7421-7935-9606,2005-02-28,DL-3478128647,Self,1,MEM-13376
DRV-11639,CLM-01640,Netra,Qasim,Rege,Netra Rege,97884816963,netra35@yahoo.com,F,AADHAR-7609-4049-3727,1995-02-06,DL-4292158475,Self,1,MEM-13118
DRV-11640,CLM-01641,Nandini,Abhimanyu,Gara,Nandini Gara,98793975305,nandini80@gmail.com,F,UID-949908522653,1957-11-15,DL-6970306676,Relative,0,
DRV-11641,CLM-01642,Falguni,,Bandi,Falguni Bandi,97542796917,falguni33@yahoo.com,M,UID-532122979681,1980-04-19,DL-7651880291,Daughter,0,
DRV-11642,CLM-01643,Nidhi,,Acharya,Nidhi Acharya,99766350989,nidhi15@yahoo.com,M,VOTER-A906897,2003-05-11,DL-5269148088,Son,0,
DRV-11643,CLM-01644,Abdul,Yadavi,More,Abdul More,97934481618,abdul25@rediffmail.com,M,UID-773619574908,1985-05-22,DL-5321750631,Self,1,MEM-11680
DRV-11644,CLM-01645,Damini,,Gandhi,Damini Gandhi,99698887771,damini26@rediffmail.com,M,VOTER-E239650,1967-08-07,DL-8008791459,Relative,0,
DRV-11645,CLM-01646,Vidhi,Aarav,Apte,Vidhi Apte,97456147705,vidhi95@rediffmail.com,F,VOTER-B384137,1966-03-06,DL-1929663834,Daughter,0,
DRV-11646,CLM-01647,Oni,Ishanvi,Setty,Oni Setty,97371787055,oni11@live.com,F,VOTER-C847624,2002-05-08,DL-8524416096,Self,1,MEM-12153
DRV-11647,CLM-01648,Harinakshi,,Hayre,Harinakshi Hayre,98068439595,harinakshi24@yahoo.com,M,UID-649843758268,1964-09-16,DL-3657591366,Relative,0,
DRV-11648,CLM-01649,Leena,,Soni,Leena Soni,97614928211,leena21@outlook.co.in,F,VOTER-B469622,2006-07-06,DL-3057494028,Friend,0,
DRV-11649,CLM-01650,Harita,Gavin,Varty,Harita Varty,97717913029,harita31@hotmail.com,M,UID-104681616350,1996-11-25,DL-8132496899,Paid Driver,0,
DRV-11650,CLM-01651,Baghyawati,Leena,Sama,Baghyawati Sama,98750238212,baghyawati47@rediffmail.com,M,VOTER-C295154,1956-02-21,DL-2360087703,Daughter,0,
DRV-11651,CLM-01652,Adweta,,Bhattacharyya,Adweta Bhattacharyya,99692906105,adweta93@yahoo.com,F,UID-694953314149,2006-01-28,DL-9151956734,Paid Driver,0,
DRV-11652,CLM-01653,Ekta,,Srivastava,Ekta Srivastava,97969324818,ekta66@outlook.co.in,F,VOTER-D623915,1977-07-04,DL-1710077966,Self,1,MEM-11719
DRV-11653,CLM-01654,Hema,,Banik,Hema Banik,97046561300,hema14@outlook.co.in,F,AADHAR-9326-8375-9484,1982-01-31,DL-3087942383,Paid Driver,0,
DRV-11654,CLM-01655,Pallavi,Jairaj,Sastry,Pallavi Sastry,98695630162,pallavi19@live.com,F,VOTER-A120755,2003-10-13,DL-2497820519,Friend,0,
DRV-11655,CLM-01656,Tara,,Sem,Tara Sem,97785433452,tara97@hotmail.com,F,AADHAR-1494-7429-4268,1984-04-29,DL-8946886510,Paid Driver,0,
DRV-11656,CLM-01657,Yug,Dev,Edwin,Yug Edwin,97437308735,yug39@outlook.co.in,M,AADHAR-8231-6841-4432,1964-07-18,DL-7516908461,Self,1,MEM-10189
DRV-11657,CLM-01658,Frederick,,Narasimhan,Frederick Narasimhan,98550932958,frederick45@outlook.co.in,M,VOTER-C232465,1981-05-13,DL-3220668756,Self,1,MEM-10921
DRV-11658,CLM-01659,Sai,Zinal,Basak,Sai Basak,98164390271,sai40@yahoo.com,F,UID-459728070884,1990-02-09,DL-8816778973,Friend,0,
DRV-11659,CLM-01660,Deepa,Gabriel,Palla,Deepa Palla,97162021450,deepa69@hotmail.com,F,VOTER-C909228,1993-07-15,DL-8231986003,Self,1,MEM-11698
DRV-11660,CLM-01661,Unnati,Niharika,Khosla,Unnati Khosla,98720069762,unnati89@live.com,M,VOTER-C929336,1963-12-30,DL-3864434703,Son,0,
DRV-11661,CLM-01662,Yashica,,Sabharwal,Yashica Sabharwal,97690283196,yashica89@outlook.co.in,F,VOTER-A246487,1985-04-08,DL-1988550148,Friend,0,
DRV-11662,CLM-01663,Varsha,Yashvi,Dugal,Varsha Dugal,98451490065,varsha86@gmail.com,F,VOTER-D772756,1988-11-03,DL-3972660899,Friend,0,
DRV-11663,CLM-01664,Chatura,Rachana,Ramakrishnan,Chatura Ramakrishnan,99157198217,chatura41@yahoo.com,M,UID-371572053418,1995-08-24,DL-9743389415,Self,1,MEM-11831
DRV-11664,CLM-01665,Osha,,Gill,Osha Gill,97806130991,osha98@yahoo.com,M,VOTER-C812481,1993-08-11,DL-1671254490,Relative,0,
DRV-11665,CLM-01666,Victor,,Pillai,Victor Pillai,98673555599,victor27@hotmail.com,M,VOTER-A370113,1998-05-08,DL-1410974683,Self,1,MEM-10906
DRV-11666,CLM-01667,Bhavna,Widisha,Prasad,Bhavna Prasad,98529011744,bhavna53@hotmail.com,M,VOTER-B359442,2002-02-23,DL-4883003889,Relative,0,
DRV-11667,CLM-01668,Damini,Mekhala,Pau,Damini Pau,97036915903,damini99@outlook.co.in,F,UID-291016114755,2003-04-06,DL-2589266194,Self,1,MEM-10545
DRV-11668,CLM-01669,Robert,Ekaja,Swaminathan,Robert Swaminathan,99071969622,robert24@gmail.com,M,VOTER-C633594,1975-06-18,DL-1729779859,Self,1,MEM-10350
DRV-11669,CLM-01670,Yutika,Faqid,Bumb,Yutika Bumb,98804463216,yutika99@hotmail.com,M,UID-563000584263,1958-05-26,DL-1881935979,Relative,0,
DRV-11670,CLM-01671,Hema,,Chadha,Hema Chadha,99031658262,hema11@hotmail.com,M,UID-293326653247,1960-01-10,DL-2476437856,Daughter,0,
DRV-11671,CLM-01672,Widisha,Tarak,Krishnamurthy,Widisha Krishnamurthy,99359797350,widisha65@live.com,F,UID-966899101601,1982-01-07,DL-8344805719,Self,1,MEM-12467
DRV-11672,CLM-01673,Qushi,Oviya,Parmer,Qushi Parmer,98687668328,qushi39@outlook.co.in,F,AADHAR-2076-6923-6349,1999-12-20,DL-3829489037,Self,1,MEM-12305
DRV-11673,CLM-01674,Triveni,Tara,Prakash,Triveni Prakash,98884054682,triveni87@yahoo.com,F,VOTER-E168845,2000-11-28,DL-2171123341,Self,1,MEM-11992
DRV-11674,CLM-01675,Anita,Aachal,Tella,Anita Tella,98356238909,anita17@rediffmail.com,F,VOTER-C848625,1981-09-11,DL-3944942938,Friend,0,
DRV-11675,CLM-01676,Adya,Kabir,Krishna,Adya Krishna,97016192042,adya26@yahoo.com,M,UID-638466066013,2002-02-23,DL-2416388187,Paid Driver,0,
DRV-11676,CLM-01677,Girik,Akshay,Sarma,Girik Sarma,97645627131,girik97@yahoo.com,M,VOTER-A773937,2001-02-04,DL-8286013914,Self,1,MEM-12921
DRV-11677,CLM-01678,Ranveer,Upkaar,Dora,Ranveer Dora,99450214325,ranveer75@live.com,M,UID-765260980909,2006-08-08,DL-3503541227,Self,1,MEM-10557
DRV-11678,CLM-01679,Upkaar,Chanchal,Dutt,Upkaar Dutt,99042898855,upkaar98@live.com,M,AADHAR-3251-7790-2520,1998-08-19,DL-4369888321,Self,1,MEM-13398
DRV-11679,CLM-01680,Yutika,,Sundaram,Yutika Sundaram,98017782405,yutika29@hotmail.com,F,UID-682466095837,1981-03-14,DL-3760406708,Self,1,MEM-13391
DRV-11680,CLM-01681,Eesha,Kamya,Srinivas,Eesha Srinivas,98971775874,eesha38@rediffmail.com,F,UID-288735979877,1987-02-07,DL-6159812975,Self,1,MEM-11856
DRV-11681,CLM-01682,Warda,Eta,Seshadri,Warda Seshadri,97038133063,warda15@live.com,M,VOTER-D697349,1977-06-18,DL-4393212194,Daughter,0,
DRV-11682,CLM-01683,Nilima,Eshana,Mani,Nilima Mani,98033664901,nilima79@rediffmail.com,M,UID-124103867397,1965-02-22,DL-2029133612,Friend,0,
DRV-11683,CLM-01684,Adweta,Harish,Yadav,Adweta Yadav,97286686411,adweta98@rediffmail.com,F,UID-674036201533,2002-01-21,DL-6302045303,Daughter,0,
DRV-11684,CLM-01685,Leela,,Narayanan,Leela Narayanan,97220993565,leela72@outlook.co.in,F,UID-389475348474,1976-08-20,DL-8126197619,Spouse,0,
DRV-11685,CLM-01686,Vasana,Isaac,Narula,Vasana Narula,97370336815,vasana59@rediffmail.com,F,VOTER-E346133,1998-12-07,DL-9452565687,Paid Driver,0,
DRV-11686,CLM-01687,Omya,Vihaan,Dutta,Omya Dutta,99918198498,omya44@live.com,F,AADHAR-2954-3061-4875,2003-06-10,DL-6353072017,Son,0,
DRV-11687,CLM-01688,Tanvi,Ekaraj,Srivastava,Tanvi Srivastava,99185110015,tanvi77@live.com,F,UID-713603860429,1987-04-26,DL-5046571517,Daughter,0,
DRV-11688,CLM-01689,Chaaya,Hemang,Dube,Chaaya Dube,97202830020,chaaya89@hotmail.com,M,UID-248761467123,1968-12-14,DL-5871503284,Relative,0,
DRV-11689,CLM-01690,Balveer,,Rattan,Balveer Rattan,97303341933,balveer10@yahoo.com,M,VOTER-A758823,1988-02-22,DL-4972904587,Self,1,MEM-11725
DRV-11690,CLM-01691,Balendra,,Anne,Balendra Anne,98530914966,balendra10@outlook.co.in,M,AADHAR-1864-9541-6535,1962-12-20,DL-6228235700,Self,1,MEM-11134
DRV-11691,CLM-01692,Ikbal,Lipika,Mangat,Ikbal Mangat,98644365556,ikbal91@rediffmail.com,M,AADHAR-3319-5849-3225,1993-03-20,DL-6468113225,Self,1,MEM-11308
DRV-11692,CLM-01693,Gaurangi,,Bora,Gaurangi Bora,99655868978,gaurangi32@gmail.com,F,AADHAR-2168-9189-3023,2001-02-11,DL-7614922244,Friend,0,
DRV-11693,CLM-01694,Saanvi,Ansh,Dada,Saanvi Dada,97045722892,saanvi84@rediffmail.com,F,UID-467459845485,1989-04-21,DL-1040718097,Self,1,MEM-12177
DRV-11694,CLM-01695,Avni,Yash,Kar,Avni Kar,97046030697,avni84@live.com,M,AADHAR-5122-8957-8218,1958-04-16,DL-6044091444,Relative,0,
DRV-11695,CLM-01696,Dipta,,Ranganathan,Dipta Ranganathan,98764015903,dipta43@live.com,F,AADHAR-1718-7681-3300,1986-11-22,DL-6754607770,Paid Driver,0,
DRV-11696,CLM-01697,Fiyaz,Jyoti,Chacko,Fiyaz Chacko,97284607871,fiyaz51@live.com,M,AADHAR-6656-5974-4856,1982-05-19,DL-4250679574,Self,1,MEM-12160
DRV-11697,CLM-01698,Zaitra,,Pandit,Zaitra Pandit,97367134184,zaitra91@gmail.com,F,AADHAR-6997-4068-2802,1979-04-24,DL-2015493403,Self,1,MEM-12070
DRV-11698,CLM-01699,Wakeeta,Raagini,Amble,Wakeeta Amble,97397359632,wakeeta47@gmail.com,M,VOTER-C715865,2002-04-03,DL-4645039124,Daughter,0,
DRV-11699,CLM-01700,Ucchal,,Chad,Ucchal Chad,99896435302,ucchal21@gmail.com,M,VOTER-B126097,1982-04-26,DL-8399430190,Spouse,0,
DRV-11700,CLM-01701,Mekhala,Parth,Sastry,Mekhala Sastry,99593629791,mekhala13@hotmail.com,F,VOTER-A953478,2000-12-21,DL-5686232354,Self,1,MEM-13382
DRV-11701,CLM-01702,Vasana,Damyanti,Palan,Vasana Palan,99665620849,vasana82@hotmail.com,F,AADHAR-3083-1115-6065,2005-08-23,DL-4061394165,Relative,0,
DRV-11702,CLM-01703,Urmi,Sudiksha,Shroff,Urmi Shroff,99446001599,urmi72@yahoo.com,F,AADHAR-2941-9775-3577,1988-08-24,DL-9709246769,Self,1,MEM-11662
DRV-11703,CLM-01704,Vihaan,Joshua,Sama,Vihaan Sama,97047345161,vihaan87@outlook.co.in,M,UID-166332537521,1972-04-28,DL-4451706867,Self,1,MEM-11954
DRV-11704,CLM-01705,Daksha,Ati,Zacharia,Daksha Zacharia,97863905077,daksha93@live.com,M,AADHAR-8953-7795-8637,1982-02-02,DL-4772712867,Friend,0,
DRV-11705,CLM-01706,Isaiah,Omaja,More,Isaiah More,97413845777,isaiah63@hotmail.com,M,VOTER-C745823,1979-06-13,DL-9110395394,Self,1,MEM-11046
DRV-11706,CLM-01707,Keya,Kabir,Pai,Keya Pai,99602542310,keya55@outlook.co.in,M,AADHAR-9946-8338-2140,1960-06-17,DL-9339850279,Relative,0,
DRV-11707,CLM-01708,Ira,Yasti,Varghese,Ira Varghese,98197753009,ira58@hotmail.com,F,AADHAR-1135-1698-5417,1998-03-22,DL-5252747029,Self,1,MEM-10391
DRV-11708,CLM-01709,Chanakya,,Edwin,Chanakya Edwin,97995549926,chanakya32@gmail.com,M,UID-320763214219,1995-02-20,DL-9639461814,Self,1,MEM-13353
DRV-11709,CLM-01710,Vrishti,Ira,Chand,Vrishti Chand,99352051893,vrishti63@rediffmail.com,F,UID-205785092605,1998-10-08,DL-6218299010,Spouse,0,
DRV-11710,CLM-01711,Chaitaly,Warinder,Sridhar,Chaitaly Sridhar,97192173770,chaitaly64@live.com,F,VOTER-A420844,1972-06-04,DL-9382542231,Relative,0,
DRV-11711,CLM-01712,Nidhi,Nicholas,Misra,Nidhi Misra,99348403614,nidhi57@gmail.com,F,VOTER-D747965,1971-12-18,DL-6571507640,Daughter,0,
DRV-11712,CLM-01713,Yashasvi,Saksham,Virk,Yashasvi Virk,97976442275,yashasvi88@hotmail.com,M,UID-219626976829,1981-01-23,DL-3892993267,Spouse,0,
DRV-11713,CLM-01714,Jagrati,,Verma,Jagrati Verma,97112585381,jagrati96@live.com,M,VOTER-A136883,1963-09-13,DL-8634179269,Spouse,0,
DRV-11714,CLM-01715,Ishanvi,Anya,Sanghvi,Ishanvi Sanghvi,97528086765,ishanvi74@outlook.co.in,M,VOTER-A790591,1975-03-31,DL-6809515089,Daughter,0,
DRV-11715,CLM-01716,Krish,Adya,Choudhury,Krish Choudhury,99914629778,krish11@rediffmail.com,M,AADHAR-7579-1203-9031,1964-01-24,DL-8456266738,Self,1,MEM-13190
DRV-11716,CLM-01717,Lopa,Jhalak,Barman,Lopa Barman,99570639173,lopa80@rediffmail.com,M,VOTER-D192034,1955-08-11,DL-4937470816,Friend,0,
DRV-11717,CLM-01718,Yoshita,Ishani,Raman,Yoshita Raman,97205625434,yoshita23@rediffmail.com,F,UID-645046323831,1996-05-13,DL-6746345719,Spouse,0,
DRV-11718,CLM-01719,Ojasvi,Lakshmi,Modi,Ojasvi Modi,98486535349,ojasvi44@live.com,M,AADHAR-5619-8083-5205,1990-10-20,DL-3595115515,Daughter,0,
DRV-11719,CLM-01720,Onveer,Jackson,Desai,Onveer Desai,98355146337,onveer73@outlook.co.in,M,AADHAR-8413-4387-6564,1998-12-18,DL-6439236600,Self,1,MEM-12610
DRV-11720,CLM-01721,Yauvani,Isha,Devi,Yauvani Devi,99243845671,yauvani94@yahoo.com,M,UID-198955465647,1995-10-23,DL-2485476547,Spouse,0,
DRV-11721,CLM-01722,Shravya,,Shankar,Shravya Shankar,98915081889,shravya92@rediffmail.com,F,VOTER-E650441,2007-11-01,DL-9487722212,Self,1,MEM-10234
DRV-11722,CLM-01723,Ikbal,Samarth,Mangat,Ikbal Mangat,99846197746,ikbal17@gmail.com,M,VOTER-B385759,1970-06-06,DL-3075422954,Self,1,MEM-10152
DRV-11723,CLM-01724,Samuel,Gunbir,Pai,Samuel Pai,97163668187,samuel65@yahoo.com,M,UID-662715102041,1997-06-05,DL-8034935479,Self,1,MEM-11813
DRV-11724,CLM-01725,Eta,Avi,Karan,Eta Karan,99099091851,eta99@outlook.co.in,F,VOTER-B316490,1987-01-28,DL-7158697670,Spouse,0,
DRV-11725,CLM-01726,Pranav,Jyoti,Bobal,Pranav Bobal,98575624313,pranav38@gmail.com,M,UID-320258122508,1988-08-31,DL-8085370625,Self,1,MEM-12408
DRV-11726,CLM-01727,Madhavi,Sudiksha,Puri,Madhavi Puri,98224715567,madhavi93@yahoo.com,F,UID-645880644704,1960-11-18,DL-6591065137,Daughter,0,
DRV-11727,CLM-01728,Bakhshi,Yutika,Padmanabhan,Bakhshi Padmanabhan,98545616273,bakhshi69@yahoo.com,M,UID-311269545998,2000-08-08,DL-7776804087,Self,1,MEM-13265
DRV-11728,CLM-01729,Dhriti,Charvi,Mutti,Dhriti Mutti,99219522091,dhriti37@yahoo.com,F,UID-178572772735,1998-06-18,DL-1117148345,Friend,0,
DRV-11729,CLM-01730,Abeer,Ucchal,Prasad,Abeer Prasad,99613162162,abeer91@gmail.com,M,AADHAR-4498-8010-1224,1970-10-25,DL-4732321051,Self,1,MEM-10749
DRV-11730,CLM-01731,Qarin,Urvi,Brar,Qarin Brar,98070598542,qarin79@outlook.co.in,M,UID-685578919189,1995-09-05,DL-8120847415,Self,1,MEM-11096
DRV-11731,CLM-01732,Raagini,Niharika,Gaba,Raagini Gaba,98838771944,raagini30@rediffmail.com,F,VOTER-B575756,1960-08-19,DL-8765012617,Spouse,0,
DRV-11732,CLM-01733,Chakrika,,Puri,Chakrika Puri,97271319320,chakrika39@outlook.co.in,F,UID-969900724608,1964-11-22,DL-8217416371,Self,1,MEM-13126
DRV-11733,CLM-01734,Warhi,Chaman,Koshy,Warhi Koshy,97276341852,warhi25@yahoo.com,M,AADHAR-2558-9805-2864,1969-10-27,DL-6271629372,Spouse,0,
DRV-11734,CLM-01735,Krishna,,Narain,Krishna Narain,98873862285,krishna35@yahoo.com,M,VOTER-E700465,1973-04-13,DL-5195469416,Self,1,MEM-12612
DRV-11735,CLM-01736,Lavanya,Raksha,Basu,Lavanya Basu,99715717753,lavanya92@outlook.co.in,F,AADHAR-5404-2869-6354,1981-01-14,DL-9694107685,Self,1,MEM-12756
DRV-11736,CLM-01737,Luke,,Sachar,Luke Sachar,98346922013,luke47@gmail.com,M,UID-401272758897,1967-10-20,DL-5794542751,Self,1,MEM-11032
DRV-11737,CLM-01738,Chavvi,Yachana,Dasgupta,Chavvi Dasgupta,98304247799,chavvi19@hotmail.com,F,UID-538855199259,1996-02-14,DL-6950498412,Self,1,MEM-12468
DRV-11738,CLM-01739,Neha,Aishani,Sundaram,Neha Sundaram,98400137187,neha25@outlook.co.in,F,VOTER-B296470,1983-01-22,DL-8284411221,Relative,0,
DRV-11739,CLM-01740,Forum,,Raval,Forum Raval,97592956233,forum25@live.com,M,UID-955396591273,2006-10-29,DL-8551773245,Paid Driver,0,
DRV-11740,CLM-01741,Osha,Vasudha,Ratta,Osha Ratta,97708232319,osha39@rediffmail.com,M,UID-153484733855,1978-08-15,DL-7774721730,Daughter,0,
DRV-11741,CLM-01742,Darsh,Yashoda,Mandal,Darsh Mandal,99486388010,darsh43@gmail.com,M,AADHAR-8379-8704-2623,2002-07-27,DL-5863447994,Self,1,MEM-11136
DRV-11742,CLM-01743,Eshana,Harita,Chawla,Eshana Chawla,97240092235,eshana49@live.com,F,AADHAR-4432-8422-3086,1966-07-06,DL-5586075039,Relative,0,
DRV-11743,CLM-01744,Waida,Brijesh,Patla,Waida Patla,98809378198,waida19@live.com,M,AADHAR-9576-2386-6630,1990-03-26,DL-5271108865,Paid Driver,0,
DRV-11744,CLM-01745,Ishani,Hemangini,Iyer,Ishani Iyer,98617454841,ishani18@outlook.co.in,F,VOTER-B806422,1965-05-21,DL-9625125445,Self,1,MEM-13422
DRV-11745,CLM-01746,Oviya,Sarthak,Cherian,Oviya Cherian,97888795351,oviya20@live.com,M,VOTER-A234714,1984-06-02,DL-9108641113,Friend,0,
DRV-11746,CLM-01747,Leela,,Mistry,Leela Mistry,98406159032,leela28@outlook.co.in,M,VOTER-A335326,2003-05-01,DL-8796622056,Paid Driver,0,
DRV-11747,CLM-01748,Jhalak,Falak,Loyal,Jhalak Loyal,98573316887,jhalak50@live.com,F,UID-313042522556,1995-06-24,DL-2936535568,Son,0,
DRV-11748,CLM-01749,Jeevika,Fiyaz,Mall,Jeevika Mall,98193412548,jeevika18@gmail.com,F,UID-752926611147,1963-11-26,DL-6103003989,Relative,0,
DRV-11749,CLM-01750,Tanmayi,,Mani,Tanmayi Mani,99406777588,tanmayi10@hotmail.com,F,UID-575088506345,1985-04-06,DL-3014445790,Relative,0,
DRV-11750,CLM-01751,Ishwar,,Jhaveri,Ishwar Jhaveri,98343832764,ishwar11@yahoo.com,M,AADHAR-6167-9893-4569,2005-08-24,DL-8190192177,Self,1,MEM-11225
DRV-11751,CLM-01752,Jasmit,Oeshi,Sunder,Jasmit Sunder,99178231106,jasmit90@gmail.com,M,VOTER-D442906,1981-07-15,DL-2859436220,Son,0,
DRV-11752,CLM-01753,Jack,Jagvi,Nanda,Jack Nanda,97449851120,jack21@outlook.co.in,M,UID-705554603792,1982-06-06,DL-7543133659,Self,1,MEM-11711
DRV-11753,CLM-01754,Yashodhara,,Basu,Yashodhara Basu,97840283333,yashodhara78@rediffmail.com,M,UID-224713110951,2006-06-17,DL-6251199514,Son,0,
DRV-11754,CLM-01755,Eesha,Max,Varkey,Eesha Varkey,97828270386,eesha43@yahoo.com,F,UID-380470324968,1966-11-20,DL-9068663937,Self,1,MEM-12485
DRV-11755,CLM-01756,Indira,,Buch,Indira Buch,98570081190,indira77@outlook.co.in,F,AADHAR-5911-3190-1884,1957-07-26,DL-6906726452,Spouse,0,
DRV-11756,CLM-01757,Girik,Brinda,Mahal,Girik Mahal,98894385491,girik39@gmail.com,M,AADHAR-6543-4213-3816,1965-06-02,DL-5533700894,Self,1,MEM-13369
DRV-11757,CLM-01758,Arunima,Zansi,Babu,Arunima Babu,97112204047,arunima52@rediffmail.com,M,VOTER-E230057,1980-05-12,DL-5583744657,Paid Driver,0,
DRV-11758,CLM-01759,Pahal,Ryan,Rajan,Pahal Rajan,98646314808,pahal86@outlook.co.in,F,VOTER-C860670,1968-02-26,DL-9615048186,Daughter,0,
DRV-11759,CLM-01760,Chandresh,Azaan,Sarma,Chandresh Sarma,97200421238,chandresh36@yahoo.com,M,VOTER-D135252,1959-12-10,DL-4304302597,Self,1,MEM-10031
DRV-11760,CLM-01761,Charita,,Rattan,Charita Rattan,97995979313,charita28@hotmail.com,M,AADHAR-3790-6662-6800,1982-01-27,DL-4056527921,Son,0,
DRV-11761,CLM-01762,Jason,,Basak,Jason Basak,98930742310,jason48@live.com,M,UID-954762604618,1974-08-01,DL-8852724675,Self,1,MEM-10487
DRV-11762,CLM-01763,Ekanta,Nikita,Narang,Ekanta Narang,97050842410,ekanta85@yahoo.com,F,VOTER-B805135,1986-06-04,DL-4204342625,Son,0,
DRV-11763,CLM-01764,Anvi,,Desai,Anvi Desai,98451420770,anvi17@outlook.co.in,F,AADHAR-3598-4134-5635,1992-07-21,DL-7972184125,Self,1,MEM-10728
DRV-11764,CLM-01765,Bhavya,Wishi,Nigam,Bhavya Nigam,97872032001,bhavya60@outlook.co.in,M,UID-895877886438,1955-06-09,DL-8614725356,Spouse,0,
DRV-11765,CLM-01766,Dalaja,,Sangha,Dalaja Sangha,97014218623,dalaja89@gmail.com,F,AADHAR-8201-5184-3060,2001-12-30,DL-1993060524,Paid Driver,0,
DRV-11766,CLM-01767,Gauri,,Guha,Gauri Guha,98879858182,gauri75@hotmail.com,F,UID-304000640700,1963-08-26,DL-1106373019,Spouse,0,
DRV-11767,CLM-01768,Sara,,Mody,Sara Mody,97164585263,sara66@outlook.co.in,M,AADHAR-6817-1778-7837,1956-09-10,DL-5288951119,Paid Driver,0,
DRV-11768,CLM-01769,Nihal,Anamika,Char,Nihal Char,97132571471,nihal36@yahoo.com,M,UID-890602175788,1965-08-19,DL-1820910397,Self,1,MEM-11902
DRV-11769,CLM-01770,Ekanta,,Trivedi,Ekanta Trivedi,99659218693,ekanta96@hotmail.com,F,AADHAR-5770-3269-3071,1973-04-28,DL-7734481186,Daughter,0,
DRV-11770,CLM-01771,Wridesh,Teerth,Nadkarni,Wridesh Nadkarni,98281233190,wridesh78@rediffmail.com,M,VOTER-D401381,1962-08-31,DL-6209106987,Self,1,MEM-11949
DRV-11771,CLM-01772,Brijesh,Idika,Kohli,Brijesh Kohli,97166778658,brijesh58@gmail.com,M,AADHAR-7687-8671-7755,1978-06-10,DL-2550314316,Self,1,MEM-13022
DRV-11772,CLM-01773,Lopa,Baljiwan,Banik,Lopa Banik,99316936217,lopa75@outlook.co.in,F,VOTER-E659944,2001-06-17,DL-2876771461,Son,0,
DRV-11773,CLM-01774,Chavvi,Kiaan,Bala,Chavvi Bala,99572312877,chavvi11@gmail.com,M,AADHAR-6377-8321-6571,1964-09-17,DL-1893923390,Son,0,
DRV-11774,CLM-01775,Hitesh,Kalpit,Palla,Hitesh Palla,98307023214,hitesh97@yahoo.com,M,UID-864323728970,1988-08-04,DL-4256369883,Self,1,MEM-12442
DRV-11775,CLM-01776,Xalak,,Kohli,Xalak Kohli,98459962227,xalak52@live.com,M,VOTER-D922220,2005-04-18,DL-6376908387,Relative,0,
DRV-11776,CLM-01777,Ekta,,Shere,Ekta Shere,98317301576,ekta18@rediffmail.com,F,VOTER-A301398,1966-10-26,DL-6932573106,Self,1,MEM-12370
DRV-11777,CLM-01778,Vinaya,,Oommen,Vinaya Oommen,99724785470,vinaya21@gmail.com,F,UID-799014485954,1992-03-02,DL-3407964347,Self,1,MEM-13203
DRV-11778,CLM-01779,Chasmum,,Bassi,Chasmum Bassi,98604885581,chasmum73@gmail.com,M,AADHAR-2319-4062-3293,1999-07-25,DL-7674527527,Daughter,0,
DRV-11779,CLM-01780,Tanmayi,Devika,Kibe,Tanmayi Kibe,98546499134,tanmayi56@outlook.co.in,F,VOTER-D690806,1962-01-24,DL-9771577127,Self,1,MEM-13204
DRV-11780,CLM-01781,Ikbal,Raagini,Sawhney,Ikbal Sawhney,98214098125,ikbal76@gmail.com,M,AADHAR-7172-8056-5985,1974-12-19,DL-4890519160,Self,1,MEM-12452
DRV-11781,CLM-01782,Yachana,Urmi,Chawla,Yachana Chawla,99513188111,yachana34@outlook.co.in,F,UID-211029444662,1969-09-16,DL-6174707337,Daughter,0,
DRV-11782,CLM-01783,Damini,,Nagi,Damini Nagi,97767320486,damini13@gmail.com,F,AADHAR-1825-1795-5969,1972-05-26,DL-9799645625,Self,1,MEM-12329
DRV-11783,CLM-01784,Lajita,Irya,Nagy,Lajita Nagy,99204602857,lajita89@hotmail.com,M,UID-251945999825,1984-07-03,DL-7447597005,Spouse,0,
DRV-11784,CLM-01785,Daksha,Urvi,Khanna,Daksha Khanna,97898150741,daksha39@live.com,F,UID-402546566004,1970-05-12,DL-3588718564,Son,0,
DRV-11785,CLM-01786,Nimrat,,Deo,Nimrat Deo,98637313458,nimrat95@outlook.co.in,F,UID-340669187238,1964-03-09,DL-1335938679,Friend,0,
DRV-11786,CLM-01787,Chandran,,Sarna,Chandran Sarna,97290481680,chandran90@yahoo.com,M,UID-460624914723,1988-12-20,DL-6695502105,Self,1,MEM-10514
DRV-11787,CLM-01788,Lajita,Isaiah,Narasimhan,Lajita Narasimhan,97580195066,lajita84@yahoo.com,F,AADHAR-2885-3331-7871,1955-09-01,DL-5385635366,Paid Driver,0,
DRV-11788,CLM-01789,Bimala,Yug,Bhat,Bimala Bhat,97798377328,bimala71@hotmail.com,M,AADHAR-6099-1649-8716,1983-04-04,DL-2292917770,Paid Driver,0,
DRV-11789,CLM-01790,Lajita,,Narayanan,Lajita Narayanan,98284753315,lajita18@live.com,F,VOTER-C207638,1972-11-03,DL-1340574673,Son,0,
DRV-11790,CLM-01791,Nisha,Raagini,Tiwari,Nisha Tiwari,97909929514,nisha65@rediffmail.com,F,AADHAR-9966-9196-4503,2002-04-01,DL-3029594268,Self,1,MEM-12816
DRV-11791,CLM-01792,Harshil,Agastya,Bhatt,Harshil Bhatt,98023021914,harshil92@rediffmail.com,M,UID-412249341316,1969-01-22,DL-9807532703,Self,1,MEM-10474
DRV-11792,CLM-01793,Chandresh,Azaan,Sarma,Chandresh Sarma,97200421238,chandresh36@yahoo.com,M,VOTER-D135252,1959-12-10,DL-9787816530,Self,1,MEM-10031
DRV-11793,CLM-01794,Waida,Hiral,Dubey,Waida Dubey,99318882991,waida47@rediffmail.com,F,UID-964724039369,1964-04-23,DL-5238257241,Son,0,
DRV-11794,CLM-01795,Brinda,,Sehgal,Brinda Sehgal,98836371060,brinda75@hotmail.com,F,AADHAR-2060-9067-8840,1986-03-20,DL-6992973077,Relative,0,
DRV-11795,CLM-01796,Anusha,,Talwar,Anusha Talwar,99011564299,anusha28@outlook.co.in,F,AADHAR-2092-2664-3567,1968-10-07,DL-9189319010,Daughter,0,
DRV-11796,CLM-01797,Anjali,Bimala,Dugar,Anjali Dugar,99059473421,anjali60@live.com,M,AADHAR-1609-9587-6683,1982-12-20,DL-3548308771,Friend,0,
DRV-11797,CLM-01798,Bhavika,,Kunda,Bhavika Kunda,97960573284,bhavika55@gmail.com,F,UID-860421487039,1986-05-09,DL-9423273426,Friend,0,
DRV-11798,CLM-01799,Hemangini,Chanakya,Brar,Hemangini Brar,98859632915,hemangini54@gmail.com,M,VOTER-E419337,1962-12-22,DL-1391972162,Friend,0,
DRV-11799,CLM-01800,Anvi,,Borde,Anvi Borde,99980476028,anvi90@rediffmail.com,F,VOTER-C899695,1961-03-22,DL-4708980911,Friend,0,
DRV-11800,CLM-01801,Sachi,,Saini,Sachi Saini,98164490337,sachi14@live.com,F,UID-259938274487,1976-05-29,DL-4533803466,Son,0,
DRV-11801,CLM-01802,Vedant,Oscar,Narain,Vedant Narain,98586122523,vedant16@yahoo.com,M,AADHAR-8940-5455-6085,1961-01-02,DL-5079999899,Self,1,MEM-10624
DRV-11802,CLM-01803,Abha,Aayush,Kunda,Abha Kunda,98341018776,abha70@outlook.co.in,F,UID-519050998005,1988-04-27,DL-1324981202,Self,1,MEM-11272
DRV-11803,CLM-01804,Ganga,Viraj,Deo,Ganga Deo,98045429591,ganga53@rediffmail.com,M,AADHAR-9204-1137-9502,1957-08-04,DL-3729968206,Son,0,
DRV-11804,CLM-01805,Abdul,,Kibe,Abdul Kibe,99537341959,abdul25@live.com,M,VOTER-A386142,1992-02-08,DL-9978439638,Self,1,MEM-11149
DRV-11805,CLM-01806,Ridhi,,Deep,Ridhi Deep,99069823865,ridhi71@outlook.co.in,M,UID-189473551349,1979-10-30,DL-4887050860,Daughter,0,
DRV-11806,CLM-01807,Oviya,,Panchal,Oviya Panchal,97256554114,oviya37@rediffmail.com,M,AADHAR-6399-7358-9315,1993-10-15,DL-6736952558,Paid Driver,0,
DRV-11807,CLM-01808,Oviya,,Parikh,Oviya Parikh,97464203887,oviya53@live.com,F,AADHAR-2053-4571-9840,2001-09-29,DL-8712212351,Self,1,MEM-10464
DRV-11808,CLM-01809,Arunima,Ijaya,Jhaveri,Arunima Jhaveri,99210730479,arunima20@gmail.com,M,AADHAR-9191-2639-1690,1973-02-02,DL-6600192035,Paid Driver,0,
DRV-11809,CLM-01810,Forum,George,Warrior,Forum Warrior,99692473268,forum22@outlook.co.in,F,UID-674460095123,1982-08-16,DL-3517382665,Relative,0,
DRV-11810,CLM-01811,Chandani,,Prabhu,Chandani Prabhu,98118222539,chandani62@live.com,F,UID-105325976856,1985-04-17,DL-9186409660,Self,1,MEM-13012
DRV-11811,CLM-01812,Zinal,,Krishna,Zinal Krishna,99613984768,zinal69@rediffmail.com,M,AADHAR-6126-8285-3677,1966-09-26,DL-8744543606,Daughter,0,
DRV-11812,CLM-01813,Mahika,Bhavya,Ram,Mahika Ram,98558767012,mahika24@outlook.co.in,F,AADHAR-9711-1568-5685,1994-10-17,DL-3846194145,Self,1,MEM-10444
DRV-11813,CLM-01814,Vanya,,Salvi,Vanya Salvi,98324586977,vanya35@live.com,F,UID-487009680702,1993-05-09,DL-6647120942,Paid Driver,0,
DRV-11814,CLM-01815,Nikita,,Lad,Nikita Lad,97071366979,nikita69@gmail.com,F,VOTER-D804676,2007-09-01,DL-8649469378,Friend,0,
DRV-11815,CLM-01816,Irya,Anay,Mishra,Irya Mishra,98919760082,irya16@rediffmail.com,F,UID-194893071296,2002-07-10,DL-8016358064,Spouse,0,
DRV-11816,CLM-01817,Yoshita,,Raval,Yoshita Raval,97565378724,yoshita65@hotmail.com,F,UID-812275327290,1982-01-26,DL-9502603858,Self,1,MEM-12646
DRV-11817,CLM-01818,Meghana,Fitan,Dara,Meghana Dara,98773833755,meghana44@hotmail.com,M,UID-739460406184,1974-04-05,DL-1117215539,Relative,0,
DRV-11818,CLM-01819,Ati,,Dada,Ati Dada,99641589660,ati23@rediffmail.com,F,UID-135301149101,2006-06-13,DL-2388396903,Self,1,MEM-12863
DRV-11819,CLM-01820,Naksh,,Sachdeva,Naksh Sachdeva,98587991720,naksh16@outlook.co.in,M,UID-975167766850,2004-06-10,DL-3044914174,Self,1,MEM-12185
DRV-11820,CLM-01821,Urvashi,Widisha,Bansal,Urvashi Bansal,98040430144,urvashi36@rediffmail.com,M,VOTER-A406366,1976-05-26,DL-3942230770,Daughter,0,
DRV-11821,CLM-01822,Janani,Chatura,Sanghvi,Janani Sanghvi,98085137680,janani94@outlook.co.in,F,AADHAR-5765-7208-7520,1996-08-17,DL-9852798905,Self,1,MEM-12343
DRV-11822,CLM-01823,Xiti,,Munshi,Xiti Munshi,97492629634,xiti18@gmail.com,M,UID-526981004992,1956-10-14,DL-2320134881,Relative,0,
DRV-11823,CLM-01824,Vedhika,David,Kapadia,Vedhika Kapadia,97856152862,vedhika55@gmail.com,F,UID-457487590633,1996-03-13,DL-8172292051,Relative,0,
DRV-11824,CLM-01825,Baghyawati,,Aggarwal,Baghyawati Aggarwal,98450072511,baghyawati47@hotmail.com,M,UID-818399851839,1962-04-05,DL-1467117569,Spouse,0,
DRV-11825,CLM-01826,Megha,Yuvraj,Koshy,Megha Koshy,97417675737,megha43@outlook.co.in,F,AADHAR-1790-1993-5163,1974-07-01,DL-3268652304,Self,1,MEM-13368
DRV-11826,CLM-01827,Waida,Chaitaly,Joshi,Waida Joshi,99697905416,waida33@hotmail.com,M,UID-923575428725,1975-10-22,DL-1300549109,Relative,0,
DRV-11827,CLM-01828,Diya,Alka,Bajwa,Diya Bajwa,99289595133,diya48@live.com,F,VOTER-D933882,1965-02-22,DL-1267364376,Friend,0,
DRV-11828,CLM-01829,Vedhika,,Chadha,Vedhika Chadha,97294514367,vedhika21@rediffmail.com,F,UID-159118748294,1998-11-14,DL-8760467314,Self,1,MEM-13021
DRV-11829,CLM-01830,Wriddhish,Udyati,Bansal,Wriddhish Bansal,99604095907,wriddhish37@yahoo.com,M,VOTER-E725719,1989-11-18,DL-1518866686,Self,1,MEM-11620
DRV-11830,CLM-01831,Indali,,Dixit,Indali Dixit,97415866165,indali23@live.com,M,AADHAR-9904-2187-6647,1988-11-01,DL-9303883578,Friend,0,
DRV-11831,CLM-01832,Bhavika,Chameli,Malhotra,Bhavika Malhotra,98394201284,bhavika18@yahoo.com,M,VOTER-E747283,1991-12-07,DL-2093321171,Daughter,0,
DRV-11832,CLM-01833,Ishanvi,Ayaan,Bajaj,Ishanvi Bajaj,97432962590,ishanvi91@gmail.com,F,VOTER-B604175,1998-08-03,DL-7213708337,Relative,0,
DRV-11833,CLM-01834,Chaman,Tarak,Nayar,Chaman Nayar,98467518799,chaman48@gmail.com,F,VOTER-E903020,1969-05-29,DL-8303283366,Relative,0,
DRV-11834,CLM-01835,Reva,Tanvi,Rai,Reva Rai,98716649485,reva87@yahoo.com,F,UID-818979163662,1975-09-30,DL-5908156310,Relative,0,
DRV-11835,CLM-01836,Gaurang,Amara,Sheth,Gaurang Sheth,99293108347,gaurang11@hotmail.com,M,AADHAR-9199-9740-8715,1984-12-16,DL-7176128440,Self,1,MEM-10764
DRV-11836,CLM-01837,Bhavini,Tanay,Srivastava,Bhavini Srivastava,97435707252,bhavini96@hotmail.com,F,VOTER-C780084,1964-02-15,DL-9036485255,Self,1,MEM-10843
DRV-11837,CLM-01838,Bimala,,Dugar,Bimala Dugar,99641966099,bimala39@hotmail.com,F,VOTER-A450651,1981-01-29,DL-5863040729,Self,1,MEM-12519
DRV-11838,CLM-01839,Ayush,Hredhaan,Khosla,Ayush Khosla,99586309573,ayush91@outlook.co.in,M,UID-560633498861,1992-04-15,DL-8986891375,Self,1,MEM-12549
DRV-11839,CLM-01840,Amara,,Nagy,Amara Nagy,97604654837,amara93@hotmail.com,F,AADHAR-8754-8803-1877,1994-04-05,DL-9971343947,Self,1,MEM-10265
DRV-11840,CLM-01841,Hemangini,,Chana,Hemangini Chana,97095304788,hemangini85@rediffmail.com,M,UID-698043953370,1960-07-03,DL-8554723378,Paid Driver,0,
DRV-11841,CLM-01842,Amaira,Yug,Mane,Amaira Mane,99006565575,amaira16@live.com,F,VOTER-D514539,1966-10-08,DL-8016571399,Relative,0,
DRV-11842,CLM-01843,Shravya,Shivani,Sani,Shravya Sani,99139143684,shravya66@live.com,M,UID-467761669659,2003-01-12,DL-1408182457,Friend,0,
DRV-11843,CLM-01844,Brinda,Saumya,Kibe,Brinda Kibe,98375089029,brinda68@hotmail.com,F,AADHAR-7553-5833-3436,1991-04-20,DL-4395736470,Self,1,MEM-12203
DRV-11844,CLM-01845,Reva,Abha,Khosla,Reva Khosla,99528775318,reva92@hotmail.com,F,VOTER-C691613,1992-12-02,DL-7227555881,Self,1,MEM-11551
DRV-11845,CLM-01846,Bishakha,,Jaggi,Bishakha Jaggi,97623290641,bishakha13@yahoo.com,F,AADHAR-6352-8307-6425,1963-12-10,DL-7236976537,Son,0,
DRV-11846,CLM-01847,Brinda,Udarsh,Mistry,Brinda Mistry,97913651614,brinda61@rediffmail.com,M,UID-840372463427,1962-04-20,DL-8950051336,Spouse,0,
DRV-11847,CLM-01848,Mekhala,Frederick,Thaman,Mekhala Thaman,98882949919,mekhala91@outlook.co.in,F,VOTER-B364779,1956-11-15,DL-5922645515,Relative,0,
DRV-11848,CLM-01849,Leena,Ansh,Lall,Leena Lall,99648735454,leena18@hotmail.com,F,AADHAR-5659-7569-2316,1987-02-04,DL-8792522924,Self,1,MEM-11217
DRV-11849,CLM-01850,Ria,Michael,Luthra,Ria Luthra,97185837616,ria31@yahoo.com,F,AADHAR-7635-6529-7964,1990-07-05,DL-8247262524,Daughter,0,
DRV-11850,CLM-01851,Aadi,Krishna,Sarna,Aadi Sarna,99175840617,aadi96@gmail.com,M,AADHAR-9752-5707-7122,2001-07-02,DL-9325476334,Self,1,MEM-11597
DRV-11851,CLM-01852,Ucchal,Chasmum,Garg,Ucchal Garg,99701244606,ucchal29@gmail.com,F,UID-638403750901,1972-02-12,DL-9354757969,Self,1,MEM-11170
DRV-11852,CLM-01853,Lavanya,Aadi,Raju,Lavanya Raju,98064543382,lavanya25@rediffmail.com,F,AADHAR-3988-2815-8111,1989-06-25,DL-1781450090,Friend,0,
DRV-11853,CLM-01854,Vaishnavi,Mohini,Natarajan,Vaishnavi Natarajan,98710269951,vaishnavi74@gmail.com,F,VOTER-C170091,1973-05-20,DL-5600052197,Paid Driver,0,
DRV-11854,CLM-01855,Mitali,Jeet,Sarkar,Mitali Sarkar,98653680307,mitali56@rediffmail.com,M,UID-250870564476,1975-05-30,DL-8656504916,Spouse,0,
DRV-11855,CLM-01856,Inaya,Ekta,Warrior,Inaya Warrior,97152448265,inaya39@rediffmail.com,M,UID-736124481780,2003-11-14,DL-1389811670,Paid Driver,0,
DRV-11856,CLM-01857,Chandani,Ishani,Doctor,Chandani Doctor,98375714339,chandani26@yahoo.com,M,UID-321671438480,1963-09-29,DL-7827600374,Friend,0,
DRV-11857,CLM-01858,Atharv,Daniel,Badal,Atharv Badal,97331592054,atharv94@hotmail.com,M,VOTER-A341718,1966-07-29,DL-5266384257,Self,1,MEM-11683
DRV-11858,CLM-01859,Jhalak,Saumya,Singhal,Jhalak Singhal,98985493164,jhalak77@hotmail.com,F,AADHAR-7524-5541-6603,1979-10-21,DL-2075261180,Self,1,MEM-12861
DRV-11859,CLM-01860,Veda,Theodore,Bahl,Veda Bahl,97846318525,veda57@gmail.com,M,UID-115328614716,1982-02-23,DL-1226697117,Spouse,0,
DRV-11860,CLM-01861,Neha,Wakeeta,Bhakta,Neha Bhakta,97413788458,neha61@yahoo.com,M,AADHAR-9672-4719-3088,1964-06-12,DL-1781008986,Paid Driver,0,
DRV-11861,CLM-01862,Max,,Khatri,Max Khatri,98464283817,max34@yahoo.com,M,VOTER-B499589,1973-05-16,DL-1634712680,Self,1,MEM-11258
DRV-11862,CLM-01863,Nirja,Hemangini,Chander,Nirja Chander,99685612186,nirja90@yahoo.com,F,VOTER-A764537,1972-10-18,DL-8248043937,Paid Driver,0,
DRV-11863,CLM-01864,Vasatika,,Ramanathan,Vasatika Ramanathan,98540262309,vasatika88@rediffmail.com,M,UID-855668884021,1972-06-11,DL-3903708885,Son,0,
DRV-11864,CLM-01865,Jalsa,Sudiksha,Chander,Jalsa Chander,99113975422,jalsa94@hotmail.com,M,VOTER-B164277,2003-07-30,DL-6776179341,Spouse,0,
DRV-11865,CLM-01866,Raksha,,Sharma,Raksha Sharma,97309743023,raksha28@hotmail.com,M,UID-797292852448,1957-09-13,DL-4879147090,Relative,0,
DRV-11866,CLM-01867,Varsha,Om,Kapur,Varsha Kapur,97831147808,varsha96@hotmail.com,F,VOTER-C478601,1974-12-11,DL-9506818389,Friend,0,
DRV-11867,CLM-01868,Ekantika,Sathvik,Wadhwa,Ekantika Wadhwa,98804552795,ekantika62@rediffmail.com,M,UID-231427183340,1971-07-03,DL-6346517918,Relative,0,
DRV-11868,CLM-01869,Manya,Neha,Soni,Manya Soni,98720906341,manya87@hotmail.com,F,AADHAR-4311-8685-1246,1986-06-12,DL-3209832394,Daughter,0,
DRV-11869,CLM-01870,Adweta,,Dewan,Adweta Dewan,99525988204,adweta70@outlook.co.in,M,VOTER-C310350,1987-09-16,DL-8940385476,Son,0,
DRV-11870,CLM-01871,Nandini,Aarav,Khosla,Nandini Khosla,97519644945,nandini17@hotmail.com,F,VOTER-B215473,2003-10-28,DL-3929486224,Relative,0,
DRV-11871,CLM-01872,Vinaya,Tanish,Guha,Vinaya Guha,99515618679,vinaya94@rediffmail.com,M,VOTER-C578508,1976-10-02,DL-2284507972,Relative,0,
DRV-11872,CLM-01873,Veda,Nidhi,Kala,Veda Kala,98994240617,veda18@gmail.com,F,UID-877403450723,1959-12-14,DL-9923811111,Self,1,MEM-10344
DRV-11873,CLM-01874,Nikita,Advik,Bose,Nikita Bose,98366689693,nikita48@yahoo.com,M,UID-439861849641,2004-03-15,DL-9592985721,Daughter,0,
DRV-11874,CLM-01875,Janani,Champak,Bora,Janani Bora,98673758141,janani78@outlook.co.in,F,AADHAR-1444-4404-3216,1990-01-22,DL-7973472656,Relative,0,
DRV-11875,CLM-01876,Varsha,Yasti,Das,Varsha Das,99374217984,varsha93@gmail.com,M,VOTER-A544557,1985-12-02,DL-1485447485,Daughter,0,
DRV-11876,CLM-01877,Onveer,Jackson,Desai,Onveer Desai,98355146337,onveer73@outlook.co.in,M,AADHAR-8413-4387-6564,1998-12-18,DL-9854302252,Self,1,MEM-12610
DRV-11877,CLM-01878,Megha,Leena,Vyas,Megha Vyas,97983460774,megha68@hotmail.com,F,UID-391196480655,1976-07-02,DL-7690144758,Relative,0,
DRV-11878,CLM-01879,Darika,Timothy,Zacharia,Darika Zacharia,98245229805,darika21@gmail.com,F,VOTER-C126685,1980-07-15,DL-4009521055,Spouse,0,
DRV-11879,CLM-01880,Harinakshi,Gaurangi,Comar,Harinakshi Comar,97962617410,harinakshi95@yahoo.com,M,VOTER-B991597,1994-04-14,DL-2378715544,Friend,0,
DRV-11880,CLM-01881,Dalaja,Chaman,Wason,Dalaja Wason,99129513236,dalaja44@hotmail.com,F,VOTER-A565515,1989-04-02,DL-2358814959,Self,1,MEM-12173
DRV-11881,CLM-01882,Ijaya,Qushi,Om,Ijaya Om,99953618134,ijaya81@outlook.co.in,F,AADHAR-3461-2978-3891,1995-09-18,DL-6103006788,Self,1,MEM-10293
DRV-11882,CLM-01883,Leela,Yasti,Sahni,Leela Sahni,97712551228,leela47@yahoo.com,F,UID-185776790694,1971-10-02,DL-8742823719,Relative,0,
DRV-11883,CLM-01884,Avni,,Hayre,Avni Hayre,99870974393,avni68@gmail.com,F,UID-222157124417,2000-09-08,DL-5752827268,Self,1,MEM-12551
DRV-11884,CLM-01885,Ekaja,Shravya,Singh,Ekaja Singh,98634528823,ekaja85@hotmail.com,M,AADHAR-2473-4136-5092,2002-09-01,DL-9733460149,Son,0,
DRV-11885,CLM-01886,Harini,Edhitha,Modi,Harini Modi,98552542003,harini76@gmail.com,M,VOTER-D802191,1965-11-30,DL-9571151040,Friend,0,
DRV-11886,CLM-01887,Yashasvi,,Andra,Yashasvi Andra,97783848464,yashasvi18@live.com,F,VOTER-B431060,1955-07-19,DL-9172986658,Relative,0,
DRV-11887,CLM-01888,Amaira,,Kalita,Amaira Kalita,99344563696,amaira12@yahoo.com,M,AADHAR-9441-9205-9968,2006-12-07,DL-6429930482,Daughter,0,
DRV-11888,CLM-01889,Ishwar,Ikshita,Nayak,Ishwar Nayak,97081574285,ishwar49@hotmail.com,M,AADHAR-5994-5589-7957,1984-01-28,DL-4993643107,Self,1,MEM-10236
DRV-11889,CLM-01890,Anvi,Samaksh,Koshy,Anvi Koshy,99451576825,anvi14@gmail.com,M,AADHAR-1110-1138-8996,1967-07-08,DL-6875969976,Relative,0,
DRV-11890,CLM-01891,Priya,Luke,Chatterjee,Priya Chatterjee,99075244425,priya11@gmail.com,F,AADHAR-3819-1177-9126,1992-08-30,DL-3843709175,Friend,0,
DRV-11891,CLM-01892,Utkarsh,Charvi,Om,Utkarsh Om,99918835602,utkarsh62@rediffmail.com,M,UID-554652005565,1964-04-21,DL-3922391389,Self,1,MEM-10038
DRV-11892,CLM-01893,Tanish,Chaitanya,Chatterjee,Tanish Chatterjee,98423457614,tanish61@outlook.co.in,M,AADHAR-3298-7844-3467,1993-05-21,DL-6152752504,Self,1,MEM-13278
DRV-11893,CLM-01894,Chaman,,Rajagopal,Chaman Rajagopal,97272486808,chaman51@live.com,F,VOTER-E261090,2000-05-27,DL-2228068534,Paid Driver,0,
DRV-11894,CLM-01895,Avni,David,Misra,Avni Misra,99628094758,avni97@rediffmail.com,F,UID-898143266553,2007-05-30,DL-6168655330,Spouse,0,
DRV-11895,CLM-01896,Xiti,Ekaraj,Boase,Xiti Boase,97450732995,xiti90@gmail.com,F,AADHAR-8147-7506-9599,1994-09-19,DL-4909413298,Son,0,
DRV-11896,CLM-01897,Dayita,,Bakshi,Dayita Bakshi,97865169899,dayita39@yahoo.com,M,AADHAR-4331-8284-1580,2004-05-16,DL-3654808119,Spouse,0,
DRV-11897,CLM-01898,Bhavika,Oliver,Nori,Bhavika Nori,99112400332,bhavika65@rediffmail.com,M,UID-122272389862,1968-07-04,DL-5699701596,Relative,0,
DRV-11898,CLM-01899,Balendra,Gopal,Amble,Balendra Amble,99129054269,balendra55@gmail.com,M,VOTER-C259489,1983-10-26,DL-7423749465,Self,1,MEM-10450
DRV-11899,CLM-01900,Omisha,Mitali,Bose,Omisha Bose,98213664509,omisha19@live.com,M,AADHAR-1431-7000-3077,1974-07-02,DL-7739075092,Friend,0,
DRV-11900,CLM-01901,Jhalak,Lipika,Malhotra,Jhalak Malhotra,99030622198,jhalak28@gmail.com,M,VOTER-A170991,1991-05-30,DL-2109799932,Spouse,0,
DRV-11901,CLM-01902,Yahvi,Qabil,Pillay,Yahvi Pillay,97795096101,yahvi13@outlook.co.in,M,VOTER-E269042,1961-12-11,DL-9402582296,Paid Driver,0,
DRV-11902,CLM-01903,Sneha,Gaurang,Garg,Sneha Garg,99387930310,sneha39@live.com,F,UID-594990420434,1971-02-09,DL-7639582678,Self,1,MEM-10722
DRV-11903,CLM-01904,Dayamai,Zarna,Garde,Dayamai Garde,98826091691,dayamai77@gmail.com,F,UID-808045657472,2002-06-23,DL-7626657501,Friend,0,
DRV-11904,CLM-01905,Sneha,,Gopal,Sneha Gopal,98233708820,sneha72@hotmail.com,M,AADHAR-4841-4241-2205,1995-04-25,DL-2326520948,Paid Driver,0,
DRV-11905,CLM-01906,Edhitha,Vrinda,Loke,Edhitha Loke,99149312031,edhitha28@gmail.com,F,UID-133735267991,1958-10-28,DL-4600735120,Paid Driver,0,
DRV-11906,CLM-01907,Hritik,,Batra,Hritik Batra,98976808205,hritik46@gmail.com,M,AADHAR-2196-2171-3326,1978-08-27,DL-6559231645,Self,1,MEM-12294
DRV-11907,CLM-01908,Forum,Radhika,Karpe,Forum Karpe,98253258963,forum84@yahoo.com,F,VOTER-B790642,1958-04-06,DL-2350561587,Son,0,
DRV-11908,CLM-01909,Krishna,,Bedi,Krishna Bedi,98865458008,krishna64@hotmail.com,F,VOTER-E612016,1974-11-08,DL-5380906436,Daughter,0,
DRV-11909,CLM-01910,Zaitra,,Pandit,Zaitra Pandit,97367134184,zaitra91@gmail.com,F,AADHAR-6997-4068-2802,1979-04-24,DL-1678820383,Self,1,MEM-12070
DRV-11910,CLM-01911,Charvi,,Talwar,Charvi Talwar,98994525490,charvi88@hotmail.com,F,VOTER-B243394,2001-12-06,DL-6277176724,Spouse,0,
DRV-11911,CLM-01912,Kamya,Naksh,Morar,Kamya Morar,99568994354,kamya10@hotmail.com,F,VOTER-E971089,1958-10-08,DL-3001468820,Spouse,0,
DRV-11912,CLM-01913,Nathaniel,Brinda,Rana,Nathaniel Rana,99451686028,nathaniel22@outlook.co.in,M,UID-330839190697,1972-01-04,DL-7559978911,Self,1,MEM-12616
DRV-11913,CLM-01914,Kamya,Widisha,Korpal,Kamya Korpal,98549664149,kamya48@rediffmail.com,M,AADHAR-5180-2218-1585,1990-06-08,DL-6751090536,Relative,0,
DRV-11914,CLM-01915,Anya,,Varughese,Anya Varughese,98541170681,anya57@rediffmail.com,M,AADHAR-2225-9033-6461,1963-10-03,DL-2804065537,Relative,0,
DRV-11915,CLM-01916,Dayamai,Aarav,Virk,Dayamai Virk,98277944743,dayamai41@rediffmail.com,F,AADHAR-7866-2940-1835,1997-07-25,DL-9377566400,Self,1,MEM-12264
DRV-11916,CLM-01917,Gautami,,Gour,Gautami Gour,97582226108,gautami66@hotmail.com,F,AADHAR-2337-3841-7290,1959-07-01,DL-6076746463,Paid Driver,0,
DRV-11917,CLM-01918,Krisha,Riya,Ranganathan,Krisha Ranganathan,99207641621,krisha18@rediffmail.com,F,UID-262548859348,1988-06-01,DL-9937972955,Self,1,MEM-13232
DRV-11918,CLM-01919,Krisha,Rachana,Khare,Krisha Khare,98391535782,krisha61@gmail.com,M,AADHAR-6095-5145-5943,1994-08-09,DL-2743693374,Spouse,0,
DRV-11919,CLM-01920,Tanveer,Siddharth,Patel,Tanveer Patel,99791795367,tanveer11@hotmail.com,M,UID-903724740809,1996-07-05,DL-6824039435,Self,1,MEM-10574
DRV-11920,CLM-01921,Varenya,Qarin,Sachar,Varenya Sachar,98074745057,varenya92@live.com,F,AADHAR-1293-4265-4726,1965-05-01,DL-2095816720,Self,1,MEM-10247
DRV-11921,CLM-01922,Upadhriti,,Padmanabhan,Upadhriti Padmanabhan,99810489798,upadhriti70@outlook.co.in,F,UID-178610547288,1957-05-26,DL-8876055664,Daughter,0,
DRV-11922,CLM-01923,Omisha,,Dave,Omisha Dave,98412802944,omisha84@yahoo.com,F,UID-411091900931,1980-01-19,DL-4416799038,Paid Driver,0,
DRV-11923,CLM-01924,Tanveer,Yashvi,Ravel,Tanveer Ravel,98050720044,tanveer48@yahoo.com,M,UID-336392980370,1968-11-22,DL-2083655345,Self,1,MEM-10551
DRV-11924,CLM-01925,Wakeeta,Jagat,Mittal,Wakeeta Mittal,98005301937,wakeeta60@rediffmail.com,M,UID-906938538463,1975-07-05,DL-4649125525,Friend,0,
DRV-11925,CLM-01926,Gauri,Xavier,Suri,Gauri Suri,99066285405,gauri86@outlook.co.in,M,VOTER-A855149,1984-10-03,DL-2865591156,Spouse,0,
DRV-11926,CLM-01927,Neelima,Chakradev,Mammen,Neelima Mammen,99469320227,neelima59@hotmail.com,F,UID-852114190838,1998-07-01,DL-1967930100,Self,1,MEM-11050
DRV-11927,CLM-01928,Prisha,Harshil,Oza,Prisha Oza,97238980926,prisha91@rediffmail.com,F,UID-153910215404,1987-10-05,DL-2423507029,Self,1,MEM-11872
DRV-11928,CLM-01929,Yashvi,,Ram,Yashvi Ram,97158743664,yashvi18@hotmail.com,F,UID-556942929595,1971-06-28,DL-8664251729,Self,1,MEM-12386
DRV-11929,CLM-01930,Mekhala,Aarna,Chahal,Mekhala Chahal,98576478337,mekhala55@outlook.co.in,F,UID-336648701349,1960-12-23,DL-7496094532,Self,1,MEM-10752
DRV-11930,CLM-01931,Nimrat,Aarush,Dada,Nimrat Dada,98501923267,nimrat25@gmail.com,M,UID-621610477213,1971-09-25,DL-3645666247,Friend,0,
DRV-11931,CLM-01932,Megha,,Desai,Megha Desai,99667962565,megha73@gmail.com,F,AADHAR-1198-9558-4810,1995-02-24,DL-3843882176,Friend,0,
DRV-11932,CLM-01933,Hemal,Upadhriti,Mani,Hemal Mani,99958454658,hemal44@hotmail.com,F,AADHAR-9238-3836-8395,1982-04-29,DL-6742006661,Self,1,MEM-12219
DRV-11933,CLM-01934,Jeevika,Kabir,Mangal,Jeevika Mangal,98058160791,jeevika68@gmail.com,M,UID-143539950389,1963-03-23,DL-8365724882,Relative,0,
DRV-11934,CLM-01935,Hamsini,,Bora,Hamsini Bora,99761297215,hamsini99@gmail.com,M,UID-832881674113,1963-12-12,DL-3443327932,Spouse,0,
DRV-11935,CLM-01936,Wishi,Maya,Ahluwalia,Wishi Ahluwalia,98927180247,wishi51@live.com,M,UID-952034281625,1987-09-14,DL-7717259233,Paid Driver,0,
DRV-11936,CLM-01937,Omisha,Qabil,Sathe,Omisha Sathe,99911928929,omisha76@hotmail.com,M,AADHAR-2807-8044-5514,1996-02-19,DL-6760306036,Daughter,0,
DRV-11937,CLM-01938,Meera,,Sachdeva,Meera Sachdeva,98690776210,meera57@live.com,F,UID-536608417715,1984-12-25,DL-2339878720,Self,1,MEM-12399
DRV-11938,CLM-01939,Urvashi,Ekaraj,Boase,Urvashi Boase,99332164208,urvashi48@rediffmail.com,M,VOTER-D743061,1992-09-22,DL-4712283158,Daughter,0,
DRV-11939,CLM-01940,Robert,Ekaja,Swaminathan,Robert Swaminathan,99071969622,robert24@gmail.com,M,VOTER-C633594,1975-06-18,DL-3263633587,Self,1,MEM-10350
DRV-11940,CLM-01941,Ranbir,Ikbal,Das,Ranbir Das,99380258539,ranbir77@outlook.co.in,M,UID-341084533815,1970-12-03,DL-7624066601,Self,1,MEM-11468
DRV-11941,CLM-01942,Gayathri,,Chand,Gayathri Chand,99735494320,gayathri15@live.com,M,AADHAR-5339-7232-3625,1958-03-08,DL-8238489373,Daughter,0,
DRV-11942,CLM-01943,Yochana,Gautami,Pillay,Yochana Pillay,97578442205,yochana14@hotmail.com,F,UID-464233353847,1962-11-03,DL-8935044131,Friend,0,
DRV-11943,CLM-01944,Omaja,Gaurika,Rai,Omaja Rai,98623064847,omaja25@live.com,F,UID-101945622615,1995-03-14,DL-8460056309,Relative,0,
DRV-11944,CLM-01945,Libni,,Sanghvi,Libni Sanghvi,97053246988,libni64@rediffmail.com,F,UID-304586936876,1984-01-16,DL-6387790619,Friend,0,
DRV-11945,CLM-01946,Atharv,Devika,Puri,Atharv Puri,99730399340,atharv67@yahoo.com,M,AADHAR-3452-1900-7292,1992-10-08,DL-2172652902,Self,1,MEM-11634
DRV-11946,CLM-01947,Kavya,,Nagar,Kavya Nagar,97056475737,kavya19@live.com,M,AADHAR-5641-5136-6106,1992-05-12,DL-4514214634,Daughter,0,
DRV-11947,CLM-01948,Rohan,Siddharth,Wable,Rohan Wable,98738645761,rohan86@outlook.co.in,M,VOTER-D883382,1989-09-20,DL-8569491242,Self,1,MEM-11809
DRV-11948,CLM-01949,Aahana,Shaurya,Vaidya,Aahana Vaidya,99633338461,aahana78@hotmail.com,F,AADHAR-2924-6943-9740,1969-04-08,DL-4082674891,Daughter,0,
DRV-11949,CLM-01950,Watika,Lekha,Vig,Watika Vig,99138494023,watika80@hotmail.com,F,VOTER-B132518,1968-11-11,DL-8882339532,Friend,0,
DRV-11950,CLM-01951,Wishi,Wazir,Hegde,Wishi Hegde,99652443740,wishi71@yahoo.com,F,AADHAR-5756-4038-2916,1963-07-04,DL-6360323800,Self,1,MEM-12622
DRV-11951,CLM-01952,Upasna,Qushi,Gour,Upasna Gour,97968960519,upasna80@outlook.co.in,M,UID-607814964548,2000-10-22,DL-8977650525,Paid Driver,0,
DRV-11952,CLM-01953,Ishita,Udarsh,Keer,Ishita Keer,98766349569,ishita56@hotmail.com,F,AADHAR-5824-8888-2895,2005-11-05,DL-6670005193,Paid Driver,0,
DRV-11953,CLM-01954,Megha,Yuvraj,Koshy,Megha Koshy,97417675737,megha43@outlook.co.in,F,AADHAR-1790-1993-5163,1974-07-01,DL-5773036179,Self,1,MEM-13368
DRV-11954,CLM-01955,Anay,Hiral,Anand,Anay Anand,99332523754,anay62@rediffmail.com,M,UID-710949684009,1971-04-15,DL-5690154665,Self,1,MEM-11628
DRV-11955,CLM-01956,Riya,Manthan,Kumer,Riya Kumer,97494996343,riya60@hotmail.com,F,VOTER-C540408,1966-09-20,DL-5361467926,Son,0,
DRV-11956,CLM-01957,Avni,,Hayre,Avni Hayre,99870974393,avni68@gmail.com,F,UID-222157124417,2000-09-08,DL-3563666915,Self,1,MEM-12551
DRV-11957,CLM-01958,Meera,,Tata,Meera Tata,98656778177,meera17@live.com,M,UID-642849007170,1960-01-21,DL-4123545686,Paid Driver,0,
DRV-11958,CLM-01959,Bhavna,Dominic,Nagarajan,Bhavna Nagarajan,97447112299,bhavna59@live.com,F,AADHAR-9703-5547-2704,2001-02-09,DL-2934423596,Spouse,0,
DRV-11959,CLM-01960,Urvi,,Ram,Urvi Ram,98861088214,urvi60@yahoo.com,M,AADHAR-6473-2934-4606,1970-07-16,DL-7666068966,Friend,0,
DRV-11960,CLM-01961,Naksh,,Sachdeva,Naksh Sachdeva,98587991720,naksh16@outlook.co.in,M,UID-975167766850,2004-06-10,DL-6506078534,Self,1,MEM-12185
DRV-11961,CLM-01962,Wishi,Wahab,Shetty,Wishi Shetty,99100378183,wishi78@yahoo.com,M,VOTER-C567947,1968-11-09,DL-9780665313,Daughter,0,
DRV-11962,CLM-01963,Alka,,Gola,Alka Gola,99788322468,alka64@gmail.com,M,UID-301787063304,1961-04-14,DL-3934668104,Daughter,0,
DRV-11963,CLM-01964,Jatin,Kavya,Rai,Jatin Rai,97236444303,jatin75@outlook.co.in,M,AADHAR-2135-7442-7892,2001-05-03,DL-7878399166,Self,1,MEM-13060
DRV-11964,CLM-01965,Bhavani,,Goswami,Bhavani Goswami,98614718932,bhavani89@rediffmail.com,M,UID-654485101144,1973-10-24,DL-5184259380,Spouse,0,
DRV-11965,CLM-01966,Geetika,Amara,Mitra,Geetika Mitra,97441175790,geetika83@live.com,F,VOTER-E273142,1968-02-17,DL-7948606431,Son,0,
DRV-11966,CLM-01967,Hemangini,,Thakur,Hemangini Thakur,98808690699,hemangini87@live.com,M,AADHAR-2292-9470-4576,1955-10-01,DL-2738636221,Son,0,
DRV-11967,CLM-01968,Finn,,Lad,Finn Lad,99877665981,finn76@gmail.com,M,UID-655808476556,1975-12-14,DL-2598762042,Self,1,MEM-11578
DRV-11968,CLM-01969,Lekha,,Kurian,Lekha Kurian,99568228560,lekha41@hotmail.com,M,UID-359858327929,1998-11-13,DL-9918682904,Spouse,0,
DRV-11969,CLM-01970,Libni,Urmi,Dhingra,Libni Dhingra,98950568195,libni94@rediffmail.com,M,AADHAR-4712-2638-2350,2005-03-07,DL-1245685612,Paid Driver,0,
DRV-11970,CLM-01971,Chanchal,,Ahuja,Chanchal Ahuja,99243744283,chanchal46@rediffmail.com,F,UID-923653790393,1986-02-13,DL-2188468682,Daughter,0,
DRV-11971,CLM-01972,Panini,Ishanvi,Zacharia,Panini Zacharia,99886457687,panini94@rediffmail.com,M,UID-498281190432,1984-07-18,DL-1764585725,Friend,0,
DRV-11972,CLM-01973,Madhav,Nikita,Sachar,Madhav Sachar,98378778111,madhav64@live.com,M,VOTER-E357876,1999-07-13,DL-4776292841,Self,1,MEM-10938
DRV-11973,CLM-01974,Leela,,Samra,Leela Samra,97253968938,leela54@yahoo.com,F,VOTER-C497234,1974-02-09,DL-8003157339,Son,0,
DRV-11974,CLM-01975,Balendra,Gopal,Amble,Balendra Amble,99129054269,balendra55@gmail.com,M,VOTER-C259489,1983-10-26,DL-3203644405,Self,1,MEM-10450
DRV-11975,CLM-01976,Zinal,,Naik,Zinal Naik,98309563177,zinal23@rediffmail.com,F,VOTER-B730236,1989-10-20,DL-7048915003,Self,1,MEM-10302
DRV-11976,CLM-01977,Yoshita,Lakshmi,Subramaniam,Yoshita Subramaniam,98445819269,yoshita41@hotmail.com,F,VOTER-D964162,1958-04-17,DL-6572766261,Paid Driver,0,
DRV-11977,CLM-01978,Osha,Vansha,Mitter,Osha Mitter,98612046620,osha59@live.com,M,VOTER-B868299,1982-03-01,DL-1899767600,Paid Driver,0,
DRV-11978,CLM-01979,Baghyawati,Mitali,Pradhan,Baghyawati Pradhan,97676664734,baghyawati26@rediffmail.com,F,VOTER-C275764,1963-03-11,DL-6757208068,Self,1,MEM-12912
DRV-11979,CLM-01980,Yauvani,Dhruv,Saini,Yauvani Saini,99907546345,yauvani30@rediffmail.com,M,AADHAR-4625-2362-3338,1957-05-27,DL-1195040797,Friend,0,
DRV-11980,CLM-01981,Alka,Januja,Krish,Alka Krish,97300778075,alka68@gmail.com,F,UID-649121142248,1960-09-07,DL-7010025089,Relative,0,
DRV-11981,CLM-01982,Dalaja,Vrinda,Shetty,Dalaja Shetty,99657193688,dalaja68@live.com,M,AADHAR-6906-9775-9139,1957-08-14,DL-2008976095,Friend,0,
DRV-11982,CLM-01983,Alka,,Sahota,Alka Sahota,99021544884,alka76@live.com,F,AADHAR-2067-6982-9910,2001-07-22,DL-4722607888,Relative,0,
DRV-11983,CLM-01984,Dhriti,Kashvi,Dhillon,Dhriti Dhillon,97823055218,dhriti52@outlook.co.in,F,VOTER-A272713,1956-02-16,DL-3345899470,Spouse,0,
DRV-11984,CLM-01985,Krisha,Abha,Mall,Krisha Mall,98754669191,krisha64@yahoo.com,F,AADHAR-7498-1821-9973,1968-11-26,DL-3444110372,Paid Driver,0,
DRV-11985,CLM-01986,Pahal,Ikshita,Bera,Pahal Bera,97819991981,pahal30@rediffmail.com,F,UID-980114034336,1977-11-01,DL-5093558314,Son,0,
DRV-11986,CLM-01987,Gayathri,Faras,Srinivasan,Gayathri Srinivasan,97941365662,gayathri43@outlook.co.in,F,UID-331584583326,1969-05-31,DL-2804103569,Son,0,
DRV-11987,CLM-01988,Rachana,Anay,Dewan,Rachana Dewan,99179723999,rachana26@gmail.com,M,VOTER-C668493,1969-04-11,DL-2219600239,Daughter,0,
DRV-11988,CLM-01989,Vasudha,,Uppal,Vasudha Uppal,99501950218,vasudha60@rediffmail.com,F,VOTER-A387496,1985-02-07,DL-1177781598,Relative,0,
DRV-11989,CLM-01990,Upadhriti,Matthew,Ganguly,Upadhriti Ganguly,98094500848,upadhriti29@gmail.com,F,AADHAR-9277-1100-2238,1956-07-03,DL-2950221423,Daughter,0,
DRV-11990,CLM-01991,Lekha,Dalaja,Srivastava,Lekha Srivastava,99766305370,lekha11@gmail.com,F,AADHAR-9691-4068-3814,2000-04-11,DL-1106497927,Daughter,0,
DRV-11991,CLM-01992,Devika,,Minhas,Devika Minhas,98189262256,devika76@live.com,F,AADHAR-3072-6683-3800,1987-02-01,DL-4543322761,Self,1,MEM-13384
DRV-11992,CLM-01993,Samuel,Upma,Pradhan,Samuel Pradhan,99950948941,samuel27@hotmail.com,M,AADHAR-6022-5678-6057,1971-04-11,DL-4107768405,Self,1,MEM-11212
DRV-11993,CLM-01994,Anita,,Oza,Anita Oza,99790502681,anita53@outlook.co.in,F,UID-775989647228,1985-03-09,DL-7565997519,Daughter,0,
DRV-11994,CLM-01995,Ayaan,Udarsh,Divan,Ayaan Divan,97189461446,ayaan57@hotmail.com,M,AADHAR-4592-7365-3297,1982-05-31,DL-2162600393,Self,1,MEM-13452
DRV-11995,CLM-01996,Priya,,Mital,Priya Mital,98613758649,priya58@yahoo.com,F,UID-691903376481,1989-12-04,DL-8765171140,Daughter,0,
DRV-11996,CLM-01997,Lakshmi,,Ramaswamy,Lakshmi Ramaswamy,98920587703,lakshmi23@live.com,F,VOTER-E328049,2000-02-07,DL-8482362556,Daughter,0,
DRV-11997,CLM-01998,Aashi,Jalsa,Varkey,Aashi Varkey,99324137446,aashi62@gmail.com,F,AADHAR-1073-5593-8631,1989-11-01,DL-1146114246,Daughter,0,
DRV-11998,CLM-01999,Advika,Triya,Lall,Advika Lall,99394547907,advika64@hotmail.com,F,UID-686622671051,1961-07-11,DL-9625572902,Spouse,0,
DRV-11999,CLM-02000,Shravya,,Brar,Shravya Brar,97624981938,shravya97@outlook.co.in,F,UID-664270807583,2000-10-24,DL-5014983744,Relative,0,
DRV-12000,CLM-02001,Lajita,,Kunda,Lajita Kunda,99733996115,lajita17@hotmail.com,M,UID-791010618237,1967-11-25,DL-6883131131,Spouse,0,
DRV-12001,CLM-02002,Advika,,Wason,Advika Wason,97624977093,advika49@outlook.co.in,F,UID-705387149116,1964-11-14,DL-4471441156,Friend,0,
DRV-12002,CLM-02003,Fiyaz,,Hegde,Fiyaz Hegde,97213939396,fiyaz33@outlook.co.in,M,AADHAR-6069-1635-6655,1972-01-13,DL-3212623414,Self,1,MEM-10011
DRV-12003,CLM-02004,Lajita,Girish,Golla,Lajita Golla,99810789769,lajita26@hotmail.com,F,UID-105881246090,1978-12-27,DL-2484021112,Spouse,0,
DRV-12004,CLM-02005,Lajita,Faris,Mistry,Lajita Mistry,99884360928,lajita73@yahoo.com,F,UID-262107106766,1981-09-14,DL-9130307949,Daughter,0,
DRV-12005,CLM-02006,Megha,Nisha,Bhatnagar,Megha Bhatnagar,98730147521,megha86@hotmail.com,F,VOTER-C517465,1960-03-22,DL-8475310763,Son,0,
DRV-12006,CLM-02007,Gauri,,Virk,Gauri Virk,99259581799,gauri46@rediffmail.com,F,AADHAR-2042-8923-4887,1980-11-26,DL-2411986760,Self,1,MEM-12174
DRV-12007,CLM-02008,Chatura,Rachana,Ramakrishnan,Chatura Ramakrishnan,99157198217,chatura41@yahoo.com,M,UID-371572053418,1995-08-24,DL-6689431536,Self,1,MEM-11831
DRV-12008,CLM-02009,Sanya,Tanay,Gera,Sanya Gera,97288091633,sanya78@hotmail.com,M,VOTER-A903368,1985-08-08,DL-9083148520,Spouse,0,
DRV-12009,CLM-02010,Ekanta,Neel,Jha,Ekanta Jha,98355344231,ekanta43@hotmail.com,M,UID-826896328744,1985-05-18,DL-5833071181,Son,0,
DRV-12010,CLM-02011,Lipika,Wahab,Sur,Lipika Sur,99889864199,lipika59@outlook.co.in,F,VOTER-C476839,1971-02-12,DL-9612097824,Son,0,
DRV-12011,CLM-02012,Ayaan,Theodore,Loyal,Ayaan Loyal,98974794707,ayaan27@yahoo.com,M,VOTER-E837300,1963-10-07,DL-2197183184,Self,1,MEM-12828
DRV-12012,CLM-02013,Ati,Anmol,Nanda,Ati Nanda,97484728749,ati93@outlook.co.in,F,AADHAR-2280-1166-4511,2000-08-23,DL-4345736945,Friend,0,
DRV-12013,CLM-02014,Saanvi,Ansh,Dada,Saanvi Dada,97045722892,saanvi84@rediffmail.com,F,UID-467459845485,1989-04-21,DL-1009732505,Self,1,MEM-12177
DRV-12014,CLM-02015,Vasatika,,Bal,Vasatika Bal,99137143384,vasatika65@live.com,F,UID-363855255150,1982-11-10,DL-3071767840,Paid Driver,0,
DRV-12015,CLM-02016,Shivani,,Ahluwalia,Shivani Ahluwalia,97055729886,shivani35@hotmail.com,F,VOTER-B848830,1967-09-14,DL-6565858537,Relative,0,
DRV-12016,CLM-02017,Parth,Krish,Shah,Parth Shah,98243399319,parth99@outlook.co.in,M,AADHAR-3691-4885-4145,2006-07-15,DL-8227813611,Self,1,MEM-10108
DRV-12017,CLM-02018,Garima,Chandani,Maharaj,Garima Maharaj,99541446321,garima80@live.com,M,VOTER-A496928,1987-11-23,DL-1130910146,Son,0,
DRV-12018,CLM-02019,Yachana,,Sem,Yachana Sem,99874972914,yachana47@gmail.com,M,UID-801805000322,1970-12-29,DL-6786492774,Relative,0,
DRV-12019,CLM-02020,Amol,Ranveer,Ram,Amol Ram,98209714932,amol21@gmail.com,M,UID-253848075831,1977-03-14,DL-1561084947,Self,1,MEM-10301
DRV-12020,CLM-02021,Gagan,Harita,Mukhopadhyay,Gagan Mukhopadhyay,97456311368,gagan42@gmail.com,M,AADHAR-4502-7376-6101,1994-07-30,DL-2369519884,Self,1,MEM-12836
DRV-12021,CLM-02022,Saumya,Darpan,Datta,Saumya Datta,98205483583,saumya35@hotmail.com,F,UID-805959555640,2003-12-21,DL-2714859287,Friend,0,
DRV-12022,CLM-02023,Bimala,,Mandal,Bimala Mandal,99691761932,bimala56@outlook.co.in,F,VOTER-B602243,1990-04-26,DL-6092608759,Son,0,
DRV-12023,CLM-02024,Jack,Siddharth,Patil,Jack Patil,98001879197,jack87@hotmail.com,M,AADHAR-2733-8737-8146,1962-03-27,DL-4512241659,Self,1,MEM-12495
DRV-12024,CLM-02025,Avi,,Yohannan,Avi Yohannan,97846141330,avi22@outlook.co.in,M,AADHAR-5676-2891-3296,2005-12-17,DL-2478359924,Self,1,MEM-11253
DRV-12025,CLM-02026,Chasmum,Tanveer,Iyer,Chasmum Iyer,98716102661,chasmum10@gmail.com,M,UID-801963567588,1992-12-10,DL-5721192049,Daughter,0,
DRV-12026,CLM-02027,Zinal,Anya,Dara,Zinal Dara,97963065633,zinal17@yahoo.com,F,VOTER-E838767,1982-04-20,DL-9725637681,Friend,0,
DRV-12027,CLM-02028,Maanav,Faraj,Wable,Maanav Wable,97143552591,maanav44@rediffmail.com,M,VOTER-B543183,1993-12-31,DL-8108689922,Self,1,MEM-12213
DRV-12028,CLM-02029,Ekani,,Grover,Ekani Grover,97086055438,ekani33@gmail.com,M,AADHAR-3470-4385-6548,1963-02-24,DL-4204114104,Relative,0,
DRV-12029,CLM-02030,Dhriti,Nisha,Choudhry,Dhriti Choudhry,98508444532,dhriti57@live.com,M,AADHAR-5074-2090-8957,1973-01-11,DL-3672575979,Son,0,
DRV-12030,CLM-02031,Liam,Lila,Vyas,Liam Vyas,99486806274,liam35@hotmail.com,M,UID-551805700266,1968-03-19,DL-9226214712,Self,1,MEM-11754
DRV-12031,CLM-02032,Vrishti,,Thaman,Vrishti Thaman,98585463940,vrishti65@outlook.co.in,M,UID-376667767143,1961-12-09,DL-5125943867,Friend,0,
DRV-12032,CLM-02033,Irya,Vasana,Chawla,Irya Chawla,98126246694,irya78@gmail.com,F,VOTER-D152360,1999-02-21,DL-7835631524,Self,1,MEM-10736
DRV-12033,CLM-02034,Lakshmi,Tripti,Shan,Lakshmi Shan,98684673414,lakshmi53@gmail.com,M,VOTER-E121868,1985-01-29,DL-2996117393,Relative,0,
DRV-12034,CLM-02035,Pavani,Anvi,Borde,Pavani Borde,97119554499,pavani92@gmail.com,F,AADHAR-8332-7415-4122,1991-08-30,DL-5398049187,Daughter,0,
DRV-12035,CLM-02036,Yauvani,Victor,Kala,Yauvani Kala,99946006139,yauvani64@yahoo.com,M,VOTER-C202965,1961-01-23,DL-8566898507,Friend,0,
DRV-12036,CLM-02037,Tara,,Wali,Tara Wali,97959822137,tara36@gmail.com,F,AADHAR-4596-5210-1510,2002-10-27,DL-1319115000,Self,1,MEM-11596
DRV-12037,CLM-02038,Chatresh,,Balakrishnan,Chatresh Balakrishnan,98177497672,chatresh39@gmail.com,M,AADHAR-3919-2662-7571,1961-05-21,DL-8283817246,Self,1,MEM-13199
DRV-12038,CLM-02039,Oviya,,Kar,Oviya Kar,97990504311,oviya66@rediffmail.com,F,UID-816224390405,1994-05-30,DL-8792642220,Self,1,MEM-10941
DRV-12039,CLM-02040,Neelima,Harrison,Agrawal,Neelima Agrawal,98662313603,neelima15@hotmail.com,M,AADHAR-1543-7691-1240,1978-03-06,DL-5124115528,Son,0,
DRV-12040,CLM-02041,Libni,Farhan,Atwal,Libni Atwal,97602099236,libni12@gmail.com,M,AADHAR-6172-1226-1662,1992-05-05,DL-1162100784,Friend,0,
DRV-12041,CLM-02042,Gaurika,,Hora,Gaurika Hora,99196699240,gaurika60@yahoo.com,F,UID-173455921335,1981-05-30,DL-5062269961,Son,0,
DRV-12042,CLM-02043,Devika,Ijaya,Narain,Devika Narain,99136025238,devika23@gmail.com,M,UID-802545739714,1956-06-20,DL-8192325475,Relative,0,
DRV-12043,CLM-02044,Saumya,Yashvi,Bora,Saumya Bora,99581707647,saumya51@outlook.co.in,F,UID-331694898483,1981-07-10,DL-8029085660,Spouse,0,
DRV-12044,CLM-02045,Mitali,,Dalal,Mitali Dalal,98545929929,mitali39@live.com,M,VOTER-A506983,1990-02-14,DL-5499952173,Paid Driver,0,
DRV-12045,CLM-02046,Omisha,,Sharaf,Omisha Sharaf,99141231160,omisha95@live.com,F,UID-760241176109,1971-08-11,DL-3551670571,Relative,0,
DRV-12046,CLM-02047,Vrishti,Gunbir,Wali,Vrishti Wali,99797416824,vrishti43@rediffmail.com,F,UID-913854717064,1989-08-05,DL-5831704937,Self,1,MEM-11147
DRV-12047,CLM-02048,Vansha,Waida,Patla,Vansha Patla,97121473894,vansha73@hotmail.com,M,VOTER-C654748,1985-08-25,DL-6286274042,Daughter,0,
DRV-12048,CLM-02049,Shravya,,Rai,Shravya Rai,98389383806,shravya94@yahoo.com,M,VOTER-D883508,1993-04-30,DL-3689128203,Relative,0,
DRV-12049,CLM-02050,Keya,Daksh,Loyal,Keya Loyal,99333967830,keya45@yahoo.com,M,AADHAR-5462-1826-2000,1972-05-12,DL-5381070986,Paid Driver,0,
DRV-12050,CLM-02051,Ladli,,Bose,Ladli Bose,99805570394,ladli18@gmail.com,M,AADHAR-7378-4607-2243,1983-10-16,DL-7324278629,Paid Driver,0,
DRV-12051,CLM-02052,Prisha,Anusha,Chowdhury,Prisha Chowdhury,98144185862,prisha12@live.com,F,AADHAR-3182-9345-5741,1977-04-26,DL-3602372426,Son,0,
DRV-12052,CLM-02053,Prisha,Balvan,Maharaj,Prisha Maharaj,98719383827,prisha91@outlook.co.in,F,VOTER-C115584,2003-06-25,DL-2904391864,Self,1,MEM-12337
DRV-12053,CLM-02054,Ekta,,Ramaswamy,Ekta Ramaswamy,97471641324,ekta91@gmail.com,F,UID-725981698575,1977-12-27,DL-3259985085,Son,0,
DRV-12054,CLM-02055,Warhi,Chanakya,Tella,Warhi Tella,98265731271,warhi69@yahoo.com,F,VOTER-B521684,1978-01-17,DL-4586451438,Daughter,0,
DRV-12055,CLM-02056,Dipta,Eta,Radhakrishnan,Dipta Radhakrishnan,97729615212,dipta28@rediffmail.com,F,AADHAR-6620-7397-6696,2004-04-13,DL-9847554937,Spouse,0,
DRV-12056,CLM-02057,Ryan,Chakradhar,Ghose,Ryan Ghose,99978261427,ryan78@rediffmail.com,M,VOTER-C114119,1997-11-23,DL-8928480885,Self,1,MEM-10389
DRV-12057,CLM-02058,Neha,Balhaar,Shah,Neha Shah,98840933687,neha91@yahoo.com,F,AADHAR-8258-7114-3009,1998-12-19,DL-9274019741,Spouse,0,
DRV-12058,CLM-02059,Harinakshi,Gaurang,Lal,Harinakshi Lal,97451119510,harinakshi84@outlook.co.in,F,UID-424889158915,1962-02-11,DL-4672011570,Self,1,MEM-11633
DRV-12059,CLM-02060,Devika,Barkha,Chada,Devika Chada,98739058965,devika85@rediffmail.com,F,UID-198214204519,1982-12-21,DL-2465886189,Self,1,MEM-10959
DRV-12060,CLM-02061,Dayita,Rehaan,Jhaveri,Dayita Jhaveri,98538512683,dayita78@hotmail.com,F,VOTER-A672266,1995-07-31,DL-5777934635,Self,1,MEM-10486
DRV-12061,CLM-02062,Ikshita,Frado,Divan,Ikshita Divan,99113822952,ikshita37@hotmail.com,F,VOTER-C672830,2005-05-28,DL-1629322073,Friend,0,
DRV-12062,CLM-02063,Yauvani,Arunima,Wali,Yauvani Wali,99889807412,yauvani56@hotmail.com,M,AADHAR-8926-1278-1150,1986-05-30,DL-8850829815,Relative,0,
DRV-12063,CLM-02064,Chameli,Yash,Thakur,Chameli Thakur,97832122191,chameli79@hotmail.com,F,AADHAR-6622-5188-5288,1976-09-13,DL-3480322585,Paid Driver,0,
DRV-12064,CLM-02065,Hitesh,Kalpit,Palla,Hitesh Palla,98307023214,hitesh97@yahoo.com,M,UID-864323728970,1988-08-04,DL-4403539532,Self,1,MEM-12442
DRV-12065,CLM-02066,Darika,Tristan,Golla,Darika Golla,97048978956,darika82@live.com,F,VOTER-B424242,1973-11-24,DL-6001491916,Self,1,MEM-11284
DRV-12066,CLM-02067,Ekbal,Gaurika,Maharaj,Ekbal Maharaj,99404682785,ekbal38@gmail.com,M,UID-361610417303,1962-03-14,DL-3021433544,Self,1,MEM-13429
DRV-12067,CLM-02068,Kavya,Libni,Bhandari,Kavya Bhandari,98058239728,kavya12@rediffmail.com,M,UID-289843005919,1958-07-24,DL-7477104133,Daughter,0,
DRV-12068,CLM-02069,Ojasvi,Quincy,Shankar,Ojasvi Shankar,99576952866,ojasvi35@rediffmail.com,M,AADHAR-4359-6923-1466,1995-05-30,DL-5717662485,Son,0,
DRV-12069,CLM-02070,Nirja,Aadi,Garde,Nirja Garde,97142895454,nirja81@rediffmail.com,M,AADHAR-8458-7426-1956,1975-04-18,DL-2516708791,Relative,0,
DRV-12070,CLM-02071,Tanveer,Siddharth,Patel,Tanveer Patel,99791795367,tanveer11@hotmail.com,M,UID-903724740809,1996-07-05,DL-3022248633,Self,1,MEM-10574
DRV-12071,CLM-02072,Brijesh,Edhitha,Mammen,Brijesh Mammen,98589057174,brijesh55@rediffmail.com,M,VOTER-B541487,1973-01-04,DL-3115812837,Self,1,MEM-12913
DRV-12072,CLM-02073,Barkha,Lila,Saha,Barkha Saha,98780451907,barkha71@gmail.com,F,AADHAR-2037-2869-4565,1960-03-16,DL-2527302014,Friend,0,
DRV-12073,CLM-02074,Oliver,Frado,Bobal,Oliver Bobal,98572735722,oliver94@gmail.com,M,AADHAR-5572-9934-3148,1977-02-04,DL-5027369832,Self,1,MEM-11778
DRV-12074,CLM-02075,Neelima,Aditya,Rana,Neelima Rana,98156952676,neelima71@yahoo.com,F,AADHAR-4516-1951-3324,1986-07-23,DL-6180703814,Self,1,MEM-10478
DRV-12075,CLM-02076,Osha,Tripti,Ahluwalia,Osha Ahluwalia,98291908635,osha39@hotmail.com,F,UID-108128510277,1958-09-18,DL-7217355827,Daughter,0,
DRV-12076,CLM-02077,Aarna,Wyatt,Rai,Aarna Rai,98910453103,aarna85@rediffmail.com,F,VOTER-D656093,1999-12-06,DL-6516096504,Spouse,0,
DRV-12077,CLM-02078,Amara,,Nagy,Amara Nagy,97604654837,amara93@hotmail.com,F,AADHAR-8754-8803-1877,1994-04-05,DL-8056331881,Self,1,MEM-10265
DRV-12078,CLM-02079,Megha,Ishaan,Doctor,Megha Doctor,97362898303,megha71@rediffmail.com,F,UID-504678951363,1956-03-09,DL-1000342915,Spouse,0,
DRV-12079,CLM-02080,Anirudh,Nisha,Ratti,Anirudh Ratti,99741709715,anirudh74@rediffmail.com,M,VOTER-E321948,2001-12-04,DL-3324684895,Self,1,MEM-10333
DRV-12080,CLM-02081,Vasana,Pranav,Divan,Vasana Divan,97316481616,vasana68@hotmail.com,M,VOTER-E622078,2005-10-23,DL-6490603619,Paid Driver,0,
DRV-12081,CLM-02082,Upasna,,Dara,Upasna Dara,99949493403,upasna21@rediffmail.com,F,AADHAR-9039-9560-4007,1999-11-14,DL-6156199159,Son,0,
DRV-12082,CLM-02083,Darika,,Rajagopal,Darika Rajagopal,98226004969,darika71@yahoo.com,F,VOTER-E587875,1960-09-17,DL-6430220881,Paid Driver,0,
DRV-12083,CLM-02084,Vihaan,Joshua,Sama,Vihaan Sama,97047345161,vihaan87@outlook.co.in,M,UID-166332537521,1972-04-28,DL-9429233048,Self,1,MEM-11954
DRV-12084,CLM-02085,Tripti,Amara,Badal,Tripti Badal,98330275182,tripti55@hotmail.com,M,UID-750907839059,1987-09-11,DL-8764800740,Daughter,0,
DRV-12085,CLM-02086,Warhi,,Devan,Warhi Devan,99397032958,warhi19@rediffmail.com,F,VOTER-D856482,1986-03-17,DL-3297660355,Son,0,
DRV-12086,CLM-02087,Upma,Hemal,Comar,Upma Comar,99536103696,upma61@rediffmail.com,M,AADHAR-2181-3620-3142,1964-10-05,DL-2479442452,Paid Driver,0,
DRV-12087,CLM-02088,Ira,,Pandit,Ira Pandit,99137410238,ira73@rediffmail.com,F,AADHAR-3924-2389-1258,1972-01-02,DL-5566519293,Spouse,0,
DRV-12088,CLM-02089,Eiravati,Aarush,Srinivasan,Eiravati Srinivasan,98514592645,eiravati28@rediffmail.com,F,AADHAR-9281-8242-5269,2004-08-13,DL-1336555529,Daughter,0,
DRV-12089,CLM-02090,Jack,,Nadig,Jack Nadig,97755533882,jack78@rediffmail.com,M,VOTER-A297654,1977-01-10,DL-2696141793,Self,1,MEM-11898
DRV-12090,CLM-02091,Ikbal,Idika,Rattan,Ikbal Rattan,99935519601,ikbal72@yahoo.com,M,AADHAR-9755-2225-3124,1988-01-28,DL-8927833910,Self,1,MEM-13058
DRV-12091,CLM-02092,Saumya,,Master,Saumya Master,98259463751,saumya17@yahoo.com,F,VOTER-B559354,2000-03-26,DL-4923271819,Relative,0,
DRV-12092,CLM-02093,Harita,Anirudh,Kanda,Harita Kanda,98993403084,harita22@rediffmail.com,F,AADHAR-7585-9676-7781,1956-11-10,DL-5079890265,Son,0,
DRV-12093,CLM-02094,Omaja,Gagan,Sanghvi,Omaja Sanghvi,97510696834,omaja41@live.com,M,AADHAR-3815-4982-8489,1963-05-16,DL-8498497630,Spouse,0,
DRV-12094,CLM-02095,Upma,Mitali,Gandhi,Upma Gandhi,99192801630,upma97@rediffmail.com,M,VOTER-E191069,1959-07-20,DL-4633350624,Spouse,0,
DRV-12095,CLM-02096,Waida,Hemangini,Garde,Waida Garde,98402876974,waida46@yahoo.com,M,VOTER-D475255,1994-12-09,DL-7673572308,Paid Driver,0,
DRV-12096,CLM-02097,Ikbal,Raagini,Sawhney,Ikbal Sawhney,98214098125,ikbal76@gmail.com,M,AADHAR-7172-8056-5985,1974-12-19,DL-4588525430,Self,1,MEM-12452
DRV-12097,CLM-02098,Meera,Aadi,Walla,Meera Walla,98170585644,meera50@hotmail.com,F,AADHAR-2371-9290-5635,1974-03-15,DL-9047755426,Friend,0,
DRV-12098,CLM-02099,Ishita,Shaurya,Bahl,Ishita Bahl,98963577235,ishita68@outlook.co.in,F,AADHAR-7868-4843-5574,1958-01-06,DL-1562841638,Spouse,0,
DRV-12099,CLM-02100,Sarthak,,Sehgal,Sarthak Sehgal,98081844513,sarthak49@rediffmail.com,M,VOTER-A626221,1992-04-05,DL-1404319806,Self,1,MEM-12425
DRV-12100,CLM-02101,Januja,Gaurika,Nazareth,Januja Nazareth,99644054316,januja50@rediffmail.com,F,UID-747627125552,2007-10-18,DL-7633360878,Self,1,MEM-10671
DRV-12101,CLM-02102,Janaki,,Zachariah,Janaki Zachariah,99135308920,janaki41@gmail.com,F,AADHAR-8047-6118-6633,1969-03-03,DL-2453391491,Self,1,MEM-12525
DRV-12102,CLM-02103,Tanmayi,Vivaan,Golla,Tanmayi Golla,98080452911,tanmayi85@yahoo.com,M,VOTER-D268820,1973-04-06,DL-7222893184,Paid Driver,0,
DRV-12103,CLM-02104,Lila,Kevin,Saini,Lila Saini,98349211457,lila89@hotmail.com,M,AADHAR-9512-7440-4870,1986-04-13,DL-6335410858,Relative,0,
DRV-12104,CLM-02105,Chakrika,Isaac,Sundaram,Chakrika Sundaram,99735396072,chakrika75@outlook.co.in,M,UID-907329870252,1988-01-20,DL-5471819925,Paid Driver,0,
DRV-12105,CLM-02106,Lopa,Ishaan,Dutt,Lopa Dutt,98914854524,lopa99@rediffmail.com,M,UID-283879496013,1974-09-26,DL-9559564916,Relative,0,
DRV-12106,CLM-02107,Brinda,,Bhavsar,Brinda Bhavsar,98301892435,brinda34@hotmail.com,M,VOTER-E814453,1993-09-07,DL-8512291680,Friend,0,
DRV-12107,CLM-02108,Harini,Jagat,Dada,Harini Dada,97213105433,harini42@live.com,F,VOTER-C920935,2000-10-21,DL-1346987736,Daughter,0,
DRV-12108,CLM-02109,Yashica,Samuel,Apte,Yashica Apte,98848125342,yashica44@yahoo.com,M,AADHAR-9028-8261-7743,1982-10-28,DL-4922172189,Son,0,
DRV-12109,CLM-02110,Ansh,Waida,Gade,Ansh Gade,99949566985,ansh47@gmail.com,M,UID-586511237405,2006-03-14,DL-2673161638,Self,1,MEM-13274
DRV-12110,CLM-02111,Aarini,,Ganesh,Aarini Ganesh,99861260878,aarini85@hotmail.com,M,VOTER-A178919,1980-10-12,DL-4510931201,Spouse,0,
DRV-12111,CLM-02112,Hardik,,Toor,Hardik Toor,97302097519,hardik88@hotmail.com,M,AADHAR-9470-7254-3129,1980-07-08,DL-4356296236,Self,1,MEM-11718
DRV-12112,CLM-02113,Tanmayi,Yashica,Agrawal,Tanmayi Agrawal,97153767242,tanmayi37@hotmail.com,F,AADHAR-8983-5051-4551,1962-11-09,DL-2336530823,Daughter,0,
DRV-12113,CLM-02114,Mitali,Farhan,Dash,Mitali Dash,97862422380,mitali37@yahoo.com,M,VOTER-B240047,1967-07-28,DL-7558639945,Relative,0,
DRV-12114,CLM-02115,Ekbal,Xiti,Vohra,Ekbal Vohra,99677598614,ekbal96@rediffmail.com,M,AADHAR-5864-1508-1035,1970-07-30,DL-2311383863,Self,1,MEM-11245
DRV-12115,CLM-02116,Zinal,,Pandya,Zinal Pandya,98735636146,zinal19@gmail.com,F,AADHAR-3557-5626-6563,1973-02-12,DL-9606841641,Daughter,0,
DRV-12116,CLM-02117,Vaishnavi,Advaith,Kuruvilla,Vaishnavi Kuruvilla,99714789753,vaishnavi42@outlook.co.in,M,UID-271614848394,1993-01-26,DL-8403533818,Relative,0,
DRV-12117,CLM-02118,Hema,Anusha,Bahl,Hema Bahl,97519888572,hema14@gmail.com,M,VOTER-E639757,1976-07-12,DL-4473912606,Spouse,0,
DRV-12118,CLM-02119,Abdul,,Vasa,Abdul Vasa,97326367689,abdul79@hotmail.com,M,VOTER-D883193,1991-12-03,DL-6496048986,Self,1,MEM-10780
DRV-12119,CLM-02120,Hredhaan,Advaith,Soman,Hredhaan Soman,98193277070,hredhaan92@live.com,M,VOTER-E789150,1977-01-17,DL-4163333074,Self,1,MEM-12438
DRV-12120,CLM-02121,Irya,Qadim,Nath,Irya Nath,98719893915,irya44@rediffmail.com,M,AADHAR-9381-8913-5088,1971-11-05,DL-5020828038,Spouse,0,
DRV-12121,CLM-02122,Bina,Charita,Gokhale,Bina Gokhale,97133174393,bina18@gmail.com,F,UID-196368243606,1986-06-22,DL-2242219790,Self,1,MEM-13091
DRV-12122,CLM-02123,Nidra,,Agarwal,Nidra Agarwal,99901420795,nidra67@rediffmail.com,F,AADHAR-6732-8665-9226,2005-01-20,DL-2819731521,Daughter,0,
DRV-12123,CLM-02124,Hemang,Nirja,Amble,Hemang Amble,99630282903,hemang40@live.com,M,AADHAR-7778-7022-9199,1977-04-13,DL-7747812730,Self,1,MEM-11378
DRV-12124,CLM-02125,Ekansh,Advaith,D’Alia,Ekansh D’Alia,98609007369,ekansh21@rediffmail.com,M,UID-805234154649,1983-02-23,DL-3532853358,Self,1,MEM-13335
DRV-12125,CLM-02126,Qarin,Bina,Hans,Qarin Hans,97118458898,qarin71@rediffmail.com,M,AADHAR-5989-1668-5507,1969-02-03,DL-9621893285,Self,1,MEM-11335
DRV-12126,CLM-02127,Turvi,,Vasa,Turvi Vasa,98109400803,turvi32@live.com,F,VOTER-B962471,1994-12-27,DL-7234254240,Spouse,0,
DRV-12127,CLM-02128,Nikita,Fitan,Sathe,Nikita Sathe,99991457596,nikita71@hotmail.com,F,AADHAR-5380-9675-3203,2005-11-02,DL-7349237320,Self,1,MEM-11642
DRV-12128,CLM-02129,Yoshita,Kashvi,Prabhakar,Yoshita Prabhakar,98995961389,yoshita23@rediffmail.com,M,UID-344130818266,1988-12-04,DL-4100579556,Daughter,0,
DRV-12129,CLM-02130,Madhavi,,Tella,Madhavi Tella,98407070141,madhavi53@hotmail.com,M,AADHAR-9663-8505-1775,2001-07-27,DL-8577503782,Friend,0,
DRV-12130,CLM-02131,Hiral,Ranbir,Warrior,Hiral Warrior,97940702525,hiral77@gmail.com,M,VOTER-E395002,1964-01-18,DL-1217614794,Daughter,0,
DRV-12131,CLM-02132,Siya,,Vora,Siya Vora,98370053998,siya99@hotmail.com,F,VOTER-A327361,1990-05-23,DL-6076218370,Spouse,0,
DRV-12132,CLM-02133,Amrita,Henry,Dass,Amrita Dass,99297218712,amrita86@yahoo.com,F,UID-405438944007,1961-05-16,DL-9544470666,Self,1,MEM-12645
DRV-12133,CLM-02134,Siddharth,Eta,Vig,Siddharth Vig,99823998909,siddharth26@gmail.com,M,UID-826307453815,1997-01-18,DL-6488619760,Self,1,MEM-13370
DRV-12134,CLM-02135,Januja,Caleb,Bedi,Januja Bedi,99424884694,januja81@rediffmail.com,F,UID-115455279568,2001-07-29,DL-7529071464,Self,1,MEM-10161
DRV-12135,CLM-02136,Eiravati,Kavya,Vohra,Eiravati Vohra,99669825508,eiravati76@gmail.com,F,VOTER-E802470,1973-03-25,DL-1151134347,Son,0,
DRV-12136,CLM-02137,Tanveer,Siddharth,Patel,Tanveer Patel,99791795367,tanveer11@hotmail.com,M,UID-903724740809,1996-07-05,DL-7127476908,Self,1,MEM-10574
DRV-12137,CLM-02138,Januja,Samar,Nagar,Januja Nagar,98684591154,januja40@hotmail.com,F,UID-280881644733,1969-01-31,DL-2171879337,Relative,0,
DRV-12138,CLM-02139,Bimala,Rachana,Barad,Bimala Barad,98745042051,bimala86@outlook.co.in,F,UID-931439559144,1971-01-14,DL-3677303640,Son,0,
DRV-12139,CLM-02140,Mugdha,Warda,Hora,Mugdha Hora,98576192069,mugdha21@yahoo.com,F,UID-207054731291,1998-11-20,DL-3210633657,Relative,0,
DRV-12140,CLM-02141,Aarav,,Chauhan,Aarav Chauhan,98642551881,aarav86@live.com,M,VOTER-C146183,2004-03-07,DL-7403362966,Self,1,MEM-13297
DRV-12141,CLM-02142,Eta,,Jayaraman,Eta Jayaraman,99133381517,eta43@live.com,F,VOTER-B218645,1995-10-07,DL-4048627826,Son,0,
DRV-12142,CLM-02143,Mugdha,Bhavya,Thakur,Mugdha Thakur,97778317896,mugdha33@outlook.co.in,M,VOTER-B470355,1975-08-08,DL-2636531598,Relative,0,
DRV-12143,CLM-02144,Anjali,Lipika,Banik,Anjali Banik,97503608681,anjali48@hotmail.com,F,AADHAR-1151-8372-6834,1981-02-01,DL-1001758947,Friend,0,
DRV-12144,CLM-02145,Matthew,,Khare,Matthew Khare,99866572283,matthew20@gmail.com,M,AADHAR-1593-7033-4672,1997-09-10,DL-3754946375,Self,1,MEM-11043
DRV-12145,CLM-02146,Sneha,Gaurang,Garg,Sneha Garg,99387930310,sneha39@live.com,F,UID-594990420434,1971-02-09,DL-1677914605,Self,1,MEM-10722
DRV-12146,CLM-02147,Girik,Rayaan,Gulati,Girik Gulati,98351152333,girik24@hotmail.com,M,AADHAR-1339-3738-5809,1997-01-24,DL-1658825263,Self,1,MEM-12412
DRV-12147,CLM-02148,Sudiksha,Dayamai,Nori,Sudiksha Nori,99722725303,sudiksha16@gmail.com,M,UID-760281543262,1971-06-01,DL-8272107654,Friend,0,
DRV-12148,CLM-02149,Geetika,Nakul,Mohan,Geetika Mohan,98354998817,geetika46@live.com,F,AADHAR-7197-7539-1594,1987-06-14,DL-1376720243,Relative,0,
DRV-12149,CLM-02150,Rohan,Fariq,Luthra,Rohan Luthra,97225018166,rohan41@live.com,M,AADHAR-3755-4657-4333,1982-02-12,DL-4550100155,Self,1,MEM-10366
DRV-12150,CLM-02151,Chanchal,,Anne,Chanchal Anne,98074795637,chanchal38@live.com,F,VOTER-D762255,1982-01-26,DL-8744482610,Self,1,MEM-11581
DRV-12151,CLM-02152,Udyati,Ridhi,Basak,Udyati Basak,99960217721,udyati42@gmail.com,F,AADHAR-8248-3564-6040,1991-02-09,DL-5469398964,Son,0,
DRV-12152,CLM-02153,Bhavna,Krish,Suri,Bhavna Suri,98269718168,bhavna50@outlook.co.in,F,AADHAR-9626-8037-9463,1960-02-08,DL-4357909775,Relative,0,
DRV-12153,CLM-02154,Harinakshi,Jeremiah,Krishnan,Harinakshi Krishnan,98023304451,harinakshi91@live.com,F,AADHAR-2639-9577-7760,1988-11-15,DL-8741263684,Spouse,0,
DRV-12154,CLM-02155,Wishi,Praneel,Kannan,Wishi Kannan,97859220049,wishi67@live.com,F,VOTER-A546681,1976-03-11,DL-7181928919,Spouse,0,
DRV-12155,CLM-02156,Girik,,Borde,Girik Borde,97674223349,girik79@outlook.co.in,M,VOTER-B994982,2001-01-10,DL-2748301804,Self,1,MEM-13086
DRV-12156,CLM-02157,Aahana,,Nazareth,Aahana Nazareth,99708816247,aahana54@rediffmail.com,M,UID-163238909179,1961-07-24,DL-7595390164,Spouse,0,
DRV-12157,CLM-02158,Chaitanya,Sneha,Choudhry,Chaitanya Choudhry,99055311636,chaitanya38@outlook.co.in,M,VOTER-B297579,1960-06-27,DL-7147499125,Self,1,MEM-11871
DRV-12158,CLM-02159,Mohini,,Mand,Mohini Mand,99216665172,mohini81@gmail.com,M,AADHAR-5296-4979-1776,2004-02-26,DL-9995448032,Relative,0,
DRV-12159,CLM-02160,Vansha,Ijaya,Chacko,Vansha Chacko,98149786953,vansha55@yahoo.com,M,AADHAR-7866-4006-7191,1982-01-20,DL-5888262782,Paid Driver,0,
DRV-12160,CLM-02161,Darika,Tanish,Dave,Darika Dave,98881155087,darika95@gmail.com,F,UID-124461844971,1972-09-07,DL-9050654695,Self,1,MEM-11359
DRV-12161,CLM-02162,Chaaya,,Bawa,Chaaya Bawa,99802766663,chaaya37@hotmail.com,F,UID-824567821901,1976-08-23,DL-9438976104,Self,1,MEM-11220
DRV-12162,CLM-02163,Idika,Chaaya,Ramanathan,Idika Ramanathan,98950454449,idika94@live.com,M,UID-213633561090,1988-11-20,DL-5720523554,Paid Driver,0,
DRV-12163,CLM-02164,Divya,,Kar,Divya Kar,99669184095,divya23@live.com,M,VOTER-A324888,2004-09-20,DL-4296574095,Spouse,0,
DRV-12164,CLM-02165,Omaja,,Bhatnagar,Omaja Bhatnagar,98612351289,omaja51@live.com,M,UID-453254784638,1978-10-23,DL-3804801099,Relative,0,
DRV-12165,CLM-02166,Rachana,,Goyal,Rachana Goyal,98207201249,rachana35@gmail.com,M,AADHAR-7386-1003-5824,1980-07-12,DL-7247420939,Relative,0,
DRV-12166,CLM-02167,Forum,,Dhingra,Forum Dhingra,98832567889,forum60@outlook.co.in,M,UID-378730851842,1981-01-10,DL-5505763825,Paid Driver,0,
DRV-12167,CLM-02168,Rajeshri,,Sarraf,Rajeshri Sarraf,98073982760,rajeshri58@rediffmail.com,F,AADHAR-2189-1871-4061,1979-04-14,DL-3884328500,Paid Driver,0,
DRV-12168,CLM-02169,Dhriti,Vrishti,Chhabra,Dhriti Chhabra,98829753619,dhriti31@outlook.co.in,F,VOTER-E812290,1975-02-23,DL-8270459204,Self,1,MEM-10252
DRV-12169,CLM-02170,Agastya,Dayita,Kuruvilla,Agastya Kuruvilla,99260664293,agastya29@gmail.com,M,UID-628068159427,1971-07-30,DL-9418533177,Self,1,MEM-11559
DRV-12170,CLM-02171,Rushil,Oliver,Venkatesh,Rushil Venkatesh,97397542101,rushil57@hotmail.com,M,AADHAR-9408-5831-8786,1969-04-08,DL-9323411508,Self,1,MEM-11622
DRV-12171,CLM-02172,Indali,Harsh,Dugal,Indali Dugal,99495342876,indali70@gmail.com,M,AADHAR-5020-3150-8860,1993-05-03,DL-8324826866,Friend,0,
DRV-12172,CLM-02173,Garima,Shravya,Narang,Garima Narang,99881384096,garima46@rediffmail.com,M,AADHAR-3381-5820-5577,1996-06-28,DL-6631473437,Friend,0,
DRV-12173,CLM-02174,Amara,Jeremiah,Arora,Amara Arora,99519228360,amara58@live.com,F,UID-958541834472,1963-05-28,DL-2355379238,Self,1,MEM-11008
DRV-12174,CLM-02175,Ekaja,Kabir,Rout,Ekaja Rout,99116682209,ekaja82@hotmail.com,M,VOTER-A520244,1979-11-13,DL-6249055191,Spouse,0,
DRV-12175,CLM-02176,Saanvi,Vritti,Oommen,Saanvi Oommen,97685117570,saanvi19@yahoo.com,M,UID-818691719849,1978-01-29,DL-4606758655,Friend,0,
DRV-12176,CLM-02177,Vanya,Ekta,Mistry,Vanya Mistry,98900358771,vanya33@gmail.com,F,VOTER-E600006,1963-03-05,DL-8038253865,Spouse,0,
DRV-12177,CLM-02178,Nikita,Fitan,Sathe,Nikita Sathe,99991457596,nikita71@hotmail.com,F,AADHAR-5380-9675-3203,2005-11-02,DL-5497545701,Self,1,MEM-11642
DRV-12178,CLM-02179,Bhavika,Chakradhar,Shukla,Bhavika Shukla,99278629642,bhavika53@gmail.com,F,AADHAR-9745-9755-7621,1998-11-14,DL-8626492932,Friend,0,
DRV-12179,CLM-02180,Krisha,,Char,Krisha Char,99428282140,krisha73@hotmail.com,F,AADHAR-1192-2375-6371,1963-11-25,DL-5890046033,Relative,0,
DRV-12180,CLM-02181,Vritti,Pahal,Dhar,Vritti Dhar,97294149179,vritti39@rediffmail.com,M,AADHAR-8147-1846-4113,1962-01-28,DL-7921081904,Son,0,
DRV-12181,CLM-02182,Ganga,,Shah,Ganga Shah,98205903055,ganga42@rediffmail.com,F,AADHAR-5752-9592-8947,1984-04-09,DL-7599623617,Son,0,
DRV-12182,CLM-02183,Wakeeta,Pavani,Dhingra,Wakeeta Dhingra,99319008725,wakeeta15@rediffmail.com,F,UID-551063621683,1997-11-18,DL-7315538460,Son,0,
DRV-12183,CLM-02184,Sneha,Udarsh,Hora,Sneha Hora,97823650162,sneha63@yahoo.com,M,UID-131479241512,1961-06-10,DL-3591012794,Daughter,0,
DRV-12184,CLM-02185,Yashica,Indira,Gera,Yashica Gera,99408294659,yashica71@outlook.co.in,M,VOTER-B992224,1964-10-29,DL-1555356697,Daughter,0,
DRV-12185,CLM-02186,Urvi,Vrishti,More,Urvi More,97722655292,urvi52@rediffmail.com,F,AADHAR-4158-6032-5242,1981-01-28,DL-9056594005,Self,1,MEM-13254
DRV-12186,CLM-02187,Harini,Dominic,Kari,Harini Kari,99569910791,harini65@rediffmail.com,F,UID-851710279573,1970-05-31,DL-1617427227,Self,1,MEM-12660
DRV-12187,CLM-02188,Radhika,Amruta,Gole,Radhika Gole,98239626440,radhika24@yahoo.com,F,UID-559799039481,1993-11-08,DL-6618957728,Self,1,MEM-13341
DRV-12188,CLM-02189,Ekiya,,Dutta,Ekiya Dutta,98708107894,ekiya71@gmail.com,M,UID-253277211190,1972-07-08,DL-4009117014,Daughter,0,
DRV-12189,CLM-02190,Kamya,Orinder,Gaba,Kamya Gaba,97891676213,kamya61@yahoo.com,F,AADHAR-9670-8298-2133,2005-07-28,DL-6860207990,Daughter,0,
DRV-12190,CLM-02191,Harini,Dominic,Kari,Harini Kari,99569910791,harini65@rediffmail.com,F,UID-851710279573,1970-05-31,DL-7352704559,Self,1,MEM-12660
DRV-12191,CLM-02192,Omya,,Chaudhary,Omya Chaudhary,98220347854,omya12@yahoo.com,F,UID-256647904773,1973-04-27,DL-4957833871,Paid Driver,0,
DRV-12192,CLM-02193,Siya,Utkarsh,Maharaj,Siya Maharaj,99681953720,siya23@gmail.com,F,UID-224419390505,2005-11-04,DL-7086680740,Daughter,0,
DRV-12193,CLM-02194,Meghana,Zayyan,Chatterjee,Meghana Chatterjee,97526160964,meghana17@hotmail.com,F,VOTER-D815827,1969-10-10,DL-1622133323,Spouse,0,
DRV-12194,CLM-02195,Logan,,Upadhyay,Logan Upadhyay,99483864531,logan84@hotmail.com,M,UID-532412770722,1990-10-17,DL-7873001190,Self,1,MEM-10972
DRV-12195,CLM-02196,Nitara,,Mitra,Nitara Mitra,97646562528,nitara76@outlook.co.in,F,VOTER-B610142,1979-03-25,DL-4170511193,Paid Driver,0,
DRV-12196,CLM-02197,Tanay,Alka,Narain,Tanay Narain,99150335052,tanay81@gmail.com,M,AADHAR-9327-4316-6637,1990-11-10,DL-6772483559,Self,1,MEM-11667
DRV-12197,CLM-02198,Dayamai,Yash,Prashad,Dayamai Prashad,97315687090,dayamai10@gmail.com,F,UID-356075378476,1966-05-23,DL-9745460660,Friend,0,
DRV-12198,CLM-02199,Dhriti,Orinder,Sibal,Dhriti Sibal,97119473339,dhriti69@live.com,M,VOTER-E892299,1974-12-15,DL-8724944014,Paid Driver,0,
DRV-12199,CLM-02200,Jack,Siddharth,Patil,Jack Patil,98001879197,jack87@hotmail.com,M,AADHAR-2733-8737-8146,1962-03-27,DL-3778836057,Self,1,MEM-12495
DRV-12200,CLM-02201,Vedant,Oscar,Narain,Vedant Narain,98586122523,vedant16@yahoo.com,M,AADHAR-8940-5455-6085,1961-01-02,DL-9912172158,Self,1,MEM-10624
DRV-12201,CLM-02202,Ikshita,Hemani,Ray,Ikshita Ray,97904740850,ikshita19@hotmail.com,M,UID-160110743303,1958-07-19,DL-9490465534,Relative,0,
DRV-12202,CLM-02203,Vasana,Rajata,Sama,Vasana Sama,98858573853,vasana44@hotmail.com,F,VOTER-B711859,1964-12-12,DL-3315073159,Son,0,
DRV-12203,CLM-02204,Jagvi,Robert,Varkey,Jagvi Varkey,98162869051,jagvi46@yahoo.com,F,UID-415238313680,1970-09-30,DL-9056867684,Son,0,
DRV-12204,CLM-02205,Yoshita,Udant,Dube,Yoshita Dube,97112770185,yoshita49@rediffmail.com,F,UID-306822071410,1994-02-28,DL-7741720980,Daughter,0,
DRV-12205,CLM-02206,Indira,Ronith,Sarin,Indira Sarin,99900966474,indira83@yahoo.com,F,VOTER-D314721,1959-02-27,DL-5428574153,Paid Driver,0,
DRV-12206,CLM-02207,Triya,Zansi,Padmanabhan,Triya Padmanabhan,98335272481,triya67@gmail.com,M,AADHAR-5401-8906-4812,1971-01-06,DL-3189473225,Friend,0,
DRV-12207,CLM-02208,Amara,Anusha,Apte,Amara Apte,98998534710,amara59@yahoo.com,F,UID-857188443086,1982-01-14,DL-1017963540,Paid Driver,0,
DRV-12208,CLM-02209,Harita,,Jaggi,Harita Jaggi,98443819360,harita10@rediffmail.com,F,VOTER-C430979,1989-07-31,DL-8206129917,Daughter,0,
DRV-12209,CLM-02210,Vasana,,Subramanian,Vasana Subramanian,97896435368,vasana25@yahoo.com,F,UID-596948815362,1988-12-22,DL-7318895119,Relative,0,
DRV-12210,CLM-02211,Gautami,,Kant,Gautami Kant,99981961114,gautami31@outlook.co.in,M,UID-539651828735,1995-04-19,DL-6677921778,Relative,0,
DRV-12211,CLM-02212,Isaac,Geetika,Solanki,Isaac Solanki,99458723855,isaac12@outlook.co.in,M,AADHAR-9906-9407-8970,1969-10-06,DL-6800735681,Self,1,MEM-10249
DRV-12212,CLM-02213,Ridhi,Vivaan,Gandhi,Ridhi Gandhi,98835127957,ridhi29@gmail.com,F,AADHAR-8985-9967-1707,1960-11-01,DL-3400164626,Self,1,MEM-11889
DRV-12213,CLM-02214,Rishi,,Sarin,Rishi Sarin,99595439877,rishi39@gmail.com,M,VOTER-E359738,1965-05-21,DL-8794739434,Self,1,MEM-12531
DRV-12214,CLM-02215,Chaitanya,Varenya,Gola,Chaitanya Gola,98494745741,chaitanya71@live.com,M,AADHAR-2789-9236-3278,1991-07-17,DL-8481492997,Self,1,MEM-10810
DRV-12215,CLM-02216,Gaurika,Vamakshi,Rau,Gaurika Rau,98634450378,gaurika98@rediffmail.com,F,AADHAR-2153-8193-3879,1991-05-09,DL-3699035453,Self,1,MEM-12196
DRV-12216,CLM-02217,Priya,Upasna,Murty,Priya Murty,98932261573,priya54@hotmail.com,M,AADHAR-7483-6998-2362,1974-09-01,DL-5557075975,Spouse,0,
DRV-12217,CLM-02218,Manya,Lopa,Barman,Manya Barman,99974537313,manya82@live.com,F,VOTER-A547704,2005-09-28,DL-4160370479,Relative,0,
DRV-12218,CLM-02219,Indira,Abhimanyu,Chanda,Indira Chanda,99556113887,indira82@yahoo.com,F,AADHAR-9045-8396-7470,1977-07-12,DL-4697371932,Spouse,0,
DRV-12219,CLM-02220,Vinaya,Krish,Rama,Vinaya Rama,97882101340,vinaya55@live.com,F,UID-146105249229,1970-11-11,DL-9294023843,Self,1,MEM-12741
DRV-12220,CLM-02221,Kala,,Kala,Kala Kala,98454611486,kala16@rediffmail.com,M,AADHAR-3852-4107-6013,1975-05-27,DL-7367531687,Paid Driver,0,
DRV-12221,CLM-02222,Dalaja,,Nadig,Dalaja Nadig,98367790310,dalaja91@live.com,F,VOTER-A562096,1969-05-22,DL-7005657940,Spouse,0,
DRV-12222,CLM-02223,Abha,,Gole,Abha Gole,97384871809,abha33@outlook.co.in,F,VOTER-C654853,1960-01-04,DL-8467663883,Self,1,MEM-12055
DRV-12223,CLM-02224,Yochana,Advaith,Pau,Yochana Pau,97420558326,yochana13@hotmail.com,F,VOTER-E985403,2004-12-14,DL-2516991773,Self,1,MEM-12189
DRV-12224,CLM-02225,Noah,Nirja,Agate,Noah Agate,98133136559,noah31@outlook.co.in,M,VOTER-E584133,1970-12-06,DL-7665533742,Self,1,MEM-12627
DRV-12225,CLM-02226,Eta,Upma,Deshpande,Eta Deshpande,99828635293,eta62@live.com,F,UID-281942943436,2002-08-17,DL-9075443024,Self,1,MEM-12745
DRV-12226,CLM-02227,Nisha,Warda,Sandhu,Nisha Sandhu,98946187821,nisha51@outlook.co.in,F,VOTER-A508531,1970-01-12,DL-7390375112,Self,1,MEM-11973
DRV-12227,CLM-02228,Darika,Tanish,Dave,Darika Dave,98881155087,darika95@gmail.com,F,UID-124461844971,1972-09-07,DL-2351349479,Self,1,MEM-11359
DRV-12228,CLM-02229,Gaurang,,Chada,Gaurang Chada,98106173786,gaurang17@gmail.com,M,UID-305421142523,1994-06-04,DL-8908599597,Self,1,MEM-12897
DRV-12229,CLM-02230,Damini,Bishakha,Mallick,Damini Mallick,98281800114,damini11@gmail.com,F,AADHAR-7478-3812-8849,1958-12-28,DL-3874139589,Daughter,0,
DRV-12230,CLM-02231,Turvi,Ishanvi,Sachar,Turvi Sachar,97741562265,turvi67@yahoo.com,M,VOTER-E249482,2007-04-27,DL-4496077091,Friend,0,
DRV-12231,CLM-02232,Upma,,Hans,Upma Hans,99592791615,upma91@rediffmail.com,F,VOTER-C802238,1965-04-03,DL-6425729018,Relative,0,
DRV-12232,CLM-02233,Nikita,Mason,Acharya,Nikita Acharya,99444247174,nikita61@hotmail.com,F,AADHAR-9654-6872-8673,1984-06-20,DL-7124093244,Self,1,MEM-12810
DRV-12233,CLM-02234,Gaurika,Vamakshi,Rau,Gaurika Rau,98634450378,gaurika98@rediffmail.com,F,AADHAR-2153-8193-3879,1991-05-09,DL-7432959972,Self,1,MEM-12196
DRV-12234,CLM-02235,Saumya,Chandani,Wable,Saumya Wable,99879347173,saumya36@outlook.co.in,F,UID-977245576659,1974-04-28,DL-3156647997,Daughter,0,
DRV-12235,CLM-02236,Mahika,Wakeeta,Kumar,Mahika Kumar,98447529803,mahika88@hotmail.com,F,AADHAR-9829-8895-1635,1990-07-21,DL-3154563900,Spouse,0,
DRV-12236,CLM-02237,Nisha,,Chaudhry,Nisha Chaudhry,99090184971,nisha52@outlook.co.in,F,VOTER-B822796,1990-01-11,DL-8965444481,Self,1,MEM-10155
DRV-12237,CLM-02238,Dalaja,,Puri,Dalaja Puri,98028335881,dalaja35@gmail.com,M,UID-486278305000,1984-02-19,DL-7561093860,Son,0,
DRV-12238,CLM-02239,Aishani,Sai,Om,Aishani Om,98640829277,aishani81@hotmail.com,M,UID-683667002755,1960-06-28,DL-7531505697,Spouse,0,
DRV-12239,CLM-02240,Aahana,,Saini,Aahana Saini,97911046685,aahana20@outlook.co.in,F,VOTER-B278997,2006-09-28,DL-2622241634,Daughter,0,
DRV-12240,CLM-02241,Ekanta,,Mohan,Ekanta Mohan,97419113485,ekanta62@outlook.co.in,M,AADHAR-7211-3070-3845,1977-01-31,DL-7042152930,Son,0,
DRV-12241,CLM-02242,Hemal,Madhavi,Naidu,Hemal Naidu,97521866286,hemal95@live.com,F,UID-986753215380,1960-09-08,DL-6951451162,Spouse,0,
DRV-12242,CLM-02243,Edhitha,Neel,Dhingra,Edhitha Dhingra,99867841253,edhitha41@outlook.co.in,M,UID-875843275200,1962-10-17,DL-4562535042,Daughter,0,
DRV-12243,CLM-02244,Girik,Akshay,Sarma,Girik Sarma,97645627131,girik97@yahoo.com,M,VOTER-A773937,2001-02-04,DL-8972372895,Self,1,MEM-12921
DRV-12244,CLM-02245,Krisha,Tristan,Chand,Krisha Chand,99823632765,krisha28@rediffmail.com,M,UID-461470472517,1964-09-12,DL-5656819797,Relative,0,
DRV-12245,CLM-02246,Pooja,Adweta,Halder,Pooja Halder,97172300442,pooja16@rediffmail.com,M,VOTER-C798580,2004-05-08,DL-2131356475,Paid Driver,0,
DRV-12246,CLM-02247,Yahvi,,Devan,Yahvi Devan,99573142008,yahvi26@outlook.co.in,F,AADHAR-9186-5456-1346,1958-07-08,DL-1919867551,Son,0,
DRV-12247,CLM-02248,Yamini,Krish,Palla,Yamini Palla,98990657797,yamini40@rediffmail.com,F,VOTER-B514349,1965-05-24,DL-3936122891,Self,1,MEM-13326
DRV-12248,CLM-02249,Dalaja,Chaman,Wason,Dalaja Wason,99129513236,dalaja44@hotmail.com,F,VOTER-A565515,1989-04-02,DL-7428277073,Self,1,MEM-12173
DRV-12249,CLM-02250,Patrick,,Bal,Patrick Bal,97308519340,patrick84@gmail.com,M,AADHAR-7174-9546-4422,2001-06-29,DL-2772138925,Self,1,MEM-10365
DRV-12250,CLM-02251,Ekansh,Chaman,Bhasin,Ekansh Bhasin,97215537621,ekansh42@hotmail.com,M,VOTER-E690850,1990-06-27,DL-1576877676,Self,1,MEM-11268
DRV-12251,CLM-02252,Dalaja,Samar,Dave,Dalaja Dave,98852756250,dalaja59@outlook.co.in,F,UID-145591277319,2004-08-20,DL-9589724399,Self,1,MEM-10793
DRV-12252,CLM-02253,Upma,Radha,Ray,Upma Ray,97006768761,upma70@gmail.com,M,AADHAR-3545-9160-6046,1983-05-12,DL-3782734450,Daughter,0,
DRV-12253,CLM-02254,Ria,Oviya,Morar,Ria Morar,99286104982,ria30@gmail.com,F,VOTER-A421086,1994-02-28,DL-3803480520,Self,1,MEM-11023
DRV-12254,CLM-02255,Falguni,Mason,Deo,Falguni Deo,98434689144,falguni72@live.com,F,AADHAR-6745-4312-9267,2000-06-27,DL-8074630435,Son,0,
DRV-12255,CLM-02256,Harshil,,De,Harshil De,97087883865,harshil99@gmail.com,M,VOTER-E964836,2003-05-07,DL-9123918534,Self,1,MEM-10730
DRV-12256,CLM-02257,Yashasvi,Jyoti,Palan,Yashasvi Palan,97114925021,yashasvi27@live.com,M,VOTER-A999163,1957-11-16,DL-1257630644,Son,0,
DRV-12257,CLM-02258,Ranbir,Kritika,Sethi,Ranbir Sethi,99205083433,ranbir99@live.com,M,VOTER-B709788,1977-10-16,DL-6108565994,Self,1,MEM-11686
DRV-12258,CLM-02259,Lopa,Pooja,Warrior,Lopa Warrior,99797172533,lopa98@rediffmail.com,F,UID-196871017436,1967-02-28,DL-3957290597,Self,1,MEM-10313
DRV-12259,CLM-02260,Eta,Jatin,Zacharia,Eta Zacharia,98772407785,eta63@hotmail.com,F,UID-394647181177,1985-05-27,DL-9465282413,Daughter,0,
DRV-12260,CLM-02261,Aarna,Girik,Gupta,Aarna Gupta,99233456092,aarna57@live.com,M,UID-699528330658,1975-07-15,DL-6509982750,Friend,0,
DRV-12261,CLM-02262,Prisha,Falak,Babu,Prisha Babu,99024794435,prisha20@rediffmail.com,F,VOTER-A641880,1978-04-03,DL-6706156120,Daughter,0,
DRV-12262,CLM-02263,Bhanumati,Nathan,Johal,Bhanumati Johal,99101931158,bhanumati32@live.com,F,VOTER-D544288,1973-05-22,DL-1919968013,Self,1,MEM-12335
DRV-12263,CLM-02264,Qasim,Jalsa,Balasubramanian,Qasim Balasubramanian,98782590077,qasim49@yahoo.com,M,AADHAR-5141-8895-7485,1974-08-31,DL-6250615235,Self,1,MEM-11358
DRV-12264,CLM-02265,Jyoti,,Patel,Jyoti Patel,97575859968,jyoti42@gmail.com,F,AADHAR-2182-5430-4597,1955-10-26,DL-7321792825,Spouse,0,
DRV-12265,CLM-02266,Forum,Onkar,Chadha,Forum Chadha,99343702354,forum44@hotmail.com,F,VOTER-D609050,1981-10-21,DL-3224573271,Paid Driver,0,
DRV-12266,CLM-02267,Jhalak,Varenya,Sharma,Jhalak Sharma,99381436126,jhalak62@live.com,F,AADHAR-7111-1073-7666,2001-01-16,DL-2013346544,Self,1,MEM-10879
DRV-12267,CLM-02268,Bina,,Master,Bina Master,97584199673,bina90@hotmail.com,M,UID-981998071147,1991-07-24,DL-8826189700,Daughter,0,
DRV-12268,CLM-02269,Jeet,Dhruv,Karpe,Jeet Karpe,98788188344,jeet91@yahoo.com,M,UID-491686914504,1986-02-27,DL-1085535843,Self,1,MEM-13390
DRV-12269,CLM-02270,Urvashi,,Lalla,Urvashi Lalla,99594737467,urvashi67@rediffmail.com,F,AADHAR-4098-8836-2025,1998-01-18,DL-6327976829,Self,1,MEM-10430
DRV-12270,CLM-02271,Kritika,,Raju,Kritika Raju,99149621490,kritika35@hotmail.com,F,VOTER-C605706,1964-07-16,DL-3999596292,Self,1,MEM-11510
DRV-12271,CLM-02272,Ojasvi,Champak,Arya,Ojasvi Arya,99206535868,ojasvi30@rediffmail.com,F,VOTER-D680771,1986-08-09,DL-1233757515,Relative,0,
DRV-12272,CLM-02273,Widisha,Anirudh,Kannan,Widisha Kannan,98682984148,widisha94@outlook.co.in,F,AADHAR-5200-5628-3457,1980-04-19,DL-6522704010,Daughter,0,
DRV-12273,CLM-02274,Janya,,Kota,Janya Kota,97961817406,janya59@hotmail.com,M,VOTER-A776066,1967-09-08,DL-5444354990,Daughter,0,
DRV-12274,CLM-02275,Ishani,Maanas,Goel,Ishani Goel,98303227350,ishani53@rediffmail.com,F,UID-583120743684,1963-08-08,DL-9513141269,Self,1,MEM-11247
DRV-12275,CLM-02276,Jhalak,,Morar,Jhalak Morar,97450843769,jhalak82@hotmail.com,F,VOTER-E731194,1971-05-29,DL-3453574773,Spouse,0,
DRV-12276,CLM-02277,Netra,Arya,Sibal,Netra Sibal,98491397132,netra48@outlook.co.in,M,AADHAR-6087-2295-7996,1980-10-27,DL-9282296006,Spouse,0,
DRV-12277,CLM-02278,Aadi,Yatin,Singhal,Aadi Singhal,97202506986,aadi87@gmail.com,M,VOTER-B895091,2003-10-20,DL-4562318707,Self,1,MEM-13416
DRV-12278,CLM-02279,Dipta,,Johal,Dipta Johal,97779382052,dipta82@gmail.com,F,AADHAR-6610-5852-7776,1969-03-03,DL-1326819363,Spouse,0,
DRV-12279,CLM-02280,Kavya,,Sundaram,Kavya Sundaram,98783183296,kavya82@rediffmail.com,F,VOTER-B797799,1997-05-21,DL-7481174639,Paid Driver,0,
DRV-12280,CLM-02281,Ikshita,,Chand,Ikshita Chand,99985419716,ikshita86@gmail.com,F,UID-152387304310,2003-06-28,DL-6969778237,Paid Driver,0,
DRV-12281,CLM-02282,Leela,,Kibe,Leela Kibe,99874232676,leela54@rediffmail.com,F,VOTER-A298878,1979-12-06,DL-9135118717,Self,1,MEM-10864
DRV-12282,CLM-02283,Noah,Zayan,Sharma,Noah Sharma,98101539761,noah64@rediffmail.com,M,VOTER-B782232,1999-01-21,DL-9745912559,Self,1,MEM-12578
DRV-12283,CLM-02284,Jagrati,William,Sant,Jagrati Sant,99917574372,jagrati21@live.com,F,UID-158496996205,2002-10-06,DL-9769997351,Friend,0,
DRV-12284,CLM-02285,Triya,Rachita,Misra,Triya Misra,98479821123,triya93@gmail.com,M,AADHAR-4679-2125-2262,1960-03-21,DL-6864473834,Daughter,0,
DRV-12285,CLM-02286,Barkha,Vanya,Radhakrishnan,Barkha Radhakrishnan,99191900111,barkha89@rediffmail.com,F,AADHAR-6358-2066-6283,1980-03-15,DL-9765252436,Son,0,
DRV-12286,CLM-02287,Varenya,Warda,Behl,Varenya Behl,97339578852,varenya58@live.com,F,VOTER-E754524,2004-06-15,DL-1449005143,Spouse,0,
DRV-12287,CLM-02288,Idika,Yachana,Puri,Idika Puri,98286335916,idika77@gmail.com,M,AADHAR-1286-6175-1922,1961-09-28,DL-7854043098,Son,0,
DRV-12288,CLM-02289,Saanvi,Ansh,Dada,Saanvi Dada,97045722892,saanvi84@rediffmail.com,F,UID-467459845485,1989-04-21,DL-9649360324,Self,1,MEM-12177
DRV-12289,CLM-02290,Falak,Benjamin,Amble,Falak Amble,99093322587,falak54@rediffmail.com,F,VOTER-A626733,1996-11-28,DL-4967226882,Friend,0,
DRV-12290,CLM-02291,Chameli,Abdul,Gupta,Chameli Gupta,98307837737,chameli25@outlook.co.in,M,VOTER-B233333,1992-04-28,DL-3255280713,Son,0,
DRV-12291,CLM-02292,Pavani,Daniel,Baral,Pavani Baral,97147308307,pavani99@rediffmail.com,M,VOTER-D414896,1973-02-28,DL-1386831488,Daughter,0,
DRV-12292,CLM-02293,Ishani,,Date,Ishani Date,98165475567,ishani72@rediffmail.com,M,AADHAR-7071-6598-3132,1994-11-14,DL-8085078223,Spouse,0,
DRV-12293,CLM-02294,Anika,,Sekhon,Anika Sekhon,97406545617,anika77@rediffmail.com,F,UID-191395352524,1992-07-18,DL-6704369166,Friend,0,
DRV-12294,CLM-02295,Garima,Indali,Luthra,Garima Luthra,97831269699,garima62@live.com,M,VOTER-D606977,1993-09-15,DL-3787196512,Friend,0,
DRV-12295,CLM-02296,Megha,Zarna,Vasa,Megha Vasa,97234102033,megha23@live.com,M,UID-379508529047,1995-11-15,DL-2631087248,Paid Driver,0,
DRV-12296,CLM-02297,Arunima,Dalaja,Pillai,Arunima Pillai,97885183371,arunima36@rediffmail.com,M,AADHAR-9262-8000-8946,1961-04-28,DL-5198602354,Paid Driver,0,
DRV-12297,CLM-02298,Dhriti,Yasti,Kapoor,Dhriti Kapoor,97539516589,dhriti61@hotmail.com,F,UID-762265588475,2004-01-20,DL-8081468955,Paid Driver,0,
DRV-12298,CLM-02299,Yashawini,Vrishti,Sinha,Yashawini Sinha,99315051785,yashawini49@outlook.co.in,F,VOTER-C927757,1988-05-30,DL-3002254121,Daughter,0,
DRV-12299,CLM-02300,Jeet,,Baral,Jeet Baral,97888982882,jeet30@hotmail.com,M,UID-844090250400,1997-04-09,DL-9321854916,Self,1,MEM-10410
DRV-12300,CLM-02301,Vaishnavi,Radhika,Nagar,Vaishnavi Nagar,97284809178,vaishnavi83@yahoo.com,M,VOTER-D752799,1986-01-13,DL-3747961155,Daughter,0,
DRV-12301,CLM-02302,Nidra,Zashil,Kota,Nidra Kota,97700015168,nidra82@live.com,M,VOTER-E219679,1976-07-18,DL-5018619959,Relative,0,
DRV-12302,CLM-02303,Kritika,Leena,Handa,Kritika Handa,99964906010,kritika37@live.com,F,VOTER-A440688,1960-06-18,DL-8543741109,Self,1,MEM-10781
DRV-12303,CLM-02304,Lopa,Tanvi,Dhar,Lopa Dhar,97507323434,lopa45@gmail.com,M,UID-576633485245,1986-08-03,DL-2313204033,Spouse,0,
DRV-12304,CLM-02305,Jasmit,Samesh,Raghavan,Jasmit Raghavan,99407031706,jasmit15@hotmail.com,F,AADHAR-3201-7295-5367,1990-08-03,DL-7797560849,Relative,0,
DRV-12305,CLM-02306,Vritti,,Dave,Vritti Dave,98923698088,vritti78@outlook.co.in,F,UID-763936741531,1963-04-28,DL-6942118843,Relative,0,
DRV-12306,CLM-02307,Varenya,Vedhika,Bhardwaj,Varenya Bhardwaj,99766746477,varenya80@outlook.co.in,F,AADHAR-2420-2589-8049,1955-01-05,DL-5730302032,Son,0,
DRV-12307,CLM-02308,Deepa,Siya,Chokshi,Deepa Chokshi,98909882960,deepa24@outlook.co.in,M,AADHAR-4047-1718-9325,1959-08-14,DL-8408863088,Relative,0,
DRV-12308,CLM-02309,Gagan,Tara,Sarma,Gagan Sarma,97894360061,gagan59@yahoo.com,M,VOTER-A953435,1965-11-16,DL-7476925953,Self,1,MEM-11602
DRV-12309,CLM-02310,Triveni,,Bhat,Triveni Bhat,99082064774,triveni78@gmail.com,F,VOTER-D812373,1994-02-12,DL-1716657203,Friend,0,
DRV-12310,CLM-02311,Aadhya,,Manne,Aadhya Manne,98514672015,aadhya97@rediffmail.com,M,VOTER-C603255,1960-01-07,DL-2548151539,Daughter,0,
DRV-12311,CLM-02312,Turvi,Kritika,Kulkarni,Turvi Kulkarni,98293669284,turvi16@gmail.com,F,VOTER-E813502,1993-01-14,DL-1558453276,Daughter,0,
DRV-12312,CLM-02313,Umang,Kamala,Dubey,Umang Dubey,97427367082,umang99@outlook.co.in,M,AADHAR-3947-9555-2943,1964-08-11,DL-4680203851,Self,1,MEM-10916
DRV-12313,CLM-02314,Idika,Eshana,Naik,Idika Naik,97945846584,idika88@live.com,F,VOTER-B315574,1991-10-30,DL-3716059780,Daughter,0,
DRV-12314,CLM-02315,Krishna,Upkaar,Iyengar,Krishna Iyengar,99630342466,krishna91@live.com,M,AADHAR-7421-7935-9606,2005-02-28,DL-5016717016,Self,1,MEM-13376
DRV-12315,CLM-02316,Pratyush,,Sem,Pratyush Sem,98827848969,pratyush10@outlook.co.in,M,AADHAR-6858-4853-9896,1974-03-26,DL-1215857512,Self,1,MEM-10981
DRV-12316,CLM-02317,Maya,Oni,Gour,Maya Gour,99581135623,maya31@outlook.co.in,F,UID-734012326307,1961-12-10,DL-6778137648,Self,1,MEM-13493
DRV-12317,CLM-02318,Yochana,Devansh,Devan,Yochana Devan,97493254455,yochana17@hotmail.com,F,VOTER-D699471,1998-05-27,DL-6067816699,Paid Driver,0,
DRV-12318,CLM-02319,Frado,,Kakar,Frado Kakar,98408272147,frado30@hotmail.com,M,VOTER-B246693,1965-12-03,DL-1298411324,Self,1,MEM-10297
DRV-12319,CLM-02320,Tripti,,Loke,Tripti Loke,99596209877,tripti87@outlook.co.in,F,AADHAR-9516-1183-4648,1983-06-29,DL-7112760727,Self,1,MEM-11034
DRV-12320,CLM-02321,Vansha,Owen,Dugar,Vansha Dugar,97769030183,vansha74@gmail.com,M,VOTER-B575768,1980-11-01,DL-4510147157,Paid Driver,0,
DRV-12321,CLM-02322,Forum,Nidra,Gera,Forum Gera,98249842079,forum67@live.com,M,UID-729676194268,1980-10-07,DL-5030053863,Relative,0,
DRV-12322,CLM-02323,Gaurang,Ridhi,Manda,Gaurang Manda,97395169357,gaurang48@hotmail.com,M,AADHAR-8456-1160-9463,1980-12-25,DL-5813787510,Self,1,MEM-12671
DRV-12323,CLM-02324,Victor,Chanchal,Sastry,Victor Sastry,97492563906,victor67@live.com,M,UID-573772577138,1971-07-12,DL-1893185804,Self,1,MEM-11759
DRV-12324,CLM-02325,Ikbal,Idika,Rattan,Ikbal Rattan,99935519601,ikbal72@yahoo.com,M,AADHAR-9755-2225-3124,1988-01-28,DL-3590608410,Self,1,MEM-13058
DRV-12325,CLM-02326,Xiti,Samesh,Soni,Xiti Soni,98629503823,xiti35@gmail.com,F,UID-630598708237,2006-12-28,DL-2176397999,Spouse,0,
DRV-12326,CLM-02327,Bina,Nikita,Khare,Bina Khare,99922959113,bina35@outlook.co.in,M,UID-168059695916,1956-03-17,DL-7933340319,Son,0,
DRV-12327,CLM-02328,Girik,,Borde,Girik Borde,97674223349,girik79@outlook.co.in,M,VOTER-B994982,2001-01-10,DL-1519099686,Self,1,MEM-13086
DRV-12328,CLM-02329,Ira,Aradhana,Mitra,Ira Mitra,97986745807,ira20@hotmail.com,F,UID-439011875944,2006-09-17,DL-1636410204,Self,1,MEM-10230
DRV-12329,CLM-02330,Yatin,Prisha,Jain,Yatin Jain,97125163222,yatin42@rediffmail.com,M,VOTER-A872697,1991-03-09,DL-4338141965,Self,1,MEM-10529
DRV-12330,CLM-02331,Odika,,Sankaran,Odika Sankaran,98718337231,odika17@live.com,M,UID-669935755026,1961-09-12,DL-4531408871,Friend,0,
DRV-12331,CLM-02332,Megha,,Goel,Megha Goel,98522009263,megha81@gmail.com,F,AADHAR-5853-5317-9321,1976-10-15,DL-1487313440,Friend,0,
DRV-12332,CLM-02333,Zilmil,Lakshit,Prakash,Zilmil Prakash,98124516365,zilmil86@gmail.com,F,AADHAR-9208-6535-3098,1969-11-22,DL-2253153979,Spouse,0,
DRV-12333,CLM-02334,Irya,Megha,Dalal,Irya Dalal,99495881403,irya48@live.com,F,AADHAR-9565-4804-1729,1997-06-10,DL-9536844916,Spouse,0,
DRV-12334,CLM-02335,Siddharth,Zarna,Loke,Siddharth Loke,98773973357,siddharth39@hotmail.com,M,VOTER-C654048,2004-12-19,DL-6968638399,Self,1,MEM-11202
DRV-12335,CLM-02336,Chameli,George,Mangal,Chameli Mangal,99315021463,chameli34@hotmail.com,F,VOTER-A687062,1969-10-01,DL-1311639652,Son,0,
DRV-12336,CLM-02337,Omaja,Gunbir,Trivedi,Omaja Trivedi,97444342358,omaja29@outlook.co.in,F,UID-907878160337,1975-08-19,DL-2549806026,Spouse,0,
DRV-12337,CLM-02338,Anusha,Rachana,Kari,Anusha Kari,98568726843,anusha67@outlook.co.in,M,AADHAR-9159-4264-7722,1981-01-29,DL-4194305568,Spouse,0,
DRV-12338,CLM-02339,Pahal,Tanay,Sarma,Pahal Sarma,97322376473,pahal51@rediffmail.com,M,VOTER-E170613,1991-08-19,DL-5439604512,Spouse,0,
DRV-12339,CLM-02340,Vaishnavi,,Pandya,Vaishnavi Pandya,98536834847,vaishnavi37@rediffmail.com,F,VOTER-E821287,1968-02-14,DL-8056149452,Self,1,MEM-11439
DRV-12340,CLM-02341,Wakeeta,Arin,Behl,Wakeeta Behl,99692572871,wakeeta53@yahoo.com,M,AADHAR-6684-7453-1415,1987-08-07,DL-1861044617,Relative,0,
DRV-12341,CLM-02342,Nirja,Idika,Kashyap,Nirja Kashyap,98710349753,nirja68@hotmail.com,F,AADHAR-2014-8068-3333,1981-10-16,DL-8379276444,Son,0,
DRV-12342,CLM-02343,Ekalinga,Isaac,Swamy,Ekalinga Swamy,97326280188,ekalinga96@hotmail.com,M,VOTER-B669954,1985-12-22,DL-5214291691,Self,1,MEM-12798
DRV-12343,CLM-02344,Mekhala,Aarna,Chahal,Mekhala Chahal,98576478337,mekhala55@outlook.co.in,F,UID-336648701349,1960-12-23,DL-8092364543,Self,1,MEM-10752
DRV-12344,CLM-02345,Mitali,Balvan,Varghese,Mitali Varghese,98405632390,mitali84@yahoo.com,F,AADHAR-8995-3139-3138,1957-04-29,DL-6515370869,Paid Driver,0,
DRV-12345,CLM-02346,Irya,,Om,Irya Om,97693455597,irya45@outlook.co.in,M,AADHAR-2141-4813-3247,2007-07-02,DL-6562849537,Relative,0,
DRV-12346,CLM-02347,Vihaan,Joshua,Sama,Vihaan Sama,97047345161,vihaan87@outlook.co.in,M,UID-166332537521,1972-04-28,DL-4586620371,Self,1,MEM-11954
DRV-12347,CLM-02348,Vamakshi,,Dhaliwal,Vamakshi Dhaliwal,97851534981,vamakshi74@live.com,M,VOTER-D810245,1966-12-31,DL-8638846225,Spouse,0,
DRV-12348,CLM-02349,Ishita,Nicholas,Nayar,Ishita Nayar,98440212314,ishita23@yahoo.com,F,VOTER-E485957,1967-01-30,DL-3852491015,Relative,0,
DRV-12349,CLM-02350,Vamakshi,,Sanghvi,Vamakshi Sanghvi,99396566538,vamakshi53@hotmail.com,F,UID-574078763267,1987-07-22,DL-8043363118,Self,1,MEM-12865
DRV-12350,CLM-02351,Baghyawati,,Talwar,Baghyawati Talwar,97640393824,baghyawati33@outlook.co.in,F,UID-222679648687,1985-05-19,DL-7070122458,Paid Driver,0,
DRV-12351,CLM-02352,Nidhi,Nihal,Bahl,Nidhi Bahl,97437690587,nidhi71@hotmail.com,F,AADHAR-1775-5261-8658,1998-05-17,DL-8856037897,Self,1,MEM-13014
DRV-12352,CLM-02353,Girish,Faras,Pall,Girish Pall,97001351563,girish83@rediffmail.com,M,UID-862165462697,1968-03-13,DL-9075318676,Self,1,MEM-13438
DRV-12353,CLM-02354,Bhavini,,Muni,Bhavini Muni,98164867919,bhavini20@hotmail.com,F,VOTER-C518013,2006-09-18,DL-6081749213,Spouse,0,
DRV-12354,CLM-02355,Varsha,,Nair,Varsha Nair,97635588696,varsha92@live.com,F,VOTER-A173745,1971-02-12,DL-6145423847,Son,0,
DRV-12355,CLM-02356,Niharika,,Sinha,Niharika Sinha,99245834631,niharika92@live.com,F,UID-558950806474,1971-06-20,DL-4421435339,Spouse,0,
DRV-12356,CLM-02357,Charles,,Mutti,Charles Mutti,99275966625,charles69@outlook.co.in,M,AADHAR-2412-2466-8068,1974-08-07,DL-5973964025,Self,1,MEM-11197
DRV-12357,CLM-02358,Wyatt,,Kaul,Wyatt Kaul,97030854241,wyatt14@outlook.co.in,M,VOTER-D798679,1989-12-13,DL-1625532677,Self,1,MEM-11910
DRV-12358,CLM-02359,Manya,Kai,Sekhon,Manya Sekhon,97868560920,manya99@hotmail.com,F,AADHAR-8124-1660-2413,1998-03-23,DL-2615873293,Spouse,0,
DRV-12359,CLM-02360,Ekani,Osha,Dass,Ekani Dass,97679115164,ekani92@hotmail.com,F,VOTER-E341772,2004-12-31,DL-6988320112,Spouse,0,
DRV-12360,CLM-02361,Thomas,,Goswami,Thomas Goswami,98181867911,thomas90@rediffmail.com,M,AADHAR-3948-6824-7694,1985-07-17,DL-4291772577,Self,1,MEM-11792
DRV-12361,CLM-02362,Gabriel,Balendra,Viswanathan,Gabriel Viswanathan,99512963336,gabriel79@hotmail.com,M,VOTER-D244355,1966-06-23,DL-7257322424,Self,1,MEM-12306
DRV-12362,CLM-02363,Alka,,Karnik,Alka Karnik,97090882280,alka72@outlook.co.in,F,AADHAR-7404-5973-7142,1993-04-14,DL-5812677943,Son,0,
DRV-12363,CLM-02364,Mason,Hemang,Parekh,Mason Parekh,97801634051,mason46@live.com,M,AADHAR-2278-9749-9576,1990-01-19,DL-5571291297,Self,1,MEM-10454
DRV-12364,CLM-02365,Gabriel,,Magar,Gabriel Magar,99913258092,gabriel67@gmail.com,M,UID-323608370846,1982-07-12,DL-9719617490,Self,1,MEM-13028
DRV-12365,CLM-02366,Garima,,Prashad,Garima Prashad,97174445784,garima40@outlook.co.in,F,UID-844134461909,1997-12-14,DL-7809986009,Spouse,0,
DRV-12366,CLM-02367,Tanay,Alka,Narain,Tanay Narain,99150335052,tanay81@gmail.com,M,AADHAR-9327-4316-6637,1990-11-10,DL-7013438530,Self,1,MEM-11667
DRV-12367,CLM-02368,Ishani,Bhavna,Narang,Ishani Narang,99663441904,ishani80@gmail.com,M,VOTER-C700767,1969-12-25,DL-5623970030,Paid Driver,0,
DRV-12368,CLM-02369,Vritti,Lohit,Koshy,Vritti Koshy,98242851947,vritti66@hotmail.com,M,AADHAR-6053-8830-3573,1966-02-08,DL-7283191181,Daughter,0,
DRV-12369,CLM-02370,Indali,Nakul,Kumer,Indali Kumer,97576104308,indali34@hotmail.com,M,AADHAR-7036-1058-2203,2003-10-07,DL-5537304472,Friend,0,
DRV-12370,CLM-02371,Baghyawati,,Purohit,Baghyawati Purohit,98844277806,baghyawati10@yahoo.com,F,UID-502418150718,1970-01-17,DL-7823267007,Spouse,0,
DRV-12371,CLM-02372,Dayamai,Geetika,Baria,Dayamai Baria,98839868642,dayamai83@yahoo.com,F,AADHAR-3818-9283-9097,2001-08-11,DL-9926088454,Self,1,MEM-12885
DRV-12372,CLM-02373,Janya,Abhimanyu,Johal,Janya Johal,97813491256,janya69@yahoo.com,F,UID-608529644371,1970-01-30,DL-9042794252,Self,1,MEM-11326
DRV-12373,CLM-02374,Charita,Fitan,Hora,Charita Hora,97558543983,charita71@gmail.com,M,VOTER-E956356,1968-03-05,DL-4162367757,Friend,0,
DRV-12374,CLM-02375,Pushti,Naveen,Mall,Pushti Mall,98779576658,pushti89@gmail.com,F,AADHAR-3088-8511-3759,1996-04-19,DL-4734869456,Friend,0,
DRV-12375,CLM-02376,Sai,Veer,Amble,Sai Amble,97221598706,sai13@rediffmail.com,M,VOTER-E682425,1999-07-29,DL-9095308556,Paid Driver,0,
DRV-12376,CLM-02377,Udyati,Aradhana,Chaudry,Udyati Chaudry,99682877270,udyati37@yahoo.com,F,UID-909470485325,1962-08-08,DL-7233136985,Daughter,0,
DRV-12377,CLM-02378,Panini,Sudiksha,Jayaraman,Panini Jayaraman,98768226679,panini54@gmail.com,M,AADHAR-7834-7299-6767,2005-08-15,DL-9656778529,Relative,0,
DRV-12378,CLM-02379,Devika,Chandran,Halder,Devika Halder,98196897087,devika12@outlook.co.in,F,AADHAR-4634-8042-7258,1975-01-26,DL-7028555031,Friend,0,
DRV-12379,CLM-02380,Eta,Amol,Chaudry,Eta Chaudry,97914803013,eta68@hotmail.com,M,VOTER-B556764,1965-01-24,DL-5163041094,Son,0,
DRV-12380,CLM-02381,Arunima,,Mitra,Arunima Mitra,97238121392,arunima59@live.com,M,AADHAR-4811-3696-2827,1960-11-04,DL-7449004948,Spouse,0,
DRV-12381,CLM-02382,Ekantika,Ekalinga,Vala,Ekantika Vala,99742280961,ekantika65@hotmail.com,M,UID-942132159076,1959-11-19,DL-6668434322,Paid Driver,0,
DRV-12382,CLM-02383,Qabil,Avni,Sankar,Qabil Sankar,99011844656,qabil20@hotmail.com,M,AADHAR-5548-4192-9494,1962-10-24,DL-2101928599,Self,1,MEM-12388
DRV-12383,CLM-02384,Yadavi,Amaira,Ahluwalia,Yadavi Ahluwalia,98981388194,yadavi49@live.com,M,VOTER-A939042,1961-11-06,DL-4372321842,Paid Driver,0,
DRV-12384,CLM-02385,Adweta,Ikshita,Modi,Adweta Modi,98763601934,adweta60@outlook.co.in,F,VOTER-A424366,1986-06-12,DL-6932555052,Daughter,0,
DRV-12385,CLM-02386,Shivani,Lucky,Ramaswamy,Shivani Ramaswamy,99817672501,shivani55@hotmail.com,F,UID-392554373627,1961-02-14,DL-9702033989,Daughter,0,
DRV-12386,CLM-02387,Neelima,Tamanna,Hayer,Neelima Hayer,97927369055,neelima38@gmail.com,M,AADHAR-4314-3940-2959,1974-02-20,DL-8509255464,Relative,0,
DRV-12387,CLM-02388,Chaman,Kai,Jaggi,Chaman Jaggi,99525622813,chaman83@outlook.co.in,F,AADHAR-3244-4133-4898,1991-12-17,DL-9747337962,Self,1,MEM-11917
DRV-12388,CLM-02389,Barkha,Charvi,Chakrabarti,Barkha Chakrabarti,98320238253,barkha37@gmail.com,F,AADHAR-7482-9353-7409,1991-08-10,DL-9133992646,Self,1,MEM-10007
DRV-12389,CLM-02390,Vritti,,Agarwal,Vritti Agarwal,98219496387,vritti40@hotmail.com,M,VOTER-C475695,1966-11-28,DL-2004589891,Paid Driver,0,
DRV-12390,CLM-02391,Leela,Megha,Pant,Leela Pant,98903520689,leela50@live.com,F,AADHAR-8600-9565-5346,2005-12-02,DL-2858857773,Self,1,MEM-11953
DRV-12391,CLM-02392,Orinder,Triya,Raja,Orinder Raja,99226533447,orinder97@hotmail.com,M,VOTER-C813573,1993-05-17,DL-1833899416,Self,1,MEM-13346
DRV-12392,CLM-02393,Vasudha,Nimrat,Seshadri,Vasudha Seshadri,97837610155,vasudha48@rediffmail.com,M,AADHAR-2551-2812-3139,1979-12-09,DL-6783999463,Son,0,
DRV-12393,CLM-02394,Rudra,Imaran,Baria,Rudra Baria,98681859331,rudra27@live.com,M,UID-162571042481,1987-11-13,DL-2560055921,Self,1,MEM-13253
DRV-12394,CLM-02395,Dominic,Charles,Batra,Dominic Batra,99505918222,dominic49@hotmail.com,M,VOTER-B843629,1968-09-12,DL-1410526538,Self,1,MEM-12059
DRV-12395,CLM-02396,Oeshi,Yatan,Swamy,Oeshi Swamy,98820183012,oeshi66@outlook.co.in,F,UID-744360213867,1998-12-02,DL-6201888248,Self,1,MEM-12561
DRV-12396,CLM-02397,Ati,Mugdha,Vohra,Ati Vohra,97254044540,ati90@gmail.com,F,UID-159621178189,1994-05-26,DL-7820344185,Relative,0,
DRV-12397,CLM-02398,Kavya,Pratyush,Kari,Kavya Kari,97475445664,kavya18@gmail.com,M,VOTER-A329850,1977-03-26,DL-5635671817,Spouse,0,
DRV-12398,CLM-02399,Warhi,,Solanki,Warhi Solanki,97305817331,warhi92@hotmail.com,M,AADHAR-9958-3450-2694,1977-01-14,DL-5002501076,Paid Driver,0,
DRV-12399,CLM-02400,Forum,Hamsini,Dalal,Forum Dalal,98207408565,forum70@live.com,M,VOTER-A489295,1963-11-17,DL-6250018219,Paid Driver,0,
DRV-12400,CLM-02401,Girish,Faraj,Kari,Girish Kari,99463680019,girish66@rediffmail.com,M,UID-400686777356,2001-04-14,DL-8734148712,Self,1,MEM-10706
DRV-12401,CLM-02402,Henry,Sathvik,Pingle,Henry Pingle,97942011292,henry63@yahoo.com,M,UID-178090404802,1979-05-15,DL-8102875749,Self,1,MEM-10759
DRV-12402,CLM-02403,Laban,Watika,Gola,Laban Gola,97476987988,laban10@hotmail.com,M,VOTER-A739734,1965-12-31,DL-8210227410,Self,1,MEM-10240
DRV-12403,CLM-02404,Ranbir,,Kulkarni,Ranbir Kulkarni,99930255667,ranbir14@outlook.co.in,M,VOTER-C426813,2006-10-23,DL-3876035670,Self,1,MEM-11600
DRV-12404,CLM-02405,Ojas,Libni,Dhingra,Ojas Dhingra,98550345488,ojas14@hotmail.com,M,AADHAR-5273-2632-3141,2002-08-10,DL-4895302757,Self,1,MEM-10581
DRV-12405,CLM-02406,Widisha,Chaman,Handa,Widisha Handa,97861121463,widisha15@rediffmail.com,M,VOTER-D333104,1959-03-25,DL-1917679615,Relative,0,
DRV-12406,CLM-02407,Amruta,Vidhi,Mandal,Amruta Mandal,99387647848,amruta88@yahoo.com,F,VOTER-A227612,1981-05-23,DL-8445671000,Spouse,0,
DRV-12407,CLM-02408,Vaishnavi,Neelima,Mall,Vaishnavi Mall,99360190660,vaishnavi98@live.com,F,AADHAR-1272-5017-6296,1957-08-15,DL-2478862427,Daughter,0,
DRV-12408,CLM-02409,Sachi,Rajata,Solanki,Sachi Solanki,98228340911,sachi60@outlook.co.in,M,UID-720150201250,1971-08-11,DL-3577570165,Spouse,0,
DRV-12409,CLM-02410,Tanmayi,,Dhar,Tanmayi Dhar,99786785542,tanmayi14@hotmail.com,F,VOTER-B929323,1997-03-25,DL-1166268680,Son,0,
DRV-12410,CLM-02411,Urvashi,Rajeshri,Venkatesh,Urvashi Venkatesh,97255833986,urvashi38@hotmail.com,F,AADHAR-4609-4405-5863,2003-11-10,DL-2877241377,Friend,0,
DRV-12411,CLM-02412,Kritika,Lohit,Varghese,Kritika Varghese,97272926396,kritika64@gmail.com,F,AADHAR-5385-8404-3300,1967-04-05,DL-2603634894,Self,1,MEM-12977
DRV-12412,CLM-02413,Rachita,,Ben,Rachita Ben,99472198455,rachita32@gmail.com,F,AADHAR-6935-1597-7640,1998-04-22,DL-4110137148,Self,1,MEM-11812
DRV-12413,CLM-02414,Dominic,,Bhardwaj,Dominic Bhardwaj,99063662676,dominic83@live.com,M,VOTER-A501598,1968-04-18,DL-8152852838,Self,1,MEM-11123
DRV-12414,CLM-02415,Mitali,,Chandra,Mitali Chandra,97033496827,mitali83@hotmail.com,F,VOTER-B210027,1997-05-04,DL-7947680003,Self,1,MEM-13323
DRV-12415,CLM-02416,Amara,Yug,Radhakrishnan,Amara Radhakrishnan,99677433510,amara85@gmail.com,F,AADHAR-5358-2761-7797,1988-08-20,DL-8747102629,Self,1,MEM-11456
DRV-12416,CLM-02417,Lajita,Guneet,Das,Lajita Das,97661445125,lajita19@gmail.com,M,UID-484874346143,1982-08-03,DL-7629308983,Friend,0,
DRV-12417,CLM-02418,Nandini,,Baria,Nandini Baria,99390240073,nandini58@rediffmail.com,M,UID-623130694321,1957-08-27,DL-1465167915,Friend,0,
DRV-12418,CLM-02419,Krisha,Laban,Vohra,Krisha Vohra,97680189227,krisha10@hotmail.com,M,AADHAR-1502-3099-1823,1983-07-28,DL-2576603671,Friend,0,
DRV-12419,CLM-02420,Barkha,Netra,Chaudry,Barkha Chaudry,99414432017,barkha10@gmail.com,F,AADHAR-5061-3471-3629,1988-08-25,DL-8390252275,Self,1,MEM-11632
DRV-12420,CLM-02421,Wakeeta,Raagini,Majumdar,Wakeeta Majumdar,97755764460,wakeeta26@hotmail.com,F,AADHAR-1954-6852-9469,1980-09-05,DL-6112659573,Daughter,0,
DRV-12421,CLM-02422,Lakshmi,Lucky,Kapoor,Lakshmi Kapoor,98052459274,lakshmi41@hotmail.com,M,AADHAR-3743-1004-5751,1976-09-21,DL-1144356623,Paid Driver,0,
DRV-12422,CLM-02423,Anita,,Majumdar,Anita Majumdar,99677465795,anita78@live.com,M,AADHAR-6821-5497-4767,1971-03-03,DL-8922857470,Spouse,0,
DRV-12423,CLM-02424,Alka,,Patil,Alka Patil,98721334881,alka33@hotmail.com,F,AADHAR-9369-6782-3647,1958-06-08,DL-8440595724,Spouse,0,
DRV-12424,CLM-02425,Mahika,Bhavya,Ram,Mahika Ram,98558767012,mahika24@outlook.co.in,F,AADHAR-9711-1568-5685,1994-10-17,DL-1068772006,Self,1,MEM-10444
DRV-12425,CLM-02426,Hredhaan,,Nagi,Hredhaan Nagi,98727602426,hredhaan68@live.com,M,AADHAR-8095-3893-3458,1980-01-12,DL-4709476611,Self,1,MEM-13299
DRV-12426,CLM-02427,Tara,Qadim,Jaggi,Tara Jaggi,97500791373,tara99@hotmail.com,M,AADHAR-1934-2400-6348,1967-11-30,DL-9387712742,Daughter,0,
DRV-12427,CLM-02428,Farhan,Vamakshi,Randhawa,Farhan Randhawa,99582717597,farhan71@live.com,M,VOTER-A640477,2000-02-21,DL-1731972388,Self,1,MEM-11891
DRV-12428,CLM-02429,Simon,Krishna,Choudhary,Simon Choudhary,98878630255,simon64@gmail.com,M,UID-403387630955,1972-03-06,DL-7304773650,Self,1,MEM-11116
DRV-12429,CLM-02430,Pratyush,,Sem,Pratyush Sem,98827848969,pratyush10@outlook.co.in,M,AADHAR-6858-4853-9896,1974-03-26,DL-1426816058,Self,1,MEM-10981
DRV-12430,CLM-02431,Hema,,Char,Hema Char,97349121329,hema52@outlook.co.in,F,UID-247350228832,1979-03-11,DL-9115412823,Son,0,
DRV-12431,CLM-02432,Ranveer,Janaki,Karan,Ranveer Karan,99729617520,ranveer37@gmail.com,M,VOTER-E389356,2006-09-20,DL-2960857814,Self,1,MEM-10296
DRV-12432,CLM-02433,Gauri,Ranbir,Dutt,Gauri Dutt,97678791632,gauri66@live.com,M,VOTER-E599967,1974-08-28,DL-2917765781,Friend,0,
DRV-12433,CLM-02434,Widisha,Tarak,Krishnamurthy,Widisha Krishnamurthy,99359797350,widisha65@live.com,F,UID-966899101601,1982-01-07,DL-9793751091,Self,1,MEM-12467
DRV-12434,CLM-02435,Suhani,,Chaudry,Suhani Chaudry,98650234647,suhani16@live.com,F,VOTER-A614490,1967-11-01,DL-2780436128,Spouse,0,
DRV-12435,CLM-02436,Bhanumati,Nathan,Johal,Bhanumati Johal,99101931158,bhanumati32@live.com,F,VOTER-D544288,1973-05-22,DL-8103415714,Self,1,MEM-12335
DRV-12436,CLM-02437,Vedant,Falan,Chawla,Vedant Chawla,97647474006,vedant77@gmail.com,M,VOTER-D593318,1970-01-12,DL-8382636785,Self,1,MEM-11277
DRV-12437,CLM-02438,Dayita,Upma,Som,Dayita Som,99772008108,dayita93@hotmail.com,M,AADHAR-7605-2695-3960,1998-08-23,DL-9868169614,Son,0,
DRV-12438,CLM-02439,Faras,Umang,Mannan,Faras Mannan,99580780271,faras99@rediffmail.com,M,UID-439613368033,1963-12-01,DL-8295766633,Self,1,MEM-11058
DRV-12439,CLM-02440,Maya,Umang,Solanki,Maya Solanki,98723935073,maya37@hotmail.com,F,VOTER-B296142,2004-10-30,DL-2155113790,Spouse,0,
DRV-12440,CLM-02441,Faqid,Rishi,Contractor,Faqid Contractor,97748327250,faqid61@yahoo.com,M,UID-420469702285,1997-04-09,DL-1284527785,Self,1,MEM-12012
DRV-12441,CLM-02442,Saumya,,Sem,Saumya Sem,98415208595,saumya53@yahoo.com,F,VOTER-E142708,1961-06-30,DL-1598525876,Daughter,0,
DRV-12442,CLM-02443,Eesha,Inaya,Wason,Eesha Wason,97222643598,eesha16@rediffmail.com,F,AADHAR-7370-1149-2387,1986-10-04,DL-1664606099,Spouse,0,
DRV-12443,CLM-02444,Kashish,Darsh,Bumb,Kashish Bumb,99304880969,kashish26@outlook.co.in,F,UID-822062183480,1954-11-11,DL-7595971408,Paid Driver,0,
DRV-12444,CLM-02445,Xiti,,Zachariah,Xiti Zachariah,98932541387,xiti81@gmail.com,M,VOTER-D102779,1987-10-11,DL-4325531189,Friend,0,
DRV-12445,CLM-02446,Yashoda,,Wadhwa,Yashoda Wadhwa,99109981254,yashoda91@hotmail.com,F,UID-179723572301,1996-11-08,DL-7845379500,Self,1,MEM-11785
DRV-12446,CLM-02447,Yashoda,Keya,Dubey,Yashoda Dubey,99468989417,yashoda57@outlook.co.in,F,AADHAR-2317-3768-5721,1967-12-19,DL-9639715011,Self,1,MEM-11208
DRV-12447,CLM-02448,Krish,Vyanjana,Ramaswamy,Krish Ramaswamy,99400177333,krish51@yahoo.com,M,UID-404793654475,1974-03-23,DL-4624361423,Self,1,MEM-11474
DRV-12448,CLM-02449,Raksha,Saksham,Gour,Raksha Gour,97640341109,raksha87@live.com,F,VOTER-D800890,2006-04-26,DL-4945962490,Paid Driver,0,
DRV-12449,CLM-02450,Ekta,,Devan,Ekta Devan,97843597571,ekta90@rediffmail.com,F,AADHAR-1510-5061-7574,1988-10-20,DL-1747791427,Spouse,0,
DRV-12450,CLM-02451,Jagrati,,More,Jagrati More,98855086161,jagrati12@gmail.com,F,AADHAR-6048-2249-2034,2000-04-13,DL-7486606375,Self,1,MEM-10364
DRV-12451,CLM-02452,Lajita,Raghav,Parikh,Lajita Parikh,99426024044,lajita81@gmail.com,M,VOTER-A495885,1960-01-26,DL-9859195764,Spouse,0,
DRV-12452,CLM-02453,Yauvani,Veer,Sastry,Yauvani Sastry,98289343185,yauvani78@yahoo.com,M,VOTER-C196607,1985-05-25,DL-4060440577,Relative,0,
DRV-12453,CLM-02454,Frado,,Kakar,Frado Kakar,98408272147,frado30@hotmail.com,M,VOTER-B246693,1965-12-03,DL-4381796147,Self,1,MEM-10297
DRV-12454,CLM-02455,Nidhi,Ranveer,Mallick,Nidhi Mallick,97986541894,nidhi24@live.com,F,AADHAR-8493-9446-1439,2006-12-27,DL-7587859167,Spouse,0,
DRV-12455,CLM-02456,Inaya,Naveen,Pandit,Inaya Pandit,97318953988,inaya77@outlook.co.in,F,AADHAR-2473-2857-3359,1972-06-23,DL-8868221784,Daughter,0,
DRV-12456,CLM-02457,Samuel,Anjali,Bail,Samuel Bail,98378642006,samuel77@rediffmail.com,M,UID-819435379014,2003-02-13,DL-2008123829,Self,1,MEM-12050
DRV-12457,CLM-02458,Adya,,Chowdhury,Adya Chowdhury,98174186480,adya97@outlook.co.in,F,VOTER-A670352,1988-08-01,DL-2615460251,Daughter,0,
DRV-12458,CLM-02459,Bachittar,Tanveer,Saxena,Bachittar Saxena,99381203993,bachittar21@hotmail.com,M,VOTER-C790459,1986-10-28,DL-4255014538,Self,1,MEM-10975
DRV-12459,CLM-02460,Mitali,Oni,Bandi,Mitali Bandi,99925593955,mitali79@rediffmail.com,M,VOTER-A932774,2004-09-21,DL-8215371905,Son,0,
DRV-12460,CLM-02461,Yauvani,Madhav,Venkataraman,Yauvani Venkataraman,97009536154,yauvani91@live.com,F,AADHAR-1729-1044-5517,1970-09-12,DL-8681777092,Self,1,MEM-10183
DRV-12461,CLM-02462,Ria,Vasudha,Rajagopal,Ria Rajagopal,98068061992,ria66@gmail.com,F,AADHAR-9334-3858-6262,1974-10-25,DL-2223813254,Daughter,0,
DRV-12462,CLM-02463,Gunbir,Reyansh,Muni,Gunbir Muni,98344878761,gunbir10@outlook.co.in,M,UID-714646809026,1979-11-13,DL-9767219387,Self,1,MEM-10084
DRV-12463,CLM-02464,Mason,Anay,Dey,Mason Dey,97377465233,mason27@gmail.com,M,AADHAR-1157-8876-8252,1982-08-12,DL-3622245085,Self,1,MEM-11934
DRV-12464,CLM-02465,Oni,,Jha,Oni Jha,97407191579,oni90@yahoo.com,F,AADHAR-4726-6880-4276,2005-02-21,DL-3530971501,Self,1,MEM-12477
DRV-12465,CLM-02466,Christopher,Liam,Hans,Christopher Hans,98212598655,christopher36@live.com,M,AADHAR-7092-7857-9637,1991-04-05,DL-1054636562,Self,1,MEM-10625
DRV-12466,CLM-02467,Amol,,Devi,Amol Devi,98322725076,amol48@rediffmail.com,M,AADHAR-6570-1331-4767,2007-07-13,DL-4520920736,Self,1,MEM-13094
DRV-12467,CLM-02468,Ansh,Waida,Gade,Ansh Gade,99949566985,ansh47@gmail.com,M,UID-586511237405,2006-03-14,DL-2027504261,Self,1,MEM-13274
DRV-12468,CLM-02469,Bina,Bhavini,Singh,Bina Singh,99255849263,bina30@gmail.com,M,VOTER-B400227,2007-09-17,DL-1311609043,Friend,0,
DRV-12469,CLM-02470,Sanaya,,Dasgupta,Sanaya Dasgupta,99953329154,sanaya21@gmail.com,M,VOTER-A946995,2004-03-10,DL-8678553999,Relative,0,
DRV-12470,CLM-02471,Kalpit,Yuvraj,Balan,Kalpit Balan,98041741978,kalpit59@rediffmail.com,M,VOTER-E194173,2004-09-25,DL-9061107799,Self,1,MEM-11747
DRV-12471,CLM-02472,Priya,Vasudha,Nigam,Priya Nigam,99446341135,priya52@outlook.co.in,F,UID-419732816288,1983-02-13,DL-6907011987,Self,1,MEM-10394
DRV-12472,CLM-02473,Falak,Devika,Wali,Falak Wali,98781696369,falak96@rediffmail.com,M,VOTER-C787552,1967-01-02,DL-3942783143,Relative,0,
DRV-12473,CLM-02474,Brinda,,Khurana,Brinda Khurana,98863488115,brinda11@gmail.com,F,UID-906867449018,1994-04-23,DL-5041462884,Relative,0,
DRV-12474,CLM-02475,Urvi,Gavin,Ramaswamy,Urvi Ramaswamy,99235224047,urvi87@hotmail.com,F,VOTER-E765698,1972-04-27,DL-5365731177,Spouse,0,
DRV-12475,CLM-02476,Bhavya,Kamya,Parekh,Bhavya Parekh,99149888668,bhavya11@hotmail.com,M,UID-220142476477,1958-07-31,DL-7129179636,Spouse,0,
DRV-12476,CLM-02477,Siya,Max,Batta,Siya Batta,99858201988,siya60@outlook.co.in,F,AADHAR-7093-8595-5901,1959-11-30,DL-5125707018,Self,1,MEM-13251
DRV-12477,CLM-02478,Harini,Unnati,Kapur,Harini Kapur,98931108138,harini22@gmail.com,F,AADHAR-9019-4701-4618,2001-01-30,DL-7676560988,Relative,0,
DRV-12478,CLM-02479,Amara,,Nagy,Amara Nagy,97604654837,amara93@hotmail.com,F,AADHAR-8754-8803-1877,1994-04-05,DL-8997736863,Self,1,MEM-10265
DRV-12479,CLM-02480,Ojasvi,Oeshi,Khare,Ojasvi Khare,99950147054,ojasvi81@hotmail.com,F,AADHAR-7662-4362-5889,2004-08-08,DL-9631928038,Spouse,0,
DRV-12480,CLM-02481,Xiti,Omkaar,D’Alia,Xiti D’Alia,98712131146,xiti88@hotmail.com,F,UID-857404936171,1998-04-21,DL-7331217836,Self,1,MEM-11868
DRV-12481,CLM-02482,Rayaan,,Dhawan,Rayaan Dhawan,99704601144,rayaan12@rediffmail.com,M,AADHAR-4492-9540-8768,1996-12-09,DL-4565731654,Self,1,MEM-12559
DRV-12482,CLM-02483,Lipika,,Ramaswamy,Lipika Ramaswamy,97637932087,lipika98@yahoo.com,F,UID-860257235588,1980-10-30,DL-4567209856,Self,1,MEM-10559
DRV-12483,CLM-02484,Ria,Faras,Rattan,Ria Rattan,97716891303,ria86@rediffmail.com,M,AADHAR-3222-4619-2239,2001-06-07,DL-1704867836,Paid Driver,0,
DRV-12484,CLM-02485,Lipika,,Bhattacharyya,Lipika Bhattacharyya,98897540640,lipika54@hotmail.com,M,UID-714567610646,1975-10-10,DL-8497097502,Paid Driver,0,
DRV-12485,CLM-02486,Devika,Utkarsh,Luthra,Devika Luthra,97973461075,devika42@gmail.com,F,VOTER-A346854,2005-11-08,DL-7484758260,Daughter,0,
DRV-12486,CLM-02487,Hemal,,Barman,Hemal Barman,99645315369,hemal16@gmail.com,F,AADHAR-2046-9592-5456,1956-05-14,DL-1839514894,Daughter,0,
DRV-12487,CLM-02488,Ekta,Rachita,Gour,Ekta Gour,97489320091,ekta45@live.com,F,UID-220101856089,2006-11-19,DL-7948604939,Paid Driver,0,
DRV-12488,CLM-02489,Wakeeta,Tamanna,Butala,Wakeeta Butala,98400203465,wakeeta85@gmail.com,F,VOTER-E469714,1975-05-12,DL-8473449494,Friend,0,
DRV-12489,CLM-02490,Amara,,Nagy,Amara Nagy,97604654837,amara93@hotmail.com,F,AADHAR-8754-8803-1877,1994-04-05,DL-6538554220,Self,1,MEM-10265
DRV-12490,CLM-02491,Lipika,,Ramaswamy,Lipika Ramaswamy,97637932087,lipika98@yahoo.com,F,UID-860257235588,1980-10-30,DL-8291575181,Self,1,MEM-10559
DRV-12491,CLM-02492,Simon,Zilmil,Venkatesh,Simon Venkatesh,97808760007,simon30@gmail.com,M,UID-815167101932,1974-01-03,DL-3944909497,Self,1,MEM-11729
DRV-12492,CLM-02493,Varsha,Ekaraj,Mander,Varsha Mander,98909110358,varsha52@gmail.com,F,UID-881776929664,1992-09-17,DL-3300501023,Paid Driver,0,
DRV-12493,CLM-02494,Triveni,Wakeeta,Palan,Triveni Palan,97943056049,triveni25@outlook.co.in,F,AADHAR-9481-1822-2572,1961-10-09,DL-5254613624,Paid Driver,0,
DRV-12494,CLM-02495,Urvashi,,Jha,Urvashi Jha,99884154285,urvashi22@rediffmail.com,M,AADHAR-5878-9114-2573,1960-07-21,DL-3247836807,Friend,0,
DRV-12495,CLM-02496,Anvi,,Toor,Anvi Toor,97006301288,anvi47@live.com,F,UID-756799611642,1994-03-14,DL-6319571018,Self,1,MEM-10528
DRV-12496,CLM-02497,Osha,,Deol,Osha Deol,98384046720,osha34@rediffmail.com,F,AADHAR-6798-9445-9140,1961-10-24,DL-8030548879,Relative,0,
DRV-12497,CLM-02498,Sneha,Yatan,Bahri,Sneha Bahri,97734795156,sneha21@outlook.co.in,F,AADHAR-6029-8648-8493,1956-03-25,DL-2872220860,Spouse,0,
DRV-12498,CLM-02499,Arya,Faras,Saran,Arya Saran,97237273403,arya13@yahoo.com,F,AADHAR-1695-3068-7833,1964-10-27,DL-2013154193,Relative,0,
DRV-12499,CLM-02500,Avni,Rishi,Agarwal,Avni Agarwal,98967932142,avni45@live.com,F,AADHAR-1922-3775-9302,1999-10-15,DL-5144364967,Daughter,0,
DRV-12500,CLM-02501,Yashoda,Ladli,Khosla,Yashoda Khosla,97085662418,yashoda29@live.com,F,UID-743976784861,1958-11-25,DL-1403983018,Son,0,
DRV-12501,CLM-02502,Varenya,Advik,Goel,Varenya Goel,98475359256,varenya40@yahoo.com,M,UID-265243453895,1987-11-23,DL-8342864605,Son,0,
DRV-12502,CLM-02503,Gavin,Tara,Gill,Gavin Gill,99514854316,gavin63@yahoo.com,M,UID-480844044787,2006-02-01,DL-7767019301,Self,1,MEM-12565
DRV-12503,CLM-02504,Irya,,Tripathi,Irya Tripathi,97741093339,irya44@outlook.co.in,F,VOTER-E495450,1973-05-09,DL-3242014684,Spouse,0,
DRV-12504,CLM-02505,Jagrati,Laban,Khatri,Jagrati Khatri,98640160741,jagrati26@outlook.co.in,M,VOTER-A295018,1956-12-20,DL-6750879168,Relative,0,
DRV-12505,CLM-02506,Kashvi,Mugdha,Sunder,Kashvi Sunder,97262316322,kashvi60@yahoo.com,M,UID-759729081901,1961-11-11,DL-4631444317,Paid Driver,0,
DRV-12506,CLM-02507,Unnati,Harinakshi,Prakash,Unnati Prakash,97877818872,unnati84@outlook.co.in,F,UID-710743150974,1991-06-21,DL-3866078873,Daughter,0,
DRV-12507,CLM-02508,Turvi,Henry,Wable,Turvi Wable,99099708666,turvi45@outlook.co.in,M,VOTER-A481330,1966-05-21,DL-1310427110,Relative,0,
DRV-12508,CLM-02509,Waida,Dakshesh,Mishra,Waida Mishra,99265828248,waida60@outlook.co.in,F,UID-683307324270,1985-03-14,DL-6396712458,Spouse,0,
DRV-12509,CLM-02510,Turvi,,Banerjee,Turvi Banerjee,97575729956,turvi55@yahoo.com,M,AADHAR-9006-2175-6461,1998-08-01,DL-8333504059,Daughter,0,
DRV-12510,CLM-02511,Nikita,,Cherian,Nikita Cherian,98038443554,nikita54@gmail.com,F,AADHAR-5428-9350-7516,2002-05-06,DL-3146734207,Daughter,0,
DRV-12511,CLM-02512,Pooja,,Kapur,Pooja Kapur,99734810196,pooja27@gmail.com,F,AADHAR-9360-5224-5120,1997-07-02,DL-5416895455,Self,1,MEM-13464
DRV-12512,CLM-02513,Veda,,Srivastava,Veda Srivastava,98551419875,veda44@rediffmail.com,F,VOTER-D881134,1991-12-29,DL-8521991117,Relative,0,
DRV-12513,CLM-02514,Nidra,Ishaan,Chaudry,Nidra Chaudry,97549804282,nidra74@outlook.co.in,F,VOTER-A224288,1966-05-05,DL-9709934210,Daughter,0,
DRV-12514,CLM-02515,Kavya,,Sarna,Kavya Sarna,97895266390,kavya39@rediffmail.com,F,UID-357606574726,1975-06-07,DL-9046076548,Son,0,
DRV-12515,CLM-02516,Triveni,Robert,Nagy,Triveni Nagy,98218193405,triveni55@live.com,F,UID-794065728485,1989-10-21,DL-9806910198,Spouse,0,
DRV-12516,CLM-02517,Ojasvi,,Shukla,Ojasvi Shukla,99431613806,ojasvi83@live.com,F,UID-508782183378,1958-11-10,DL-8409230873,Paid Driver,0,
DRV-12517,CLM-02518,Deepa,,Nath,Deepa Nath,98005272491,deepa64@hotmail.com,F,VOTER-D571276,2002-03-20,DL-5227588610,Daughter,0,
DRV-12518,CLM-02519,Anika,,Mital,Anika Mital,98033888196,anika45@yahoo.com,F,AADHAR-9840-6115-4745,1997-06-23,DL-4497665614,Son,0,
DRV-12519,CLM-02520,Tanvi,Udant,Lal,Tanvi Lal,98695530697,tanvi25@hotmail.com,F,AADHAR-6472-2839-4031,1988-01-01,DL-9502370571,Spouse,0,
DRV-12520,CLM-02521,Ishita,,Batra,Ishita Batra,97385499437,ishita47@rediffmail.com,F,AADHAR-1898-1065-7432,1993-04-29,DL-8899741004,Self,1,MEM-11452
DRV-12521,CLM-02522,Faras,Umang,Mannan,Faras Mannan,99580780271,faras99@rediffmail.com,M,UID-439613368033,1963-12-01,DL-4643857629,Self,1,MEM-11058
DRV-12522,CLM-02523,Mitesh,,Venkatesh,Mitesh Venkatesh,97245252067,mitesh36@rediffmail.com,M,UID-722018145974,1999-02-28,DL-2050504772,Self,1,MEM-11301
DRV-12523,CLM-02524,Urmi,,Tripathi,Urmi Tripathi,99512812381,urmi25@rediffmail.com,F,AADHAR-6897-9451-2407,1959-01-23,DL-8451544263,Daughter,0,
DRV-12524,CLM-02525,Aradhana,Gabriel,Rama,Aradhana Rama,97189211294,aradhana63@yahoo.com,F,VOTER-C912695,1989-07-18,DL-6109891495,Self,1,MEM-11120
DRV-12525,CLM-02526,Ekaja,Manbir,Doshi,Ekaja Doshi,97456472643,ekaja93@rediffmail.com,M,AADHAR-3682-9634-6922,1971-02-24,DL-2668092150,Paid Driver,0,
DRV-12526,CLM-02527,Indrajit,Urmi,Amble,Indrajit Amble,98737505174,indrajit23@hotmail.com,M,AADHAR-6869-4010-1796,1982-06-15,DL-8935773037,Self,1,MEM-10995
DRV-12527,CLM-02528,Warhi,Ubika,Sastry,Warhi Sastry,98029789401,warhi63@rediffmail.com,M,VOTER-C112074,1988-02-15,DL-2554896275,Spouse,0,
DRV-12528,CLM-02529,Tamanna,Owen,Kothari,Tamanna Kothari,97558349856,tamanna28@rediffmail.com,F,VOTER-A462948,1968-03-29,DL-5890424450,Self,1,MEM-11721
DRV-12529,CLM-02530,Vritti,Girik,Datta,Vritti Datta,98922224178,vritti88@hotmail.com,M,VOTER-C724978,1979-03-01,DL-5831481738,Spouse,0,
DRV-12530,CLM-02531,Priya,Faras,Chacko,Priya Chacko,98288429659,priya11@yahoo.com,M,UID-225536730632,2005-04-20,DL-5322133343,Spouse,0,
DRV-12531,CLM-02532,Darika,Tanish,Dave,Darika Dave,98881155087,darika95@gmail.com,F,UID-124461844971,1972-09-07,DL-4392307727,Self,1,MEM-11359
DRV-12532,CLM-02533,Kashvi,,Srivastava,Kashvi Srivastava,99625741270,kashvi82@live.com,F,UID-613358508834,1960-05-09,DL-3929416437,Friend,0,
DRV-12533,CLM-02534,Theodore,,Lall,Theodore Lall,98774431840,theodore50@hotmail.com,M,UID-812733545937,1986-03-08,DL-6722448391,Self,1,MEM-11752
DRV-12534,CLM-02535,Gayathri,Ikbal,Mitra,Gayathri Mitra,97731575772,gayathri75@live.com,F,VOTER-D707210,1983-10-13,DL-5082267329,Friend,0,
DRV-12535,CLM-02536,Quincy,,Munshi,Quincy Munshi,97980079890,quincy78@gmail.com,M,VOTER-E804828,1973-07-27,DL-6371493416,Self,1,MEM-12608
DRV-12536,CLM-02537,Ekavir,Banjeet,Merchant,Ekavir Merchant,99611995664,ekavir42@yahoo.com,M,UID-759296500178,1966-12-23,DL-7570816573,Self,1,MEM-10087
DRV-12537,CLM-02538,Yoshita,Robert,Thakkar,Yoshita Thakkar,99048358440,yoshita15@rediffmail.com,F,UID-958605549537,1969-08-31,DL-2150960221,Relative,0,
DRV-12538,CLM-02539,Neelima,Aditya,Rana,Neelima Rana,98156952676,neelima71@yahoo.com,F,AADHAR-4516-1951-3324,1986-07-23,DL-7791770496,Self,1,MEM-10478
DRV-12539,CLM-02540,Charita,Ati,Pau,Charita Pau,99584273531,charita29@rediffmail.com,M,AADHAR-7700-3299-9499,1961-04-30,DL-3369344641,Spouse,0,
DRV-12540,CLM-02541,Vansha,Raghav,Patel,Vansha Patel,99818776901,vansha15@outlook.co.in,F,VOTER-D361771,1981-08-26,DL-2885312186,Spouse,0,
DRV-12541,CLM-02542,Vyanjana,,Natt,Vyanjana Natt,98524999149,vyanjana44@hotmail.com,F,AADHAR-5352-8922-4637,1997-06-08,DL-4335242858,Friend,0,
DRV-12542,CLM-02543,Aadhya,,Arora,Aadhya Arora,99762481901,aadhya75@rediffmail.com,F,UID-451269503741,1990-12-09,DL-5257500874,Self,1,MEM-13420
DRV-12543,CLM-02544,Kritika,,Raju,Kritika Raju,99149621490,kritika35@hotmail.com,F,VOTER-C605706,1964-07-16,DL-7415051340,Self,1,MEM-11510
DRV-12544,CLM-02545,Ria,Zilmil,Sen,Ria Sen,99113906944,ria10@live.com,F,VOTER-B124083,1977-10-04,DL-9950668980,Paid Driver,0,
DRV-12545,CLM-02546,Timothy,,Tak,Timothy Tak,97181282140,timothy46@rediffmail.com,M,AADHAR-8790-9617-1158,2003-07-20,DL-8014544983,Self,1,MEM-12813
DRV-12546,CLM-02547,Kamala,Warjas,Malhotra,Kamala Malhotra,97879873402,kamala16@rediffmail.com,F,VOTER-D212805,1960-05-01,DL-8403692420,Paid Driver,0,
DRV-12547,CLM-02548,Raksha,,Manda,Raksha Manda,97681918225,raksha74@outlook.co.in,M,UID-680693598137,1970-07-01,DL-1197006146,Daughter,0,
DRV-12548,CLM-02549,Falak,,Edwin,Falak Edwin,98208143851,falak64@yahoo.com,M,AADHAR-2698-7015-8222,1964-10-17,DL-7295684522,Relative,0,
DRV-12549,CLM-02550,Harinakshi,Varenya,Sabharwal,Harinakshi Sabharwal,99374638843,harinakshi35@outlook.co.in,M,UID-442572143175,1988-01-07,DL-1354706402,Spouse,0,
DRV-12550,CLM-02551,Ubika,Lohit,Kakar,Ubika Kakar,99403459474,ubika34@hotmail.com,F,VOTER-B287472,1984-10-24,DL-4968227427,Self,1,MEM-11055
DRV-12551,CLM-02552,Gautam,Udarsh,Khare,Gautam Khare,97094127167,gautam45@outlook.co.in,M,VOTER-A246605,1966-07-11,DL-7548805787,Self,1,MEM-10543
DRV-12552,CLM-02553,Raksha,Gabriel,Sharaf,Raksha Sharaf,99888033900,raksha93@gmail.com,M,UID-564602797531,1956-09-07,DL-3341020362,Daughter,0,
DRV-12553,CLM-02554,Neelima,Chakradev,Mammen,Neelima Mammen,99469320227,neelima59@hotmail.com,F,UID-852114190838,1998-07-01,DL-2550815086,Self,1,MEM-11050
DRV-12554,CLM-02555,Yashawini,Dayita,Chopra,Yashawini Chopra,97995731766,yashawini28@live.com,M,AADHAR-4160-2418-2571,1974-11-03,DL-5047561198,Spouse,0,
DRV-12555,CLM-02556,Lekha,,Kale,Lekha Kale,97877031249,lekha91@rediffmail.com,F,UID-484854433410,1974-06-19,DL-3652294010,Daughter,0,
DRV-12556,CLM-02557,Gavin,Vedant,Chaudhari,Gavin Chaudhari,99077597878,gavin83@yahoo.com,M,VOTER-A991214,2005-05-07,DL-7367219472,Self,1,MEM-11545
DRV-12557,CLM-02558,Warhi,Jagrati,Bhakta,Warhi Bhakta,97327219097,warhi67@gmail.com,M,AADHAR-2991-7326-1021,1964-11-28,DL-1438464007,Spouse,0,
DRV-12558,CLM-02559,Lila,,Ganesh,Lila Ganesh,98636199349,lila51@outlook.co.in,M,UID-453613728951,1979-06-13,DL-8407396776,Spouse,0,
DRV-12559,CLM-02560,Neelima,Chakradev,Mammen,Neelima Mammen,99469320227,neelima59@hotmail.com,F,UID-852114190838,1998-07-01,DL-5622410028,Self,1,MEM-11050
DRV-12560,CLM-02561,Faras,Sudiksha,More,Faras More,97809078519,faras55@outlook.co.in,M,VOTER-A207526,1974-11-11,DL-3673046134,Self,1,MEM-12864
DRV-12561,CLM-02562,Veda,Wyatt,Mander,Veda Mander,99664719552,veda85@live.com,M,VOTER-A776195,1961-04-21,DL-6234219511,Relative,0,
DRV-12562,CLM-02563,Yashica,Gavin,Thaman,Yashica Thaman,99053826707,yashica87@gmail.com,F,UID-269893844851,1997-11-18,DL-2032454038,Self,1,MEM-13151
DRV-12563,CLM-02564,Geetika,,Kohli,Geetika Kohli,99902401900,geetika85@live.com,F,UID-724140297716,1961-08-13,DL-8880577961,Son,0,
DRV-12564,CLM-02565,Wishi,Wazir,Hegde,Wishi Hegde,99652443740,wishi71@yahoo.com,F,AADHAR-5756-4038-2916,1963-07-04,DL-1423161743,Self,1,MEM-12622
DRV-12565,CLM-02566,Dayita,Christopher,Date,Dayita Date,99208286958,dayita28@live.com,M,VOTER-B774989,1993-05-19,DL-8250557666,Son,0,
DRV-12566,CLM-02567,Ikshita,Janani,Master,Ikshita Master,99662638855,ikshita54@outlook.co.in,F,UID-837318292185,1984-03-03,DL-6673900765,Self,1,MEM-12331
DRV-12567,CLM-02568,Bhavika,Omya,Devi,Bhavika Devi,97220628245,bhavika35@gmail.com,M,VOTER-B237152,2004-09-01,DL-5415608678,Relative,0,
DRV-12568,CLM-02569,Sudiksha,Vrinda,Lanka,Sudiksha Lanka,97693409202,sudiksha45@hotmail.com,F,VOTER-B403363,1975-03-02,DL-8496435215,Self,1,MEM-10702
DRV-12569,CLM-02570,Zarna,,Parsa,Zarna Parsa,97563353641,zarna54@yahoo.com,F,UID-933599850019,2005-07-16,DL-4331567211,Self,1,MEM-13440
DRV-12570,CLM-02571,Shivansh,Sanaya,Bir,Shivansh Bir,98806768833,shivansh77@hotmail.com,M,AADHAR-1837-3270-4337,1981-02-23,DL-5524178754,Self,1,MEM-12520
DRV-12571,CLM-02572,Gaurangi,Sai,Dasgupta,Gaurangi Dasgupta,99892330429,gaurangi65@rediffmail.com,F,VOTER-C927593,1979-03-07,DL-7581538863,Self,1,MEM-13489
DRV-12572,CLM-02573,Jagvi,,Varughese,Jagvi Varughese,97354739056,jagvi46@hotmail.com,M,UID-499321108947,1964-02-18,DL-3070853715,Friend,0,
DRV-12573,CLM-02574,Jeet,Dhruv,Karpe,Jeet Karpe,98788188344,jeet91@yahoo.com,M,UID-491686914504,1986-02-27,DL-8056510317,Self,1,MEM-13390
DRV-12574,CLM-02575,Vaishnavi,Owen,Chatterjee,Vaishnavi Chatterjee,97600227818,vaishnavi84@live.com,F,VOTER-B986316,1973-08-10,DL-2185095638,Self,1,MEM-10000
DRV-12575,CLM-02576,Ranbir,,Kulkarni,Ranbir Kulkarni,99930255667,ranbir14@outlook.co.in,M,VOTER-C426813,2006-10-23,DL-4779904769,Self,1,MEM-11600
DRV-12576,CLM-02577,Oviya,Amrita,Som,Oviya Som,99421861846,oviya37@yahoo.com,F,UID-362965831977,1980-03-08,DL-6039782625,Friend,0,
DRV-12577,CLM-02578,Ridhi,Ronith,Uppal,Ridhi Uppal,97164317904,ridhi85@yahoo.com,F,UID-718622885508,1957-04-04,DL-9488478723,Relative,0,
DRV-12578,CLM-02579,Ekaja,Rudra,Narasimhan,Ekaja Narasimhan,97944408938,ekaja10@live.com,F,VOTER-E811231,2001-03-18,DL-3125483386,Son,0,
DRV-12579,CLM-02580,Kala,Maanas,Nagy,Kala Nagy,99404600278,kala13@yahoo.com,F,UID-858752011392,1971-06-20,DL-1198141846,Paid Driver,0,
DRV-12580,CLM-02581,Harini,Nisha,Muni,Harini Muni,99028837785,harini92@outlook.co.in,F,VOTER-B936001,1982-01-20,DL-5345137135,Friend,0,
DRV-12581,CLM-02582,Manthan,Eta,Gara,Manthan Gara,97682361530,manthan66@gmail.com,M,AADHAR-9810-9855-5069,2003-08-19,DL-2410804277,Self,1,MEM-10809
DRV-12582,CLM-02583,Chakrika,Gunbir,Zacharia,Chakrika Zacharia,97237602434,chakrika74@hotmail.com,F,VOTER-D210173,1995-02-20,DL-8997259036,Son,0,
DRV-12583,CLM-02584,Yashica,Pratyush,Gera,Yashica Gera,97812748482,yashica97@live.com,M,UID-197699681928,1980-04-29,DL-5117759084,Daughter,0,
DRV-12584,CLM-02585,Tanay,Vinaya,Randhawa,Tanay Randhawa,98376976033,tanay27@outlook.co.in,M,AADHAR-6191-5373-3969,1997-08-10,DL-5073337204,Self,1,MEM-12471
DRV-12585,CLM-02586,Darsh,Yashoda,Mandal,Darsh Mandal,99486388010,darsh43@gmail.com,M,AADHAR-8379-8704-2623,2002-07-27,DL-9631661929,Self,1,MEM-11136
DRV-12586,CLM-02587,Inaya,,Tailor,Inaya Tailor,98314992410,inaya81@rediffmail.com,M,AADHAR-3035-8374-7677,1993-05-17,DL-7654070082,Relative,0,
DRV-12587,CLM-02588,Girik,Akshay,Sarma,Girik Sarma,97645627131,girik97@yahoo.com,M,VOTER-A773937,2001-02-04,DL-6439163845,Self,1,MEM-12921
DRV-12588,CLM-02589,Xalak,Manthan,Varma,Xalak Varma,97331590004,xalak59@rediffmail.com,F,VOTER-B257651,1981-06-21,DL-4611836764,Self,1,MEM-11449
DRV-12589,CLM-02590,Zinal,Rishi,Munshi,Zinal Munshi,98107981327,zinal20@gmail.com,F,UID-500756633631,1990-05-21,DL-4049765033,Self,1,MEM-12909
DRV-12590,CLM-02591,Gayathri,Agastya,Subramaniam,Gayathri Subramaniam,99765609273,gayathri54@yahoo.com,M,UID-362118494208,1991-12-30,DL-1618235402,Paid Driver,0,
DRV-12591,CLM-02592,Theodore,,Parsa,Theodore Parsa,97708809620,theodore79@gmail.com,M,UID-200832759575,2000-04-29,DL-5007411828,Self,1,MEM-13063
DRV-12592,CLM-02593,George,Chanchal,Vohra,George Vohra,99033207468,george92@outlook.co.in,M,VOTER-E471173,1967-12-09,DL-4527911433,Self,1,MEM-11761
DRV-12593,CLM-02594,Ranveer,Upkaar,Dora,Ranveer Dora,99450214325,ranveer75@live.com,M,UID-765260980909,2006-08-08,DL-3838001015,Self,1,MEM-10557
DRV-12594,CLM-02595,Hemani,Naveen,Ganguly,Hemani Ganguly,99968535540,hemani98@outlook.co.in,F,AADHAR-9627-9920-9786,1975-07-26,DL-7837316429,Self,1,MEM-10437
DRV-12595,CLM-02596,Lila,,Prasad,Lila Prasad,99475387411,lila64@yahoo.com,F,AADHAR-8691-2935-5679,1981-05-08,DL-4949453353,Spouse,0,
DRV-12596,CLM-02597,Mugdha,Yochana,Krish,Mugdha Krish,97473576332,mugdha29@live.com,F,UID-263064001595,1965-12-21,DL-9026180473,Relative,0,
DRV-12597,CLM-02598,Ekta,Dayita,Pandey,Ekta Pandey,97348662753,ekta57@outlook.co.in,F,UID-409684769855,2003-10-20,DL-2898934698,Friend,0,
DRV-12598,CLM-02599,Jasmit,Gavin,Nazareth,Jasmit Nazareth,97100657955,jasmit94@rediffmail.com,F,AADHAR-9047-2607-2648,1967-09-30,DL-8265589682,Spouse,0,
DRV-12599,CLM-02600,Yashica,Gavin,Thaman,Yashica Thaman,99053826707,yashica87@gmail.com,F,UID-269893844851,1997-11-18,DL-9544369166,Self,1,MEM-13151
DRV-12600,CLM-02601,Megha,,Seshadri,Megha Seshadri,97071847618,megha64@live.com,M,VOTER-A264309,1969-12-01,DL-3045320249,Son,0,
DRV-12601,CLM-02602,Hemangini,,Bandi,Hemangini Bandi,98293138875,hemangini22@yahoo.com,M,UID-828562885563,1957-10-31,DL-8971418082,Son,0,
DRV-12602,CLM-02603,Upasna,Azaan,Behl,Upasna Behl,99752779254,upasna77@yahoo.com,M,VOTER-C772613,1980-11-19,DL-1041092251,Paid Driver,0,
DRV-12603,CLM-02604,Veda,Chandran,Mangat,Veda Mangat,97437676663,veda91@rediffmail.com,F,VOTER-C693798,1981-08-12,DL-4994500750,Spouse,0,
DRV-12604,CLM-02605,Eiravati,,Ganguly,Eiravati Ganguly,99064705196,eiravati63@gmail.com,F,AADHAR-6205-3204-8338,1993-08-24,DL-4657369217,Self,1,MEM-12033
DRV-12605,CLM-02606,Reva,,Tella,Reva Tella,99021303103,reva28@outlook.co.in,M,UID-233693532573,1976-03-20,DL-2239315479,Daughter,0,
DRV-12606,CLM-02607,Irya,,Buch,Irya Buch,99757039721,irya61@rediffmail.com,F,AADHAR-2473-4879-4285,1967-11-20,DL-1156376237,Daughter,0,
DRV-12607,CLM-02608,Arya,Vidhi,Garg,Arya Garg,97571929380,arya87@yahoo.com,F,UID-773348630869,1993-04-02,DL-9802915229,Son,0,
DRV-12608,CLM-02609,Lopa,Edhitha,Naik,Lopa Naik,98155884594,lopa87@rediffmail.com,F,UID-309801639936,1998-02-22,DL-5181015508,Spouse,0,
DRV-12609,CLM-02610,Yashawini,Chaaya,Aggarwal,Yashawini Aggarwal,98333035915,yashawini43@outlook.co.in,F,AADHAR-9282-6486-3977,2000-08-31,DL-9868168135,Friend,0,
DRV-12610,CLM-02611,Tamanna,Gaurav,Dar,Tamanna Dar,98500751976,tamanna22@rediffmail.com,F,UID-515620436597,1963-05-20,DL-3908604046,Daughter,0,
DRV-12611,CLM-02612,Yauvani,Pranav,Krishna,Yauvani Krishna,98608653662,yauvani64@outlook.co.in,M,UID-111796704537,2001-05-08,DL-5881578910,Relative,0,
DRV-12612,CLM-02613,Aashi,Tarak,Agrawal,Aashi Agrawal,98379737456,aashi11@hotmail.com,F,UID-787016866018,1973-08-11,DL-5844434827,Spouse,0,
DRV-12613,CLM-02614,Advika,,Savant,Advika Savant,98094521708,advika97@live.com,M,VOTER-A353092,1998-08-04,DL-5923479402,Friend,0,
DRV-12614,CLM-02615,Ekani,,Soman,Ekani Soman,99458510735,ekani33@yahoo.com,M,AADHAR-3214-8183-1158,1975-05-30,DL-6099670600,Son,0,
DRV-12615,CLM-02616,Abha,Hredhaan,Mital,Abha Mital,97125622794,abha40@rediffmail.com,F,UID-433301659480,1974-07-11,DL-5161632187,Relative,0,
DRV-12616,CLM-02617,Rachit,,Yohannan,Rachit Yohannan,98931631747,rachit93@live.com,M,VOTER-E955311,2007-04-11,DL-8034410452,Self,1,MEM-10835
DRV-12617,CLM-02618,Zansi,Vedhika,Walia,Zansi Walia,97719024556,zansi65@outlook.co.in,F,AADHAR-4781-1686-7507,1981-03-18,DL-5275095414,Spouse,0,
DRV-12618,CLM-02619,Ansh,Gayathri,Lad,Ansh Lad,99851788404,ansh59@gmail.com,M,AADHAR-8377-1072-3257,1967-06-26,DL-9615183731,Self,1,MEM-11840
DRV-12619,CLM-02620,Chameli,,Borra,Chameli Borra,97549687837,chameli76@live.com,F,UID-428497486165,2005-05-20,DL-9283801313,Friend,0,
DRV-12620,CLM-02621,Abha,Vrishti,Mangat,Abha Mangat,97760358014,abha77@yahoo.com,F,VOTER-B103809,1956-06-11,DL-6183334929,Paid Driver,0,
DRV-12621,CLM-02622,Lakshit,Triveni,Vaidya,Lakshit Vaidya,97701150180,lakshit54@yahoo.com,M,AADHAR-6910-8634-3693,2003-10-13,DL-2851724302,Self,1,MEM-10726
DRV-12622,CLM-02623,Yasti,Michael,Taneja,Yasti Taneja,98891054071,yasti63@live.com,M,VOTER-B572914,1965-11-11,DL-2754314108,Spouse,0,
DRV-12623,CLM-02624,Rachana,,Zacharia,Rachana Zacharia,99299395509,rachana59@live.com,M,AADHAR-2727-4664-2344,1980-06-24,DL-6694276208,Son,0,
DRV-12624,CLM-02625,Praneel,Oeshi,Bawa,Praneel Bawa,99072724865,praneel43@hotmail.com,M,AADHAR-9359-8294-6895,1967-01-29,DL-1381376595,Self,1,MEM-12418
DRV-12625,CLM-02626,Daniel,,Chaudhry,Daniel Chaudhry,97628147178,daniel34@yahoo.com,M,AADHAR-3408-1426-5805,1984-05-12,DL-2171728986,Self,1,MEM-11361
DRV-12626,CLM-02627,Yashawini,Ekaja,Gour,Yashawini Gour,98369425595,yashawini65@live.com,M,UID-521714536804,1959-07-07,DL-3209488632,Friend,0,
DRV-12627,CLM-02628,Widisha,,Choudhry,Widisha Choudhry,98375862460,widisha17@yahoo.com,F,VOTER-E424593,1985-03-08,DL-6200760642,Self,1,MEM-13196
DRV-12628,CLM-02629,Darika,Tanish,Dave,Darika Dave,98881155087,darika95@gmail.com,F,UID-124461844971,1972-09-07,DL-8793853095,Self,1,MEM-11359
DRV-12629,CLM-02630,Nilima,Ojas,More,Nilima More,98549649687,nilima88@gmail.com,F,UID-248456189406,1991-02-10,DL-2388903642,Son,0,
DRV-12630,CLM-02631,Tarak,,Pandit,Tarak Pandit,97823733095,tarak34@outlook.co.in,M,VOTER-D812563,2005-04-06,DL-2678068806,Self,1,MEM-10416
DRV-12631,CLM-02632,Oeshi,Anay,Chahal,Oeshi Chahal,98997985994,oeshi19@yahoo.com,F,VOTER-B594022,1975-10-07,DL-1836500085,Self,1,MEM-11899
DRV-12632,CLM-02633,Madhavi,,Dixit,Madhavi Dixit,99028193600,madhavi30@rediffmail.com,M,AADHAR-4022-3842-6873,1973-07-22,DL-2525533984,Daughter,0,
DRV-12633,CLM-02634,Irya,,Muni,Irya Muni,97906040050,irya72@outlook.co.in,F,VOTER-E189245,1967-01-04,DL-6277479612,Paid Driver,0,
DRV-12634,CLM-02635,Rachana,Rachita,Vora,Rachana Vora,99412003407,rachana81@hotmail.com,F,AADHAR-1377-2004-2704,1990-03-18,DL-8640651167,Self,1,MEM-11219
DRV-12635,CLM-02636,Pushti,Chasmum,Magar,Pushti Magar,99110194496,pushti81@live.com,F,UID-125375121822,1995-03-23,DL-4252953319,Spouse,0,
DRV-12636,CLM-02637,Divya,Yug,Sethi,Divya Sethi,97351567785,divya63@live.com,M,AADHAR-9756-4688-8629,1961-08-25,DL-5282541663,Relative,0,
DRV-12637,CLM-02638,Rachana,Avni,Bora,Rachana Bora,98984369614,rachana82@outlook.co.in,M,AADHAR-2208-5138-2224,1995-11-17,DL-8143109973,Friend,0,
DRV-12638,CLM-02639,Ria,Indira,Sane,Ria Sane,99020040776,ria51@gmail.com,F,AADHAR-1437-1898-6756,1963-08-27,DL-3153078051,Friend,0,
DRV-12639,CLM-02640,Bhavika,Ranbir,Natarajan,Bhavika Natarajan,99714148337,bhavika15@yahoo.com,M,AADHAR-1821-3872-3243,1969-05-23,DL-3462906183,Paid Driver,0,
DRV-12640,CLM-02641,Megha,,Seth,Megha Seth,98438316697,megha38@live.com,M,VOTER-C867361,1955-09-08,DL-6495925099,Friend,0,
DRV-12641,CLM-02642,Nidhi,,Raman,Nidhi Raman,97675115960,nidhi71@gmail.com,F,UID-945457861813,1993-07-28,DL-4017925558,Daughter,0,
DRV-12642,CLM-02643,Pratyush,Lekha,Lanka,Pratyush Lanka,97818708254,pratyush49@outlook.co.in,M,VOTER-D484729,1974-04-19,DL-7005255565,Self,1,MEM-10315
DRV-12643,CLM-02644,Krishna,Zayan,Verma,Krishna Verma,98984087663,krishna50@live.com,M,VOTER-A463401,2000-01-29,DL-1690270064,Son,0,
DRV-12644,CLM-02645,Chaaya,Dayamai,Zacharia,Chaaya Zacharia,97436858800,chaaya93@rediffmail.com,M,VOTER-C366022,2003-04-20,DL-3424319446,Daughter,0,
DRV-12645,CLM-02646,Ranbir,,Kulkarni,Ranbir Kulkarni,99930255667,ranbir14@outlook.co.in,M,VOTER-C426813,2006-10-23,DL-4677152983,Self,1,MEM-11600
DRV-12646,CLM-02647,Darsh,Yashoda,Mandal,Darsh Mandal,99486388010,darsh43@gmail.com,M,AADHAR-8379-8704-2623,2002-07-27,DL-3293427223,Self,1,MEM-11136
DRV-12647,CLM-02648,Tamanna,Benjamin,Solanki,Tamanna Solanki,99754486521,tamanna42@gmail.com,M,UID-177035084960,1961-04-10,DL-6924507342,Friend,0,
DRV-12648,CLM-02649,Ganga,,Patel,Ganga Patel,98659250499,ganga43@live.com,F,VOTER-E520145,1976-11-11,DL-1946922424,Son,0,
DRV-12649,CLM-02650,Charita,Guneet,Karan,Charita Karan,97231316886,charita33@hotmail.com,F,UID-201665028872,1991-10-26,DL-1570656198,Son,0,
DRV-12650,CLM-02651,Tamanna,,Sani,Tamanna Sani,98233423152,tamanna39@outlook.co.in,F,VOTER-A211362,1964-04-05,DL-4892482979,Daughter,0,
DRV-12651,CLM-02652,Upasna,Kabir,Raman,Upasna Raman,99198740089,upasna21@outlook.co.in,F,AADHAR-5093-4046-9170,1975-12-18,DL-7850330368,Relative,0,
DRV-12652,CLM-02653,Baghyawati,Kabir,Bora,Baghyawati Bora,98478855856,baghyawati10@gmail.com,M,AADHAR-5232-4893-4561,1958-08-04,DL-8514886936,Spouse,0,
DRV-12653,CLM-02654,Jalsa,Ijaya,Kakar,Jalsa Kakar,99977639271,jalsa29@hotmail.com,F,VOTER-E369547,2000-11-16,DL-8550944399,Self,1,MEM-12964
DRV-12654,CLM-02655,Ojasvi,Ishanvi,Mittal,Ojasvi Mittal,97061085887,ojasvi10@rediffmail.com,M,VOTER-B972752,1982-05-08,DL-3723717680,Relative,0,
DRV-12655,CLM-02656,Ati,Henry,Anne,Ati Anne,99285192483,ati58@outlook.co.in,F,AADHAR-5478-8666-4416,1971-05-06,DL-4706143872,Relative,0,
DRV-12656,CLM-02657,Edhitha,Amaira,Bhandari,Edhitha Bhandari,97433501940,edhitha57@gmail.com,F,UID-305811849319,1955-04-10,DL-4316229535,Son,0,
DRV-12657,CLM-02658,Siya,Wazir,Sule,Siya Sule,97455832755,siya95@rediffmail.com,F,VOTER-B368808,2000-10-15,DL-7352019418,Self,1,MEM-11952
DRV-12658,CLM-02659,Amara,Isaiah,Wable,Amara Wable,99317859838,amara74@yahoo.com,M,UID-824430929265,1957-03-31,DL-8249312328,Paid Driver,0,
DRV-12659,CLM-02660,Diya,Lakshmi,Basak,Diya Basak,97370736954,diya53@hotmail.com,M,VOTER-C907736,2005-12-08,DL-7548317259,Son,0,
DRV-12660,CLM-02661,Ekaja,Sudiksha,Yadav,Ekaja Yadav,98051859406,ekaja93@rediffmail.com,F,VOTER-A333691,1969-03-01,DL-4459698224,Paid Driver,0,
DRV-12661,CLM-02662,Chandani,,Banik,Chandani Banik,97774725746,chandani71@yahoo.com,F,UID-214741032399,1961-11-09,DL-6974839277,Self,1,MEM-12803
DRV-12662,CLM-02663,Madhavi,Vansha,Sheth,Madhavi Sheth,99600113332,madhavi74@hotmail.com,F,UID-858162748693,1985-11-02,DL-2991149510,Self,1,MEM-10648
DRV-12663,CLM-02664,Kala,Krish,Kohli,Kala Kohli,97148836451,kala37@rediffmail.com,M,VOTER-A935082,1984-03-12,DL-2177614559,Spouse,0,
DRV-12664,CLM-02665,Vasatika,,Batta,Vasatika Batta,98451835653,vasatika14@live.com,F,VOTER-A954483,1972-04-14,DL-5247944711,Self,1,MEM-13023
DRV-12665,CLM-02666,Jasmit,Yutika,Dar,Jasmit Dar,98867639794,jasmit39@gmail.com,F,UID-732732958107,1980-05-18,DL-9115382130,Friend,0,
DRV-12666,CLM-02667,Aarna,Owen,Samra,Aarna Samra,97588105072,aarna61@yahoo.com,M,AADHAR-6154-8454-4073,1993-01-27,DL-9558107625,Relative,0,
DRV-12667,CLM-02668,Chasmum,,Srinivas,Chasmum Srinivas,98191661182,chasmum19@gmail.com,F,AADHAR-6099-7158-2642,1995-06-21,DL-5816833959,Self,1,MEM-12377
DRV-12668,CLM-02669,Harshil,,De,Harshil De,97087883865,harshil99@gmail.com,M,VOTER-E964836,2003-05-07,DL-5762914678,Self,1,MEM-10730
DRV-12669,CLM-02670,Rajeshri,Azad,Solanki,Rajeshri Solanki,99096162500,rajeshri39@outlook.co.in,M,UID-956159222227,1955-03-15,DL-4558442020,Son,0,
DRV-12670,CLM-02671,Triveni,Ekavir,Raja,Triveni Raja,98365608932,triveni58@outlook.co.in,M,AADHAR-5990-8329-2643,1973-03-02,DL-4864379635,Daughter,0,
DRV-12671,CLM-02672,Brinda,Liam,Vyas,Brinda Vyas,99804087478,brinda96@outlook.co.in,M,VOTER-D608700,1996-01-18,DL-9187061330,Son,0,
DRV-12672,CLM-02673,Urmi,,Ghosh,Urmi Ghosh,99306139340,urmi45@yahoo.com,F,AADHAR-6052-5542-5132,1968-10-06,DL-2607514183,Self,1,MEM-12770
DRV-12673,CLM-02674,Amara,,Pillay,Amara Pillay,99310395298,amara68@outlook.co.in,M,VOTER-D104949,1966-01-09,DL-2166085049,Spouse,0,
DRV-12674,CLM-02675,Lavanya,Gagan,Munshi,Lavanya Munshi,99867748822,lavanya71@outlook.co.in,F,UID-712219389061,1971-04-21,DL-1735279127,Friend,0,
DRV-12675,CLM-02676,Vasudha,,Dar,Vasudha Dar,97984060945,vasudha27@outlook.co.in,F,VOTER-E347325,1999-02-26,DL-7676160166,Self,1,MEM-11224
DRV-12676,CLM-02677,Omya,,Mann,Omya Mann,99334782745,omya22@gmail.com,F,UID-676517075347,2004-05-15,DL-3318642715,Self,1,MEM-13264
DRV-12677,CLM-02678,Amaira,,Maharaj,Amaira Maharaj,99188072271,amaira14@rediffmail.com,F,VOTER-A892442,1961-02-27,DL-8991343160,Self,1,MEM-12609
DRV-12678,CLM-02679,Radhika,Raagini,Dube,Radhika Dube,97598975711,radhika38@rediffmail.com,M,AADHAR-5813-2806-5526,2001-09-16,DL-1481490537,Daughter,0,
DRV-12679,CLM-02680,Anjali,Xalak,Sinha,Anjali Sinha,99327472991,anjali51@outlook.co.in,M,VOTER-A687551,2006-06-25,DL-4681993215,Daughter,0,
DRV-12680,CLM-02681,Chaaya,,Warrior,Chaaya Warrior,99941800430,chaaya46@live.com,M,AADHAR-3392-9691-6052,1965-12-24,DL-7785883459,Relative,0,
DRV-12681,CLM-02682,Aishani,,Ganesh,Aishani Ganesh,99058894120,aishani54@yahoo.com,M,UID-709711822392,1987-12-13,DL-2929268033,Relative,0,
DRV-12682,CLM-02683,Xalak,Bakhshi,Dani,Xalak Dani,99037238950,xalak78@live.com,F,UID-611925960641,1966-01-15,DL-9081501580,Friend,0,
DRV-12683,CLM-02684,Dominic,,Bhardwaj,Dominic Bhardwaj,99063662676,dominic83@live.com,M,VOTER-A501598,1968-04-18,DL-6594783270,Self,1,MEM-11123
DRV-12684,CLM-02685,Pallavi,Nidra,Varughese,Pallavi Varughese,99562051247,pallavi28@live.com,M,VOTER-E795280,1998-06-04,DL-3131891871,Son,0,
DRV-12685,CLM-02686,Adweta,,Nair,Adweta Nair,99518659173,adweta31@outlook.co.in,M,UID-102042768366,1990-11-11,DL-1250945632,Son,0,
DRV-12686,CLM-02687,Advaith,Frado,Bir,Advaith Bir,98478828383,advaith11@rediffmail.com,M,VOTER-D562594,1989-11-24,DL-3177544808,Self,1,MEM-13013
DRV-12687,CLM-02688,Jeremiah,Janaki,Tella,Jeremiah Tella,99188030050,jeremiah19@live.com,M,UID-808749567098,1974-03-06,DL-3823184797,Self,1,MEM-10098
DRV-12688,CLM-02689,Brinda,,Ramaswamy,Brinda Ramaswamy,97137779354,brinda81@gmail.com,F,UID-209726727771,1998-02-03,DL-6893413184,Daughter,0,
DRV-12689,CLM-02690,Yachana,Idika,Morar,Yachana Morar,97135137432,yachana12@rediffmail.com,F,UID-307406464094,2004-12-22,DL-3998163021,Self,1,MEM-12494
DRV-12690,CLM-02691,Keya,,Gera,Keya Gera,99824638374,keya52@outlook.co.in,F,VOTER-B511551,1994-07-04,DL-4048137784,Self,1,MEM-12781
DRV-12691,CLM-02692,Yadavi,,Verma,Yadavi Verma,98367736232,yadavi43@outlook.co.in,F,AADHAR-6140-6800-1433,1987-07-05,DL-7715218503,Self,1,MEM-12809
DRV-12692,CLM-02693,Suhani,Veer,Mann,Suhani Mann,99720123224,suhani15@outlook.co.in,F,AADHAR-6473-7871-3073,1999-02-13,DL-5530549154,Relative,0,
DRV-12693,CLM-02694,Hemangini,Tanvi,Sule,Hemangini Sule,99383022086,hemangini46@yahoo.com,M,AADHAR-4556-2715-5242,1982-07-07,DL-1534676963,Relative,0,
DRV-12694,CLM-02695,Kai,Jeremiah,Wable,Kai Wable,97699467970,kai98@rediffmail.com,M,UID-690955782842,1995-12-13,DL-4539379370,Self,1,MEM-10701
DRV-12695,CLM-02696,Leena,,Master,Leena Master,98515445152,leena58@outlook.co.in,M,AADHAR-2251-1794-5880,1956-09-12,DL-5214844246,Daughter,0,
DRV-12696,CLM-02697,Indali,Devika,Bhat,Indali Bhat,98769047534,indali80@live.com,F,UID-870940002145,1970-07-11,DL-9021849731,Self,1,MEM-11525
DRV-12697,CLM-02698,Chasmum,Alexander,Karnik,Chasmum Karnik,98723802168,chasmum23@gmail.com,M,AADHAR-1197-1499-2657,1999-11-04,DL-2828263846,Daughter,0,
DRV-12698,CLM-02699,Varsha,Peter,Chowdhury,Varsha Chowdhury,97135169458,varsha59@gmail.com,F,VOTER-B665469,1998-01-08,DL-9330245871,Relative,0,
DRV-12699,CLM-02700,Bhanumati,Nathan,Johal,Bhanumati Johal,99101931158,bhanumati32@live.com,F,VOTER-D544288,1973-05-22,DL-9941635181,Self,1,MEM-12335
DRV-12700,CLM-02701,Indira,Advik,Mohan,Indira Mohan,97999965548,indira19@hotmail.com,F,AADHAR-8811-3753-9818,1983-05-31,DL-4604568105,Self,1,MEM-12772
DRV-12701,CLM-02702,Bhavna,Brinda,Mani,Bhavna Mani,97386527415,bhavna90@gmail.com,M,VOTER-D889231,1998-11-11,DL-7959555990,Relative,0,
DRV-12702,CLM-02703,Yauvani,Vincent,Pall,Yauvani Pall,98939598493,yauvani46@gmail.com,M,VOTER-C749910,2007-10-15,DL-5273134487,Son,0,
DRV-12703,CLM-02704,Lipika,Vansha,Dash,Lipika Dash,99724949705,lipika49@gmail.com,M,AADHAR-5737-8166-7889,1984-01-19,DL-3599735483,Son,0,
DRV-12704,CLM-02705,Osha,,Verma,Osha Verma,99992741343,osha21@gmail.com,F,VOTER-E128796,1959-03-08,DL-5221171418,Relative,0,
DRV-12705,CLM-02706,Jagvi,Yashvi,Khanna,Jagvi Khanna,98052105873,jagvi27@rediffmail.com,M,VOTER-E781237,1994-07-16,DL-3500992289,Relative,0,
DRV-12706,CLM-02707,Aarna,Gaurika,Nazareth,Aarna Nazareth,99837829060,aarna66@live.com,M,UID-474972187718,1974-10-28,DL-3073536136,Daughter,0,
DRV-12707,CLM-02708,Yashica,Indira,Balan,Yashica Balan,97090086775,yashica42@gmail.com,F,AADHAR-8720-2797-2574,1976-06-09,DL-9425578904,Friend,0,
DRV-12708,CLM-02709,Mekhala,,Ahluwalia,Mekhala Ahluwalia,99637777145,mekhala86@outlook.co.in,M,AADHAR-5175-4901-8593,1984-11-14,DL-4060773112,Relative,0,
DRV-12709,CLM-02710,Triveni,Shivani,Sama,Triveni Sama,98454462265,triveni34@yahoo.com,F,UID-250835320631,1977-06-16,DL-8696069801,Daughter,0,
DRV-12710,CLM-02711,Aahana,Vamakshi,Ravi,Aahana Ravi,97423915020,aahana65@hotmail.com,M,VOTER-B195150,1972-06-28,DL-2187208352,Friend,0,
DRV-12711,CLM-02712,Jagrati,Rohan,Varghese,Jagrati Varghese,98799931814,jagrati10@gmail.com,M,UID-503744925240,1983-05-04,DL-9809640260,Relative,0,
DRV-12712,CLM-02713,Yasti,Christopher,Bhandari,Yasti Bhandari,98725748807,yasti63@outlook.co.in,M,UID-609786930802,1964-03-15,DL-2996844056,Relative,0,
DRV-12713,CLM-02714,Warhi,Manthan,Dayal,Warhi Dayal,99832274641,warhi20@live.com,F,VOTER-B759681,1977-09-27,DL-9961114402,Daughter,0,
DRV-12714,CLM-02715,Madhav,Ati,Doctor,Madhav Doctor,97104538016,madhav65@gmail.com,M,VOTER-D215539,1969-02-18,DL-7372479011,Self,1,MEM-13426
DRV-12715,CLM-02716,Indali,Frado,Sundaram,Indali Sundaram,97542221419,indali70@gmail.com,F,UID-260225833572,1986-05-16,DL-1654274161,Daughter,0,
DRV-12716,CLM-02717,Pahal,Fariq,Guha,Pahal Guha,97777516416,pahal87@rediffmail.com,F,VOTER-B695022,2007-08-29,DL-4750460687,Relative,0,
DRV-12717,CLM-02718,Odika,Azaan,Yadav,Odika Yadav,97680244528,odika47@rediffmail.com,F,VOTER-B182427,1992-03-09,DL-5171187127,Spouse,0,
DRV-12718,CLM-02719,Vidhi,Bahadurjit,Gole,Vidhi Gole,98847778821,vidhi39@yahoo.com,M,VOTER-A803226,1956-05-08,DL-2709561773,Spouse,0,
DRV-12719,CLM-02720,Urvashi,Krishna,Dhillon,Urvashi Dhillon,99582374706,urvashi89@outlook.co.in,M,UID-946470233049,1982-04-11,DL-5282919869,Daughter,0,
DRV-12720,CLM-02721,Wriddhish,,Wason,Wriddhish Wason,99019381333,wriddhish92@outlook.co.in,M,UID-742936802604,1980-10-13,DL-2878923211,Self,1,MEM-11163
DRV-12721,CLM-02722,Odika,,Mahal,Odika Mahal,99204770890,odika14@yahoo.com,F,UID-226062266474,1998-07-19,DL-3475828588,Son,0,
DRV-12722,CLM-02723,Oeshi,Jhalak,Krishnamurthy,Oeshi Krishnamurthy,99334040083,oeshi74@gmail.com,M,VOTER-D954448,1996-05-07,DL-1816162814,Spouse,0,
DRV-12723,CLM-02724,Harini,Ubika,Chakrabarti,Harini Chakrabarti,97230294605,harini20@live.com,M,UID-252026522850,1963-08-11,DL-1728137105,Daughter,0,
DRV-12724,CLM-02725,Edhitha,Falguni,Nair,Edhitha Nair,99390374581,edhitha47@gmail.com,M,AADHAR-7073-8753-8470,1986-05-24,DL-9466753069,Daughter,0,
DRV-12725,CLM-02726,Kritika,Aryan,Soni,Kritika Soni,99867119667,kritika12@yahoo.com,M,AADHAR-4705-3731-3836,1986-02-09,DL-5748220001,Paid Driver,0,
DRV-12726,CLM-02727,Yashvi,,Ram,Yashvi Ram,97158743664,yashvi18@hotmail.com,F,UID-556942929595,1971-06-28,DL-2584174807,Self,1,MEM-12386
DRV-12727,CLM-02728,Januja,Yochana,Ramesh,Januja Ramesh,97483446068,januja82@hotmail.com,M,VOTER-B218804,1967-07-13,DL-1089586091,Friend,0,
DRV-12728,CLM-02729,Panini,Finn,Chakrabarti,Panini Chakrabarti,99952067691,panini25@yahoo.com,M,UID-172743673268,1975-11-01,DL-9865402624,Son,0,
DRV-12729,CLM-02730,Eshana,Chatresh,Deep,Eshana Deep,97944580601,eshana33@live.com,F,UID-243690374798,1975-10-01,DL-6609536817,Relative,0,
DRV-12730,CLM-02731,Chaitaly,Nihal,Sura,Chaitaly Sura,99171080284,chaitaly10@live.com,M,UID-852177054482,1960-03-02,DL-6798183445,Paid Driver,0,
DRV-12731,CLM-02732,Leena,Zayan,Varma,Leena Varma,98474032739,leena69@live.com,F,UID-536470561312,2002-12-10,DL-2248117909,Self,1,MEM-10332
DRV-12732,CLM-02733,Amara,Aayush,Kannan,Amara Kannan,98593211062,amara40@hotmail.com,M,VOTER-C883072,1978-05-02,DL-7676421119,Relative,0,
DRV-12733,CLM-02734,Siya,Vasana,Dada,Siya Dada,98462931823,siya86@yahoo.com,M,UID-362758213028,1988-04-30,DL-8273462342,Spouse,0,
DRV-12734,CLM-02735,Lavanya,,Chaudhuri,Lavanya Chaudhuri,98254041980,lavanya41@gmail.com,M,VOTER-C638464,1964-03-05,DL-4217661972,Paid Driver,0,
DRV-12735,CLM-02736,Krishna,Aditya,Nagarajan,Krishna Nagarajan,99104165940,krishna85@live.com,M,VOTER-E166068,1991-01-10,DL-6972070419,Son,0,
DRV-12736,CLM-02737,Falak,Omkaar,Ghose,Falak Ghose,97418466261,falak93@outlook.co.in,F,VOTER-A322877,2007-03-21,DL-3716756476,Daughter,0,
DRV-12737,CLM-02738,Dayamai,,Bhatt,Dayamai Bhatt,97712637458,dayamai29@yahoo.com,F,VOTER-B581444,1955-12-03,DL-6193969912,Friend,0,
DRV-12738,CLM-02739,Udyati,Dipta,Dave,Udyati Dave,98651317075,udyati39@outlook.co.in,M,AADHAR-5932-2137-7767,1997-01-24,DL-8935631987,Son,0,
DRV-12739,CLM-02740,Anvi,,Kara,Anvi Kara,98735210036,anvi19@rediffmail.com,F,AADHAR-3837-9828-4594,1964-08-09,DL-1532057219,Self,1,MEM-11019
DRV-12740,CLM-02741,Alka,Niharika,Kara,Alka Kara,99817919655,alka76@outlook.co.in,M,UID-332513630225,1956-05-19,DL-9941919588,Friend,0,
DRV-12741,CLM-02742,Pooja,Bhavya,Kapoor,Pooja Kapoor,99066579917,pooja21@live.com,F,VOTER-C372858,1989-02-13,DL-5657753552,Self,1,MEM-12098
DRV-12742,CLM-02743,Lajita,Upasna,Dhillon,Lajita Dhillon,99501147321,lajita63@live.com,M,VOTER-A643994,1989-07-08,DL-6252856393,Spouse,0,
DRV-12743,CLM-02744,Vasatika,Charvi,Acharya,Vasatika Acharya,97014060478,vasatika31@gmail.com,F,VOTER-B375689,1992-10-01,DL-3611400754,Spouse,0,
DRV-12744,CLM-02745,Leena,Zayan,Varma,Leena Varma,98474032739,leena69@live.com,F,UID-536470561312,2002-12-10,DL-4801149582,Self,1,MEM-10332
DRV-12745,CLM-02746,Maya,,Uppal,Maya Uppal,99285587241,maya69@hotmail.com,M,AADHAR-8480-8267-9139,1974-09-16,DL-7098764273,Daughter,0,
DRV-12746,CLM-02747,Nirja,,Upadhyay,Nirja Upadhyay,98159349660,nirja64@live.com,F,AADHAR-2637-4865-4758,1974-03-15,DL-7342867552,Relative,0,
DRV-12747,CLM-02748,Nisha,,Chacko,Nisha Chacko,98479234891,nisha21@hotmail.com,F,VOTER-C764147,1969-05-16,DL-7005044306,Spouse,0,
DRV-12748,CLM-02749,Urvashi,Ishwar,Mody,Urvashi Mody,99623836178,urvashi21@hotmail.com,F,VOTER-E252013,1991-06-22,DL-5784449909,Self,1,MEM-10508
DRV-12749,CLM-02750,Amaira,Janani,Bedi,Amaira Bedi,97665436803,amaira84@yahoo.com,F,VOTER-B711138,1981-02-28,DL-6200953081,Friend,0,
DRV-12750,CLM-02751,Janaki,Daksha,Chacko,Janaki Chacko,97262339396,janaki38@yahoo.com,F,AADHAR-2738-9435-2300,2005-11-14,DL-5515275475,Daughter,0,
DRV-12751,CLM-02752,Benjamin,Rushil,Halder,Benjamin Halder,99218459982,benjamin65@yahoo.com,M,VOTER-B213161,1993-01-09,DL-4017804742,Self,1,MEM-11246
DRV-12752,CLM-02753,Bimala,Bhavani,Sathe,Bimala Sathe,98455027090,bimala14@rediffmail.com,F,UID-624691539894,1961-10-14,DL-6553944241,Son,0,
DRV-12753,CLM-02754,Harsh,Jeevika,Shanker,Harsh Shanker,97104119178,harsh22@hotmail.com,M,AADHAR-9237-5484-1940,2000-05-29,DL-4963622909,Self,1,MEM-10813
DRV-12754,CLM-02755,Noah,,Gara,Noah Gara,98944473546,noah49@rediffmail.com,M,AADHAR-9713-9726-9486,1971-07-05,DL-1988034523,Self,1,MEM-13356
DRV-12755,CLM-02756,Abha,Qasim,Badal,Abha Badal,99302224899,abha87@hotmail.com,F,AADHAR-9470-4222-9991,1983-01-29,DL-2209484945,Spouse,0,
DRV-12756,CLM-02757,Dayamai,Indira,Brar,Dayamai Brar,99021858704,dayamai94@rediffmail.com,F,UID-810869107155,1975-06-25,DL-7505692286,Self,1,MEM-11962
DRV-12757,CLM-02758,Geetika,Sudiksha,Konda,Geetika Konda,98620112725,geetika47@hotmail.com,M,UID-531098728918,1987-10-01,DL-7535124724,Paid Driver,0,
DRV-12758,CLM-02759,Jatin,Yashoda,Issac,Jatin Issac,97606168946,jatin55@hotmail.com,M,VOTER-B815434,1991-04-09,DL-9018709055,Self,1,MEM-10326
DRV-12759,CLM-02760,Xiti,Prisha,Narula,Xiti Narula,99817152147,xiti28@hotmail.com,M,AADHAR-5156-2829-5724,1987-06-13,DL-5529463400,Relative,0,
DRV-12760,CLM-02761,Yasti,Aadi,Chakraborty,Yasti Chakraborty,97585947660,yasti71@outlook.co.in,F,AADHAR-1210-7090-6541,1967-04-02,DL-6901002364,Relative,0,
DRV-12761,CLM-02762,Zansi,,Borah,Zansi Borah,97852925753,zansi13@hotmail.com,M,VOTER-A595270,1989-09-05,DL-6834988846,Daughter,0,
DRV-12762,CLM-02763,Prisha,Urvashi,Mall,Prisha Mall,97708863670,prisha25@live.com,M,AADHAR-4714-8275-2364,1986-02-16,DL-7599103402,Daughter,0,
DRV-12763,CLM-02764,Mugdha,Hiral,Tank,Mugdha Tank,99768943998,mugdha72@live.com,F,AADHAR-1567-1818-8999,1994-02-01,DL-6551282035,Self,1,MEM-11536
DRV-12764,CLM-02765,Ethan,,Sarin,Ethan Sarin,99749912488,ethan86@live.com,M,VOTER-B713562,1983-04-27,DL-9703584226,Self,1,MEM-12303
DRV-12765,CLM-02766,Zaid,,Sawhney,Zaid Sawhney,99730987703,zaid99@live.com,M,AADHAR-5999-1962-5031,1996-01-18,DL-8786644167,Self,1,MEM-10913
DRV-12766,CLM-02767,Elijah,,Joshi,Elijah Joshi,99038811910,elijah75@rediffmail.com,M,VOTER-D720525,1986-08-15,DL-2418638619,Self,1,MEM-12586
DRV-12767,CLM-02768,Rishi,Vedhika,Kurian,Rishi Kurian,98695641643,rishi80@live.com,M,VOTER-B205225,1966-06-08,DL-1866494007,Self,1,MEM-12334
DRV-12768,CLM-02769,Amruta,,Kara,Amruta Kara,99004496580,amruta72@rediffmail.com,M,AADHAR-1574-9414-3950,2000-12-21,DL-2989472357,Paid Driver,0,
DRV-12769,CLM-02770,Prisha,Balvan,Maharaj,Prisha Maharaj,98719383827,prisha91@outlook.co.in,F,VOTER-C115584,2003-06-25,DL-7776917291,Self,1,MEM-12337
DRV-12770,CLM-02771,Mitali,Reva,Ray,Mitali Ray,99244828423,mitali14@gmail.com,M,VOTER-E996682,1993-03-23,DL-2407745765,Son,0,
DRV-12771,CLM-02772,Oni,Mohini,Soman,Oni Soman,99046228405,oni77@hotmail.com,F,UID-133473808022,1971-11-14,DL-9312244053,Self,1,MEM-10049
DRV-12772,CLM-02773,Vidhi,Aryan,Prasad,Vidhi Prasad,98699954585,vidhi64@live.com,M,AADHAR-4100-7704-1735,2002-10-06,DL-5217847768,Paid Driver,0,
DRV-12773,CLM-02774,Rushil,Kamya,Toor,Rushil Toor,99429086146,rushil77@yahoo.com,M,UID-715499921449,1979-10-20,DL-1916474749,Self,1,MEM-13004
DRV-12774,CLM-02775,Raagini,Aryan,Edwin,Raagini Edwin,99458542864,raagini18@live.com,M,VOTER-A425982,2003-07-28,DL-5978882333,Daughter,0,
DRV-12775,CLM-02776,Eesha,Shaurya,Rama,Eesha Rama,97251875062,eesha13@yahoo.com,F,AADHAR-4892-7015-3921,1965-08-17,DL-6336388014,Son,0,
DRV-12776,CLM-02777,Arunima,Onveer,Ravel,Arunima Ravel,97407807547,arunima80@gmail.com,F,VOTER-D585193,1977-04-10,DL-8814482472,Relative,0,
DRV-12777,CLM-02778,Upadhriti,Zayyan,Rattan,Upadhriti Rattan,99699658543,upadhriti44@hotmail.com,F,UID-255298286972,1958-12-23,DL-1845955760,Friend,0,
DRV-12778,CLM-02779,Chanchal,Gautam,Chand,Chanchal Chand,99505494108,chanchal30@gmail.com,F,AADHAR-4425-1836-3839,1987-02-24,DL-6075169610,Relative,0,
DRV-12779,CLM-02780,Chakrika,,Puri,Chakrika Puri,97271319320,chakrika39@outlook.co.in,F,UID-969900724608,1964-11-22,DL-1319069218,Self,1,MEM-13126
DRV-12780,CLM-02781,Saanvi,Matthew,Salvi,Saanvi Salvi,99301060682,saanvi92@hotmail.com,F,UID-957608311265,1985-09-20,DL-3149769863,Son,0,
DRV-12781,CLM-02782,Aishani,Vasudha,Gulati,Aishani Gulati,98903853349,aishani95@gmail.com,M,VOTER-B755700,1982-07-23,DL-7420175181,Relative,0,
DRV-12782,CLM-02783,Girish,Faraj,Kari,Girish Kari,99463680019,girish66@rediffmail.com,M,UID-400686777356,2001-04-14,DL-7234869961,Self,1,MEM-10706
DRV-12783,CLM-02784,Lavanya,Lohit,Sen,Lavanya Sen,98035683409,lavanya13@yahoo.com,F,UID-910931930345,1971-05-18,DL-2537426517,Son,0,
DRV-12784,CLM-02785,Adya,Jeet,Kata,Adya Kata,98104236266,adya53@outlook.co.in,F,UID-291802085478,1983-03-16,DL-5290541701,Self,1,MEM-11087
DRV-12785,CLM-02786,Anya,Nikita,Bala,Anya Bala,99743128216,anya65@outlook.co.in,F,VOTER-A665653,1955-04-28,DL-5530354826,Paid Driver,0,
DRV-12786,CLM-02787,Jasmit,Pahal,Ratta,Jasmit Ratta,98814646779,jasmit54@gmail.com,F,UID-756154282050,1968-03-22,DL-4221095488,Son,0,
DRV-12787,CLM-02788,Nirja,,Gupta,Nirja Gupta,99029679559,nirja21@live.com,F,UID-358149517806,1981-09-24,DL-8322729799,Paid Driver,0,
DRV-12788,CLM-02789,Pahal,Tanveer,Talwar,Pahal Talwar,98508379226,pahal75@rediffmail.com,M,UID-297968787541,1971-09-29,DL-4591171464,Relative,0,
DRV-12789,CLM-02790,Lakshmi,Falguni,Vala,Lakshmi Vala,99256197976,lakshmi35@gmail.com,F,UID-139747497988,1975-03-07,DL-6702664759,Spouse,0,
DRV-12790,CLM-02791,Sara,Chatura,Sami,Sara Sami,99937246760,sara50@hotmail.com,F,VOTER-E803856,2006-04-01,DL-9138656548,Daughter,0,
DRV-12791,CLM-02792,Aadhya,Vrinda,Tata,Aadhya Tata,98569952264,aadhya45@live.com,M,VOTER-C161437,1994-05-10,DL-3666063275,Spouse,0,
DRV-12792,CLM-02793,Nidhi,,Rau,Nidhi Rau,97726031171,nidhi73@rediffmail.com,M,AADHAR-2993-1969-7715,1988-01-01,DL-5218462971,Paid Driver,0,
DRV-12793,CLM-02794,Balveer,,Rattan,Balveer Rattan,97303341933,balveer10@yahoo.com,M,VOTER-A758823,1988-02-22,DL-7629375332,Self,1,MEM-11725
DRV-12794,CLM-02795,Bhavani,Lucky,Bala,Bhavani Bala,98297721652,bhavani44@hotmail.com,M,UID-359282371413,1957-10-04,DL-4148851492,Friend,0,
DRV-12795,CLM-02796,Advaith,Balveer,Bala,Advaith Bala,99866576757,advaith58@outlook.co.in,M,AADHAR-1774-7452-1541,1962-08-26,DL-4597426457,Self,1,MEM-12126
DRV-12796,CLM-02797,Saanvi,Banjeet,Bhardwaj,Saanvi Bhardwaj,99919301747,saanvi66@yahoo.com,F,UID-327810195409,1958-11-25,DL-1069481094,Son,0,
DRV-12797,CLM-02798,Vasana,Azaan,Chana,Vasana Chana,97361196902,vasana53@rediffmail.com,F,VOTER-A238979,1982-01-11,DL-5188867092,Daughter,0,
DRV-12798,CLM-02799,Ekantika,Henry,Dass,Ekantika Dass,98384389409,ekantika94@gmail.com,M,AADHAR-9883-7762-3121,1976-12-12,DL-7105872669,Daughter,0,
DRV-12799,CLM-02800,Mitali,Ubika,Rout,Mitali Rout,97203173305,mitali27@live.com,F,AADHAR-9850-6993-8066,1990-06-11,DL-6660478550,Self,1,MEM-11617
DRV-12800,CLM-02801,Nidhi,,Kurian,Nidhi Kurian,98011189467,nidhi57@yahoo.com,M,VOTER-C520254,2007-03-17,DL-5149481149,Spouse,0,
DRV-12801,CLM-02802,Manya,Tarak,Prabhakar,Manya Prabhakar,99569665793,manya95@gmail.com,M,AADHAR-9368-9338-3141,1989-08-30,DL-6014969416,Relative,0,
DRV-12802,CLM-02803,Hardik,Laban,Raval,Hardik Raval,97760104036,hardik42@rediffmail.com,M,AADHAR-9460-7623-7253,1975-12-17,DL-5649001330,Self,1,MEM-12004
DRV-12803,CLM-02804,Upadhriti,Turvi,Khatri,Upadhriti Khatri,99735603467,upadhriti36@hotmail.com,F,AADHAR-1762-3037-9381,1955-03-11,DL-6515229876,Daughter,0,
DRV-12804,CLM-02805,Rachana,Chakrika,Upadhyay,Rachana Upadhyay,98894667739,rachana34@yahoo.com,F,VOTER-D277049,2006-08-07,DL-1929868462,Son,0,
DRV-12805,CLM-02806,Ethan,,Dewan,Ethan Dewan,97707461642,ethan21@rediffmail.com,M,UID-490288936828,1964-01-25,DL-8830784531,Self,1,MEM-13030
DRV-12806,CLM-02807,Maya,Yutika,Solanki,Maya Solanki,99001643355,maya43@hotmail.com,M,VOTER-C624586,1985-12-07,DL-9250413874,Son,0,
DRV-12807,CLM-02808,Fitan,,Hari,Fitan Hari,98492451996,fitan52@gmail.com,M,AADHAR-5463-3915-9103,1991-05-17,DL-1634966320,Self,1,MEM-10538
DRV-12808,CLM-02809,Mekhala,,Dubey,Mekhala Dubey,99211428699,mekhala76@rediffmail.com,F,AADHAR-5581-5670-2326,2001-08-12,DL-9955235451,Daughter,0,
DRV-12809,CLM-02810,Yutika,Nihal,Basu,Yutika Basu,97146482855,yutika90@rediffmail.com,M,AADHAR-3280-6819-9506,1966-03-13,DL-9968286623,Friend,0,
DRV-12810,CLM-02811,Hemang,Nirja,Amble,Hemang Amble,99630282903,hemang40@live.com,M,AADHAR-7778-7022-9199,1977-04-13,DL-3843412258,Self,1,MEM-11378
DRV-12811,CLM-02812,Harshil,,De,Harshil De,97087883865,harshil99@gmail.com,M,VOTER-E964836,2003-05-07,DL-2070405680,Self,1,MEM-10730
DRV-12812,CLM-02813,Prisha,,Gera,Prisha Gera,97807814191,prisha46@gmail.com,F,UID-658994905150,1979-09-16,DL-4143923535,Self,1,MEM-10865
DRV-12813,CLM-02814,Wishi,Meera,Bajwa,Wishi Bajwa,99647388776,wishi72@live.com,F,UID-239723085804,1973-07-18,DL-6203915838,Spouse,0,
DRV-12814,CLM-02815,Manbir,Champak,Barad,Manbir Barad,98159001496,manbir70@rediffmail.com,M,UID-198201059406,2007-08-07,DL-4023189219,Self,1,MEM-11182
DRV-12815,CLM-02816,Upma,Harinakshi,Bhatt,Upma Bhatt,98997975660,upma44@outlook.co.in,F,VOTER-B836393,1967-07-22,DL-8952653686,Relative,0,
DRV-12816,CLM-02817,Raksha,Pavani,Randhawa,Raksha Randhawa,98543782395,raksha12@hotmail.com,M,VOTER-D287501,2002-11-15,DL-1885891324,Son,0,
DRV-12817,CLM-02818,Jhalak,Urishilla,Wable,Jhalak Wable,99610838982,jhalak69@gmail.com,F,UID-519569997593,1965-08-06,DL-7268111378,Self,1,MEM-10130
DRV-12818,CLM-02819,Charvi,Yuvraj,Sheth,Charvi Sheth,98251966063,charvi42@live.com,M,AADHAR-8184-2082-4690,1991-06-14,DL-9331843611,Friend,0,
DRV-12819,CLM-02820,Osha,,Gokhale,Osha Gokhale,99945627671,osha20@yahoo.com,M,UID-891290243071,1963-01-29,DL-4923639853,Daughter,0,
DRV-12820,CLM-02821,Pushti,,Char,Pushti Char,98894527981,pushti70@live.com,M,VOTER-A332867,1988-11-21,DL-1131829600,Daughter,0,
DRV-12821,CLM-02822,Xiti,,Devi,Xiti Devi,99885729392,xiti43@yahoo.com,F,AADHAR-2353-8710-6676,1956-01-12,DL-2927819111,Relative,0,
DRV-12822,CLM-02823,Advay,Upadhriti,Mitra,Advay Mitra,98375920003,advay20@outlook.co.in,M,AADHAR-1097-9683-8096,1981-12-03,DL-7707150573,Self,1,MEM-12639
DRV-12823,CLM-02824,Ekiya,Aarnav,Buch,Ekiya Buch,98730486311,ekiya24@gmail.com,F,UID-435824635431,1988-08-12,DL-7683274259,Self,1,MEM-12155
DRV-12824,CLM-02825,Triya,Arin,Tailor,Triya Tailor,99664651599,triya57@outlook.co.in,F,VOTER-E159782,1988-11-08,DL-2100657330,Spouse,0,
DRV-12825,CLM-02826,Suhani,Qarin,Mittal,Suhani Mittal,98734963126,suhani80@gmail.com,F,AADHAR-7587-5347-1823,1961-01-02,DL-2909709452,Self,1,MEM-13026
DRV-12826,CLM-02827,Mekhala,,Dhingra,Mekhala Dhingra,97079925302,mekhala34@gmail.com,F,UID-206446258603,2002-09-23,DL-5019915878,Self,1,MEM-10687
DRV-12827,CLM-02828,Dalaja,Samar,Dave,Dalaja Dave,98852756250,dalaja59@outlook.co.in,F,UID-145591277319,2004-08-20,DL-9344318240,Self,1,MEM-10793
DRV-12828,CLM-02829,Prisha,Balvan,Maharaj,Prisha Maharaj,98719383827,prisha91@outlook.co.in,F,VOTER-C115584,2003-06-25,DL-5715702323,Self,1,MEM-12337
DRV-12829,CLM-02830,Meghana,Gautami,Mohan,Meghana Mohan,98509496237,meghana57@rediffmail.com,F,AADHAR-3077-5203-6689,1984-09-09,DL-2701518003,Self,1,MEM-10794
DRV-12830,CLM-02831,Darsh,Mason,Bava,Darsh Bava,99875457004,darsh95@hotmail.com,M,VOTER-E925720,1986-12-26,DL-5436948988,Self,1,MEM-12507
DRV-12831,CLM-02832,Rishi,Michael,Virk,Rishi Virk,98755008945,rishi62@rediffmail.com,M,AADHAR-2554-9891-5652,2001-09-09,DL-1780755978,Self,1,MEM-11999
DRV-12832,CLM-02833,Suhani,Tamanna,Venkataraman,Suhani Venkataraman,99638120161,suhani63@hotmail.com,F,VOTER-E430135,1985-05-09,DL-6438525569,Self,1,MEM-10080
DRV-12833,CLM-02834,Arunima,,Chowdhury,Arunima Chowdhury,98382075274,arunima86@rediffmail.com,F,UID-516123549037,1995-09-06,DL-5206116666,Daughter,0,
DRV-12834,CLM-02835,Yoshita,Bhanumati,Swaminathan,Yoshita Swaminathan,99543257023,yoshita49@rediffmail.com,F,UID-310886631205,1988-08-03,DL-2134994737,Self,1,MEM-11923
DRV-12835,CLM-02836,Anita,,Saha,Anita Saha,97225607002,anita35@yahoo.com,F,UID-468253362335,2005-08-28,DL-3131851301,Self,1,MEM-13050
DRV-12836,CLM-02837,Madhav,Nikita,Sachar,Madhav Sachar,98378778111,madhav64@live.com,M,VOTER-E357876,1999-07-13,DL-2218897892,Self,1,MEM-10938
DRV-12837,CLM-02838,Chaaya,Lakshmi,Sridhar,Chaaya Sridhar,98421709513,chaaya90@live.com,F,AADHAR-5063-5187-6695,2000-03-26,DL-4995052176,Friend,0,
DRV-12838,CLM-02839,Aadhya,Dominic,Din,Aadhya Din,97755201756,aadhya70@hotmail.com,F,UID-633387201298,1978-04-30,DL-9998634662,Paid Driver,0,
DRV-12839,CLM-02840,Mahika,Jacob,Dugar,Mahika Dugar,99504564601,mahika33@gmail.com,F,AADHAR-1695-5443-7158,1989-12-27,DL-9246205021,Daughter,0,
DRV-12840,CLM-02841,Rachana,Agastya,Raj,Rachana Raj,99629975715,rachana16@rediffmail.com,M,UID-485807999447,2002-11-30,DL-7078507558,Friend,0,
DRV-12841,CLM-02842,Faqid,Rishi,Contractor,Faqid Contractor,97748327250,faqid61@yahoo.com,M,UID-420469702285,1997-04-09,DL-7675483873,Self,1,MEM-12012
DRV-12842,CLM-02843,Harrison,,Nagarajan,Harrison Nagarajan,98865123150,harrison91@rediffmail.com,M,AADHAR-5238-4774-6167,1980-09-15,DL-2346182648,Self,1,MEM-11106
DRV-12843,CLM-02844,Vinaya,,Talwar,Vinaya Talwar,99519607547,vinaya82@outlook.co.in,M,UID-178682393773,1961-04-17,DL-7787218889,Spouse,0,
DRV-12844,CLM-02845,Lopa,,Sundaram,Lopa Sundaram,97371827559,lopa49@outlook.co.in,F,UID-682123899915,1971-03-26,DL-5272741728,Son,0,
DRV-12845,CLM-02846,Kiaan,Chakradev,Rao,Kiaan Rao,98443350453,kiaan16@rediffmail.com,M,UID-815701821505,1965-08-21,DL-3071533331,Self,1,MEM-10225
DRV-12846,CLM-02847,Rajata,Ishita,Sankar,Rajata Sankar,97564488595,rajata92@gmail.com,M,UID-450990498178,1967-01-20,DL-4402116911,Spouse,0,
DRV-12847,CLM-02848,Neelima,Aditya,Rana,Neelima Rana,98156952676,neelima71@yahoo.com,F,AADHAR-4516-1951-3324,1986-07-23,DL-3381050347,Self,1,MEM-10478
DRV-12848,CLM-02849,Aarnav,,Acharya,Aarnav Acharya,99105749942,aarnav15@gmail.com,M,VOTER-D545495,1995-08-31,DL-6738694826,Self,1,MEM-11834
DRV-12849,CLM-02850,Ishita,Rishi,Rege,Ishita Rege,98004518386,ishita13@live.com,M,AADHAR-6227-9193-8615,1974-06-12,DL-8638301342,Relative,0,
DRV-12850,CLM-02851,Mekhala,Aarna,Chahal,Mekhala Chahal,98576478337,mekhala55@outlook.co.in,F,UID-336648701349,1960-12-23,DL-3177553906,Self,1,MEM-10752
DRV-12851,CLM-02852,Oni,Mohini,Soman,Oni Soman,99046228405,oni77@hotmail.com,F,UID-133473808022,1971-11-14,DL-8237928832,Self,1,MEM-10049
DRV-12852,CLM-02853,Gunbir,Reyansh,Muni,Gunbir Muni,98344878761,gunbir10@outlook.co.in,M,UID-714646809026,1979-11-13,DL-9112361906,Self,1,MEM-10084
DRV-12853,CLM-02854,Indali,Kavya,Kibe,Indali Kibe,99564036828,indali98@outlook.co.in,F,UID-501638874964,1989-05-25,DL-6316281484,Self,1,MEM-12168
DRV-12854,CLM-02855,Yamini,Wriddhish,Sethi,Yamini Sethi,99173597655,yamini84@rediffmail.com,F,AADHAR-8891-9067-7308,1969-08-17,DL-3243950330,Spouse,0,
DRV-12855,CLM-02856,Yachana,,Karan,Yachana Karan,99548816010,yachana70@outlook.co.in,M,UID-603812637840,1993-07-25,DL-3858360827,Spouse,0,
DRV-12856,CLM-02857,Ansh,Waida,Gade,Ansh Gade,99949566985,ansh47@gmail.com,M,UID-586511237405,2006-03-14,DL-8693272840,Self,1,MEM-13274
DRV-12857,CLM-02858,Gautami,Champak,Karan,Gautami Karan,97692684200,gautami46@outlook.co.in,F,UID-523373367253,1987-08-27,DL-6241318012,Relative,0,
DRV-12858,CLM-02859,Geetika,Ira,Deol,Geetika Deol,98633174482,geetika25@yahoo.com,F,VOTER-D208140,1957-03-26,DL-6206220004,Daughter,0,
DRV-12859,CLM-02860,Pushti,Hardik,Mallick,Pushti Mallick,98465829996,pushti67@gmail.com,M,VOTER-A534738,1995-10-07,DL-3702196299,Son,0,
DRV-12860,CLM-02861,Aarna,Yachana,Arya,Aarna Arya,98308161734,aarna40@yahoo.com,F,VOTER-D966662,2001-03-06,DL-2012321213,Self,1,MEM-12465
DRV-12861,CLM-02862,Kala,Manya,Nazareth,Kala Nazareth,98679505120,kala30@yahoo.com,F,VOTER-A345476,1986-11-07,DL-4191445598,Self,1,MEM-11947
DRV-12862,CLM-02863,Sara,Ladli,Samra,Sara Samra,97026491105,sara26@rediffmail.com,F,UID-254511663646,1988-01-29,DL-3006952060,Friend,0,
DRV-12863,CLM-02864,Kritika,,Iyengar,Kritika Iyengar,99819805411,kritika25@rediffmail.com,M,VOTER-E680476,1987-04-10,DL-8392309335,Spouse,0,
DRV-12864,CLM-02865,Abdul,,Kibe,Abdul Kibe,99537341959,abdul25@live.com,M,VOTER-A386142,1992-02-08,DL-8859246529,Self,1,MEM-11149
DRV-12865,CLM-02866,Anika,Fiyaz,Dasgupta,Anika Dasgupta,97234769717,anika25@rediffmail.com,F,VOTER-D295946,1999-08-19,DL-3913078790,Relative,0,
DRV-12866,CLM-02867,Ojasvi,Bhavika,Shah,Ojasvi Shah,99226214657,ojasvi50@rediffmail.com,M,VOTER-E973252,1990-03-29,DL-1169722297,Son,0,
DRV-12867,CLM-02868,Neelima,,Babu,Neelima Babu,99219724004,neelima10@hotmail.com,F,UID-120685431792,2004-03-08,DL-6114449007,Daughter,0,
DRV-12868,CLM-02869,Neel,Upma,Bhatia,Neel Bhatia,98900721589,neel59@live.com,M,VOTER-E153984,2006-10-18,DL-1577587501,Self,1,MEM-11222
DRV-12869,CLM-02870,Ayaan,Theodore,Loyal,Ayaan Loyal,98974794707,ayaan27@yahoo.com,M,VOTER-E837300,1963-10-07,DL-8402512141,Self,1,MEM-12828
DRV-12870,CLM-02871,Omya,Alexander,Parsa,Omya Parsa,98371820143,omya22@hotmail.com,M,UID-675313046952,1994-02-19,DL-7967688668,Daughter,0,
DRV-12871,CLM-02872,Anvi,,Desai,Anvi Desai,98451420770,anvi17@outlook.co.in,F,AADHAR-3598-4134-5635,1992-07-21,DL-2136467343,Self,1,MEM-10728
DRV-12872,CLM-02873,Zarna,Hiral,Palan,Zarna Palan,99141182995,zarna12@outlook.co.in,F,UID-379194102664,1981-06-03,DL-1711963607,Self,1,MEM-11738
DRV-12873,CLM-02874,Warhi,Quincy,Kade,Warhi Kade,97298226181,warhi85@yahoo.com,M,VOTER-A446658,2003-06-17,DL-8801666603,Spouse,0,
DRV-12874,CLM-02875,Yashvi,Anusha,Ramanathan,Yashvi Ramanathan,99282199503,yashvi32@hotmail.com,M,AADHAR-8604-5532-8863,1997-05-17,DL-6828192497,Spouse,0,
DRV-12875,CLM-02876,Pallavi,,Tripathi,Pallavi Tripathi,99261419805,pallavi72@hotmail.com,F,AADHAR-1595-2605-8903,1970-10-27,DL-8028644170,Self,1,MEM-11257
DRV-12876,CLM-02877,Barkha,Tarak,Ray,Barkha Ray,98656619732,barkha61@gmail.com,F,AADHAR-4279-6058-1929,1984-04-17,DL-8365771414,Daughter,0,
DRV-12877,CLM-02878,Jagrati,Siya,Bhagat,Jagrati Bhagat,99263807649,jagrati45@yahoo.com,F,UID-804295326703,1973-07-23,DL-9865976674,Friend,0,
DRV-12878,CLM-02879,Nandini,Aditya,Dada,Nandini Dada,98413884867,nandini83@hotmail.com,M,VOTER-E537846,1972-03-23,DL-9029944134,Relative,0,
DRV-12879,CLM-02880,Tamanna,Arin,Parsa,Tamanna Parsa,99641604947,tamanna67@hotmail.com,M,AADHAR-1975-1324-8136,1964-11-16,DL-9315839326,Paid Driver,0,
DRV-12880,CLM-02881,Bimala,Ekantika,Basu,Bimala Basu,98567237862,bimala86@hotmail.com,F,UID-800616158901,1976-07-18,DL-5665897515,Relative,0,
DRV-12881,CLM-02882,Barkha,,Sami,Barkha Sami,98374274028,barkha99@live.com,F,VOTER-A110202,1993-04-01,DL-7540987492,Self,1,MEM-11838
DRV-12882,CLM-02883,Qushi,Ishaan,Bedi,Qushi Bedi,97057441215,qushi41@yahoo.com,M,VOTER-C659854,1964-02-16,DL-1469662472,Friend,0,
DRV-12883,CLM-02884,Nandini,Chaitaly,Sandhu,Nandini Sandhu,97957458934,nandini14@rediffmail.com,M,VOTER-A807291,2002-04-02,DL-8791458127,Son,0,
DRV-12884,CLM-02885,Sarthak,Libni,Khanna,Sarthak Khanna,98317440080,sarthak71@hotmail.com,M,UID-916678304221,1987-05-21,DL-8981195619,Self,1,MEM-12712
DRV-12885,CLM-02886,Jason,,Ganesan,Jason Ganesan,98170674517,jason95@outlook.co.in,M,VOTER-D960959,1993-07-04,DL-2429716113,Self,1,MEM-11946
DRV-12886,CLM-02887,Abdul,,Vasa,Abdul Vasa,97326367689,abdul79@hotmail.com,M,VOTER-D883193,1991-12-03,DL-8027367128,Self,1,MEM-10780
DRV-12887,CLM-02888,Alka,Ronith,Banerjee,Alka Banerjee,98311185989,alka30@hotmail.com,F,UID-821829466508,1982-01-24,DL-2608689478,Relative,0,
DRV-12888,CLM-02889,Sudiksha,Isha,Sagar,Sudiksha Sagar,99732143145,sudiksha57@rediffmail.com,F,VOTER-B472424,1999-10-14,DL-9090353650,Son,0,
DRV-12889,CLM-02890,Ucchal,Ronith,Venkatesh,Ucchal Venkatesh,99633256055,ucchal63@live.com,M,VOTER-B810099,1972-10-16,DL-6555404648,Paid Driver,0,
DRV-12890,CLM-02891,Deepa,Michael,Thakur,Deepa Thakur,97540670525,deepa22@live.com,F,VOTER-E517189,1985-07-02,DL-3368601125,Spouse,0,
DRV-12891,CLM-02892,Edhitha,,Sampath,Edhitha Sampath,99379059248,edhitha64@yahoo.com,F,UID-629129455987,2000-10-09,DL-1696159016,Spouse,0,
DRV-12892,CLM-02893,Ria,Nikita,Lall,Ria Lall,98337942781,ria75@hotmail.com,F,AADHAR-2995-5469-4129,1961-11-26,DL-2561870958,Daughter,0,
DRV-12893,CLM-02894,Charvi,Faras,Raman,Charvi Raman,97720494967,charvi72@gmail.com,F,UID-708682729622,1967-01-19,DL-1337245412,Daughter,0,
DRV-12894,CLM-02895,Ikshita,,Ratta,Ikshita Ratta,99694844186,ikshita44@outlook.co.in,F,VOTER-A637327,1977-08-27,DL-3183008743,Self,1,MEM-12966
DRV-12895,CLM-02896,Chasmum,Om,Krishnan,Chasmum Krishnan,99901171947,chasmum43@gmail.com,F,AADHAR-9361-5437-4972,1978-12-18,DL-2727542885,Paid Driver,0,
DRV-12896,CLM-02897,Hemangini,,Chaudhary,Hemangini Chaudhary,98139587944,hemangini76@yahoo.com,F,UID-192944536341,1984-10-03,DL-1854074213,Relative,0,
DRV-12897,CLM-02898,Warinder,Fitan,Saha,Warinder Saha,99037774039,warinder23@outlook.co.in,M,AADHAR-5473-7001-3017,1998-02-13,DL-3053840148,Self,1,MEM-11422
DRV-12898,CLM-02899,Rachana,Meghana,Gopal,Rachana Gopal,97155971951,rachana64@gmail.com,M,UID-746031242673,1973-08-26,DL-5154168970,Friend,0,
DRV-12899,CLM-02900,Warhi,Tara,Rana,Warhi Rana,97763948189,warhi36@rediffmail.com,M,UID-891124605735,2001-03-05,DL-4600500606,Daughter,0,
DRV-12900,CLM-02901,Vyanjana,Upkaar,Thaker,Vyanjana Thaker,99579022867,vyanjana94@yahoo.com,M,UID-558504906107,1975-10-24,DL-7891827560,Paid Driver,0,
DRV-12901,CLM-02902,Libni,Azaan,Narayanan,Libni Narayanan,98074478928,libni25@hotmail.com,F,VOTER-A833577,1956-04-20,DL-4203170973,Spouse,0,
DRV-12902,CLM-02903,Madhavi,Leena,Walia,Madhavi Walia,97165491593,madhavi60@rediffmail.com,M,AADHAR-6126-8812-6533,1992-06-07,DL-2354410260,Son,0,
DRV-12903,CLM-02904,Netra,,Kadakia,Netra Kadakia,97848062283,netra23@outlook.co.in,F,AADHAR-2928-8361-7310,1962-05-08,DL-8010662487,Self,1,MEM-13468
DRV-12904,CLM-02905,Yachana,Harshil,Raghavan,Yachana Raghavan,97602905113,yachana51@outlook.co.in,M,AADHAR-2060-1767-1569,2000-07-05,DL-6321621773,Daughter,0,
DRV-12905,CLM-02906,Meghana,,Char,Meghana Char,98349002211,meghana95@hotmail.com,M,VOTER-B819501,1983-10-23,DL-7209244478,Spouse,0,
DRV-12906,CLM-02907,Ubika,Nirja,Bahri,Ubika Bahri,99692832011,ubika99@yahoo.com,F,AADHAR-3077-1369-9531,1987-01-02,DL-3403117775,Self,1,MEM-12990
DRV-12907,CLM-02908,Hema,Pahal,Amble,Hema Amble,98078041918,hema66@outlook.co.in,M,UID-394844457758,1993-01-20,DL-8479208171,Friend,0,
DRV-12908,CLM-02909,Nitesh,Akshay,Banerjee,Nitesh Banerjee,97177696612,nitesh68@rediffmail.com,M,AADHAR-1532-8008-6644,1987-02-04,DL-8235539700,Self,1,MEM-12916
DRV-12909,CLM-02910,Aashi,Chandran,Dugar,Aashi Dugar,97963174164,aashi43@hotmail.com,F,UID-630916223329,1971-10-06,DL-2768602559,Paid Driver,0,
DRV-12910,CLM-02911,Urmi,,Palla,Urmi Palla,98724875772,urmi46@outlook.co.in,F,AADHAR-5092-3561-2694,1985-07-29,DL-1476146954,Friend,0,
DRV-12911,CLM-02912,Sachi,Kiaan,Narasimhan,Sachi Narasimhan,98853628159,sachi95@rediffmail.com,F,UID-848883577199,1994-05-29,DL-6609474935,Self,1,MEM-12585
DRV-12912,CLM-02913,Bachittar,Tanveer,Saxena,Bachittar Saxena,99381203993,bachittar21@hotmail.com,M,VOTER-C790459,1986-10-28,DL-2653081977,Self,1,MEM-10975
DRV-12913,CLM-02914,Aarnav,,Acharya,Aarnav Acharya,99105749942,aarnav15@gmail.com,M,VOTER-D545495,1995-08-31,DL-6129630117,Self,1,MEM-11834
DRV-12914,CLM-02915,Kashvi,Charles,Malhotra,Kashvi Malhotra,97988340128,kashvi95@outlook.co.in,M,AADHAR-8903-3346-4663,2003-04-01,DL-5337246347,Paid Driver,0,
DRV-12915,CLM-02916,Arunima,Yauvani,Tank,Arunima Tank,97703620098,arunima51@hotmail.com,F,AADHAR-1618-7576-9081,1996-12-29,DL-5712715006,Spouse,0,
DRV-12916,CLM-02917,Ekanta,Pahal,Oommen,Ekanta Oommen,97921577766,ekanta86@yahoo.com,M,UID-554872264607,1984-08-27,DL-2296763120,Paid Driver,0,
DRV-12917,CLM-02918,Wishi,Wazir,Hegde,Wishi Hegde,99652443740,wishi71@yahoo.com,F,AADHAR-5756-4038-2916,1963-07-04,DL-6163091564,Self,1,MEM-12622
DRV-12918,CLM-02919,Rachita,Ikbal,Deol,Rachita Deol,98830419231,rachita12@rediffmail.com,F,VOTER-B228658,1954-11-12,DL-5956872250,Paid Driver,0,
DRV-12919,CLM-02920,Urvi,Jagvi,Pai,Urvi Pai,98418688242,urvi76@rediffmail.com,F,VOTER-A499894,1970-11-09,DL-7362624805,Self,1,MEM-10459
DRV-12920,CLM-02921,Riya,Atharv,Sawhney,Riya Sawhney,98326898209,riya47@gmail.com,M,UID-898090337310,2004-03-07,DL-3199535791,Son,0,
DRV-12921,CLM-02922,Ekani,Turvi,Anand,Ekani Anand,99590698915,ekani64@yahoo.com,M,VOTER-B424476,1963-02-26,DL-3985802465,Son,0,
DRV-12922,CLM-02923,Madhav,Nikita,Sachar,Madhav Sachar,98378778111,madhav64@live.com,M,VOTER-E357876,1999-07-13,DL-1147503912,Self,1,MEM-10938
DRV-12923,CLM-02924,Lajita,Ronith,Mani,Lajita Mani,99416247839,lajita19@outlook.co.in,M,AADHAR-7635-4662-1963,2005-10-16,DL-7004422501,Daughter,0,
DRV-12924,CLM-02925,Pooja,,Kapur,Pooja Kapur,99734810196,pooja27@gmail.com,F,AADHAR-9360-5224-5120,1997-07-02,DL-1640237888,Self,1,MEM-13464
DRV-12925,CLM-02926,Dalaja,,Patla,Dalaja Patla,97258433377,dalaja70@yahoo.com,M,AADHAR-1743-5899-4540,1979-08-29,DL-2445952809,Daughter,0,
DRV-12926,CLM-02927,Daksh,Jagdish,Samra,Daksh Samra,98418222709,daksh27@outlook.co.in,M,VOTER-D451194,1996-03-03,DL-4204615210,Self,1,MEM-11221
DRV-12927,CLM-02928,Rajata,,Varma,Rajata Varma,97439625261,rajata50@live.com,F,UID-443817265753,1955-07-14,DL-6423643709,Paid Driver,0,
DRV-12928,CLM-02929,Meera,Vamakshi,Tata,Meera Tata,98697396060,meera46@gmail.com,F,AADHAR-5153-9084-1158,1982-12-25,DL-8545201555,Daughter,0,
DRV-12929,CLM-02930,Nilima,Amol,Keer,Nilima Keer,99308990580,nilima31@rediffmail.com,F,AADHAR-1492-4973-5130,1967-07-11,DL-8622353491,Self,1,MEM-12122
DRV-12930,CLM-02931,Upadhriti,,Kota,Upadhriti Kota,99004440856,upadhriti13@yahoo.com,F,UID-119965998562,1962-09-19,DL-3935127299,Son,0,
DRV-12931,CLM-02932,Vedika,Nilima,Sodhi,Vedika Sodhi,99406711165,vedika27@live.com,F,UID-609974061148,1999-10-07,DL-1996437064,Self,1,MEM-12728
DRV-12932,CLM-02933,Jack,Ria,Jani,Jack Jani,98301562050,jack76@yahoo.com,M,AADHAR-5033-9327-7352,1976-10-11,DL-4651187867,Self,1,MEM-13112
DRV-12933,CLM-02934,Elijah,,Joshi,Elijah Joshi,99038811910,elijah75@rediffmail.com,M,VOTER-D720525,1986-08-15,DL-1762533415,Self,1,MEM-12586
DRV-12934,CLM-02935,Darika,Tanish,Dave,Darika Dave,98881155087,darika95@gmail.com,F,UID-124461844971,1972-09-07,DL-1660041112,Self,1,MEM-11359
DRV-12935,CLM-02936,Girish,Mahika,Karnik,Girish Karnik,98885456585,girish33@hotmail.com,M,UID-587903082105,2007-07-03,DL-9486231331,Self,1,MEM-10527
DRV-12936,CLM-02937,Panini,,Ramanathan,Panini Ramanathan,98748943323,panini60@hotmail.com,F,VOTER-D971321,1968-04-12,DL-3152643157,Self,1,MEM-13191
DRV-12937,CLM-02938,Devika,Barkha,Chada,Devika Chada,98739058965,devika85@rediffmail.com,F,UID-198214204519,1982-12-21,DL-6146888676,Self,1,MEM-10959
DRV-12938,CLM-02939,Robert,Krisha,Dua,Robert Dua,97051180800,robert79@gmail.com,M,AADHAR-2891-6193-8159,1997-11-02,DL-6635799787,Self,1,MEM-11936
DRV-12939,CLM-02940,Keya,,Talwar,Keya Talwar,99344860475,keya27@hotmail.com,F,VOTER-D189954,1973-02-07,DL-6399530951,Relative,0,
DRV-12940,CLM-02941,Megha,Karan,Rajan,Megha Rajan,98453416721,megha11@outlook.co.in,F,UID-213890508346,1959-04-28,DL-1822651320,Relative,0,
DRV-12941,CLM-02942,Vedika,,Sheth,Vedika Sheth,97174106412,vedika82@hotmail.com,M,AADHAR-9780-9630-6152,1998-12-01,DL-4528769196,Relative,0,
DRV-12942,CLM-02943,Sachi,Eta,Shah,Sachi Shah,99448405336,sachi37@live.com,F,UID-903789011781,2005-01-03,DL-7958413898,Friend,0,
DRV-12943,CLM-02944,Jhalak,William,Mane,Jhalak Mane,98980791090,jhalak40@hotmail.com,M,VOTER-D375299,1975-11-20,DL-8403683083,Friend,0,
DRV-12944,CLM-02945,Ekiya,,Garde,Ekiya Garde,99108918423,ekiya15@hotmail.com,F,UID-677463163938,1974-04-18,DL-8905469427,Daughter,0,
DRV-12945,CLM-02946,Rohan,Fariq,Luthra,Rohan Luthra,97225018166,rohan41@live.com,M,AADHAR-3755-4657-4333,1982-02-12,DL-7794527230,Self,1,MEM-10366
DRV-12946,CLM-02947,Nitara,Gaurangi,Garg,Nitara Garg,97777778558,nitara71@hotmail.com,F,UID-913215950027,1977-01-20,DL-6385106073,Paid Driver,0,
DRV-12947,CLM-02948,Gauri,Watika,Srinivasan,Gauri Srinivasan,99142586452,gauri75@outlook.co.in,M,VOTER-A403790,1988-05-06,DL-6596760781,Son,0,
DRV-12948,CLM-02949,Mugdha,Gautami,Thakkar,Mugdha Thakkar,97479488142,mugdha67@yahoo.com,F,AADHAR-7112-4512-5937,1981-01-21,DL-6740554295,Son,0,
DRV-12949,CLM-02950,Leela,,Kibe,Leela Kibe,99874232676,leela54@rediffmail.com,F,VOTER-A298878,1979-12-06,DL-4576714193,Self,1,MEM-10864
DRV-12950,CLM-02951,Tara,,Wali,Tara Wali,97959822137,tara36@gmail.com,F,AADHAR-4596-5210-1510,2002-10-27,DL-2172124568,Self,1,MEM-11596
DRV-12951,CLM-02952,Gauri,Kala,Lad,Gauri Lad,98233568052,gauri97@outlook.co.in,F,VOTER-D693925,1966-12-25,DL-3279259899,Self,1,MEM-12682
DRV-12952,CLM-02953,Ekta,Aarini,Chahal,Ekta Chahal,97808738730,ekta53@gmail.com,F,VOTER-C709932,1961-01-11,DL-9372228246,Friend,0,
DRV-12953,CLM-02954,Sachi,Falguni,Kant,Sachi Kant,99741403773,sachi16@gmail.com,F,AADHAR-8779-6054-2240,2005-11-14,DL-1377760251,Self,1,MEM-12902
DRV-12954,CLM-02955,Nikita,,Kamdar,Nikita Kamdar,98161738085,nikita82@live.com,M,VOTER-D418860,1989-10-19,DL-5908316638,Son,0,
DRV-12955,CLM-02956,Sai,,Acharya,Sai Acharya,98340790487,sai64@yahoo.com,M,VOTER-A456144,1990-08-21,DL-9406881126,Self,1,MEM-13499
DRV-12956,CLM-02957,Yochana,Sanya,Chaudry,Yochana Chaudry,97390519440,yochana69@outlook.co.in,M,AADHAR-1561-5284-5204,1999-02-06,DL-2836032294,Relative,0,
DRV-12957,CLM-02958,Gaurav,,Keer,Gaurav Keer,99722199567,gaurav24@yahoo.com,M,VOTER-D259313,1976-10-26,DL-1567472889,Self,1,MEM-10951
DRV-12958,CLM-02959,Ekaja,Vaishnavi,Deshpande,Ekaja Deshpande,97180263845,ekaja72@rediffmail.com,M,UID-372308347397,1984-02-26,DL-4994595842,Relative,0,
DRV-12959,CLM-02960,Diya,Zaid,Gade,Diya Gade,99445699500,diya76@gmail.com,F,AADHAR-5587-4036-1933,1994-02-02,DL-9820976008,Friend,0,
DRV-12960,CLM-02961,Amaira,Azaan,Konda,Amaira Konda,99183086593,amaira13@gmail.com,F,AADHAR-2482-4205-8406,2006-11-04,DL-6645039078,Son,0,
DRV-12961,CLM-02962,Brinda,Mitesh,Mallick,Brinda Mallick,98395958712,brinda58@gmail.com,F,VOTER-E124533,1988-01-19,DL-1512364213,Self,1,MEM-10957
DRV-12962,CLM-02963,Aachal,Zayyan,Gera,Aachal Gera,97676428284,aachal61@rediffmail.com,F,VOTER-E848137,1986-03-10,DL-2876960912,Relative,0,
DRV-12963,CLM-02964,Darsh,Mason,Bava,Darsh Bava,99875457004,darsh95@hotmail.com,M,VOTER-E925720,1986-12-26,DL-2444498123,Self,1,MEM-12507
DRV-12964,CLM-02965,Vedhika,Kamala,Sampath,Vedhika Sampath,98655173495,vedhika59@hotmail.com,M,VOTER-C349341,1966-11-03,DL-5084176703,Relative,0,
DRV-12965,CLM-02966,Turvi,Advika,Mahal,Turvi Mahal,97111622296,turvi94@rediffmail.com,F,VOTER-C201757,1961-03-04,DL-1144696295,Friend,0,
DRV-12966,CLM-02967,Niharika,Lopa,Dara,Niharika Dara,99288062335,niharika75@rediffmail.com,F,AADHAR-8208-4705-7414,1962-03-28,DL-5744116853,Self,1,MEM-12032
DRV-12967,CLM-02968,Aarnav,,Ganesan,Aarnav Ganesan,98892545935,aarnav87@live.com,M,UID-499444031808,1998-03-14,DL-4569855272,Self,1,MEM-12708
DRV-12968,CLM-02969,Theodore,,Lall,Theodore Lall,98774431840,theodore50@hotmail.com,M,UID-812733545937,1986-03-08,DL-5648282993,Self,1,MEM-11752
DRV-12969,CLM-02970,Gautami,Chavvi,Saha,Gautami Saha,98757811454,gautami37@rediffmail.com,F,AADHAR-3847-8542-9397,2002-08-04,DL-9813943863,Relative,0,
DRV-12970,CLM-02971,Neelima,,Memon,Neelima Memon,99751260369,neelima66@rediffmail.com,F,UID-414573652897,1973-05-18,DL-5662833487,Spouse,0,
DRV-12971,CLM-02972,Lipika,,Ramaswamy,Lipika Ramaswamy,97637932087,lipika98@yahoo.com,F,UID-860257235588,1980-10-30,DL-8189771685,Self,1,MEM-10559
DRV-12972,CLM-02973,Nikita,,Sharaf,Nikita Sharaf,99945217813,nikita13@live.com,F,VOTER-C626841,2000-09-14,DL-7403330662,Self,1,MEM-12898
DRV-12973,CLM-02974,Suhani,Bhanumati,Sachar,Suhani Sachar,98321685559,suhani49@gmail.com,F,UID-963853527490,1960-12-21,DL-4438738641,Self,1,MEM-11657
DRV-12974,CLM-02975,Damini,Max,Cherian,Damini Cherian,99807309774,damini16@live.com,M,UID-206653267852,1996-07-15,DL-3843909504,Spouse,0,
DRV-12975,CLM-02976,Suhani,Charles,Dash,Suhani Dash,98758042626,suhani34@hotmail.com,F,VOTER-C299605,2003-12-28,DL-2383101363,Self,1,MEM-10158
DRV-12976,CLM-02977,Saanvi,Pushti,Rout,Saanvi Rout,99488750791,saanvi25@live.com,F,AADHAR-8118-7912-9792,1973-08-19,DL-6407646553,Relative,0,
DRV-12977,CLM-02978,Mekhala,Lila,Parikh,Mekhala Parikh,98973753404,mekhala83@live.com,F,AADHAR-3709-3247-5218,1978-07-31,DL-5775518559,Daughter,0,
DRV-12978,CLM-02979,Wakeeta,Gaurika,Kaur,Wakeeta Kaur,97058607396,wakeeta90@yahoo.com,M,VOTER-D666550,1976-06-01,DL-9742369771,Daughter,0,
DRV-12979,CLM-02980,Anika,Libni,Sant,Anika Sant,98500476067,anika15@hotmail.com,F,AADHAR-4490-6335-3868,1960-09-09,DL-5999126062,Self,1,MEM-10827
DRV-12980,CLM-02981,Chandani,,Banik,Chandani Banik,97774725746,chandani71@yahoo.com,F,UID-214741032399,1961-11-09,DL-7463993145,Self,1,MEM-12803
DRV-12981,CLM-02982,Kritika,Leena,Handa,Kritika Handa,99964906010,kritika37@live.com,F,VOTER-A440688,1960-06-18,DL-5553683067,Self,1,MEM-10781
DRV-12982,CLM-02983,Ishita,Omya,Tailor,Ishita Tailor,98194039473,ishita40@rediffmail.com,F,AADHAR-9753-4078-2072,1987-06-28,DL-7424699860,Daughter,0,
DRV-12983,CLM-02984,Keya,,Krishna,Keya Krishna,97588559825,keya22@rediffmail.com,M,UID-273162405311,1965-12-20,DL-5049509847,Daughter,0,
DRV-12984,CLM-02985,Pavani,,Kuruvilla,Pavani Kuruvilla,99443581376,pavani91@rediffmail.com,F,VOTER-E266272,1977-02-21,DL-5082571517,Self,1,MEM-12397
DRV-12985,CLM-02986,Advaith,Balveer,Bala,Advaith Bala,99866576757,advaith58@outlook.co.in,M,AADHAR-1774-7452-1541,1962-08-26,DL-1838056078,Self,1,MEM-12126
DRV-12986,CLM-02987,Radha,Ganga,Chokshi,Radha Chokshi,97332779480,radha48@live.com,M,AADHAR-1423-6590-7973,1955-05-11,DL-5888002156,Friend,0,
DRV-12987,CLM-02988,Lipika,Triya,Sabharwal,Lipika Sabharwal,99794682234,lipika13@gmail.com,F,AADHAR-3657-8746-4602,1989-12-26,DL-5527538469,Daughter,0,
DRV-12988,CLM-02989,Lila,Urmi,Nanda,Lila Nanda,99265238791,lila79@gmail.com,M,UID-458380964622,1999-11-03,DL-7761119365,Daughter,0,
DRV-12989,CLM-02990,Manbir,Darika,Nigam,Manbir Nigam,98596418283,manbir96@hotmail.com,M,UID-509420337454,1989-07-30,DL-7156965626,Self,1,MEM-12356
DRV-12990,CLM-02991,Lavanya,,Mitra,Lavanya Mitra,97865720460,lavanya60@live.com,F,VOTER-A819926,2004-10-19,DL-3352132540,Daughter,0,
DRV-12991,CLM-02992,Oni,,Basu,Oni Basu,97203298713,oni98@gmail.com,M,AADHAR-2909-8703-2653,2007-02-23,DL-1482984752,Relative,0,
DRV-12992,CLM-02993,Mugdha,Wazir,Rajan,Mugdha Rajan,99744109832,mugdha20@live.com,M,AADHAR-9699-1871-1534,1978-08-27,DL-4031944256,Spouse,0,
DRV-12993,CLM-02994,Mugdha,Chasmum,Varughese,Mugdha Varughese,97160430232,mugdha75@rediffmail.com,M,UID-967950501018,1984-03-06,DL-5006106044,Spouse,0,
DRV-12994,CLM-02995,Varenya,Gauri,Oak,Varenya Oak,97742847984,varenya45@live.com,F,AADHAR-7161-6196-1691,1972-10-21,DL-4431922572,Son,0,
DRV-12995,CLM-02996,Chaitaly,,Andra,Chaitaly Andra,99667332303,chaitaly97@rediffmail.com,F,UID-277460993181,1962-12-25,DL-7997133930,Son,0,
DRV-12996,CLM-02997,Saanvi,,Rajagopal,Saanvi Rajagopal,97965908562,saanvi77@yahoo.com,F,VOTER-E821313,1963-06-20,DL-7006363042,Relative,0,
DRV-12997,CLM-02998,Qarin,Bina,Hans,Qarin Hans,97118458898,qarin71@rediffmail.com,M,AADHAR-5989-1668-5507,1969-02-03,DL-3903586006,Self,1,MEM-11335
DRV-12998,CLM-02999,Amaira,Libni,Samra,Amaira Samra,99319051770,amaira98@rediffmail.com,M,VOTER-D386094,1956-07-06,DL-6701640788,Daughter,0,
DRV-12999,CLM-03000,Praneel,Lucky,Nair,Praneel Nair,99874996891,praneel86@rediffmail.com,M,VOTER-D920141,1969-02-20,DL-8128091623,Self,1,MEM-11328
