passenger_id,claim_id,passenger_first_name,passenger_middle_name,passenger_last_name,passenger_full_name,passenger_gov_id,passenger_mobile,passenger_email,passenger_gender,passenger_dob,relationship_to_insured,member_id
PAS-10000,CLM-02386,Turvi,,Narayan,Turvi Narayan,AADHAR-9300-9053-5054,98970224387,turvi80@yahoo.com,F,1968-04-25,Friend,
PAS-10001,CLM-02386,Umang,,Soni,Umang Soni,AADHAR-4569-4151-9753,99694153418,umang83@rediffmail.com,M,1984-11-23,Parent,MEM-11589
PAS-10002,CLM-02386,Jhalak,,Oommen,Jhalak Oommen,UID-887606795965,98870031798,jhalak77@rediffmail.com,F,2010-01-11,Unknown,
PAS-10003,CLM-02328,Nitara,,Dash,Nitara Dash,UID-800861583970,99704810728,nitara22@outlook.co.in,F,1957-01-27,Friend,
PAS-10004,CLM-02328,Falguni,,Sarma,Falguni Sarma,AADHAR-9248-7299-2317,98727752932,falguni31@rediffmail.com,F,1968-03-14,Relative,
PAS-10005,CLM-02826,Jack,,Date,Jack Date,AADHAR-8107-6211-9556,99744533945,jack55@rediffmail.com,M,2003-12-10,Unknown,
PAS-10006,CLM-02826,Chatura,,Tata,Chatura Tata,AADHAR-7598-6774-1352,97603994256,chatura55@hotmail.com,M,2000-07-31,Friend,
PAS-10007,CLM-02426,Vincent,,Bal,Vincent Bal,VOTER-C334693,97152536012,vincent26@outlook.co.in,M,1959-03-17,Friend,
PAS-10008,CLM-02426,Ira,,Bhattacharyya,Ira Bhattacharyya,VOTER-E833603,99959718214,ira69@hotmail.com,F,2000-08-17,Parent,MEM-11105
PAS-10009,CLM-02426,Aditya,,Narasimhan,Aditya Narasimhan,AADHAR-8398-1897-2828,97386142657,aditya80@hotmail.com,M,2002-05-28,Relative,
PAS-10010,CLM-00320,Anirudh,,Badami,Anirudh Badami,AADHAR-7417-5950-3914,99428269213,anirudh55@hotmail.com,M,2000-03-27,Unknown,
PAS-10011,CLM-00320,Chanakya,,Edwin,Chanakya Edwin,AADHAR-2570-7174-9797,97995549926,chanakya32@gmail.com,M,1995-02-20,Relative,MEM-13353
PAS-10012,CLM-00320,Avi,,Biswas,Avi Biswas,AADHAR-1365-7317-2639,97390830095,avi18@outlook.co.in,M,2006-04-02,Unknown,
PAS-10013,CLM-02645,Aditya,,Dubey,Aditya Dubey,VOTER-B359394,98491607232,aditya61@hotmail.com,M,2000-08-05,Parent,MEM-11645
PAS-10014,CLM-02645,Parth,,Gour,Parth Gour,AADHAR-5618-4003-2676,99745218854,parth67@outlook.co.in,M,1998-12-30,Colleague,
PAS-10015,CLM-02645,Aryan,,Viswanathan,Aryan Viswanathan,VOTER-C565528,99155287104,aryan78@gmail.com,M,1959-02-11,Friend,
PAS-10016,CLM-02645,Kamala,,Biswas,Kamala Biswas,VOTER-C569574,97059503938,kamala11@yahoo.com,F,2000-01-06,Friend,MEM-12224
PAS-10017,CLM-02352,Darsh,,Rout,Darsh Rout,AADHAR-2915-5284-9526,97345117545,darsh65@hotmail.com,M,1958-01-06,Unknown,
PAS-10018,CLM-02352,Ronith,,Zachariah,Ronith Zachariah,UID-111643967377,97713814267,ronith64@gmail.com,M,2014-09-17,Friend,
PAS-10019,CLM-02352,Wakeeta,,Chaudry,Wakeeta Chaudry,UID-304721121394,99546989730,wakeeta58@hotmail.com,F,2000-07-24,Friend,
PAS-10020,CLM-02352,Onkar,,Naidu,Onkar Naidu,UID-801389414141,97379262251,onkar79@rediffmail.com,M,2018-12-01,Colleague,
PAS-10021,CLM-01147,Sachi,,Gandhi,Sachi Gandhi,UID-298984613187,99462493714,sachi34@hotmail.com,F,1998-03-09,Daughter,MEM-12669
PAS-10022,CLM-01147,Madhavi,,Narula,Madhavi Narula,VOTER-B746205,99636579172,madhavi49@yahoo.com,F,1964-11-16,Friend,MEM-11294
PAS-10023,CLM-00814,Indrajit,,Chander,Indrajit Chander,VOTER-C605890,97158280134,indrajit41@rediffmail.com,M,1973-03-10,Colleague,
PAS-10024,CLM-00814,Lopa,,Agrawal,Lopa Agrawal,AADHAR-3822-3961-1182,98481477125,lopa78@rediffmail.com,F,1983-02-22,Relative,
PAS-10025,CLM-00814,Ria,,Shan,Ria Shan,UID-203468378553,98913605823,ria68@hotmail.com,F,1997-11-29,Relative,
PAS-10026,CLM-00012,Indali,,Guha,Indali Guha,VOTER-A519764,98671503305,indali82@gmail.com,F,1968-04-25,Unknown,
PAS-10027,CLM-00012,Samuel,,Pradhan,Samuel Pradhan,AADHAR-7594-2420-9998,99950948941,samuel27@hotmail.com,M,1971-04-11,Daughter,MEM-11212
PAS-10028,CLM-00012,Indali,,Dalal,Indali Dalal,UID-184509096830,97386973386,indali33@hotmail.com,F,1991-06-10,Unknown,
PAS-10029,CLM-02365,Hamsini,,Dass,Hamsini Dass,VOTER-D453883,99865943763,hamsini13@rediffmail.com,F,1976-11-11,Parent,MEM-11128
PAS-10030,CLM-02365,Onkar,,Sen,Onkar Sen,AADHAR-7676-6254-5644,97853952474,onkar79@outlook.co.in,M,1979-02-24,Relative,
PAS-10031,CLM-02365,Darika,,Tiwari,Darika Tiwari,VOTER-A173135,97392376987,darika54@outlook.co.in,F,1982-02-21,Unknown,
PAS-10032,CLM-02365,Devika,,Shukla,Devika Shukla,UID-151613713156,99625124235,devika69@yahoo.com,F,1965-05-05,Friend,MEM-12663
PAS-10033,CLM-02333,Isaac,,Kaul,Isaac Kaul,UID-699284796588,99147369001,isaac87@gmail.com,M,1978-08-19,Colleague,
PAS-10034,CLM-02333,Wishi,,Bala,Wishi Bala,VOTER-B721324,99650793882,wishi67@hotmail.com,F,1964-08-12,Relative,MEM-11687
PAS-10035,CLM-02333,George,,Ganesan,George Ganesan,VOTER-A886197,99922440362,george41@live.com,M,2002-05-19,Parent,MEM-11843
PAS-10036,CLM-02333,Sneha,,Kaul,Sneha Kaul,UID-409171448881,98009347129,sneha68@rediffmail.com,F,1962-05-11,Relative,
PAS-10037,CLM-00596,Anusha,,Arya,Anusha Arya,AADHAR-2221-2776-6394,98445182812,anusha76@hotmail.com,F,2006-06-30,Relative,MEM-13108
PAS-10038,CLM-00596,Vivaan,,D’Alia,Vivaan D’Alia,VOTER-D555651,97636117946,vivaan31@rediffmail.com,M,1976-08-28,Colleague,
PAS-10039,CLM-00596,Arya,,Saraf,Arya Saraf,UID-745640485233,98982756675,arya33@gmail.com,F,2004-11-15,Friend,
PAS-10040,CLM-00596,Zehaan,,Edwin,Zehaan Edwin,AADHAR-4925-6641-5595,97523000600,zehaan73@live.com,M,1971-03-30,Relative,
PAS-10041,CLM-01948,Akshay,,Deshpande,Akshay Deshpande,VOTER-D686165,97974344434,akshay33@hotmail.com,M,2017-10-18,Colleague,
PAS-10042,CLM-01948,Eshana,,Palla,Eshana Palla,UID-165452594406,98614590776,eshana89@rediffmail.com,F,1996-06-21,Colleague,
PAS-10043,CLM-02960,Ekanta,,Verma,Ekanta Verma,UID-606169756916,98521809062,ekanta90@hotmail.com,F,1986-08-10,Colleague,
PAS-10044,CLM-02960,Chanakya,,Kuruvilla,Chanakya Kuruvilla,VOTER-E619012,98729986278,chanakya37@outlook.co.in,M,2016-05-13,Friend,
PAS-10045,CLM-00161,Ekbal,,Nazareth,Ekbal Nazareth,VOTER-D866777,99713146026,ekbal45@gmail.com,M,1959-12-26,Relative,
PAS-10046,CLM-02393,Siya,,Swamy,Siya Swamy,VOTER-A605867,97622139506,siya19@hotmail.com,F,2005-07-18,Colleague,
PAS-10047,CLM-00004,Praneel,,Virk,Praneel Virk,UID-477915749607,98699114183,praneel54@rediffmail.com,M,1990-03-27,Unknown,
PAS-10048,CLM-02691,Lucky,,Halder,Lucky Halder,UID-318290004704,97841629129,lucky69@gmail.com,M,1999-11-28,Colleague,
PAS-10049,CLM-02691,Vedika,,Chandra,Vedika Chandra,VOTER-C489466,97565269423,vedika43@yahoo.com,F,2004-01-16,Colleague,
PAS-10050,CLM-00224,Ishita,,Chakrabarti,Ishita Chakrabarti,UID-922275364381,98163557270,ishita82@live.com,F,1962-02-25,Friend,
PAS-10051,CLM-01987,Aishani,,Raghavan,Aishani Raghavan,AADHAR-1288-2527-8519,99720186957,aishani35@live.com,F,1976-01-25,Colleague,
PAS-10052,CLM-01987,Yochana,,Sura,Yochana Sura,VOTER-E704774,97292361128,yochana19@outlook.co.in,F,1972-03-22,Daughter,MEM-10724
PAS-10053,CLM-01818,Agastya,,Bali,Agastya Bali,AADHAR-9549-3630-5841,97351018305,agastya93@rediffmail.com,M,2007-12-11,Colleague,
PAS-10054,CLM-01818,Harsh,,Khosla,Harsh Khosla,UID-983541875214,98951017239,harsh30@outlook.co.in,M,1992-03-10,Friend,
PAS-10055,CLM-02812,Viraj,,Sachar,Viraj Sachar,UID-843149932558,97139914572,viraj71@yahoo.com,M,1988-11-24,Colleague,MEM-12296
PAS-10056,CLM-00340,Ekta,,Chaudhary,Ekta Chaudhary,VOTER-C847920,97239601087,ekta93@outlook.co.in,F,1970-04-21,Friend,
PAS-10057,CLM-00340,Nathaniel,,Madan,Nathaniel Madan,UID-158318562766,98486866166,nathaniel37@hotmail.com,M,1963-02-02,Friend,
PAS-10058,CLM-01775,Robert,,Pandey,Robert Pandey,AADHAR-7873-5862-5213,98856603980,robert71@gmail.com,M,1972-12-07,Unknown,
PAS-10059,CLM-01775,Isha,,Chawla,Isha Chawla,UID-383672596533,99423611293,isha15@gmail.com,F,1980-01-06,Friend,
PAS-10060,CLM-01418,Meera,,Raghavan,Meera Raghavan,AADHAR-1724-4459-7871,98821636125,meera35@rediffmail.com,F,2003-03-13,Relative,
PAS-10061,CLM-01418,Omkaar,,Pai,Omkaar Pai,UID-373345935316,98669785930,omkaar40@yahoo.com,M,2014-07-29,Relative,
PAS-10062,CLM-01418,Gautam,,Konda,Gautam Konda,UID-270859331468,97883331189,gautam43@outlook.co.in,M,2021-03-18,Unknown,
PAS-10063,CLM-01611,Neelima,,Pant,Neelima Pant,VOTER-C202537,97635922596,neelima18@yahoo.com,F,2003-05-04,Friend,
PAS-10064,CLM-01611,Bishakha,,Narain,Bishakha Narain,VOTER-C395870,99350748611,bishakha76@yahoo.com,F,1963-11-14,Unknown,
PAS-10065,CLM-01611,Tanish,,Ravi,Tanish Ravi,UID-117628717341,99816517763,tanish26@gmail.com,M,1971-07-28,Relative,
PAS-10066,CLM-01611,Chaaya,,Bava,Chaaya Bava,UID-847878425161,98121081280,chaaya53@gmail.com,F,1986-09-05,Friend,
PAS-10067,CLM-00152,Vritti,,Ratta,Vritti Ratta,AADHAR-4677-4264-6132,99972815565,vritti66@outlook.co.in,F,1978-08-30,Colleague,
PAS-10068,CLM-02939,Jeremiah,,Batra,Jeremiah Batra,AADHAR-1386-9232-1208,97113387093,jeremiah84@outlook.co.in,M,2016-03-03,Relative,
PAS-10069,CLM-02939,Qarin,,Bajwa,Qarin Bajwa,AADHAR-7814-3723-7295,97263598961,qarin76@rediffmail.com,M,2005-07-27,Friend,
PAS-10070,CLM-02939,Ekani,,Sethi,Ekani Sethi,UID-677513806935,98145301089,ekani37@rediffmail.com,F,1982-11-13,Friend,
PAS-10071,CLM-01648,Yachana,,Grover,Yachana Grover,AADHAR-8480-5535-8839,97637198996,yachana43@yahoo.com,F,2023-05-28,Unknown,
PAS-10072,CLM-01648,Laban,,Hari,Laban Hari,VOTER-E436845,99972474657,laban16@live.com,M,1969-08-26,Friend,
PAS-10073,CLM-01648,Jeet,,Borde,Jeet Borde,VOTER-B117181,99960693092,jeet21@outlook.co.in,M,1980-09-19,Unknown,
PAS-10074,CLM-00846,Warda,,Patil,Warda Patil,VOTER-C100585,99706790240,warda17@live.com,F,1971-09-09,Colleague,
PAS-10075,CLM-02793,Pushti,,Sahota,Pushti Sahota,VOTER-C769628,97957297195,pushti81@yahoo.com,F,1995-07-15,Friend,
PAS-10076,CLM-02793,Hardik,,Gour,Hardik Gour,VOTER-B833146,98516875733,hardik58@hotmail.com,M,1966-05-04,Friend,MEM-11467
PAS-10077,CLM-02997,Yashodhara,,Vaidya,Yashodhara Vaidya,VOTER-B909474,99075668214,yashodhara73@yahoo.com,F,1992-06-19,Relative,
PAS-10078,CLM-02997,Nimrat,,Chawla,Nimrat Chawla,UID-734891360062,98674681053,nimrat77@hotmail.com,F,1998-09-19,Unknown,
PAS-10079,CLM-02522,Gautami,,Menon,Gautami Menon,UID-448757410224,99793796307,gautami79@live.com,F,2006-02-26,Unknown,
PAS-10080,CLM-01455,Sanaya,,Raghavan,Sanaya Raghavan,UID-490522002354,97506044676,sanaya80@yahoo.com,F,1963-06-13,Unknown,
PAS-10081,CLM-01455,Qabil,,Krishnan,Qabil Krishnan,AADHAR-3733-2355-5774,99867793490,qabil12@hotmail.com,M,1977-06-28,Unknown,
PAS-10082,CLM-01455,Leena,,Vala,Leena Vala,AADHAR-1175-8629-9326,99804409370,leena92@outlook.co.in,F,2008-01-24,Relative,
PAS-10083,CLM-01371,Peter,,Jha,Peter Jha,UID-663504370651,98989525599,peter67@live.com,M,2017-01-13,Friend,
PAS-10084,CLM-01371,Urvi,,Kala,Urvi Kala,VOTER-B904335,99023552717,urvi54@yahoo.com,F,1968-09-12,Colleague,MEM-13144
PAS-10085,CLM-01371,Bhavya,,Batta,Bhavya Batta,AADHAR-8891-8305-5686,97563130689,bhavya24@outlook.co.in,F,2006-10-11,Friend,
PAS-10086,CLM-02035,Isaiah,,Mistry,Isaiah Mistry,UID-543370372750,98479244167,isaiah17@rediffmail.com,M,1973-12-23,Friend,
PAS-10087,CLM-02035,Nimrat,,Sunder,Nimrat Sunder,VOTER-C959381,99638309657,nimrat48@rediffmail.com,F,2023-10-14,Friend,
PAS-10088,CLM-02035,Saumya,,Ravel,Saumya Ravel,VOTER-C370117,98378710729,saumya97@live.com,F,2021-10-30,Relative,
PAS-10089,CLM-00701,Warda,,Madan,Warda Madan,UID-322661364077,99438381810,warda89@hotmail.com,F,1964-09-04,Unknown,
PAS-10090,CLM-00689,Watika,,Mahal,Watika Mahal,UID-878099710037,98696984973,watika88@outlook.co.in,F,1970-12-03,Friend,MEM-12242
PAS-10091,CLM-01828,Varenya,,More,Varenya More,UID-831128528627,97475372673,varenya46@yahoo.com,F,1958-10-11,Friend,
PAS-10092,CLM-01478,Yachana,,Soman,Yachana Soman,UID-962716995075,98395597621,yachana58@hotmail.com,F,1961-10-09,Unknown,
PAS-10093,CLM-01478,Unnati,,Patla,Unnati Patla,VOTER-E731232,97745490099,unnati81@outlook.co.in,F,2017-04-05,Colleague,
PAS-10094,CLM-01478,Owen,,Bir,Owen Bir,AADHAR-2656-6245-9908,99300184450,owen65@gmail.com,M,1974-03-10,Colleague,
PAS-10095,CLM-02948,Sai,,Panchal,Sai Panchal,VOTER-D281016,98288387203,sai13@live.com,F,1988-12-06,Daughter,MEM-13260
PAS-10096,CLM-02948,Samesh,,Balan,Samesh Balan,VOTER-B641225,99236158001,samesh70@hotmail.com,M,1978-05-16,Unknown,
PAS-10097,CLM-02948,Anirudh,,Nazareth,Anirudh Nazareth,VOTER-B655870,97821657388,anirudh38@live.com,M,1955-07-16,Relative,
PAS-10098,CLM-00789,Lekha,,Tailor,Lekha Tailor,UID-648078380506,99284609657,lekha94@live.com,F,1959-03-12,Relative,
PAS-10099,CLM-00789,Nakul,,Loke,Nakul Loke,AADHAR-9412-9283-8801,97810877224,nakul44@outlook.co.in,M,1973-07-30,Colleague,
PAS-10100,CLM-02019,Caleb,,Pau,Caleb Pau,VOTER-E369294,98012875119,caleb67@live.com,M,2011-10-06,Relative,
PAS-10101,CLM-02019,Jack,,Bail,Jack Bail,VOTER-E254808,98974141705,jack25@hotmail.com,M,1996-06-24,Friend,
PAS-10102,CLM-02019,Damini,,Raval,Damini Raval,AADHAR-5689-4701-3797,99034563464,damini97@yahoo.com,F,1968-01-04,Friend,
PAS-10103,CLM-02019,Hemangini,,Munshi,Hemangini Munshi,UID-428617605837,98718566432,hemangini99@rediffmail.com,F,2003-06-02,Friend,
PAS-10104,CLM-00419,Amaira,,Pandey,Amaira Pandey,VOTER-D246485,99727644170,amaira31@live.com,F,2002-04-26,Relative,
PAS-10105,CLM-01921,Harrison,,Som,Harrison Som,VOTER-D841443,99108456521,harrison49@outlook.co.in,M,2016-08-03,Unknown,
PAS-10106,CLM-01921,Chaman,,Yadav,Chaman Yadav,VOTER-A885326,99308269816,chaman21@outlook.co.in,F,1965-07-11,Unknown,
PAS-10107,CLM-01921,Ikbal,,Bhatia,Ikbal Bhatia,AADHAR-4624-3277-2076,97355959307,ikbal67@outlook.co.in,M,1995-10-05,Relative,
PAS-10108,CLM-02922,Neelima,,Bhatnagar,Neelima Bhatnagar,VOTER-B328788,97364260454,neelima92@yahoo.com,F,1997-06-04,Colleague,
PAS-10109,CLM-02922,Madhav,,Brahmbhatt,Madhav Brahmbhatt,UID-792384848543,97594736650,madhav66@hotmail.com,M,2007-07-04,Friend,
PAS-10110,CLM-02922,Harinakshi,,Bansal,Harinakshi Bansal,AADHAR-1069-8023-2523,98182381506,harinakshi13@rediffmail.com,F,1955-08-14,Colleague,
PAS-10111,CLM-02922,Irya,,Sahni,Irya Sahni,AADHAR-4603-2310-2929,97123817841,irya35@gmail.com,F,1986-09-19,Friend,MEM-12749
PAS-10112,CLM-00356,Oviya,,Patla,Oviya Patla,VOTER-E920847,98172581113,oviya42@rediffmail.com,F,1966-07-07,Relative,
PAS-10113,CLM-00356,Jagat,,Chaudhry,Jagat Chaudhry,UID-889568991902,97421180270,jagat15@rediffmail.com,M,1980-03-17,Daughter,MEM-13445
PAS-10114,CLM-01139,Tristan,,Wable,Tristan Wable,VOTER-A186487,98714804723,tristan25@gmail.com,M,2001-06-16,Relative,
PAS-10115,CLM-01139,Jason,,Kuruvilla,Jason Kuruvilla,VOTER-E853265,97984567998,jason32@rediffmail.com,M,2018-04-29,Unknown,
PAS-10116,CLM-01139,Wriddhish,,Shetty,Wriddhish Shetty,AADHAR-3518-3424-4717,98408747588,wriddhish83@gmail.com,M,1959-03-12,Relative,
PAS-10117,CLM-00077,Leela,,Walia,Leela Walia,AADHAR-6936-4848-5684,99062502213,leela48@yahoo.com,F,1992-11-04,Colleague,
PAS-10118,CLM-00077,Chandran,,Khanna,Chandran Khanna,VOTER-E683230,98327816652,chandran71@live.com,M,1962-10-05,Colleague,
PAS-10119,CLM-00077,Upma,,Yohannan,Upma Yohannan,VOTER-A361156,97980236439,upma99@gmail.com,F,2019-06-20,Friend,
PAS-10120,CLM-00077,Hiral,,Wali,Hiral Wali,AADHAR-8351-1322-4514,97389057019,hiral41@outlook.co.in,F,2010-07-14,Colleague,
PAS-10121,CLM-01457,Ira,,Kalita,Ira Kalita,VOTER-A456329,98093108021,ira61@gmail.com,F,2004-08-10,Colleague,
PAS-10122,CLM-02611,Zaid,,Zachariah,Zaid Zachariah,UID-231610414253,98308768046,zaid24@gmail.com,M,1997-10-02,Colleague,
PAS-10123,CLM-00337,Nilima,,Sampath,Nilima Sampath,UID-177404240449,98088520867,nilima31@rediffmail.com,F,1955-08-02,Friend,
PAS-10124,CLM-00337,Anirudh,,Dara,Anirudh Dara,UID-393563298520,99657482840,anirudh78@live.com,M,2007-09-11,Colleague,
PAS-10125,CLM-00337,Chavvi,,Pathak,Chavvi Pathak,UID-688403219467,97395340601,chavvi92@hotmail.com,F,1997-01-12,Relative,
PAS-10126,CLM-00792,Dipta,,Swaminathan,Dipta Swaminathan,UID-200859877944,99216356076,dipta79@outlook.co.in,F,2001-03-12,Colleague,
PAS-10127,CLM-00792,Anirudh,,Kapoor,Anirudh Kapoor,VOTER-B119674,97955734447,anirudh93@gmail.com,M,2018-07-21,Unknown,
PAS-10128,CLM-01264,Falak,,Nayar,Falak Nayar,AADHAR-7590-6843-2671,98351668798,falak17@outlook.co.in,F,2003-03-25,Relative,MEM-11472
PAS-10129,CLM-01264,Krisha,,Prasad,Krisha Prasad,UID-580057616212,97607705316,krisha10@gmail.com,F,1992-08-02,Unknown,
PAS-10130,CLM-00260,Viraj,,Shenoy,Viraj Shenoy,UID-468082086608,98659312500,viraj75@outlook.co.in,M,1956-05-01,Colleague,
PAS-10131,CLM-00260,Meghana,,Dhar,Meghana Dhar,VOTER-D466887,97215105286,meghana77@rediffmail.com,F,1976-07-01,Parent,MEM-12887
PAS-10132,CLM-00260,Dalbir,,Savant,Dalbir Savant,UID-546693552302,99687986214,dalbir69@rediffmail.com,M,2015-09-28,Friend,
PAS-10133,CLM-00260,Upkaar,,Dass,Upkaar Dass,VOTER-A116479,98525666012,upkaar48@hotmail.com,M,1970-08-02,Colleague,
PAS-10134,CLM-02685,Nilima,,Mahal,Nilima Mahal,VOTER-E552605,99452829579,nilima79@outlook.co.in,F,2011-02-08,Unknown,
PAS-10135,CLM-02685,Bhavya,,Thaman,Bhavya Thaman,VOTER-B854233,98143890465,bhavya93@outlook.co.in,F,1995-10-15,Unknown,
PAS-10136,CLM-02849,Unni,,Parikh,Unni Parikh,AADHAR-1207-8728-3271,99281308497,unni94@outlook.co.in,F,2001-02-26,Colleague,
PAS-10137,CLM-00658,Upadhriti,,Hans,Upadhriti Hans,VOTER-C309672,97189428183,upadhriti84@outlook.co.in,F,1959-11-19,Friend,
PAS-10138,CLM-00651,Meera,,Bhattacharyya,Meera Bhattacharyya,AADHAR-2465-4042-1593,99745285467,meera89@rediffmail.com,F,1962-12-25,Relative,
PAS-10139,CLM-00651,Waida,,Arya,Waida Arya,VOTER-C444595,98757515395,waida11@live.com,F,2018-09-20,Friend,
PAS-10140,CLM-00651,Laban,,Choudhury,Laban Choudhury,UID-461131266449,99562802492,laban36@hotmail.com,M,1992-09-26,Unknown,
PAS-10141,CLM-02104,Ranveer,,Chana,Ranveer Chana,AADHAR-2072-1842-3173,98078649325,ranveer72@hotmail.com,M,1978-07-24,Relative,
PAS-10142,CLM-02104,Eshana,,Guha,Eshana Guha,UID-161971678896,97530728953,eshana44@rediffmail.com,F,1992-03-13,Unknown,
PAS-10143,CLM-00544,Rajata,,Dey,Rajata Dey,VOTER-E711332,98294020619,rajata24@outlook.co.in,F,2000-03-21,Parent,MEM-10994
PAS-10144,CLM-01423,Kai,,Bumb,Kai Bumb,UID-411535714054,97501736548,kai64@yahoo.com,M,1960-02-26,Friend,
PAS-10145,CLM-01423,Robert,,Gupta,Robert Gupta,VOTER-A675765,98697149281,robert93@outlook.co.in,M,1976-05-31,Unknown,
PAS-10146,CLM-01423,Gayathri,,Wagle,Gayathri Wagle,AADHAR-5923-4744-9442,99171705511,gayathri48@gmail.com,F,2012-12-11,Friend,
PAS-10147,CLM-02258,Niharika,,Verma,Niharika Verma,UID-224910691472,99723627987,niharika97@hotmail.com,F,1982-06-12,Colleague,MEM-10499
PAS-10148,CLM-02589,Samuel,,Shroff,Samuel Shroff,UID-656290630358,98403898342,samuel36@rediffmail.com,M,2007-09-03,Colleague,
PAS-10149,CLM-02589,Harish,,Singh,Harish Singh,AADHAR-8479-5452-6533,97641803671,harish93@outlook.co.in,M,2004-09-11,Unknown,
PAS-10150,CLM-02347,Chatresh,,Chhabra,Chatresh Chhabra,AADHAR-4141-3014-4169,97516296216,chatresh15@gmail.com,M,1996-10-19,Unknown,
PAS-10151,CLM-02347,Madhav,,Sane,Madhav Sane,VOTER-C332281,99548206535,madhav30@hotmail.com,M,1979-02-02,Colleague,
PAS-10152,CLM-02380,Faris,,Tara,Faris Tara,AADHAR-7729-9038-4030,98932791964,faris73@rediffmail.com,M,2006-10-02,Unknown,
PAS-10153,CLM-02380,Wyatt,,Narang,Wyatt Narang,AADHAR-4860-2444-1449,97286012602,wyatt45@gmail.com,M,1999-05-31,Friend,
PAS-10154,CLM-01373,Amrita,,Vig,Amrita Vig,VOTER-D186945,98694397706,amrita29@outlook.co.in,F,1959-01-03,Colleague,
PAS-10155,CLM-01373,Triya,,Sidhu,Triya Sidhu,UID-365453245560,99397771109,triya85@outlook.co.in,F,1993-08-28,Friend,MEM-12588
PAS-10156,CLM-01373,Tripti,,Sehgal,Tripti Sehgal,AADHAR-1271-7225-8144,97612878633,tripti34@outlook.co.in,F,1972-08-14,Colleague,MEM-11411
PAS-10157,CLM-01373,Pushti,,Kala,Pushti Kala,AADHAR-9664-2663-6785,98317383880,pushti43@outlook.co.in,F,2020-05-15,Colleague,
PAS-10158,CLM-02248,Matthew,,Das,Matthew Das,AADHAR-8975-3825-3503,97191802141,matthew38@gmail.com,M,2005-05-21,Friend,
PAS-10159,CLM-02248,Wridesh,,Goel,Wridesh Goel,VOTER-E740834,98802919785,wridesh96@live.com,M,1981-12-26,Relative,MEM-13039
PAS-10160,CLM-00299,Jhalak,,Suri,Jhalak Suri,AADHAR-5558-2244-9929,98522152165,jhalak78@outlook.co.in,F,1981-05-07,Colleague,
PAS-10161,CLM-02771,Qadim,,Chaudhari,Qadim Chaudhari,UID-683315672051,98870378630,qadim87@outlook.co.in,M,1971-06-10,Colleague,
PAS-10162,CLM-02771,Shravya,,Sengupta,Shravya Sengupta,AADHAR-3378-2279-3394,97107618662,shravya25@gmail.com,F,1974-05-21,Colleague,
PAS-10163,CLM-00140,Jack,,Mangat,Jack Mangat,VOTER-C480663,99794303962,jack75@gmail.com,M,2002-10-02,Friend,
PAS-10164,CLM-00140,Yahvi,,Varghese,Yahvi Varghese,AADHAR-1165-9585-6409,98059297717,yahvi82@hotmail.com,F,1969-11-25,Unknown,
PAS-10165,CLM-00140,Ekavir,,Deol,Ekavir Deol,UID-526753772639,97962568236,ekavir65@hotmail.com,M,2016-06-09,Unknown,
PAS-10166,CLM-01850,Quincy,,Mahal,Quincy Mahal,AADHAR-2681-6442-9835,99299411639,quincy20@live.com,M,2024-03-05,Friend,
PAS-10167,CLM-02702,Chandresh,,Chad,Chandresh Chad,AADHAR-9820-9313-2745,97971631649,chandresh57@hotmail.com,M,2002-11-08,Spouse,MEM-11191
PAS-10168,CLM-02702,Inaya,,Bajwa,Inaya Bajwa,UID-289892761277,99216135798,inaya28@outlook.co.in,F,1975-02-11,Colleague,
PAS-10169,CLM-02702,Upma,,Pradhan,Upma Pradhan,UID-321852401231,98789180169,upma32@rediffmail.com,F,1963-08-23,Colleague,
PAS-10170,CLM-00664,Jairaj,,Seth,Jairaj Seth,AADHAR-1651-7808-5226,98527251396,jairaj67@yahoo.com,M,1983-03-02,Friend,
PAS-10171,CLM-00664,Osha,,Chandran,Osha Chandran,UID-657874031782,97117884752,osha77@live.com,F,1994-03-26,Friend,
PAS-10172,CLM-00965,Vasana,,Kamdar,Vasana Kamdar,VOTER-A977353,98732039782,vasana55@rediffmail.com,F,1956-12-10,Friend,
PAS-10173,CLM-00965,Harshil,,Hans,Harshil Hans,UID-715731439630,98206783581,harshil32@yahoo.com,M,2024-01-13,Friend,
PAS-10174,CLM-00965,Ijaya,,Morar,Ijaya Morar,UID-680722655740,97767213471,ijaya55@rediffmail.com,F,1964-10-03,Friend,
PAS-10175,CLM-01375,Faraj,,Arora,Faraj Arora,UID-973206192670,98631246748,faraj83@gmail.com,M,1995-07-22,Colleague,
PAS-10176,CLM-01375,Niharika,,Verma,Niharika Verma,VOTER-A192474,99723627987,niharika97@hotmail.com,F,1982-06-12,Colleague,MEM-10499
PAS-10177,CLM-01225,Teerth,,Sidhu,Teerth Sidhu,AADHAR-3176-8509-8029,98453730733,teerth31@yahoo.com,M,1960-07-03,Friend,
PAS-10178,CLM-01225,Maanas,,Gopal,Maanas Gopal,UID-101935925398,97312629484,maanas39@gmail.com,M,1998-01-04,Colleague,
PAS-10179,CLM-01225,Darpan,,Tara,Darpan Tara,AADHAR-6464-9720-1653,99965572843,darpan91@live.com,M,2011-08-30,Relative,
PAS-10180,CLM-00865,Jasmit,,Kota,Jasmit Kota,AADHAR-1676-8727-2028,99000991139,jasmit39@live.com,F,2000-05-02,Friend,MEM-10306
PAS-10181,CLM-00865,Ayushman,,Gill,Ayushman Gill,AADHAR-8164-7576-8335,99292716248,ayushman31@rediffmail.com,M,1991-04-02,Colleague,
PAS-10182,CLM-02310,Wyatt,,Gill,Wyatt Gill,AADHAR-7675-9169-4288,99864375856,wyatt40@yahoo.com,M,1970-11-17,Friend,
PAS-10183,CLM-02004,Varenya,,Sharaf,Varenya Sharaf,AADHAR-2259-5640-8836,99793713718,varenya44@hotmail.com,F,2010-02-21,Relative,
PAS-10184,CLM-01048,Nidra,,Bose,Nidra Bose,UID-943708158082,97413617441,nidra76@rediffmail.com,F,1978-06-24,Relative,
PAS-10185,CLM-01048,Raksha,,Dugal,Raksha Dugal,UID-165055755507,97360415704,raksha64@gmail.com,F,1985-12-19,Friend,
PAS-10186,CLM-01048,Dayamai,,Brar,Dayamai Brar,UID-467229181504,99021858704,dayamai94@rediffmail.com,F,1975-06-25,Colleague,MEM-11962
PAS-10187,CLM-01048,Lucky,,Bedi,Lucky Bedi,VOTER-D311223,97443197505,lucky76@hotmail.com,M,2003-05-10,Relative,
PAS-10188,CLM-00029,Alexander,,Saha,Alexander Saha,AADHAR-5520-9723-3285,97281286673,alexander84@rediffmail.com,M,1963-05-26,Friend,
PAS-10189,CLM-02700,Tamanna,,Gupta,Tamanna Gupta,AADHAR-3648-8176-8552,98758477408,tamanna53@gmail.com,F,1970-09-05,Relative,MEM-12641
PAS-10190,CLM-02700,Manan,,Kurian,Manan Kurian,AADHAR-4125-8776-6705,99547508489,manan83@gmail.com,M,1980-12-11,Colleague,MEM-13101
PAS-10191,CLM-02700,Aarush,,Srivastava,Aarush Srivastava,AADHAR-2218-3670-2046,99767965176,aarush88@rediffmail.com,M,1992-04-25,Colleague,
PAS-10192,CLM-01383,Samar,,Thakur,Samar Thakur,AADHAR-5605-9738-6858,98276758156,samar40@rediffmail.com,M,2017-02-11,Relative,
PAS-10193,CLM-02046,Aarav,,Virk,Aarav Virk,UID-455866891661,99379489180,aarav11@yahoo.com,M,1985-07-17,Colleague,
PAS-10194,CLM-02887,Ubika,,Kade,Ubika Kade,AADHAR-6720-9215-2087,98344368487,ubika84@outlook.co.in,F,1979-10-14,Colleague,MEM-12201
PAS-10195,CLM-02887,Jagdish,,Kara,Jagdish Kara,VOTER-B383252,97389310617,jagdish24@gmail.com,M,1991-06-20,Son,MEM-11819
PAS-10196,CLM-00078,Upma,,Mangat,Upma Mangat,AADHAR-1182-2978-5616,98037210275,upma66@hotmail.com,F,2017-05-18,Relative,
PAS-10197,CLM-00078,Leela,,Om,Leela Om,VOTER-B350239,98139667199,leela34@yahoo.com,F,2010-10-27,Unknown,
PAS-10198,CLM-00078,Ojas,,Jha,Ojas Jha,UID-425828345574,98453666195,ojas41@live.com,M,2006-02-04,Colleague,
PAS-10199,CLM-02918,Ikbal,,Ramaswamy,Ikbal Ramaswamy,AADHAR-9546-2930-9570,99069816308,ikbal51@gmail.com,M,1984-03-27,Unknown,
PAS-10200,CLM-01010,Teerth,,Deshpande,Teerth Deshpande,AADHAR-9740-8777-6091,97162197720,teerth51@rediffmail.com,M,2007-10-14,Relative,
PAS-10201,CLM-01010,Faris,,Nadig,Faris Nadig,VOTER-E614507,97753558845,faris26@yahoo.com,M,1989-02-03,Friend,
PAS-10202,CLM-00889,Shravya,,Deol,Shravya Deol,VOTER-C546933,99399798549,shravya79@outlook.co.in,F,1963-10-18,Relative,
PAS-10203,CLM-00889,Jasmit,,Vig,Jasmit Vig,VOTER-A461285,98502891159,jasmit61@yahoo.com,F,2017-04-18,Friend,
PAS-10204,CLM-00889,Gaurika,,Banik,Gaurika Banik,AADHAR-7669-7853-2245,99110145752,gaurika68@gmail.com,F,2019-04-15,Friend,
PAS-10205,CLM-01892,Omisha,,Deep,Omisha Deep,UID-874364518022,99474176498,omisha50@gmail.com,F,1961-07-14,Colleague,
PAS-10206,CLM-01892,Yash,,Ghose,Yash Ghose,UID-475499844874,98198288470,yash76@hotmail.com,M,2014-11-27,Relative,
PAS-10207,CLM-01892,Watika,,Goda,Watika Goda,VOTER-B105843,97844422166,watika71@gmail.com,F,1981-04-17,Relative,MEM-10198
PAS-10208,CLM-01291,Kalpit,,Gera,Kalpit Gera,AADHAR-4603-4813-3531,99064397912,kalpit30@live.com,M,2007-01-20,Relative,
PAS-10209,CLM-01291,Yutika,,Bahl,Yutika Bahl,AADHAR-5780-6040-3602,97290777627,yutika19@hotmail.com,F,1980-04-22,Parent,MEM-11780
PAS-10210,CLM-00221,Turvi,,Bhatia,Turvi Bhatia,AADHAR-2590-1704-9082,99897720159,turvi25@yahoo.com,F,1966-01-31,Unknown,
PAS-10211,CLM-00221,Aradhana,,Palan,Aradhana Palan,UID-374223009468,98093940674,aradhana45@gmail.com,F,1991-04-12,Colleague,
PAS-10212,CLM-00221,Dalaja,,Lal,Dalaja Lal,VOTER-A131373,97687742994,dalaja77@outlook.co.in,F,1989-09-28,Friend,MEM-10074
PAS-10213,CLM-01855,Keya,,Cherian,Keya Cherian,UID-550069300938,99177033825,keya73@live.com,F,1976-11-12,Friend,
PAS-10214,CLM-00130,Leela,,Rana,Leela Rana,UID-668024879888,98482259461,leela18@yahoo.com,F,1962-03-07,Colleague,
PAS-10215,CLM-00649,Rachita,,Naik,Rachita Naik,AADHAR-1172-3118-7004,99652592363,rachita88@rediffmail.com,F,2015-07-27,Friend,
PAS-10216,CLM-00649,Arin,,Sundaram,Arin Sundaram,UID-215623686004,97602402197,arin11@rediffmail.com,M,1983-05-08,Unknown,
PAS-10217,CLM-02490,Kiaan,,Jani,Kiaan Jani,VOTER-A917178,99865654004,kiaan51@rediffmail.com,M,1961-05-26,Unknown,
PAS-10218,CLM-02490,Ishwar,,Bakshi,Ishwar Bakshi,VOTER-B741239,99850975727,ishwar25@gmail.com,M,2005-12-02,Friend,
PAS-10219,CLM-02490,Hritik,,Gour,Hritik Gour,VOTER-A830219,97793091560,hritik65@live.com,M,1978-08-24,Relative,
PAS-10220,CLM-01804,Oni,,Pandit,Oni Pandit,VOTER-D491138,99235013872,oni43@yahoo.com,F,1961-11-17,Relative,
PAS-10221,CLM-01626,Vasatika,,Sem,Vasatika Sem,AADHAR-2240-4792-4858,97185841539,vasatika71@hotmail.com,F,1974-12-13,Relative,
PAS-10222,CLM-01626,Bakhshi,,Sabharwal,Bakhshi Sabharwal,VOTER-E580659,97507185170,bakhshi35@outlook.co.in,M,1990-12-08,Friend,
PAS-10223,CLM-01626,Faqid,,Nazareth,Faqid Nazareth,UID-219813712176,97414079536,faqid79@live.com,M,2014-05-27,Colleague,
PAS-10224,CLM-01626,Nisha,,Sandhu,Nisha Sandhu,AADHAR-6482-3602-1745,98946187821,nisha51@outlook.co.in,F,1970-01-12,Spouse,MEM-11973
PAS-10225,CLM-02348,Chandresh,,Minhas,Chandresh Minhas,UID-243672746174,99669177476,chandresh28@outlook.co.in,M,1980-01-10,Relative,MEM-12270
PAS-10226,CLM-01757,Yashoda,,Kannan,Yashoda Kannan,VOTER-D568344,98299318826,yashoda91@yahoo.com,F,1961-06-13,Relative,
PAS-10227,CLM-01757,Eesha,,Agrawal,Eesha Agrawal,UID-620637260067,98920197811,eesha50@live.com,F,1978-10-04,Colleague,MEM-10803
PAS-10228,CLM-01795,Triya,,Agarwal,Triya Agarwal,UID-303419952835,98188050972,triya38@gmail.com,F,2019-02-02,Unknown,
PAS-10229,CLM-01795,Arjun,,Kota,Arjun Kota,VOTER-A657417,98731316787,arjun57@live.com,M,1966-11-02,Relative,
PAS-10230,CLM-02005,Ethan,,Naik,Ethan Naik,VOTER-C172550,97812746987,ethan10@live.com,M,1973-03-10,Friend,
PAS-10231,CLM-01007,Varsha,,Ganesan,Varsha Ganesan,UID-684477934846,99665364485,varsha49@outlook.co.in,F,1956-06-30,Friend,
PAS-10232,CLM-01007,Adweta,,Tank,Adweta Tank,UID-260497969024,99056621539,adweta47@outlook.co.in,F,1971-07-09,Friend,
PAS-10233,CLM-01007,Janaki,,Garde,Janaki Garde,VOTER-C313737,98068759721,janaki83@hotmail.com,F,1986-08-20,Colleague,
PAS-10234,CLM-01897,Logan,,Malhotra,Logan Malhotra,VOTER-A803688,98859389838,logan58@gmail.com,M,1998-12-30,Friend,MEM-10822
PAS-10235,CLM-00142,Ucchal,,Butala,Ucchal Butala,AADHAR-9605-6026-1036,97313681035,ucchal29@yahoo.com,F,1992-01-30,Colleague,
PAS-10236,CLM-00142,Priya,,Ganesan,Priya Ganesan,VOTER-D141020,97654664263,priya51@hotmail.com,F,1979-09-21,Parent,MEM-11150
PAS-10237,CLM-01039,Oliver,,Bajwa,Oliver Bajwa,UID-126635921165,97611486836,oliver25@gmail.com,M,1963-07-25,Colleague,
PAS-10238,CLM-01039,Jason,,Basak,Jason Basak,VOTER-B173978,98930742310,jason48@live.com,M,1974-08-01,Relative,MEM-10487
PAS-10239,CLM-02514,Oeshi,,Butala,Oeshi Butala,AADHAR-1497-8599-5999,98326901802,oeshi47@live.com,F,1969-06-05,Unknown,
PAS-10240,CLM-02514,Akshay,,Varughese,Akshay Varughese,UID-299218928414,99511981726,akshay66@outlook.co.in,M,2015-03-22,Relative,
PAS-10241,CLM-02514,Dipta,,Dugar,Dipta Dugar,VOTER-B925196,98898402273,dipta16@yahoo.com,F,1968-08-13,Daughter,MEM-11787
PAS-10242,CLM-00407,Irya,,Bhandari,Irya Bhandari,VOTER-E240727,98648350552,irya29@outlook.co.in,F,1998-03-02,Unknown,
PAS-10243,CLM-00407,Aditya,,Dayal,Aditya Dayal,AADHAR-9433-1405-3594,97221717496,aditya84@live.com,M,2005-05-27,Unknown,
PAS-10244,CLM-00407,Jason,,Sane,Jason Sane,UID-209936572899,98051581700,jason71@hotmail.com,M,2007-08-19,Relative,
PAS-10245,CLM-01277,Alexander,,Dugar,Alexander Dugar,UID-591740943972,98638060122,alexander61@rediffmail.com,M,1996-08-25,Colleague,
PAS-10246,CLM-01277,Mekhala,,Dhingra,Mekhala Dhingra,UID-824928947810,97079925302,mekhala34@gmail.com,F,2002-09-23,Relative,MEM-10687
PAS-10247,CLM-01277,Harita,,Choudhary,Harita Choudhary,VOTER-C687519,99532882560,harita54@gmail.com,F,1990-10-31,Relative,
PAS-10248,CLM-00211,Kai,,Lad,Kai Lad,VOTER-D952299,99789989960,kai50@rediffmail.com,M,1975-02-27,Friend,
PAS-10249,CLM-00513,Ishani,,Cherian,Ishani Cherian,VOTER-A133042,98491079272,ishani14@outlook.co.in,F,1990-02-17,Friend,MEM-10141
PAS-10250,CLM-01265,Abeer,,Setty,Abeer Setty,UID-417737065940,99886771662,abeer41@hotmail.com,M,2006-05-13,Friend,MEM-10330
PAS-10251,CLM-01265,Vinaya,,Sabharwal,Vinaya Sabharwal,VOTER-B748059,98894198103,vinaya99@rediffmail.com,F,1972-07-25,Colleague,MEM-12959
PAS-10252,CLM-01265,Laban,,Mukhopadhyay,Laban Mukhopadhyay,AADHAR-8628-8196-1550,99592436948,laban62@outlook.co.in,M,2023-09-13,Unknown,
PAS-10253,CLM-00220,Edhitha,,Bhatnagar,Edhitha Bhatnagar,AADHAR-7401-4204-7795,97607507142,edhitha14@yahoo.com,F,1988-12-06,Friend,
PAS-10254,CLM-02218,Vedhika,,Choudhary,Vedhika Choudhary,UID-717938335407,97332557554,vedhika89@live.com,F,1961-10-27,Friend,
PAS-10255,CLM-02218,Chasmum,,Narayan,Chasmum Narayan,UID-319792012650,97211527969,chasmum40@outlook.co.in,F,1965-01-01,Friend,
PAS-10256,CLM-02218,Yash,,Varty,Yash Varty,AADHAR-3335-2811-8312,99947823927,yash65@yahoo.com,M,1966-03-22,Friend,
PAS-10257,CLM-02218,Wyatt,,Subramanian,Wyatt Subramanian,VOTER-B905103,98103495767,wyatt37@hotmail.com,M,1981-05-20,Colleague,
PAS-10258,CLM-00210,Waida,,Swaminathan,Waida Swaminathan,VOTER-B281514,99285725945,waida57@yahoo.com,F,1963-01-15,Relative,MEM-12469
PAS-10259,CLM-00677,Brijesh,,Brahmbhatt,Brijesh Brahmbhatt,UID-174094315495,97414433366,brijesh23@yahoo.com,M,1989-08-18,Colleague,
PAS-10260,CLM-00677,Daksha,,Mohan,Daksha Mohan,AADHAR-3288-5707-3743,99636051225,daksha23@live.com,F,2019-07-17,Friend,
PAS-10261,CLM-02110,Saanvi,,Pall,Saanvi Pall,VOTER-E830691,97012948277,saanvi34@live.com,F,1968-01-29,Colleague,
PAS-10262,CLM-02110,Maya,,Cherian,Maya Cherian,UID-300479998837,98099497217,maya29@rediffmail.com,F,1984-10-11,Unknown,
PAS-10263,CLM-02110,Nirja,,Sani,Nirja Sani,UID-932188371571,98595539427,nirja54@yahoo.com,F,1999-10-31,Friend,
PAS-10264,CLM-02110,Advik,,Tella,Advik Tella,AADHAR-6705-3807-9348,97476597651,advik62@rediffmail.com,M,2017-06-05,Unknown,
PAS-10265,CLM-01568,Advay,,Warrior,Advay Warrior,VOTER-E940273,97986125513,advay51@gmail.com,M,2012-08-09,Colleague,
PAS-10266,CLM-01568,Krishna,,Dewan,Krishna Dewan,VOTER-D108402,97641196869,krishna27@outlook.co.in,M,1980-02-16,Friend,
PAS-10267,CLM-01568,Sai,,Saraf,Sai Saraf,UID-894675697741,98175461373,sai73@live.com,M,1968-05-12,Friend,
PAS-10268,CLM-01568,Jasmit,,Kohli,Jasmit Kohli,AADHAR-6476-8869-2903,99977706442,jasmit29@rediffmail.com,F,1981-06-26,Unknown,
PAS-10269,CLM-01410,Shaurya,,Vyas,Shaurya Vyas,VOTER-D282633,98450046236,shaurya80@yahoo.com,M,1956-05-07,Unknown,
PAS-10270,CLM-01410,Wishi,,Hegde,Wishi Hegde,VOTER-C474806,99652443740,wishi71@yahoo.com,F,1963-07-04,Colleague,MEM-12622
PAS-10271,CLM-01410,Aarav,,Dhillon,Aarav Dhillon,AADHAR-5572-4903-1335,99085300010,aarav20@outlook.co.in,M,1960-05-02,Friend,
PAS-10272,CLM-01410,Priya,,Palla,Priya Palla,UID-270258371827,99601496493,priya86@yahoo.com,F,2021-02-20,Colleague,
PAS-10273,CLM-00714,Baghyawati,,Kala,Baghyawati Kala,AADHAR-7321-1051-8856,99802508177,baghyawati32@live.com,F,1964-02-17,Relative,
PAS-10274,CLM-00714,Ojas,,Bhat,Ojas Bhat,AADHAR-1481-4618-5236,99053710065,ojas10@gmail.com,M,1980-03-29,Colleague,
PAS-10275,CLM-00714,Lila,,Barman,Lila Barman,VOTER-C403083,97389817227,lila81@live.com,F,2018-02-02,Relative,
PAS-10276,CLM-02010,Hredhaan,,Nagi,Hredhaan Nagi,UID-248412599921,98727602426,hredhaan68@live.com,M,1980-01-12,Spouse,MEM-13299
PAS-10277,CLM-02010,Amaira,,Bhatia,Amaira Bhatia,UID-869039136563,98241664475,amaira56@rediffmail.com,F,1984-11-15,Relative,
PAS-10278,CLM-02010,Girindra,,Gera,Girindra Gera,UID-199396160246,97346696439,girindra36@hotmail.com,M,1960-02-22,Friend,MEM-10829
PAS-10279,CLM-02010,Vinaya,,Lal,Vinaya Lal,UID-801606651904,97657793238,vinaya81@outlook.co.in,F,1973-04-18,Relative,
PAS-10280,CLM-00034,Noah,,Gara,Noah Gara,UID-773594025385,98944473546,noah49@rediffmail.com,M,1971-07-05,Relative,MEM-13356
PAS-10281,CLM-00034,Ronith,,Sood,Ronith Sood,VOTER-D733781,98026115123,ronith85@gmail.com,M,2016-06-23,Colleague,
PAS-10282,CLM-00034,Vasudha,,Krishna,Vasudha Krishna,VOTER-D591637,97060294302,vasudha37@yahoo.com,F,2003-12-25,Son,MEM-10369
PAS-10283,CLM-00034,Bhavani,,Luthra,Bhavani Luthra,VOTER-E442477,97817742284,bhavani74@yahoo.com,F,1977-08-07,Relative,
PAS-10284,CLM-02020,Matthew,,Trivedi,Matthew Trivedi,VOTER-C785794,99902073544,matthew64@gmail.com,M,1994-04-27,Relative,
PAS-10285,CLM-02020,Nandini,,Chawla,Nandini Chawla,AADHAR-7410-2713-8081,98379956457,nandini14@yahoo.com,F,1962-01-29,Relative,
PAS-10286,CLM-02020,Daksh,,Sarkar,Daksh Sarkar,AADHAR-7187-7307-7274,98536331984,daksh26@hotmail.com,M,2019-08-26,Relative,
PAS-10287,CLM-01374,Sarthak,,Gokhale,Sarthak Gokhale,AADHAR-5507-4997-8797,97969752420,sarthak35@gmail.com,M,2015-08-08,Relative,
PAS-10288,CLM-01374,Vincent,,Vig,Vincent Vig,UID-947220624360,99246303946,vincent24@yahoo.com,M,2002-07-24,Unknown,
PAS-10289,CLM-00601,Bakhshi,,Brar,Bakhshi Brar,AADHAR-8800-5113-1318,98412418840,bakhshi44@gmail.com,M,1981-05-15,Unknown,
PAS-10290,CLM-00968,Rayaan,,Virk,Rayaan Virk,AADHAR-4787-1314-8667,98301656992,rayaan12@outlook.co.in,M,2007-08-17,Parent,MEM-10948
PAS-10291,CLM-00968,Suhani,,Pathak,Suhani Pathak,VOTER-B604488,99904367307,suhani89@yahoo.com,F,1991-11-26,Unknown,
PAS-10292,CLM-00968,Dayamai,,Deep,Dayamai Deep,UID-960604691229,97196007752,dayamai71@live.com,F,1977-12-29,Relative,
PAS-10293,CLM-00308,Chasmum,,Pillay,Chasmum Pillay,UID-440236344356,97109738379,chasmum60@yahoo.com,F,2015-11-10,Relative,
PAS-10294,CLM-00308,Deepa,,Butala,Deepa Butala,VOTER-E764352,98454774440,deepa80@yahoo.com,F,1967-05-10,Relative,
PAS-10295,CLM-01709,Liam,,Mohanty,Liam Mohanty,AADHAR-7129-9053-7417,99185040668,liam65@live.com,M,1999-05-04,Colleague,
PAS-10296,CLM-01709,Tripti,,Kade,Tripti Kade,AADHAR-8623-7222-7838,97988383291,tripti38@gmail.com,F,2013-06-22,Colleague,
PAS-10297,CLM-01709,Qushi,,Parmer,Qushi Parmer,AADHAR-7709-8980-1923,98687668328,qushi39@outlook.co.in,F,1999-12-20,Spouse,MEM-12305
PAS-10298,CLM-01709,Lekha,,Baria,Lekha Baria,VOTER-E656309,99361011591,lekha80@outlook.co.in,F,1974-11-14,Unknown,
PAS-10299,CLM-02473,Anjali,,Brahmbhatt,Anjali Brahmbhatt,UID-539581609138,98761508166,anjali13@live.com,F,1968-06-14,Relative,
PAS-10300,CLM-02473,Neelima,,Aggarwal,Neelima Aggarwal,VOTER-E223701,99418989423,neelima51@hotmail.com,F,2004-05-25,Relative,MEM-11076
PAS-10301,CLM-02473,Chaitanya,,Choudhry,Chaitanya Choudhry,VOTER-D681473,99055311636,chaitanya38@outlook.co.in,M,1960-06-27,Parent,MEM-11871
PAS-10302,CLM-02473,Kashish,,Natt,Kashish Natt,AADHAR-8273-8688-4064,98462704709,kashish84@outlook.co.in,F,1969-03-03,Relative,
PAS-10303,CLM-01445,Vidhi,,Patil,Vidhi Patil,UID-423808330329,97618426961,vidhi56@gmail.com,F,1974-11-09,Unknown,
PAS-10304,CLM-01445,Anmol,,Bhatti,Anmol Bhatti,VOTER-E908419,97218324688,anmol60@gmail.com,M,2018-11-14,Relative,
PAS-10305,CLM-01445,Bhanumati,,Kapoor,Bhanumati Kapoor,VOTER-B523263,99087178502,bhanumati24@rediffmail.com,F,2004-06-09,Colleague,
PAS-10306,CLM-01445,Gagan,,Konda,Gagan Konda,AADHAR-1075-4265-3093,97629083166,gagan66@gmail.com,M,2005-02-28,Colleague,
PAS-10307,CLM-01852,Ucchal,,Sankar,Ucchal Sankar,AADHAR-6412-5154-4968,98042729727,ucchal29@hotmail.com,F,1984-11-09,Spouse,MEM-11975
PAS-10308,CLM-01852,Max,,Shah,Max Shah,AADHAR-5885-3039-2985,99686739175,max74@yahoo.com,M,2019-06-07,Colleague,
PAS-10309,CLM-01852,Chakradev,,Raman,Chakradev Raman,UID-261995327003,97942703525,chakradev18@yahoo.com,M,2004-10-01,Friend,
PAS-10310,CLM-02244,Alka,,Narain,Alka Narain,VOTER-C847323,97114097434,alka96@hotmail.com,F,1959-11-02,Colleague,
PAS-10311,CLM-02244,Brijesh,,Gala,Brijesh Gala,VOTER-A871814,98581038439,brijesh97@live.com,M,1980-04-09,Friend,
PAS-10312,CLM-02244,Aadhya,,Mutti,Aadhya Mutti,UID-800039370145,99477603795,aadhya67@hotmail.com,F,1979-12-12,Relative,
PAS-10313,CLM-02973,Aadhya,,Shanker,Aadhya Shanker,AADHAR-2027-2910-6604,97302521462,aadhya28@live.com,F,1991-05-19,Relative,
PAS-10314,CLM-02973,Yatan,,Rastogi,Yatan Rastogi,VOTER-D304663,97934145469,yatan54@live.com,M,2011-04-11,Colleague,
PAS-10315,CLM-02973,Tanmayi,,Batta,Tanmayi Batta,AADHAR-6307-2626-8142,99353886321,tanmayi22@outlook.co.in,F,1963-01-26,Unknown,
PAS-10316,CLM-02973,Arin,,Sheth,Arin Sheth,VOTER-C748329,99933985683,arin79@gmail.com,M,1987-01-11,Friend,
PAS-10317,CLM-02861,Girik,,Sagar,Girik Sagar,UID-451519599248,97820959846,girik70@live.com,M,2013-08-21,Colleague,
PAS-10318,CLM-02861,Pushti,,Ghosh,Pushti Ghosh,AADHAR-2724-1381-4558,98618825172,pushti55@yahoo.com,F,1995-04-12,Relative,
PAS-10319,CLM-02542,Oni,,Mann,Oni Mann,UID-954035998732,99926605909,oni50@rediffmail.com,F,1983-06-11,Unknown,
PAS-10320,CLM-02542,Nidhi,,Uppal,Nidhi Uppal,VOTER-C223157,97545796286,nidhi49@yahoo.com,F,1967-08-23,Relative,
PAS-10321,CLM-02542,Gunbir,,Muni,Gunbir Muni,VOTER-C839956,98344878761,gunbir10@outlook.co.in,M,1979-11-13,Daughter,MEM-10084
PAS-10322,CLM-00765,Yadavi,,Deol,Yadavi Deol,UID-187109892192,97388020755,yadavi60@outlook.co.in,F,2005-12-03,Colleague,
PAS-10323,CLM-00531,Chaitaly,,Pau,Chaitaly Pau,AADHAR-2306-2468-4546,99595786424,chaitaly89@gmail.com,F,2013-05-07,Colleague,
PAS-10324,CLM-00531,Harsh,,Parsa,Harsh Parsa,UID-841744114457,99533981270,harsh50@rediffmail.com,M,2019-05-21,Colleague,
PAS-10325,CLM-00531,Ria,,Suri,Ria Suri,AADHAR-5677-7851-8606,97944669718,ria55@gmail.com,F,1954-12-09,Unknown,
PAS-10326,CLM-00531,Ronith,,Prashad,Ronith Prashad,VOTER-C403273,97109130679,ronith43@gmail.com,M,2009-11-11,Friend,
PAS-10327,CLM-02115,Harrison,,Chauhan,Harrison Chauhan,VOTER-A793163,98075880857,harrison46@live.com,M,1964-11-24,Colleague,
PAS-10328,CLM-02252,Christopher,,Subramanian,Christopher Subramanian,UID-683427148433,98762957914,christopher98@rediffmail.com,M,2010-02-28,Friend,
PAS-10329,CLM-00999,Bhanumati,,Pau,Bhanumati Pau,AADHAR-5358-2949-9448,99802848198,bhanumati40@yahoo.com,F,1995-04-06,Parent,MEM-13019
PAS-10330,CLM-00631,Agastya,,Shah,Agastya Shah,UID-492699894179,98939657320,agastya57@outlook.co.in,M,1963-05-13,Unknown,
PAS-10331,CLM-00631,Arunima,,Chada,Arunima Chada,UID-697618937240,99765089134,arunima93@yahoo.com,F,1978-03-21,Friend,
PAS-10332,CLM-00631,Vaishnavi,,Murthy,Vaishnavi Murthy,AADHAR-5438-2781-8310,98609545226,vaishnavi22@yahoo.com,F,1955-10-17,Friend,
PAS-10333,CLM-00631,Utkarsh,,Bajwa,Utkarsh Bajwa,AADHAR-7758-7146-9465,97465216536,utkarsh89@gmail.com,M,1969-08-30,Friend,
PAS-10334,CLM-02239,Ridhi,,Sankaran,Ridhi Sankaran,UID-419852266440,98732982958,ridhi87@hotmail.com,F,2018-12-06,Colleague,
PAS-10335,CLM-02239,Oeshi,,Kibe,Oeshi Kibe,UID-115051882399,97521240418,oeshi37@hotmail.com,F,1993-01-31,Relative,
PAS-10336,CLM-00314,Oeshi,,Balay,Oeshi Balay,AADHAR-4844-3223-8041,98429523136,oeshi63@live.com,F,1963-11-11,Spouse,MEM-12737
PAS-10337,CLM-00314,Yamini,,Grewal,Yamini Grewal,UID-910552429969,99459898829,yamini58@rediffmail.com,F,2022-10-17,Colleague,
PAS-10338,CLM-00314,Siya,,Lata,Siya Lata,VOTER-D983990,97563400806,siya34@gmail.com,F,2016-02-04,Friend,
PAS-10339,CLM-00143,Qarin,,Das,Qarin Das,UID-288814566322,98384008142,qarin57@live.com,M,1980-12-16,Relative,
PAS-10340,CLM-02344,Manan,,Murthy,Manan Murthy,VOTER-A400937,97036873427,manan95@yahoo.com,M,1965-06-13,Unknown,
PAS-10341,CLM-02344,Ridhi,,Tank,Ridhi Tank,UID-938077075042,97194727059,ridhi29@yahoo.com,F,2011-07-11,Relative,
PAS-10342,CLM-02162,Wyatt,,Kaul,Wyatt Kaul,UID-945707601329,97030854241,wyatt14@outlook.co.in,M,1989-12-13,Friend,MEM-11910
PAS-10343,CLM-02162,Hamsini,,Walla,Hamsini Walla,UID-141397204192,97712145885,hamsini86@outlook.co.in,F,1972-05-17,Friend,MEM-11229
PAS-10344,CLM-02162,Leela,,Biswas,Leela Biswas,UID-804616099508,99276175401,leela68@live.com,F,1974-03-31,Unknown,
PAS-10345,CLM-02162,Rehaan,,Sawhney,Rehaan Sawhney,VOTER-A817673,97401250417,rehaan95@outlook.co.in,M,1967-10-11,Friend,
PAS-10346,CLM-00184,Manan,,Minhas,Manan Minhas,UID-963171260741,98067044362,manan88@live.com,M,1976-10-15,Relative,
PAS-10347,CLM-02216,Naksh,,Chokshi,Naksh Chokshi,UID-829155042813,99668382934,naksh23@gmail.com,M,1955-10-30,Colleague,
PAS-10348,CLM-02867,Vritti,,Bhat,Vritti Bhat,AADHAR-2039-1198-7651,98747213627,vritti55@hotmail.com,F,1976-05-18,Relative,
PAS-10349,CLM-00215,Sathvik,,Kunda,Sathvik Kunda,AADHAR-2325-5588-4960,98250010889,sathvik43@yahoo.com,M,2010-11-15,Colleague,
PAS-10350,CLM-00215,Isaac,,Kapoor,Isaac Kapoor,UID-142970573402,98925779088,isaac81@yahoo.com,M,2005-10-27,Friend,
PAS-10351,CLM-00215,Vedant,,Manne,Vedant Manne,VOTER-C596428,98181603938,vedant99@rediffmail.com,M,1961-09-19,Friend,
PAS-10352,CLM-02690,Krishna,,Jani,Krishna Jani,UID-141116149355,97491994513,krishna15@gmail.com,F,1966-03-28,Unknown,
PAS-10353,CLM-01511,Indrajit,,Sarna,Indrajit Sarna,UID-978315417093,97488349370,indrajit63@rediffmail.com,M,1991-06-14,Unknown,
PAS-10354,CLM-02830,Harita,,Mital,Harita Mital,UID-171547250007,98014507638,harita69@outlook.co.in,F,1991-06-10,Friend,
PAS-10355,CLM-02830,Yatin,,Bajwa,Yatin Bajwa,UID-767166248510,99019026736,yatin26@yahoo.com,M,2019-08-16,Colleague,
PAS-10356,CLM-02830,Rishi,,Behl,Rishi Behl,VOTER-E419822,97529234082,rishi37@hotmail.com,M,1972-11-24,Colleague,
PAS-10357,CLM-01707,Wriddhish,,Dugal,Wriddhish Dugal,AADHAR-6894-6074-5716,97089815062,wriddhish23@yahoo.com,M,1996-09-01,Relative,
PAS-10358,CLM-01707,Quincy,,Garg,Quincy Garg,AADHAR-1998-3524-3159,99099353625,quincy76@rediffmail.com,M,1993-10-30,Relative,
PAS-10359,CLM-00901,Umang,,Apte,Umang Apte,VOTER-D662135,99377297128,umang91@hotmail.com,M,2020-08-03,Colleague,
PAS-10360,CLM-00901,Megha,,Walla,Megha Walla,AADHAR-1643-3974-3487,99593134764,megha92@hotmail.com,F,2011-01-09,Unknown,
PAS-10361,CLM-01394,Gaurang,,Badami,Gaurang Badami,VOTER-D565623,97672635391,gaurang59@live.com,M,2010-01-05,Relative,
PAS-10362,CLM-01394,Ranbir,,Dhingra,Ranbir Dhingra,VOTER-B190033,99152613450,ranbir95@yahoo.com,M,1977-10-01,Unknown,
PAS-10363,CLM-01394,Balhaar,,Parikh,Balhaar Parikh,VOTER-B976660,97988727137,balhaar20@yahoo.com,M,1993-03-12,Friend,
PAS-10364,CLM-01394,Omkaar,,Boase,Omkaar Boase,VOTER-B496189,99900701156,omkaar81@yahoo.com,M,1981-08-12,Unknown,
PAS-10365,CLM-00156,Guneet,,Chaudhry,Guneet Chaudhry,VOTER-B933975,98899111103,guneet21@outlook.co.in,M,1982-10-21,Daughter,MEM-11177
PAS-10366,CLM-00156,Isaiah,,Ramanathan,Isaiah Ramanathan,AADHAR-1877-4563-1022,98911510010,isaiah38@yahoo.com,M,2000-10-22,Colleague,
PAS-10367,CLM-00156,Priya,,Reddy,Priya Reddy,UID-181435176807,98159916458,priya43@outlook.co.in,F,1980-02-25,Relative,
PAS-10368,CLM-00156,Charan,,Hayre,Charan Hayre,AADHAR-8889-3345-9694,99155355990,charan33@live.com,M,2004-06-11,Colleague,
PAS-10369,CLM-02553,Sachi,,Narasimhan,Sachi Narasimhan,UID-618281898853,98853628159,sachi95@rediffmail.com,F,1994-05-29,Friend,MEM-12585
PAS-10370,CLM-02553,William,,Halder,William Halder,AADHAR-2745-4580-2184,98179705276,william52@yahoo.com,M,1978-10-15,Daughter,MEM-12544
PAS-10371,CLM-00204,Qadim,,Raju,Qadim Raju,AADHAR-7909-9669-9838,98294878652,qadim30@rediffmail.com,M,2019-08-10,Colleague,
PAS-10372,CLM-00204,Varsha,,Bail,Varsha Bail,VOTER-D610385,98042246348,varsha17@hotmail.com,F,1981-02-04,Friend,MEM-12125
PAS-10373,CLM-00204,Irya,,Naik,Irya Naik,VOTER-A905575,97849670639,irya36@hotmail.com,F,2013-06-19,Relative,
PAS-10374,CLM-00204,Andrew,,Jaggi,Andrew Jaggi,AADHAR-2002-2259-5466,97654482652,andrew11@rediffmail.com,M,1957-12-19,Friend,
PAS-10375,CLM-00998,Hredhaan,,Dasgupta,Hredhaan Dasgupta,UID-465110286127,98508013441,hredhaan94@outlook.co.in,M,1987-06-13,Spouse,MEM-11892
PAS-10376,CLM-02802,Robert,,Bir,Robert Bir,UID-647201562475,97493866553,robert95@hotmail.com,M,1988-08-10,Unknown,
PAS-10377,CLM-02802,David,,Shukla,David Shukla,AADHAR-8462-3017-5410,99298887741,david27@outlook.co.in,M,1972-09-10,Parent,MEM-12635
PAS-10378,CLM-02802,Onveer,,Balan,Onveer Balan,VOTER-E449764,99543759583,onveer39@outlook.co.in,M,1978-03-21,Colleague,
PAS-10379,CLM-00406,Laksh,,Kale,Laksh Kale,AADHAR-9599-5537-9192,97637997882,laksh84@hotmail.com,M,1991-05-26,Unknown,
PAS-10380,CLM-00406,Upkaar,,Sura,Upkaar Sura,VOTER-E523503,97161749176,upkaar64@live.com,M,2013-11-21,Colleague,
PAS-10381,CLM-02499,Finn,,Sen,Finn Sen,UID-356611839492,97707316966,finn60@rediffmail.com,M,1982-08-17,Spouse,MEM-10336
PAS-10382,CLM-02499,Divya,,Lall,Divya Lall,VOTER-B319355,99888151013,divya99@gmail.com,F,1985-07-30,Relative,
PAS-10383,CLM-02499,Nisha,,Manda,Nisha Manda,UID-972201234734,98093911952,nisha35@outlook.co.in,F,1989-12-03,Colleague,MEM-10004
PAS-10384,CLM-02499,Baljiwan,,Dhaliwal,Baljiwan Dhaliwal,AADHAR-4929-6361-2437,99145263170,baljiwan71@gmail.com,M,2017-05-15,Friend,
PAS-10385,CLM-01289,Arjun,,Bera,Arjun Bera,AADHAR-2733-6153-5515,98401467953,arjun96@hotmail.com,M,2013-03-23,Colleague,
PAS-10386,CLM-01289,Turvi,,Srinivasan,Turvi Srinivasan,UID-627689511937,99612895047,turvi21@yahoo.com,F,2014-09-14,Colleague,
PAS-10387,CLM-01560,Naveen,,Dara,Naveen Dara,AADHAR-6305-5814-6816,98108672328,naveen31@gmail.com,M,1973-05-18,Friend,
PAS-10388,CLM-01560,Ryan,,Chowdhury,Ryan Chowdhury,UID-338429862049,99813530752,ryan35@live.com,M,2022-11-02,Colleague,
PAS-10389,CLM-01560,Indira,,Tandon,Indira Tandon,AADHAR-1514-6876-4960,98773755682,indira64@rediffmail.com,F,2007-06-19,Spouse,MEM-11532
PAS-10390,CLM-01737,Meghana,,Sachdev,Meghana Sachdev,AADHAR-1354-5357-8142,97509605350,meghana48@live.com,F,2004-11-13,Unknown,
PAS-10391,CLM-01737,Champak,,Soman,Champak Soman,VOTER-C320685,99210317629,champak73@hotmail.com,M,1966-07-14,Friend,
PAS-10392,CLM-01737,Ishaan,,Apte,Ishaan Apte,VOTER-C504153,97715699328,ishaan42@hotmail.com,M,1978-07-07,Relative,MEM-11583
PAS-10393,CLM-02056,Tanvi,,Sharma,Tanvi Sharma,UID-825831941236,99730043199,tanvi50@outlook.co.in,F,1990-07-18,Friend,MEM-10991
PAS-10394,CLM-00154,Nachiket,,Sachdev,Nachiket Sachdev,VOTER-D862091,99440537893,nachiket26@live.com,M,1958-05-06,Colleague,
PAS-10395,CLM-00154,Krish,,Ramaswamy,Krish Ramaswamy,AADHAR-7735-4725-1844,99400177333,krish51@yahoo.com,M,1974-03-23,Parent,MEM-11474
PAS-10396,CLM-00154,Om,,Lad,Om Lad,VOTER-A397421,97547492666,om22@hotmail.com,M,2008-05-31,Relative,
PAS-10397,CLM-00154,Barkha,,Sengupta,Barkha Sengupta,AADHAR-4672-1347-9365,97299588656,barkha80@live.com,F,1971-06-09,Relative,
PAS-10398,CLM-01963,Sachi,,Gole,Sachi Gole,UID-428776892431,97163402951,sachi82@live.com,F,1971-04-16,Son,MEM-10651
PAS-10399,CLM-01963,Girik,,Borde,Girik Borde,AADHAR-6218-8199-4161,97674223349,girik79@outlook.co.in,M,2001-01-10,Colleague,MEM-13086
PAS-10400,CLM-01797,Ekbal,,Minhas,Ekbal Minhas,VOTER-D479403,99048745174,ekbal61@live.com,M,1966-07-30,Colleague,MEM-10276
PAS-10401,CLM-01797,Bhavani,,Lal,Bhavani Lal,UID-128729482644,97770929376,bhavani53@gmail.com,F,2018-05-18,Relative,
PAS-10402,CLM-01797,Aarush,,Dhar,Aarush Dhar,VOTER-A889366,98866763890,aarush68@outlook.co.in,M,1971-01-09,Friend,
PAS-10403,CLM-01797,Chatura,,Krishnan,Chatura Krishnan,VOTER-C316185,97468353213,chatura42@hotmail.com,M,1969-06-24,Relative,
PAS-10404,CLM-01346,Rishi,,Bedi,Rishi Bedi,AADHAR-7682-4906-8955,98727393572,rishi10@gmail.com,M,2006-08-13,Parent,MEM-13259
PAS-10405,CLM-01346,Shivansh,,Bhasin,Shivansh Bhasin,AADHAR-2119-8214-7444,98772741027,shivansh23@outlook.co.in,M,1998-05-25,Unknown,
PAS-10406,CLM-01346,Bhavini,,Buch,Bhavini Buch,AADHAR-6156-8837-4643,98585018719,bhavini15@yahoo.com,F,1980-12-03,Colleague,
PAS-10407,CLM-00986,Riya,,Kanda,Riya Kanda,VOTER-C685251,97995905811,riya48@hotmail.com,F,1991-09-02,Friend,
PAS-10408,CLM-01189,Mason,,Dey,Mason Dey,UID-209923435822,97377465233,mason27@gmail.com,M,1982-08-12,Son,MEM-11934
PAS-10409,CLM-01189,Megha,,Contractor,Megha Contractor,UID-753830271533,98658517556,megha98@outlook.co.in,F,1973-02-28,Friend,
PAS-10410,CLM-00010,Pahal,,Oommen,Pahal Oommen,VOTER-E705516,97312435540,pahal68@yahoo.com,F,2016-10-31,Colleague,
PAS-10411,CLM-00010,Manan,,Keer,Manan Keer,AADHAR-8850-1178-6840,97008827652,manan82@live.com,M,1995-03-31,Unknown,
PAS-10412,CLM-00010,Avni,,Bahri,Avni Bahri,UID-858307228244,97668962477,avni17@live.com,F,2005-05-01,Parent,MEM-12101
PAS-10413,CLM-00251,Banjeet,,Dhar,Banjeet Dhar,VOTER-D682427,97672938517,banjeet49@yahoo.com,M,2002-12-29,Colleague,
PAS-10414,CLM-00251,Yashica,,Purohit,Yashica Purohit,AADHAR-7274-5188-5341,99288893317,yashica66@hotmail.com,F,2013-04-23,Relative,
PAS-10415,CLM-00251,Indrajit,,Apte,Indrajit Apte,VOTER-D781088,97107371785,indrajit44@outlook.co.in,M,1969-12-03,Relative,
PAS-10416,CLM-00251,Ira,,Mani,Ira Mani,AADHAR-2864-8402-2826,98145560529,ira85@hotmail.com,F,1956-04-28,Colleague,
PAS-10417,CLM-00422,Tanay,,Modi,Tanay Modi,AADHAR-9583-4613-6839,97188729312,tanay70@gmail.com,M,2019-07-19,Friend,
PAS-10418,CLM-00499,Utkarsh,,Yohannan,Utkarsh Yohannan,VOTER-D373530,98710349739,utkarsh80@live.com,M,1966-10-24,Colleague,
PAS-10419,CLM-02449,Elijah,,Chakrabarti,Elijah Chakrabarti,UID-429288002224,99094579840,elijah75@yahoo.com,M,1974-03-16,Friend,
PAS-10420,CLM-02449,Chaitanya,,Desai,Chaitanya Desai,VOTER-D640336,97221413959,chaitanya58@gmail.com,M,2003-08-07,Relative,
PAS-10421,CLM-02449,Vasatika,,Malhotra,Vasatika Malhotra,UID-824554530181,99319879532,vasatika55@yahoo.com,F,2001-06-08,Friend,
PAS-10422,CLM-00580,Xalak,,Chhabra,Xalak Chhabra,UID-301173107583,97044927517,xalak36@gmail.com,F,1997-05-05,Spouse,MEM-12973
PAS-10423,CLM-00580,Girish,,Kade,Girish Kade,VOTER-D735928,98829558241,girish70@outlook.co.in,M,1960-09-26,Relative,
PAS-10424,CLM-00545,Vrinda,,Dey,Vrinda Dey,AADHAR-6276-6977-5474,99011074496,vrinda92@outlook.co.in,F,1989-12-10,Relative,
PAS-10425,CLM-00545,Mason,,Saha,Mason Saha,AADHAR-8091-9546-6111,99213096324,mason43@outlook.co.in,M,1973-04-10,Relative,
PAS-10426,CLM-00545,Chatresh,,Divan,Chatresh Divan,UID-656785044441,99472509737,chatresh22@hotmail.com,M,2023-01-29,Relative,
PAS-10427,CLM-02831,Chakrika,,Bhatti,Chakrika Bhatti,UID-543073918692,99431365396,chakrika86@gmail.com,F,1968-02-04,Friend,
PAS-10428,CLM-02831,Bina,,Viswanathan,Bina Viswanathan,UID-485086290826,98782130865,bina35@yahoo.com,F,1976-04-24,Relative,
PAS-10429,CLM-02831,Baljiwan,,Chokshi,Baljiwan Chokshi,AADHAR-8601-6931-6232,99157784148,baljiwan62@outlook.co.in,M,2011-10-06,Colleague,
PAS-10430,CLM-02831,Aarna,,Taneja,Aarna Taneja,AADHAR-2971-2599-7912,97598168382,aarna20@hotmail.com,F,1966-08-19,Colleague,
PAS-10431,CLM-02635,Ikshita,,Ramanathan,Ikshita Ramanathan,VOTER-E845691,99345447671,ikshita97@gmail.com,F,2016-09-09,Relative,
PAS-10432,CLM-02635,Yug,,Dalal,Yug Dalal,VOTER-D533915,97784461885,yug77@hotmail.com,M,1961-02-22,Relative,
PAS-10433,CLM-02635,Vasudha,,Kibe,Vasudha Kibe,VOTER-B771034,99612456688,vasudha40@live.com,F,1989-08-18,Colleague,
PAS-10434,CLM-02635,Urishilla,,Desai,Urishilla Desai,VOTER-D420041,98501837240,urishilla18@yahoo.com,F,2024-10-30,Colleague,
PAS-10435,CLM-02492,Bachittar,,Sagar,Bachittar Sagar,VOTER-E509095,97652851366,bachittar76@outlook.co.in,M,1978-09-25,Friend,
PAS-10436,CLM-02492,Viraj,,Kaur,Viraj Kaur,UID-258364751845,98239589328,viraj18@hotmail.com,M,2016-03-04,Colleague,
PAS-10437,CLM-02492,Eesha,,Mistry,Eesha Mistry,UID-647340881824,98960821553,eesha59@yahoo.com,F,1989-03-19,Friend,
PAS-10438,CLM-02492,Amara,,Toor,Amara Toor,UID-605928292376,99107715387,amara83@hotmail.com,F,1994-06-12,Unknown,
PAS-10439,CLM-01078,Girik,,Sodhi,Girik Sodhi,UID-529805579124,98815996089,girik88@gmail.com,M,2019-11-08,Friend,
PAS-10440,CLM-01078,Brijesh,,Bala,Brijesh Bala,AADHAR-9128-1816-1240,99676764369,brijesh54@hotmail.com,M,1967-01-08,Unknown,
PAS-10441,CLM-01078,Wakeeta,,Ratta,Wakeeta Ratta,UID-131154719481,99684015991,wakeeta48@hotmail.com,F,2005-06-13,Unknown,
PAS-10442,CLM-00001,Parth,,Oak,Parth Oak,VOTER-B683341,97471979352,parth70@gmail.com,M,2023-10-12,Relative,
PAS-10443,CLM-00001,Radhika,,Mishra,Radhika Mishra,UID-743269834016,98193912621,radhika41@outlook.co.in,F,2022-09-07,Colleague,
PAS-10444,CLM-02656,Neelima,,Aggarwal,Neelima Aggarwal,AADHAR-7614-3403-2729,99418989423,neelima51@hotmail.com,F,2004-05-25,Relative,MEM-11076
PAS-10445,CLM-02656,Sai,,Kamdar,Sai Kamdar,VOTER-A971757,98473717174,sai97@live.com,F,2009-10-28,Friend,
PAS-10446,CLM-02656,Neha,,Ghosh,Neha Ghosh,VOTER-A591461,97965878179,neha43@gmail.com,F,2002-04-02,Unknown,
PAS-10447,CLM-02656,Vansha,,Patel,Vansha Patel,AADHAR-9437-4337-1936,99220325548,vansha63@yahoo.com,F,1979-06-09,Friend,
PAS-10448,CLM-01206,Ekalinga,,Kulkarni,Ekalinga Kulkarni,VOTER-C371881,98436091288,ekalinga98@yahoo.com,M,2023-02-19,Friend,
PAS-10449,CLM-01206,Thomas,,Mangat,Thomas Mangat,VOTER-C992553,99326546013,thomas24@outlook.co.in,M,1962-06-07,Relative,MEM-11964
PAS-10450,CLM-01206,Odika,,Khurana,Odika Khurana,AADHAR-1061-9414-3146,99217501263,odika84@yahoo.com,F,2003-02-16,Colleague,
PAS-10451,CLM-02737,Ojasvi,,Bava,Ojasvi Bava,AADHAR-6812-2842-7070,97588679511,ojasvi18@gmail.com,F,2006-12-30,Colleague,
PAS-10452,CLM-02737,Pavani,,Deshpande,Pavani Deshpande,UID-184912633554,99794662450,pavani58@rediffmail.com,F,1968-04-26,Colleague,
PAS-10453,CLM-00313,Sai,,Chatterjee,Sai Chatterjee,AADHAR-8713-8067-5725,98078145480,sai43@outlook.co.in,M,1960-04-17,Relative,
PAS-10454,CLM-00313,Oeshi,,Dara,Oeshi Dara,UID-997180774910,97084391114,oeshi11@live.com,F,2014-07-24,Unknown,
PAS-10455,CLM-00313,Om,,Sandhu,Om Sandhu,AADHAR-8101-2502-4341,98984262761,om67@hotmail.com,M,1986-01-08,Friend,
PAS-10456,CLM-01483,Logan,,Prasad,Logan Prasad,AADHAR-9928-7819-9445,97355340449,logan72@live.com,M,1976-05-17,Friend,
PAS-10457,CLM-01483,Adweta,,Tank,Adweta Tank,VOTER-D678121,97555994787,adweta24@yahoo.com,F,1979-05-12,Spouse,MEM-11038
PAS-10458,CLM-01483,Samesh,,Ahuja,Samesh Ahuja,VOTER-E725372,99602199322,samesh19@rediffmail.com,M,1994-09-26,Relative,
PAS-10459,CLM-01483,Jeevika,,Raval,Jeevika Raval,UID-284413143852,98686147668,jeevika64@outlook.co.in,F,1995-11-26,Unknown,
PAS-10460,CLM-01233,Qarin,,Kala,Qarin Kala,UID-417203240039,99948139203,qarin56@rediffmail.com,M,2017-12-12,Colleague,
PAS-10461,CLM-02971,Bhanumati,,Menon,Bhanumati Menon,VOTER-B986863,99915029359,bhanumati90@live.com,F,2005-04-01,Friend,
PAS-10462,CLM-00808,Pahal,,Maharaj,Pahal Maharaj,UID-725219579602,97906539264,pahal22@outlook.co.in,F,1962-12-29,Colleague,
PAS-10463,CLM-00808,Thomas,,Ghosh,Thomas Ghosh,VOTER-D161716,98002485942,thomas24@live.com,M,1966-08-08,Colleague,
PAS-10464,CLM-00808,Siya,,Ravi,Siya Ravi,UID-678794583588,97894190368,siya14@hotmail.com,F,1963-07-10,Spouse,MEM-10924
PAS-10465,CLM-01466,Robert,,Kashyap,Robert Kashyap,VOTER-A754056,99990817052,robert96@outlook.co.in,M,1977-10-13,Friend,
PAS-10466,CLM-01466,Qushi,,Pandit,Qushi Pandit,UID-216983996213,98193848513,qushi78@live.com,F,1983-07-23,Relative,
PAS-10467,CLM-01466,Falguni,,Chana,Falguni Chana,UID-195694602464,99715619728,falguni11@outlook.co.in,F,1967-08-30,Spouse,MEM-10786
PAS-10468,CLM-01674,Vrinda,,Chaudhary,Vrinda Chaudhary,UID-451799922267,99429587490,vrinda40@outlook.co.in,F,1988-12-23,Colleague,MEM-10402
PAS-10469,CLM-01674,Chaman,,Shere,Chaman Shere,UID-624116292668,99010164924,chaman14@live.com,F,2019-08-10,Colleague,
PAS-10470,CLM-02482,Faraj,,Kala,Faraj Kala,AADHAR-4506-4761-8389,97799422998,faraj17@yahoo.com,M,1975-10-09,Friend,
PAS-10471,CLM-02482,Jagvi,,Nanda,Jagvi Nanda,UID-639041783312,98397450971,jagvi21@yahoo.com,F,1991-12-02,Unknown,
PAS-10472,CLM-02482,Dakshesh,,Ranganathan,Dakshesh Ranganathan,UID-516323923057,98982787315,dakshesh27@rediffmail.com,M,1976-04-30,Relative,MEM-12011
PAS-10473,CLM-00966,Raksha,,Kapur,Raksha Kapur,VOTER-A525305,98203934605,raksha69@hotmail.com,F,1965-12-05,Relative,
PAS-10474,CLM-00966,Meghana,,Mand,Meghana Mand,UID-893088719744,98441895548,meghana94@yahoo.com,F,1983-12-24,Colleague,
PAS-10475,CLM-02063,Keya,,Boase,Keya Boase,AADHAR-6408-7458-2751,97513862226,keya43@rediffmail.com,F,1992-08-01,Friend,
PAS-10476,CLM-02063,Samuel,,Sethi,Samuel Sethi,AADHAR-8983-8628-4016,97942258515,samuel16@live.com,M,1983-05-03,Friend,
PAS-10477,CLM-01308,Lakshit,,Viswanathan,Lakshit Viswanathan,AADHAR-8919-8365-9764,97602146564,lakshit95@gmail.com,M,1966-01-16,Colleague,
PAS-10478,CLM-01308,Zinal,,Garde,Zinal Garde,UID-495457946719,99299830323,zinal45@yahoo.com,F,1998-12-09,Friend,
PAS-10479,CLM-01308,Nakul,,Nagar,Nakul Nagar,AADHAR-7866-6673-3446,98353116003,nakul13@rediffmail.com,M,1971-12-14,Relative,MEM-12752
PAS-10480,CLM-02916,Urmi,,Chakraborty,Urmi Chakraborty,VOTER-A734504,97040669176,urmi70@yahoo.com,F,1963-02-24,Colleague,
PAS-10481,CLM-02916,Anamika,,Deshmukh,Anamika Deshmukh,AADHAR-7167-1100-4145,99344492709,anamika29@yahoo.com,F,1955-12-05,Friend,
PAS-10482,CLM-02916,Mason,,Khalsa,Mason Khalsa,AADHAR-8845-8665-2211,98198860494,mason71@yahoo.com,M,1969-07-15,Unknown,
PAS-10483,CLM-02916,Balendra,,Merchant,Balendra Merchant,UID-824460930201,99064493974,balendra24@live.com,M,1976-09-08,Colleague,
PAS-10484,CLM-02065,Patrick,,Borah,Patrick Borah,UID-406489546889,98727508332,patrick83@rediffmail.com,M,1997-10-17,Relative,
PAS-10485,CLM-02065,Dakshesh,,Virk,Dakshesh Virk,AADHAR-9250-6906-5752,99046952698,dakshesh75@live.com,M,2007-07-10,Unknown,
PAS-10486,CLM-02065,Daniel,,Chatterjee,Daniel Chatterjee,VOTER-E594902,99889216175,daniel22@rediffmail.com,M,2010-08-26,Colleague,
PAS-10487,CLM-02065,Noah,,Gara,Noah Gara,UID-283983266138,98944473546,noah49@rediffmail.com,M,1971-07-05,Friend,MEM-13356
PAS-10488,CLM-00345,Ayaan,,Jhaveri,Ayaan Jhaveri,VOTER-E832113,97124151875,ayaan22@yahoo.com,M,2004-03-28,Colleague,
PAS-10489,CLM-02423,Yachana,,Chaudhary,Yachana Chaudhary,AADHAR-3604-8920-2774,98015302833,yachana88@live.com,F,1956-04-20,Colleague,
PAS-10490,CLM-02423,Patrick,,Bal,Patrick Bal,VOTER-A481496,97308519340,patrick84@gmail.com,M,2001-06-29,Parent,MEM-10365
PAS-10491,CLM-02423,Sai,,Raja,Sai Raja,UID-662519249828,97580354008,sai49@gmail.com,F,1999-05-11,Colleague,MEM-11595
PAS-10492,CLM-02097,Januja,,Kothari,Januja Kothari,VOTER-C416547,98837595353,januja82@yahoo.com,F,2008-10-20,Friend,
PAS-10493,CLM-02097,Sanaya,,Nair,Sanaya Nair,AADHAR-1431-2596-3231,98065043602,sanaya50@live.com,F,1955-04-16,Friend,
PAS-10494,CLM-02097,Chakradhar,,Ramakrishnan,Chakradhar Ramakrishnan,AADHAR-6347-1031-9263,99301867078,chakradhar87@live.com,M,1968-09-13,Friend,
PAS-10495,CLM-02763,Hemal,,Dani,Hemal Dani,AADHAR-5441-6260-8211,99876035951,hemal77@gmail.com,F,1982-05-21,Friend,MEM-11744
PAS-10496,CLM-00048,Ria,,Bains,Ria Bains,UID-923688841091,98695127087,ria41@outlook.co.in,F,2010-06-26,Colleague,
PAS-10497,CLM-00653,Pooja,,Prabhu,Pooja Prabhu,VOTER-B500905,98629389550,pooja36@live.com,F,1960-08-27,Relative,
PAS-10498,CLM-00653,Vamakshi,,Tank,Vamakshi Tank,UID-226523541332,97207200207,vamakshi51@yahoo.com,F,1964-11-23,Friend,
PAS-10499,CLM-01167,Aishani,,Seth,Aishani Seth,AADHAR-9680-8287-9778,97641706799,aishani94@yahoo.com,F,2005-12-10,Friend,
PAS-10500,CLM-01167,Benjamin,,Prasad,Benjamin Prasad,UID-266718110882,98737933134,benjamin92@hotmail.com,M,1974-04-10,Colleague,
PAS-10501,CLM-01156,Yasti,,Sathe,Yasti Sathe,UID-491974831838,98302589248,yasti72@live.com,F,1960-01-17,Relative,
PAS-10502,CLM-01156,Qushi,,Bail,Qushi Bail,AADHAR-9729-5239-4657,97430538498,qushi63@yahoo.com,F,1974-06-13,Daughter,MEM-12859
PAS-10503,CLM-01156,Henry,,Sha,Henry Sha,UID-208903257109,97135367197,henry94@gmail.com,M,2011-11-09,Unknown,
PAS-10504,CLM-01156,Gauri,,Menon,Gauri Menon,UID-919879892923,97096528974,gauri36@hotmail.com,F,1963-02-06,Unknown,
PAS-10505,CLM-02076,Zashil,,Wali,Zashil Wali,VOTER-C341001,98666672678,zashil17@outlook.co.in,M,1998-03-19,Colleague,
PAS-10506,CLM-02076,Yug,,Dhaliwal,Yug Dhaliwal,AADHAR-6008-9043-3160,98162643040,yug95@rediffmail.com,M,2020-03-13,Relative,
PAS-10507,CLM-02934,Madhavi,,Kulkarni,Madhavi Kulkarni,VOTER-E607892,99732358931,madhavi73@outlook.co.in,F,2001-12-03,Relative,
PAS-10508,CLM-02934,Jai,,Dyal,Jai Dyal,UID-401100690249,98153757734,jai36@gmail.com,M,1990-12-21,Son,MEM-12804
PAS-10509,CLM-02934,Ira,,Borra,Ira Borra,UID-116988140254,99952802952,ira96@live.com,F,1976-08-27,Unknown,
PAS-10510,CLM-02934,Darpan,,Arya,Darpan Arya,VOTER-B380123,99493633229,darpan98@outlook.co.in,M,1982-04-22,Colleague,
PAS-10511,CLM-02186,Patrick,,Mishra,Patrick Mishra,UID-523409207313,98307486438,patrick75@gmail.com,M,1971-12-14,Son,MEM-10470
PAS-10512,CLM-02186,Lajita,,Chadha,Lajita Chadha,UID-463642747511,99428637519,lajita26@outlook.co.in,F,1978-07-02,Colleague,MEM-10747
PAS-10513,CLM-02033,Deepa,,Palla,Deepa Palla,UID-282164041780,97162021450,deepa69@hotmail.com,F,1993-07-15,Relative,MEM-11698
PAS-10514,CLM-02033,Gayathri,,Chaudry,Gayathri Chaudry,UID-349761598956,98455586695,gayathri17@rediffmail.com,F,1998-11-27,Relative,
PAS-10515,CLM-02033,Ladli,,Soni,Ladli Soni,AADHAR-8592-8117-2938,97676141883,ladli44@hotmail.com,F,1954-11-18,Colleague,
PAS-10516,CLM-02033,Gaurav,,Suri,Gaurav Suri,AADHAR-2006-4137-5703,97800233434,gaurav76@rediffmail.com,M,2021-05-31,Relative,
PAS-10517,CLM-02224,Gagan,,Raj,Gagan Raj,VOTER-B228437,98426101843,gagan31@live.com,M,1964-07-15,Friend,
PAS-10518,CLM-02224,Priya,,Das,Priya Das,UID-643706452212,99881870238,priya95@gmail.com,F,1994-09-12,Relative,
PAS-10519,CLM-02224,Lohit,,Ray,Lohit Ray,AADHAR-1857-3715-2081,97201752097,lohit99@yahoo.com,M,1995-03-30,Colleague,
PAS-10520,CLM-01647,Hredhaan,,Minhas,Hredhaan Minhas,UID-544669454234,97358306926,hredhaan25@live.com,M,1955-07-29,Colleague,
PAS-10521,CLM-01647,Tanvi,,Khosla,Tanvi Khosla,AADHAR-3808-1210-8937,98389857024,tanvi54@hotmail.com,F,1991-10-27,Friend,
PAS-10522,CLM-01647,Vansha,,Lal,Vansha Lal,VOTER-D501113,97394692990,vansha68@hotmail.com,F,1989-09-17,Colleague,
PAS-10523,CLM-01879,Abeer,,More,Abeer More,UID-302019055201,99111150926,abeer74@outlook.co.in,M,2023-01-31,Relative,
PAS-10524,CLM-02424,Hamsini,,Nagi,Hamsini Nagi,AADHAR-7055-3885-5922,97133794527,hamsini23@outlook.co.in,F,1959-11-05,Friend,
PAS-10525,CLM-01807,Girish,,Seshadri,Girish Seshadri,AADHAR-9937-2930-8560,98119752657,girish60@outlook.co.in,M,1964-06-08,Friend,
PAS-10526,CLM-01807,Charles,,Wadhwa,Charles Wadhwa,VOTER-E818396,97617439164,charles88@rediffmail.com,M,1961-12-07,Colleague,
PAS-10527,CLM-00300,Abhimanyu,,Sandal,Abhimanyu Sandal,VOTER-B738599,98806348659,abhimanyu31@live.com,M,1974-05-31,Unknown,
PAS-10528,CLM-00300,Raksha,,Shroff,Raksha Shroff,VOTER-C723457,97450377089,raksha31@rediffmail.com,F,2003-06-09,Relative,
PAS-10529,CLM-02692,Januja,,Badal,Januja Badal,UID-116172276283,97682425335,januja46@rediffmail.com,F,1965-02-04,Friend,
PAS-10530,CLM-02692,Damyanti,,Pau,Damyanti Pau,AADHAR-1302-1614-2134,99175418060,damyanti22@outlook.co.in,F,1977-09-04,Unknown,
PAS-10531,CLM-02692,Chakrika,,Patel,Chakrika Patel,AADHAR-2913-9192-7626,97156920575,chakrika51@outlook.co.in,F,1964-04-13,Friend,
PAS-10532,CLM-02197,Meghana,,Dash,Meghana Dash,UID-922285089608,99032521295,meghana37@hotmail.com,F,1958-01-27,Unknown,
PAS-10533,CLM-02197,Ishita,,Patil,Ishita Patil,AADHAR-1112-7005-8196,97186895243,ishita64@live.com,F,1982-12-03,Colleague,
PAS-10534,CLM-02197,Timothy,,Grover,Timothy Grover,AADHAR-6248-2528-4172,99839683366,timothy95@live.com,M,1986-03-15,Relative,
PAS-10535,CLM-02197,Lucky,,Dhar,Lucky Dhar,VOTER-E885855,97322459026,lucky58@live.com,M,2003-08-09,Colleague,
PAS-10536,CLM-01330,Tanay,,Ramanathan,Tanay Ramanathan,AADHAR-4291-3345-4621,99950280421,tanay39@rediffmail.com,M,1981-07-19,Unknown,
PAS-10537,CLM-01306,Madhav,,Panchal,Madhav Panchal,AADHAR-5128-9662-4430,99049556433,madhav60@hotmail.com,M,1999-10-16,Unknown,
PAS-10538,CLM-01306,Turvi,,Mammen,Turvi Mammen,VOTER-E246296,97130539039,turvi99@gmail.com,F,1982-06-10,Relative,
PAS-10539,CLM-01306,Gunbir,,Hari,Gunbir Hari,UID-148959620111,99221490638,gunbir41@rediffmail.com,M,1956-03-17,Colleague,
PAS-10540,CLM-01188,Mohammed,,Sama,Mohammed Sama,VOTER-E643994,97788216424,mohammed86@outlook.co.in,M,1977-04-20,Son,MEM-11344
PAS-10541,CLM-01188,Upasna,,Dhawan,Upasna Dhawan,VOTER-B343452,99112095685,upasna42@gmail.com,F,1993-02-21,Relative,MEM-11297
PAS-10542,CLM-01188,Teerth,,Balasubramanian,Teerth Balasubramanian,UID-905339958421,98412706407,teerth66@live.com,M,1992-02-25,Relative,
PAS-10543,CLM-01188,Krisha,,Sem,Krisha Sem,VOTER-D821674,97523263452,krisha76@rediffmail.com,F,1984-11-06,Colleague,
PAS-10544,CLM-02967,Dakshesh,,Sengupta,Dakshesh Sengupta,AADHAR-3555-7923-7576,98805852796,dakshesh87@hotmail.com,M,1973-12-14,Relative,
PAS-10545,CLM-02967,Amara,,Arora,Amara Arora,UID-846406131586,99519228360,amara58@live.com,F,1963-05-28,Relative,MEM-11008
PAS-10546,CLM-02967,Yutika,,Palla,Yutika Palla,AADHAR-4388-5800-8046,98923166545,yutika47@outlook.co.in,F,2000-08-04,Unknown,
PAS-10547,CLM-02610,Ayush,,Shankar,Ayush Shankar,VOTER-A103452,97267589983,ayush33@hotmail.com,M,1977-07-01,Colleague,
PAS-10548,CLM-02610,Lohit,,Korpal,Lohit Korpal,VOTER-A420676,97413350722,lohit13@gmail.com,M,1957-09-16,Friend,
PAS-10549,CLM-02610,Lucky,,Arya,Lucky Arya,AADHAR-4791-1640-3776,97274883873,lucky21@outlook.co.in,M,1996-08-30,Friend,
PAS-10550,CLM-01993,Hemang,,Singh,Hemang Singh,UID-489725578823,98228403082,hemang97@gmail.com,M,1998-05-18,Relative,
PAS-10551,CLM-01585,Gavin,,Saini,Gavin Saini,UID-221447661016,98659420869,gavin23@rediffmail.com,M,2001-03-14,Friend,MEM-10600
PAS-10552,CLM-01585,Amol,,Dash,Amol Dash,UID-683593822704,99629520286,amol22@gmail.com,M,2010-09-21,Colleague,
PAS-10553,CLM-01585,Yahvi,,Naik,Yahvi Naik,VOTER-C775716,97340541894,yahvi90@yahoo.com,F,2005-12-22,Son,MEM-12884
PAS-10554,CLM-00201,Lakshit,,Ramanathan,Lakshit Ramanathan,AADHAR-5919-4370-1441,98296751372,lakshit64@gmail.com,M,1959-12-05,Colleague,
PAS-10555,CLM-00201,Devika,,Nanda,Devika Nanda,VOTER-A526306,98486685383,devika73@yahoo.com,F,2019-08-23,Relative,
PAS-10556,CLM-00201,Robert,,Rajan,Robert Rajan,UID-216678073725,98920659529,robert56@yahoo.com,M,1983-11-20,Son,MEM-13272
PAS-10557,CLM-00201,Diya,,Nagar,Diya Nagar,UID-342346226465,98485103103,diya16@outlook.co.in,F,1968-02-17,Friend,MEM-10539
PAS-10558,CLM-01168,Varsha,,Rau,Varsha Rau,AADHAR-7809-3163-5678,99623418779,varsha40@rediffmail.com,F,2015-08-15,Relative,
PAS-10559,CLM-00717,Vedhika,,Oak,Vedhika Oak,VOTER-A963415,97354994750,vedhika77@rediffmail.com,F,1998-09-17,Colleague,
PAS-10560,CLM-00717,Chameli,,Kumar,Chameli Kumar,UID-682044997021,97773292468,chameli57@live.com,F,1985-04-26,Unknown,
PAS-10561,CLM-00717,Aarna,,Parikh,Aarna Parikh,AADHAR-4299-7887-8423,99543710285,aarna89@yahoo.com,F,2005-07-04,Relative,
PAS-10562,CLM-00717,Dhriti,,Kala,Dhriti Kala,UID-853839780123,97286617845,dhriti49@gmail.com,F,1974-02-19,Colleague,
PAS-10563,CLM-01318,Sudiksha,,Kaul,Sudiksha Kaul,UID-971361561477,99265756039,sudiksha37@gmail.com,F,1971-05-06,Parent,MEM-10005
PAS-10564,CLM-01318,Shivansh,,Taneja,Shivansh Taneja,VOTER-B959715,98074459346,shivansh45@rediffmail.com,M,2015-03-18,Colleague,
PAS-10565,CLM-01318,Aditya,,Mohan,Aditya Mohan,VOTER-B458157,98780085374,aditya11@outlook.co.in,M,1986-03-14,Friend,
PAS-10566,CLM-01314,Ladli,,Chanda,Ladli Chanda,VOTER-C903296,97123943698,ladli58@gmail.com,F,1998-03-06,Friend,MEM-11764
PAS-10567,CLM-01966,Anay,,Nanda,Anay Nanda,UID-599953589514,97567359781,anay28@yahoo.com,M,1999-05-22,Colleague,
PAS-10568,CLM-01966,Falguni,,Iyer,Falguni Iyer,AADHAR-5476-3458-4996,99260756759,falguni39@hotmail.com,F,1997-06-10,Parent,MEM-12167
PAS-10569,CLM-01966,Vivaan,,Buch,Vivaan Buch,VOTER-D575794,98718891487,vivaan29@yahoo.com,M,1980-09-04,Friend,MEM-11210
PAS-10570,CLM-01422,Dayamai,,Lad,Dayamai Lad,AADHAR-1699-2019-3791,99834401721,dayamai56@rediffmail.com,F,1988-10-26,Unknown,
PAS-10571,CLM-01422,Aadhya,,Nair,Aadhya Nair,UID-620594620323,99066999316,aadhya62@live.com,F,2018-12-16,Colleague,
PAS-10572,CLM-01422,Adweta,,Morar,Adweta Morar,AADHAR-9803-4717-7217,98263013535,adweta45@yahoo.com,F,2001-03-24,Relative,
PAS-10573,CLM-02129,Unnati,,Taneja,Unnati Taneja,VOTER-B247945,99698777669,unnati44@rediffmail.com,F,1955-04-02,Colleague,
PAS-10574,CLM-02129,Peter,,Ravel,Peter Ravel,UID-131053846262,98620820701,peter92@live.com,M,1968-09-09,Colleague,
PAS-10575,CLM-02129,Dominic,,Lanka,Dominic Lanka,VOTER-A717801,97821993829,dominic83@gmail.com,M,1961-04-09,Colleague,
PAS-10576,CLM-02970,Fiyaz,,Hegde,Fiyaz Hegde,AADHAR-6069-1635-6655,99191488354,sneha15@rediffmail.com,M,1972-01-13,Friend,MEM-10011
PAS-10577,CLM-02451,Veda,,Chander,Veda Chander,AADHAR-9823-7507-8721,98208921775,veda49@hotmail.com,F,2013-06-08,Unknown,
PAS-10578,CLM-02451,Yasti,,Varughese,Yasti Varughese,UID-682489921372,97044263179,yasti27@live.com,F,2015-07-16,Relative,
PAS-10579,CLM-00938,Robert,,Mukhopadhyay,Robert Mukhopadhyay,VOTER-D944218,98996159185,robert67@yahoo.com,M,1965-06-14,Colleague,
PAS-10580,CLM-00938,Charles,,Kaur,Charles Kaur,VOTER-C591515,97201404663,charles84@yahoo.com,M,1959-04-15,Colleague,
PAS-10581,CLM-00938,Ucchal,,Choudhry,Ucchal Choudhry,VOTER-D734240,99949386004,ucchal43@yahoo.com,F,1975-07-04,Colleague,
PAS-10582,CLM-00938,Rachit,,Doshi,Rachit Doshi,VOTER-C179959,98119872700,rachit62@outlook.co.in,M,1987-05-24,Relative,
PAS-10583,CLM-01548,Rishi,,Madan,Rishi Madan,UID-710155793686,99360943140,rishi19@gmail.com,M,1972-03-05,Unknown,
PAS-10584,CLM-01548,Vasudha,,Mani,Vasudha Mani,AADHAR-6708-4511-9344,99655479921,vasudha69@live.com,F,1972-09-25,Colleague,
PAS-10585,CLM-02858,Aadi,,Raman,Aadi Raman,UID-364817523991,98432098848,aadi25@yahoo.com,M,1982-11-03,Daughter,MEM-11010
PAS-10586,CLM-02858,Ekapad,,Minhas,Ekapad Minhas,VOTER-D534070,99693415926,ekapad77@gmail.com,M,1978-12-23,Parent,MEM-10693
PAS-10587,CLM-00835,Vivaan,,Borra,Vivaan Borra,UID-204805747065,99027556456,vivaan24@hotmail.com,M,1994-04-12,Colleague,
PAS-10588,CLM-00083,Wyatt,,Garg,Wyatt Garg,UID-434755314031,98904212500,wyatt43@outlook.co.in,M,1964-07-22,Unknown,
PAS-10589,CLM-00083,Logan,,Pathak,Logan Pathak,UID-652066185969,97902712554,logan18@hotmail.com,M,1962-06-20,Relative,
PAS-10590,CLM-00059,Parth,,Mutti,Parth Mutti,AADHAR-8005-2540-8884,98372983847,parth13@hotmail.com,M,1987-07-23,Son,MEM-13223
PAS-10591,CLM-00059,Tanay,,Merchant,Tanay Merchant,UID-466912001196,99759245602,tanay29@hotmail.com,M,2002-05-22,Colleague,
PAS-10592,CLM-00059,Gautam,,Thaker,Gautam Thaker,VOTER-E767669,97365651429,gautam47@yahoo.com,M,1967-07-16,Friend,MEM-12413
PAS-10593,CLM-00059,Yahvi,,Soman,Yahvi Soman,VOTER-D207086,98432947373,yahvi28@outlook.co.in,F,1982-05-15,Friend,
PAS-10594,CLM-01224,Neha,,Deshpande,Neha Deshpande,AADHAR-2307-6507-5128,98531704075,neha88@live.com,F,2005-08-11,Unknown,
PAS-10595,CLM-01224,Advik,,Buch,Advik Buch,VOTER-E472236,98655026098,advik97@outlook.co.in,M,2024-04-30,Unknown,
PAS-10596,CLM-01665,Aarna,,Patla,Aarna Patla,VOTER-C165775,97481042813,aarna38@yahoo.com,F,2011-02-20,Friend,
PAS-10597,CLM-01665,Ojas,,Pau,Ojas Pau,VOTER-A185880,99108134842,ojas31@hotmail.com,M,2006-06-28,Unknown,
PAS-10598,CLM-01315,Yatin,,Hora,Yatin Hora,VOTER-D949050,97245707203,yatin31@outlook.co.in,M,1958-07-10,Friend,
PAS-10599,CLM-01315,Mohammed,,Dhawan,Mohammed Dhawan,VOTER-D698869,98440275326,mohammed85@hotmail.com,M,2005-08-03,Unknown,
PAS-10600,CLM-01297,Pooja,,Suresh,Pooja Suresh,AADHAR-2385-9290-4494,97113530335,pooja20@rediffmail.com,F,1961-01-09,Friend,MEM-10443
PAS-10601,CLM-01297,Raagini,,Talwar,Raagini Talwar,AADHAR-3029-4841-6728,98260025573,raagini78@outlook.co.in,F,2015-06-27,Friend,
PAS-10602,CLM-01029,Shaurya,,Shankar,Shaurya Shankar,VOTER-C674298,97366153340,shaurya32@live.com,M,1972-10-22,Unknown,
PAS-10603,CLM-01029,Mason,,Talwar,Mason Talwar,AADHAR-9059-5124-3562,97384250659,mason62@gmail.com,M,1996-06-17,Colleague,
PAS-10604,CLM-01029,Omya,,D’Alia,Omya D’Alia,AADHAR-4071-7169-8638,99445302390,omya44@hotmail.com,F,1968-05-12,Relative,
PAS-10605,CLM-02626,Owen,,Rout,Owen Rout,UID-123316159379,97913242645,owen44@hotmail.com,M,1995-03-24,Relative,
PAS-10606,CLM-02361,Ijaya,,Sundaram,Ijaya Sundaram,AADHAR-6155-2349-5387,98422875740,ijaya12@yahoo.com,F,1964-05-24,Friend,
PAS-10607,CLM-02361,Avni,,Sant,Avni Sant,VOTER-E454934,98870603556,avni74@gmail.com,F,1964-03-22,Relative,MEM-10179
PAS-10608,CLM-02361,Vinaya,,Ranganathan,Vinaya Ranganathan,AADHAR-2606-6069-7231,97107530689,vinaya48@rediffmail.com,F,1956-05-08,Unknown,
PAS-10609,CLM-00283,Isaiah,,Agrawal,Isaiah Agrawal,VOTER-A780953,97327860437,isaiah30@live.com,M,1996-07-27,Unknown,
PAS-10610,CLM-00283,Jyoti,,Narasimhan,Jyoti Narasimhan,UID-527851245420,99084665111,jyoti82@hotmail.com,F,1989-03-22,Relative,
PAS-10611,CLM-00283,Urishilla,,Bala,Urishilla Bala,UID-796719557817,97560910631,urishilla71@yahoo.com,F,1998-09-14,Friend,
PAS-10612,CLM-01843,Wishi,,Dada,Wishi Dada,AADHAR-1336-9904-8326,97991153525,wishi54@hotmail.com,F,2012-06-27,Colleague,
PAS-10613,CLM-01327,Siddharth,,Kapadia,Siddharth Kapadia,VOTER-B580423,99620480395,siddharth29@outlook.co.in,M,1982-03-31,Friend,
PAS-10614,CLM-01327,Hritik,,Varma,Hritik Varma,AADHAR-1781-6482-4582,97370715898,hritik33@live.com,M,1979-05-07,Colleague,
PAS-10615,CLM-01327,Azad,,Atwal,Azad Atwal,AADHAR-9459-3892-3379,99829786365,azad53@live.com,M,2023-08-04,Colleague,
PAS-10616,CLM-01327,Udyati,,Minhas,Udyati Minhas,AADHAR-7695-4426-5304,99933180764,udyati98@rediffmail.com,F,1957-07-17,Unknown,
PAS-10617,CLM-01131,Madhav,,Bajaj,Madhav Bajaj,UID-987595020796,98402064001,madhav91@live.com,M,1994-01-20,Friend,
PAS-10618,CLM-01131,William,,Mane,William Mane,VOTER-A104335,98092395040,william89@gmail.com,M,1991-07-06,Parent,MEM-10548
PAS-10619,CLM-01131,Robert,,Hayer,Robert Hayer,UID-720182858074,97502685637,robert33@gmail.com,M,1983-12-03,Colleague,
PAS-10620,CLM-02928,Ishwar,,Loyal,Ishwar Loyal,UID-280695537384,99273611178,ishwar96@gmail.com,M,2023-01-06,Colleague,
PAS-10621,CLM-02928,Ucchal,,Saha,Ucchal Saha,UID-980690562230,98604521626,ucchal75@rediffmail.com,F,1980-12-19,Colleague,
PAS-10622,CLM-02928,Fiyaz,,Ramachandran,Fiyaz Ramachandran,AADHAR-6773-7616-4677,99588176424,fiyaz85@live.com,M,1986-10-10,Relative,
PAS-10623,CLM-02928,Azaan,,Thaman,Azaan Thaman,AADHAR-2021-9248-6734,97613800931,azaan21@yahoo.com,M,2003-04-04,Colleague,
PAS-10624,CLM-02640,Darsh,,Pall,Darsh Pall,VOTER-B559869,99187702109,darsh56@hotmail.com,M,1996-02-23,Colleague,
PAS-10625,CLM-02640,Aradhana,,Sama,Aradhana Sama,UID-370511694829,99640483234,aradhana75@yahoo.com,F,2019-12-26,Relative,
PAS-10626,CLM-02640,Ekansh,,Gola,Ekansh Gola,VOTER-C331752,97445021888,ekansh46@outlook.co.in,M,1970-04-23,Friend,
PAS-10627,CLM-02640,Adweta,,Sahni,Adweta Sahni,VOTER-A861966,99538190222,adweta46@yahoo.com,F,1971-08-28,Unknown,
PAS-10628,CLM-00918,Xiti,,Balay,Xiti Balay,VOTER-E792454,99690447420,xiti64@rediffmail.com,F,1988-08-29,Friend,
PAS-10629,CLM-00918,Vedika,,Borra,Vedika Borra,VOTER-A231879,97048685929,vedika37@hotmail.com,F,1982-08-20,Colleague,MEM-12089
PAS-10630,CLM-00089,Kiaan,,Ganguly,Kiaan Ganguly,VOTER-C464713,97790593947,kiaan75@yahoo.com,M,2011-06-15,Colleague,
PAS-10631,CLM-02510,Jyoti,,Kuruvilla,Jyoti Kuruvilla,AADHAR-4698-4595-8952,99903974491,jyoti56@gmail.com,F,1969-09-21,Unknown,
PAS-10632,CLM-02510,Ganga,,Keer,Ganga Keer,UID-813194698907,98763094727,ganga32@gmail.com,F,1969-12-17,Relative,
PAS-10633,CLM-01667,Darpan,,Suri,Darpan Suri,VOTER-C219157,99244058730,darpan82@rediffmail.com,M,1974-10-29,Colleague,MEM-12553
PAS-10634,CLM-01667,Isha,,Jaggi,Isha Jaggi,VOTER-C460917,99411554110,isha99@gmail.com,F,2008-08-17,Colleague,
PAS-10635,CLM-00853,Sai,,Bora,Sai Bora,VOTER-A503984,98671686243,sai24@yahoo.com,M,2021-01-01,Friend,
PAS-10636,CLM-00853,Tanveer,,Prabhakar,Tanveer Prabhakar,VOTER-E946070,97641075244,tanveer21@live.com,M,1971-08-27,Colleague,
PAS-10637,CLM-02271,Jacob,,Chakrabarti,Jacob Chakrabarti,AADHAR-6294-9799-5052,99792532608,jacob34@yahoo.com,M,1958-05-08,Friend,
PAS-10638,CLM-02271,Rohan,,Sur,Rohan Sur,AADHAR-6368-1453-3460,97616212770,rohan60@hotmail.com,M,1999-11-02,Relative,
PAS-10639,CLM-02870,Vedika,,Halder,Vedika Halder,VOTER-D329557,98510447198,vedika32@rediffmail.com,F,1971-06-17,Unknown,
PAS-10640,CLM-02870,Aradhana,,Parmar,Aradhana Parmar,UID-987149685450,97470644175,aradhana25@hotmail.com,F,1965-05-12,Daughter,MEM-11905
PAS-10641,CLM-02870,Gaurang,,Sodhi,Gaurang Sodhi,VOTER-E949079,99094204505,gaurang27@outlook.co.in,M,2008-07-25,Friend,
PAS-10642,CLM-02870,Yuvraj,,Kumar,Yuvraj Kumar,VOTER-A935527,99995624496,yuvraj45@outlook.co.in,M,1957-09-07,Relative,
PAS-10643,CLM-01559,Harsh,,D’Alia,Harsh D’Alia,AADHAR-5468-6855-6800,97733667350,harsh79@rediffmail.com,M,2004-06-27,Colleague,
PAS-10644,CLM-01559,Devika,,Hegde,Devika Hegde,VOTER-C608006,97495526001,devika78@outlook.co.in,F,2015-10-24,Colleague,
PAS-10645,CLM-01449,Niharika,,Nagi,Niharika Nagi,UID-127782904238,98096788725,niharika82@rediffmail.com,F,1972-09-07,Friend,MEM-13193
PAS-10646,CLM-01449,Tamanna,,Nori,Tamanna Nori,AADHAR-2250-2413-3669,97948760691,tamanna41@live.com,F,1978-02-23,Colleague,MEM-10356
PAS-10647,CLM-01449,Devika,,Saran,Devika Saran,AADHAR-3401-7755-3160,97467974440,devika81@outlook.co.in,F,1962-03-26,Colleague,MEM-10401
PAS-10648,CLM-01449,Yatan,,Aggarwal,Yatan Aggarwal,VOTER-A757865,97127666827,yatan69@outlook.co.in,M,1989-04-30,Spouse,MEM-11604
PAS-10649,CLM-01067,Ekiya,,Buch,Ekiya Buch,AADHAR-8507-8268-4672,98730486311,ekiya24@gmail.com,F,1988-08-12,Relative,MEM-12155
PAS-10650,CLM-00826,Viraj,,Srivastava,Viraj Srivastava,VOTER-C245109,97066181608,viraj84@hotmail.com,M,1977-08-15,Colleague,
PAS-10651,CLM-00826,Praneel,,Manda,Praneel Manda,UID-202558836996,98428917022,praneel20@rediffmail.com,M,1970-10-28,Friend,
PAS-10652,CLM-00826,Nitara,,Chandra,Nitara Chandra,AADHAR-9621-4445-3597,98375465457,nitara91@rediffmail.com,F,1956-08-20,Relative,
PAS-10653,CLM-00826,Jyoti,,Bahl,Jyoti Bahl,UID-565780044394,98537999527,jyoti44@live.com,F,1973-05-16,Relative,
PAS-10654,CLM-02888,Yashodhara,,Pillai,Yashodhara Pillai,VOTER-E720403,97979411236,yashodhara91@live.com,F,2024-04-09,Colleague,
PAS-10655,CLM-02888,Aarnav,,Devi,Aarnav Devi,AADHAR-7509-6833-8086,99856949936,aarnav47@outlook.co.in,M,1970-02-07,Colleague,
PAS-10656,CLM-02888,Wriddhish,,Singhal,Wriddhish Singhal,AADHAR-1869-8712-2870,99743735026,wriddhish13@hotmail.com,M,1997-03-20,Daughter,MEM-12637
PAS-10657,CLM-01575,Imaran,,Radhakrishnan,Imaran Radhakrishnan,AADHAR-8364-4909-9518,97539219933,imaran91@outlook.co.in,M,2003-12-19,Friend,
PAS-10658,CLM-01575,Daniel,,Munshi,Daniel Munshi,UID-878029776171,97462260492,daniel74@yahoo.com,M,1987-12-16,Relative,
PAS-10659,CLM-00449,Bachittar,,Nadig,Bachittar Nadig,UID-809059372868,99352334410,bachittar37@live.com,M,1966-05-09,Relative,
PAS-10660,CLM-01362,Om,,Sethi,Om Sethi,VOTER-D684478,98724566668,om87@rediffmail.com,M,2006-06-08,Colleague,
PAS-10661,CLM-00414,Aarush,,Prabhakar,Aarush Prabhakar,VOTER-D871754,98576430627,aarush93@outlook.co.in,M,2004-12-19,Friend,
PAS-10662,CLM-00414,Garima,,Narasimhan,Garima Narasimhan,AADHAR-2611-7732-7557,98713249805,garima48@yahoo.com,F,1996-01-03,Colleague,
PAS-10663,CLM-00363,Sai,,Karnik,Sai Karnik,UID-201346279110,99020514063,sai93@hotmail.com,M,1975-07-27,Relative,
PAS-10664,CLM-01369,Bhavani,,Nath,Bhavani Nath,UID-829305242032,98194003113,bhavani17@outlook.co.in,F,1963-04-11,Colleague,
PAS-10665,CLM-01369,Mitali,,Devi,Mitali Devi,AADHAR-4783-1855-3818,98322351900,mitali65@rediffmail.com,F,1973-11-09,Friend,
PAS-10666,CLM-01195,Caleb,,Tella,Caleb Tella,AADHAR-9145-9219-6777,97226118636,caleb71@rediffmail.com,M,1966-09-27,Colleague,
PAS-10667,CLM-01195,Wridesh,,Pant,Wridesh Pant,UID-669934593064,99322485646,wridesh88@gmail.com,M,2005-09-07,Relative,
PAS-10668,CLM-01195,Ekiya,,Banik,Ekiya Banik,UID-910718258789,97332246735,ekiya44@outlook.co.in,F,1959-09-05,Colleague,
PAS-10669,CLM-01223,Noah,,Datta,Noah Datta,UID-738613080115,97631627393,noah69@rediffmail.com,M,2011-02-04,Friend,
PAS-10670,CLM-01223,Ekanta,,Ganesh,Ekanta Ganesh,VOTER-D356944,98870696558,ekanta21@outlook.co.in,F,2001-04-12,Colleague,
PAS-10671,CLM-01499,Warjas,,Hayer,Warjas Hayer,AADHAR-1720-9872-3651,98805849057,warjas66@outlook.co.in,M,2009-08-15,Friend,
PAS-10672,CLM-01499,Mitesh,,Contractor,Mitesh Contractor,VOTER-A829347,97512462408,mitesh87@outlook.co.in,M,2013-10-18,Relative,
PAS-10673,CLM-01009,Abeer,,Chaudhari,Abeer Chaudhari,VOTER-D397293,97416170971,abeer27@outlook.co.in,M,1962-01-06,Friend,
PAS-10674,CLM-01009,Krisha,,Ranganathan,Krisha Ranganathan,AADHAR-5290-2587-5938,99207641621,krisha18@rediffmail.com,F,1988-06-01,Friend,MEM-13232
PAS-10675,CLM-01759,Harshil,,Bose,Harshil Bose,AADHAR-6304-6517-4181,99931775288,harshil93@live.com,M,1978-01-24,Relative,
PAS-10676,CLM-01759,Krishna,,Nath,Krishna Nath,VOTER-A642988,97962497754,krishna83@rediffmail.com,M,2018-09-01,Unknown,
PAS-10677,CLM-01759,Kiaan,,Deep,Kiaan Deep,VOTER-E634399,98451443515,kiaan73@outlook.co.in,M,1987-03-25,Colleague,
PAS-10678,CLM-01759,Orinder,,Sekhon,Orinder Sekhon,VOTER-D507679,99278079447,orinder35@live.com,M,1963-11-28,Friend,
PAS-10679,CLM-02234,Sudiksha,,Mittal,Sudiksha Mittal,AADHAR-6370-6568-5130,98720825854,sudiksha87@live.com,F,1956-04-01,Relative,
PAS-10680,CLM-02234,Zinal,,Narang,Zinal Narang,VOTER-D813919,99758094034,zinal36@rediffmail.com,F,1985-02-11,Colleague,
PAS-10681,CLM-02234,Rohan,,Lata,Rohan Lata,AADHAR-9483-2196-1739,97154476843,rohan13@hotmail.com,M,1992-10-07,Parent,MEM-13399
PAS-10682,CLM-02234,Rachita,,Dar,Rachita Dar,UID-183811420079,99137347976,rachita39@gmail.com,F,2020-04-10,Relative,
PAS-10683,CLM-01947,Waida,,Gopal,Waida Gopal,AADHAR-2122-8307-3165,99030650210,waida67@rediffmail.com,F,1981-07-26,Relative,
PAS-10684,CLM-01947,Quincy,,Subramanian,Quincy Subramanian,UID-970786783537,97611973706,quincy91@gmail.com,M,1996-10-11,Colleague,
PAS-10685,CLM-01947,Yashawini,,Kaur,Yashawini Kaur,VOTER-C442639,97233506393,yashawini83@outlook.co.in,F,2004-01-11,Relative,
PAS-10686,CLM-01970,Raagini,,Palan,Raagini Palan,AADHAR-6778-2710-1218,97778094917,raagini57@outlook.co.in,F,1966-11-28,Relative,
PAS-10687,CLM-01970,Ishaan,,Anne,Ishaan Anne,AADHAR-8218-3427-6568,99482482630,ishaan63@outlook.co.in,M,2006-12-31,Friend,
PAS-10688,CLM-01970,Theodore,,Butala,Theodore Butala,VOTER-E379201,97254773268,theodore77@rediffmail.com,M,1985-04-05,Colleague,MEM-11095
PAS-10689,CLM-01970,Raagini,,Ahuja,Raagini Ahuja,UID-744210033256,99871533863,raagini88@outlook.co.in,F,1957-01-25,Unknown,
PAS-10690,CLM-02754,Veer,,Sarma,Veer Sarma,VOTER-B456361,98743975862,veer40@live.com,M,2015-09-12,Colleague,
PAS-10691,CLM-02630,Kashish,,Venkatesh,Kashish Venkatesh,UID-870926915153,98151542939,kashish75@rediffmail.com,F,1957-02-23,Colleague,
PAS-10692,CLM-02630,Balveer,,Basak,Balveer Basak,VOTER-C977125,97184569924,balveer66@live.com,M,2000-02-25,Friend,
PAS-10693,CLM-02630,Damyanti,,Munshi,Damyanti Munshi,UID-135088925348,98756485163,damyanti27@gmail.com,F,1961-04-06,Relative,
PAS-10694,CLM-02630,Aadi,,Jhaveri,Aadi Jhaveri,AADHAR-4840-8051-7856,98678614031,aadi46@gmail.com,M,1983-03-14,Friend,
PAS-10695,CLM-01972,Ishwar,,Jain,Ishwar Jain,VOTER-D551836,98625931867,ishwar60@rediffmail.com,M,2007-03-31,Colleague,MEM-11446
PAS-10696,CLM-01972,Vihaan,,Konda,Vihaan Konda,AADHAR-6493-7045-3172,97821689851,vihaan49@yahoo.com,M,1957-06-18,Colleague,
PAS-10697,CLM-01509,Christopher,,Karpe,Christopher Karpe,UID-143034238711,97975342885,christopher25@gmail.com,M,1960-03-13,Friend,
PAS-10698,CLM-01509,Edhitha,,Hayer,Edhitha Hayer,UID-234338003499,99662175508,edhitha11@gmail.com,F,2017-09-21,Colleague,
PAS-10699,CLM-01569,Aayush,,Sandal,Aayush Sandal,UID-634835696208,99610737313,aayush16@live.com,M,1993-01-01,Friend,
PAS-10700,CLM-01569,Sathvik,,Palla,Sathvik Palla,UID-609294527562,99362463404,sathvik67@yahoo.com,M,2007-03-10,Friend,
PAS-10701,CLM-01569,Inaya,,Garde,Inaya Garde,UID-409164769360,99006442551,inaya72@live.com,F,1965-07-30,Unknown,
PAS-10702,CLM-01740,Andrew,,Venkatesh,Andrew Venkatesh,AADHAR-8419-8530-1359,98043251179,andrew91@yahoo.com,M,1985-07-27,Relative,
PAS-10703,CLM-01740,Eta,,Gulati,Eta Gulati,VOTER-B498710,98722622341,eta27@yahoo.com,F,1985-08-27,Friend,
PAS-10704,CLM-01740,Ati,,Prabhakar,Ati Prabhakar,AADHAR-9926-7324-5035,98508423037,ati30@yahoo.com,F,1991-04-05,Colleague,
PAS-10705,CLM-01740,Aadi,,Dave,Aadi Dave,AADHAR-3004-6135-3016,98256828464,aadi83@outlook.co.in,M,1994-03-23,Relative,
PAS-10706,CLM-00956,Harita,,Mukherjee,Harita Mukherjee,UID-417743261898,98411196226,harita50@hotmail.com,F,1995-08-04,Relative,
PAS-10707,CLM-00956,Yasti,,Muni,Yasti Muni,AADHAR-9168-3217-6001,97567826653,yasti68@rediffmail.com,F,2005-12-19,Friend,
PAS-10708,CLM-00956,Zinal,,Dua,Zinal Dua,VOTER-A406119,98816392698,zinal65@gmail.com,F,1968-07-06,Relative,
PAS-10709,CLM-00956,Imaran,,Bhandari,Imaran Bhandari,AADHAR-2865-6596-3659,98852375798,imaran41@gmail.com,M,1964-02-04,Colleague,
PAS-10710,CLM-01913,Daksh,,Dass,Daksh Dass,AADHAR-2182-5443-8370,97017972946,daksh26@gmail.com,M,2000-08-26,Friend,
PAS-10711,CLM-01913,Krisha,,Venkataraman,Krisha Venkataraman,AADHAR-7277-6046-4911,98234001880,krisha71@hotmail.com,F,2014-05-31,Colleague,
PAS-10712,CLM-01913,Madhav,,Palla,Madhav Palla,UID-269815620226,97747434960,madhav46@gmail.com,M,1987-05-15,Parent,MEM-12649
PAS-10713,CLM-01702,Omkaar,,Ratta,Omkaar Ratta,VOTER-C552337,97757836943,omkaar37@gmail.com,M,1976-04-21,Parent,MEM-11489
PAS-10714,CLM-01366,Eshana,,Lata,Eshana Lata,AADHAR-5380-9578-9592,99292689711,eshana91@hotmail.com,F,1976-03-27,Spouse,MEM-13280
PAS-10715,CLM-02613,Ranveer,,Gandhi,Ranveer Gandhi,AADHAR-9236-1557-1757,97565281859,ranveer62@yahoo.com,M,2014-07-28,Friend,
PAS-10716,CLM-02085,Balvan,,Ratta,Balvan Ratta,VOTER-D942569,98781436330,balvan84@hotmail.com,M,1974-02-03,Friend,
PAS-10717,CLM-02085,Nilima,,Nagi,Nilima Nagi,UID-660699728735,97364519839,nilima64@outlook.co.in,F,1984-10-21,Colleague,
PAS-10718,CLM-01421,Hemal,,Jaggi,Hemal Jaggi,VOTER-D738948,99199924168,hemal14@outlook.co.in,F,1991-09-02,Friend,
PAS-10719,CLM-01421,Manya,,Krishna,Manya Krishna,UID-850845512945,97617892663,manya88@outlook.co.in,F,2001-11-23,Spouse,MEM-12320
PAS-10720,CLM-01421,Nitesh,,Singhal,Nitesh Singhal,AADHAR-4242-3817-1133,97560751005,nitesh65@gmail.com,M,2001-01-18,Colleague,MEM-10561
PAS-10721,CLM-01421,Balendra,,Nadig,Balendra Nadig,VOTER-C290703,98031160953,balendra22@live.com,M,1971-08-05,Friend,
PAS-10722,CLM-01889,Omkaar,,Subramaniam,Omkaar Subramaniam,AADHAR-2975-7316-6857,97458679412,omkaar30@gmail.com,M,2000-07-30,Friend,
PAS-10723,CLM-01889,Triveni,,Minhas,Triveni Minhas,AADHAR-5127-1057-7920,98719821477,triveni86@yahoo.com,F,1973-02-15,Unknown,
PAS-10724,CLM-02955,Zinal,,Shah,Zinal Shah,AADHAR-4493-3925-9385,97492282221,zinal13@outlook.co.in,F,1957-07-01,Unknown,
PAS-10725,CLM-02955,Patrick,,Palla,Patrick Palla,VOTER-E237618,99230228206,patrick86@live.com,M,2010-02-26,Unknown,
PAS-10726,CLM-02955,Niharika,,Aggarwal,Niharika Aggarwal,VOTER-B524068,98162040676,niharika32@hotmail.com,F,1992-03-19,Friend,
PAS-10727,CLM-01331,Mitesh,,Venkatesh,Mitesh Venkatesh,UID-954573504178,97245252067,mitesh36@rediffmail.com,M,1999-02-28,Parent,MEM-11301
PAS-10728,CLM-01331,Ronith,,Kamdar,Ronith Kamdar,AADHAR-1866-9540-3627,99181600926,ronith69@rediffmail.com,M,1962-11-09,Colleague,
PAS-10729,CLM-01331,Nandini,,Pandit,Nandini Pandit,VOTER-C968568,97731644433,nandini49@rediffmail.com,F,1998-07-23,Spouse,MEM-12237
PAS-10730,CLM-01331,Abdul,,Venkataraman,Abdul Venkataraman,VOTER-A465078,98527441333,abdul98@gmail.com,M,2020-06-30,Unknown,
PAS-10731,CLM-00925,Dominic,,Subramaniam,Dominic Subramaniam,AADHAR-1964-3016-1746,97450860962,dominic40@live.com,M,2021-11-25,Friend,
PAS-10732,CLM-00925,Bahadurjit,,Munshi,Bahadurjit Munshi,AADHAR-7334-8655-1176,98320182336,bahadurjit84@outlook.co.in,M,1967-05-18,Relative,
PAS-10733,CLM-01052,Pushti,,Palla,Pushti Palla,UID-785190439691,97684716231,pushti57@outlook.co.in,F,2006-11-03,Colleague,
PAS-10734,CLM-02454,Fitan,,Mohan,Fitan Mohan,AADHAR-2996-6822-7607,99250029531,fitan95@yahoo.com,M,1956-11-14,Colleague,
PAS-10735,CLM-02454,Gauri,,Pathak,Gauri Pathak,AADHAR-9816-9636-5911,99523768887,gauri60@hotmail.com,F,1988-10-27,Colleague,
PAS-10736,CLM-02454,Qarin,,Bahri,Qarin Bahri,UID-840135504940,98622671965,qarin41@rediffmail.com,M,1973-07-10,Relative,MEM-12277
PAS-10737,CLM-02454,Oeshi,,Bhardwaj,Oeshi Bhardwaj,UID-784348105320,98575324550,oeshi29@yahoo.com,F,1977-08-27,Friend,
PAS-10738,CLM-01467,Omkaar,,Virk,Omkaar Virk,VOTER-C215876,98985266392,omkaar27@outlook.co.in,M,2022-10-14,Colleague,
PAS-10739,CLM-02845,Geetika,,Prabhakar,Geetika Prabhakar,UID-162178357860,97711409421,geetika48@rediffmail.com,F,1991-09-19,Relative,MEM-13141
PAS-10740,CLM-01724,Zansi,,Vasa,Zansi Vasa,UID-759427907688,98889944467,zansi83@live.com,F,1980-10-18,Relative,
PAS-10741,CLM-01724,Pratyush,,Sani,Pratyush Sani,UID-831348090307,98304256300,pratyush49@rediffmail.com,M,1957-07-06,Colleague,
PAS-10742,CLM-01724,Amrita,,Thakkar,Amrita Thakkar,UID-462283248060,97251512331,amrita77@gmail.com,F,1979-04-07,Parent,MEM-10393
PAS-10743,CLM-01724,Wazir,,Mahal,Wazir Mahal,UID-922229881040,99937178531,wazir68@rediffmail.com,M,1986-12-25,Relative,
PAS-10744,CLM-02628,Pushti,,De,Pushti De,UID-345159496425,97752564138,pushti88@outlook.co.in,F,1964-05-04,Son,MEM-12420
PAS-10745,CLM-02628,Radhika,,Bora,Radhika Bora,VOTER-B971412,98964433174,radhika18@outlook.co.in,F,1998-06-03,Friend,
PAS-10746,CLM-02628,Harinakshi,,Aurora,Harinakshi Aurora,UID-763697019155,99774125264,harinakshi57@rediffmail.com,F,1956-07-14,Unknown,
PAS-10747,CLM-02278,Avni,,Sampath,Avni Sampath,AADHAR-5228-3816-7612,98536832957,avni84@gmail.com,F,2008-08-21,Friend,
PAS-10748,CLM-00125,Utkarsh,,Nigam,Utkarsh Nigam,UID-228153829392,97018168402,utkarsh44@gmail.com,M,1962-06-04,Friend,
PAS-10749,CLM-00125,Rajeshri,,Saini,Rajeshri Saini,VOTER-B204884,99491320111,rajeshri12@yahoo.com,F,2003-12-24,Relative,
PAS-10750,CLM-00629,Warda,,Gopal,Warda Gopal,VOTER-C408462,99150396978,warda27@yahoo.com,F,1968-07-29,Colleague,
PAS-10751,CLM-00629,Qasim,,Garg,Qasim Garg,AADHAR-8294-5850-7417,98669398196,qasim76@gmail.com,M,1972-03-17,Colleague,MEM-12599
PAS-10752,CLM-00629,Waida,,Sinha,Waida Sinha,AADHAR-1510-4398-7700,97325314017,waida60@hotmail.com,F,1986-06-22,Unknown,
PAS-10753,CLM-00629,Yauvani,,Guha,Yauvani Guha,UID-674014021938,97932065115,yauvani84@rediffmail.com,F,1996-10-11,Unknown,
PAS-10754,CLM-02679,Laksh,,Patla,Laksh Patla,VOTER-D970568,99596084294,laksh58@gmail.com,M,2018-08-02,Unknown,
PAS-10755,CLM-02679,Indali,,Aurora,Indali Aurora,UID-568017811972,97982891333,indali40@rediffmail.com,F,2002-12-02,Unknown,
PAS-10756,CLM-02679,Jackson,,Bedi,Jackson Bedi,UID-658973138628,98989639237,jackson35@hotmail.com,M,1955-06-12,Relative,
PAS-10757,CLM-02679,Nachiket,,Rajagopalan,Nachiket Rajagopalan,VOTER-B323255,97440714411,nachiket36@yahoo.com,M,1971-08-28,Relative,
PAS-10758,CLM-00079,Dev,,Kari,Dev Kari,AADHAR-4012-5319-3631,99787415686,dev49@outlook.co.in,M,1981-03-11,Relative,
PAS-10759,CLM-01906,Aachal,,Dave,Aachal Dave,AADHAR-5073-2133-8424,97322507293,aachal42@live.com,F,2009-04-15,Relative,
PAS-10760,CLM-01906,Aarav,,Garde,Aarav Garde,AADHAR-8114-2121-4437,98045647006,aarav50@gmail.com,M,1970-06-12,Friend,
PAS-10761,CLM-01906,Urishilla,,Talwar,Urishilla Talwar,AADHAR-1415-9202-8798,99776393732,urishilla93@gmail.com,F,1981-04-16,Relative,
PAS-10762,CLM-00641,Advika,,Kari,Advika Kari,VOTER-E345606,99509077087,advika12@yahoo.com,F,1994-04-02,Relative,
PAS-10763,CLM-01273,Anamika,,Nagar,Anamika Nagar,VOTER-D727853,98122265469,anamika40@hotmail.com,F,2003-07-16,Friend,
PAS-10764,CLM-02183,Om,,Khatri,Om Khatri,UID-145168042103,99204072862,om74@hotmail.com,M,2022-11-07,Unknown,
PAS-10765,CLM-02183,Krish,,Parmar,Krish Parmar,VOTER-B180033,98470167240,krish50@outlook.co.in,M,1965-10-30,Relative,
PAS-10766,CLM-02183,Leena,,Pandit,Leena Pandit,VOTER-E813695,98141284344,leena48@gmail.com,F,2011-09-16,Colleague,
PAS-10767,CLM-02183,Adya,,Nadig,Adya Nadig,UID-743158013013,98666029715,adya36@rediffmail.com,F,1988-07-21,Daughter,MEM-12575
PAS-10768,CLM-02068,Wahab,,Patla,Wahab Patla,UID-499339174389,97350306018,wahab24@rediffmail.com,M,1957-12-21,Relative,
PAS-10769,CLM-02068,Wridesh,,Viswanathan,Wridesh Viswanathan,AADHAR-3214-7556-7582,99615802154,wridesh49@rediffmail.com,M,1969-06-29,Friend,
PAS-10770,CLM-02068,Tristan,,Mandal,Tristan Mandal,AADHAR-5649-7448-3294,98172112547,tristan16@gmail.com,M,1963-06-04,Unknown,
PAS-10771,CLM-02508,Omya,,Mann,Omya Mann,AADHAR-2875-1944-9164,99334782745,omya22@gmail.com,F,2004-05-15,Friend,MEM-13264
PAS-10772,CLM-02508,Fitan,,Nadkarni,Fitan Nadkarni,UID-704513629834,98818633945,fitan70@hotmail.com,M,1993-07-16,Friend,
PAS-10773,CLM-02508,Jeremiah,,Pradhan,Jeremiah Pradhan,VOTER-E478889,97350927909,jeremiah93@rediffmail.com,M,1966-12-16,Relative,MEM-12499
PAS-10774,CLM-02508,Girindra,,Pradhan,Girindra Pradhan,VOTER-B438864,99847516523,girindra42@rediffmail.com,M,1978-03-24,Relative,
PAS-10775,CLM-01276,Vedhika,,Ratta,Vedhika Ratta,AADHAR-3216-1007-9570,97974514993,vedhika28@outlook.co.in,F,1962-11-29,Relative,
PAS-10776,CLM-01276,Vivaan,,Borah,Vivaan Borah,VOTER-B112499,97546109801,vivaan34@yahoo.com,M,1995-01-14,Unknown,
PAS-10777,CLM-01276,Balvan,,Kade,Balvan Kade,UID-239950403041,98887509195,balvan75@yahoo.com,M,1981-10-20,Colleague,
PAS-10778,CLM-01276,Ikshita,,Salvi,Ikshita Salvi,AADHAR-3365-9078-9518,99971128810,ikshita63@yahoo.com,F,1973-04-27,Colleague,
PAS-10779,CLM-01672,Vamakshi,,Deshpande,Vamakshi Deshpande,UID-609384460473,97671284930,vamakshi10@hotmail.com,F,1981-12-20,Unknown,
PAS-10780,CLM-01672,Shaurya,,Sani,Shaurya Sani,VOTER-A999663,99349929632,shaurya36@live.com,M,1959-05-15,Relative,
PAS-10781,CLM-01672,Gautam,,Dyal,Gautam Dyal,UID-121018827022,98092055975,gautam71@yahoo.com,M,1988-12-12,Friend,
PAS-10782,CLM-01672,Frado,,Kothari,Frado Kothari,VOTER-A289515,98376740221,frado86@hotmail.com,M,1958-03-14,Friend,
PAS-10783,CLM-01519,Laksh,,Date,Laksh Date,UID-565913081109,99252374056,laksh18@rediffmail.com,M,1964-12-17,Colleague,
PAS-10784,CLM-02151,Wridesh,,Nayar,Wridesh Nayar,AADHAR-9476-6196-5556,97028806762,wridesh30@outlook.co.in,M,1962-08-19,Colleague,
PAS-10785,CLM-02151,Oscar,,Dave,Oscar Dave,AADHAR-8689-9167-7788,98773873706,oscar72@yahoo.com,M,1957-06-09,Unknown,
PAS-10786,CLM-02151,Lipika,,Kala,Lipika Kala,VOTER-E452540,99237122004,lipika62@hotmail.com,F,1997-02-17,Unknown,
PAS-10787,CLM-02151,Chandani,,Mani,Chandani Mani,AADHAR-2311-7351-5194,97082292949,chandani74@yahoo.com,F,1963-11-05,Unknown,
PAS-10788,CLM-02872,Chatresh,,Balakrishnan,Chatresh Balakrishnan,VOTER-E461097,98177497672,chatresh39@gmail.com,M,1961-05-21,Relative,MEM-13199
PAS-10789,CLM-02872,Pavani,,Vasa,Pavani Vasa,UID-552015150240,98457892195,pavani88@live.com,F,1962-04-12,Parent,MEM-10425
PAS-10790,CLM-02872,Anirudh,,Manne,Anirudh Manne,AADHAR-4087-2641-5577,98235994834,anirudh17@hotmail.com,M,1956-07-04,Relative,
PAS-10791,CLM-02872,Falan,,Sidhu,Falan Sidhu,VOTER-A282077,99788578131,falan38@rediffmail.com,M,1963-04-11,Daughter,MEM-12117
PAS-10792,CLM-01551,Vincent,,Walla,Vincent Walla,AADHAR-9091-6809-4700,99323204610,vincent60@yahoo.com,M,1993-11-22,Relative,
PAS-10793,CLM-01551,Anamika,,Buch,Anamika Buch,UID-970143455716,97477547019,anamika69@hotmail.com,F,1993-04-12,Friend,
PAS-10794,CLM-02907,Niharika,,Buch,Niharika Buch,VOTER-E424350,98571040881,niharika32@hotmail.com,F,1955-03-22,Relative,
PAS-10795,CLM-02907,Nakul,,Shroff,Nakul Shroff,VOTER-C525986,97250820373,nakul67@outlook.co.in,M,1997-05-26,Unknown,
PAS-10796,CLM-02907,Sarthak,,Dada,Sarthak Dada,AADHAR-2113-8314-1522,99535544388,sarthak42@outlook.co.in,M,2016-12-09,Friend,
PAS-10797,CLM-00364,Harshil,,Walla,Harshil Walla,UID-819236799316,98835680771,harshil73@hotmail.com,M,1960-02-05,Friend,
PAS-10798,CLM-00364,Kritika,,Dave,Kritika Dave,VOTER-E849397,98353116768,kritika97@live.com,F,1976-04-20,Relative,
PAS-10799,CLM-01049,Watika,,Ghose,Watika Ghose,UID-439623147522,99755153245,watika26@rediffmail.com,F,1977-06-03,Colleague,
PAS-10800,CLM-01049,Vedant,,Sanghvi,Vedant Sanghvi,AADHAR-4772-2507-8255,97509885220,vedant92@live.com,M,2006-05-07,Unknown,
PAS-10801,CLM-01637,Urishilla,,Bhattacharyya,Urishilla Bhattacharyya,VOTER-A408955,99645968058,urishilla53@rediffmail.com,F,2022-08-13,Relative,
PAS-10802,CLM-02103,Nitesh,,Parekh,Nitesh Parekh,UID-718155953682,99394625326,nitesh92@hotmail.com,M,1996-01-20,Unknown,
PAS-10803,CLM-02103,Geetika,,Sibal,Geetika Sibal,UID-793631414325,97962521861,geetika58@yahoo.com,F,1962-06-26,Colleague,
PAS-10804,CLM-01877,Anjali,,Sankaran,Anjali Sankaran,VOTER-B811072,97915138190,anjali98@rediffmail.com,F,1965-05-28,Unknown,
PAS-10805,CLM-01877,Saumya,,Swaminathan,Saumya Swaminathan,AADHAR-2903-8825-8825,99291019461,saumya23@rediffmail.com,F,2007-01-08,Friend,
PAS-10806,CLM-01877,Eiravati,,Samra,Eiravati Samra,VOTER-D466793,98351080773,eiravati91@hotmail.com,F,2016-11-18,Colleague,
PAS-10807,CLM-01891,Chaaya,,Nori,Chaaya Nori,UID-168891567297,97877669399,chaaya30@hotmail.com,F,2008-11-03,Colleague,
PAS-10808,CLM-01891,Ranveer,,Kade,Ranveer Kade,UID-575126368724,98559260060,ranveer40@hotmail.com,M,1983-07-02,Friend,
PAS-10809,CLM-01891,Vinaya,,Bhardwaj,Vinaya Bhardwaj,UID-978450979801,98855541343,vinaya46@outlook.co.in,F,1977-03-07,Colleague,
PAS-10810,CLM-01891,Varenya,,Sami,Varenya Sami,AADHAR-7933-4249-2867,97500758060,varenya99@live.com,F,1983-08-14,Friend,
PAS-10811,CLM-00324,Ansh,,Palan,Ansh Palan,AADHAR-2301-1109-1819,98782237680,ansh46@outlook.co.in,M,2013-04-04,Unknown,
PAS-10812,CLM-02213,Yochana,,Saraf,Yochana Saraf,UID-342642225580,99663020132,yochana91@hotmail.com,F,1966-02-06,Unknown,
PAS-10813,CLM-01826,Yauvani,,Dora,Yauvani Dora,AADHAR-1302-7115-6344,97911104262,yauvani86@live.com,F,2020-11-04,Unknown,
PAS-10814,CLM-00620,Lipika,,Srivastava,Lipika Srivastava,UID-183510594747,98314464234,lipika73@outlook.co.in,F,1985-03-14,Friend,
PAS-10815,CLM-00620,Dakshesh,,Choudhury,Dakshesh Choudhury,UID-192896347877,97882051389,dakshesh25@live.com,M,1987-07-11,Unknown,
PAS-10816,CLM-00970,Wahab,,Manda,Wahab Manda,UID-828834822669,98486767863,wahab11@live.com,M,1971-10-27,Friend,
PAS-10817,CLM-00970,Bakhshi,,Soman,Bakhshi Soman,AADHAR-1774-3735-8772,97384487647,bakhshi48@yahoo.com,M,2003-03-24,Unknown,
PAS-10818,CLM-00749,Eesha,,Khalsa,Eesha Khalsa,UID-332158409185,97581209100,eesha36@hotmail.com,F,1964-06-06,Parent,MEM-11587
PAS-10819,CLM-00749,Shivani,,Barad,Shivani Barad,VOTER-E339261,99890651497,shivani80@yahoo.com,F,2007-08-19,Relative,
PAS-10820,CLM-02714,Aachal,,Chana,Aachal Chana,UID-612564918916,97370545992,aachal98@yahoo.com,F,1979-12-22,Friend,MEM-10645
PAS-10821,CLM-02602,Upadhriti,,Panchal,Upadhriti Panchal,UID-727867871842,97947965116,upadhriti26@yahoo.com,F,1958-04-10,Friend,
PAS-10822,CLM-02602,Patrick,,Ravi,Patrick Ravi,VOTER-C929559,97382464413,patrick50@rediffmail.com,M,1982-03-19,Relative,
PAS-10823,CLM-02602,Gavin,,Mand,Gavin Mand,VOTER-A221661,99901398729,gavin82@yahoo.com,M,2021-12-06,Colleague,
PAS-10824,CLM-02093,Xiti,,Ganesh,Xiti Ganesh,AADHAR-2548-2658-2829,98347747392,xiti74@rediffmail.com,F,2012-04-27,Unknown,
PAS-10825,CLM-02093,Aashi,,Gupta,Aashi Gupta,UID-833036984548,97896460747,aashi51@hotmail.com,F,1968-08-18,Relative,MEM-12554
PAS-10826,CLM-02093,Widisha,,Purohit,Widisha Purohit,AADHAR-4116-2716-8009,99265127368,widisha20@yahoo.com,F,1985-11-24,Friend,
PAS-10827,CLM-01485,Isaac,,Arora,Isaac Arora,AADHAR-8554-8798-1679,97173300314,isaac80@live.com,M,2005-04-23,Friend,
PAS-10828,CLM-00486,Pranav,,Chandran,Pranav Chandran,UID-110232693846,97802357660,pranav74@gmail.com,M,1963-09-01,Relative,
PAS-10829,CLM-00486,Ekanta,,Pillay,Ekanta Pillay,VOTER-C397955,98066973609,ekanta35@live.com,F,1985-05-04,Friend,
PAS-10830,CLM-00486,Aishani,,Anne,Aishani Anne,VOTER-E806426,99691535180,aishani45@live.com,F,1965-01-16,Relative,MEM-10303
PAS-10831,CLM-00486,Jeremiah,,Chada,Jeremiah Chada,VOTER-C454273,97114441190,jeremiah27@rediffmail.com,M,2020-09-25,Unknown,
PAS-10832,CLM-00108,Umang,,Chaudhuri,Umang Chaudhuri,VOTER-C666143,98333313572,umang65@outlook.co.in,M,1972-06-01,Colleague,
PAS-10833,CLM-00108,Farhan,,Prashad,Farhan Prashad,AADHAR-1783-7917-4068,98756393614,farhan80@outlook.co.in,M,1976-01-15,Relative,
PAS-10834,CLM-02315,Aayush,,Shetty,Aayush Shetty,AADHAR-4285-8763-9971,98197992086,aayush77@live.com,M,2009-11-14,Relative,
PAS-10835,CLM-02315,Hitesh,,Kapadia,Hitesh Kapadia,AADHAR-4440-3723-6094,99328044213,hitesh34@gmail.com,M,1987-05-07,Unknown,
PAS-10836,CLM-02315,Nirja,,Singhal,Nirja Singhal,UID-163555151383,97154911928,nirja57@yahoo.com,F,1991-03-28,Relative,
PAS-10837,CLM-00697,Girindra,,Bandi,Girindra Bandi,UID-397693695614,97187283499,girindra65@gmail.com,M,1958-12-09,Friend,
PAS-10838,CLM-00697,Chandran,,Nigam,Chandran Nigam,UID-303045197940,99601478525,chandran54@yahoo.com,M,1963-03-31,Son,MEM-12703
PAS-10839,CLM-00697,Idika,,Dani,Idika Dani,UID-152613893515,98542650667,idika45@hotmail.com,F,1965-07-07,Relative,
PAS-10840,CLM-01882,Hiral,,Sandhu,Hiral Sandhu,UID-533889607200,99736574334,hiral59@live.com,F,1968-05-19,Daughter,MEM-12100
PAS-10841,CLM-01882,Vasana,,Doctor,Vasana Doctor,VOTER-C122281,98547726942,vasana63@live.com,F,1968-05-22,Colleague,
PAS-10842,CLM-01882,Ekansh,,Tata,Ekansh Tata,UID-705784806586,97866942506,ekansh59@outlook.co.in,M,1959-01-27,Relative,
PAS-10843,CLM-01882,Christopher,,Suresh,Christopher Suresh,AADHAR-4484-2487-2905,98321662678,christopher27@rediffmail.com,M,1971-06-17,Relative,
PAS-10844,CLM-00618,Vedant,,Kar,Vedant Kar,VOTER-B582956,99955736691,vedant93@hotmail.com,M,1976-08-01,Spouse,MEM-12843
PAS-10845,CLM-00618,Zayyan,,Raj,Zayyan Raj,UID-229142972901,99858805235,zayyan65@yahoo.com,M,1995-07-30,Colleague,
PAS-10846,CLM-00618,Barkha,,Sanghvi,Barkha Sanghvi,VOTER-D475105,99394336417,barkha86@rediffmail.com,F,1961-02-27,Colleague,
PAS-10847,CLM-00618,Vasana,,Bajwa,Vasana Bajwa,AADHAR-9998-4503-3661,97036767905,vasana92@hotmail.com,F,1971-11-04,Colleague,
PAS-10848,CLM-02924,Naksh,,Bora,Naksh Bora,UID-442091743942,97618104187,naksh40@yahoo.com,M,1970-08-04,Friend,
PAS-10849,CLM-02924,Arin,,Saran,Arin Saran,UID-235981965361,98626757024,arin98@gmail.com,M,1996-01-13,Friend,
PAS-10850,CLM-02924,Christopher,,Gopal,Christopher Gopal,AADHAR-8013-9795-3833,98061617347,christopher11@live.com,M,1955-08-13,Unknown,
PAS-10851,CLM-02924,Rachana,,Patla,Rachana Patla,UID-247534351549,97869136159,rachana23@live.com,F,1983-01-02,Colleague,
PAS-10852,CLM-02855,Faqid,,Padmanabhan,Faqid Padmanabhan,AADHAR-7463-9783-7199,97399692103,faqid40@outlook.co.in,M,1996-03-16,Unknown,
PAS-10853,CLM-02855,Pranav,,Dyal,Pranav Dyal,UID-701756690932,98697664181,pranav59@rediffmail.com,M,1997-12-05,Parent,MEM-11846
PAS-10854,CLM-02855,Ishita,,Kanda,Ishita Kanda,VOTER-A114007,97719517057,ishita80@gmail.com,F,1966-04-13,Unknown,
PAS-10855,CLM-02855,Xavier,,Vohra,Xavier Vohra,UID-369252720214,99591538909,xavier74@yahoo.com,M,1959-01-15,Unknown,
PAS-10856,CLM-02561,Vrishti,,Chadha,Vrishti Chadha,AADHAR-1919-4006-2321,98562730253,vrishti64@yahoo.com,F,1985-01-08,Friend,
PAS-10857,CLM-01869,Vinaya,,Banik,Vinaya Banik,AADHAR-2268-9841-6255,99528217516,vinaya69@hotmail.com,F,1958-06-14,Friend,
PAS-10858,CLM-00016,Rachit,,Rama,Rachit Rama,UID-229848218515,97390774456,rachit88@rediffmail.com,M,1988-01-01,Colleague,
PAS-10859,CLM-02188,Yug,,Sachar,Yug Sachar,VOTER-A984275,97768292624,yug77@gmail.com,M,1965-08-25,Relative,
PAS-10860,CLM-02188,Karan,,Gade,Karan Gade,UID-780730155596,99868688448,karan26@gmail.com,M,1978-08-05,Relative,
PAS-10861,CLM-01275,Aayush,,Bakshi,Aayush Bakshi,VOTER-E341603,97593980368,aayush59@outlook.co.in,M,1971-06-28,Friend,
PAS-10862,CLM-01060,Yauvani,,Kannan,Yauvani Kannan,AADHAR-2315-9786-9990,97991276721,yauvani84@yahoo.com,F,1979-04-20,Colleague,
PAS-10863,CLM-01060,Raagini,,Patla,Raagini Patla,UID-427978579177,97661204307,raagini24@gmail.com,F,2001-10-01,Friend,
PAS-10864,CLM-02518,Oeshi,,Sood,Oeshi Sood,VOTER-E953340,99881207175,oeshi27@live.com,F,1981-05-17,Unknown,
PAS-10865,CLM-02518,Qarin,,Kara,Qarin Kara,UID-412788289566,98000154877,qarin29@hotmail.com,M,1971-04-13,Unknown,
PAS-10866,CLM-02364,Nathan,,Shere,Nathan Shere,UID-760022613745,97872637032,nathan92@live.com,M,1995-03-21,Unknown,
PAS-10867,CLM-01305,Mahika,,Gill,Mahika Gill,AADHAR-3007-9765-7419,99637938617,mahika60@outlook.co.in,F,1971-06-14,Friend,
PAS-10868,CLM-01305,Chameli,,Dalal,Chameli Dalal,UID-369112505992,97915815653,chameli64@yahoo.com,F,1964-08-27,Unknown,
PAS-10869,CLM-02198,Pranav,,Hans,Pranav Hans,AADHAR-8583-8917-4706,99588657630,pranav49@yahoo.com,M,1971-09-08,Friend,
PAS-10870,CLM-02198,Nidhi,,Bhagat,Nidhi Bhagat,UID-315196504520,99823103333,nidhi71@gmail.com,F,1994-05-14,Relative,
PAS-10871,CLM-02681,Yochana,,Garg,Yochana Garg,AADHAR-9838-7848-7582,97906607884,yochana46@rediffmail.com,F,1957-04-13,Unknown,
PAS-10872,CLM-02681,Siddharth,,Sundaram,Siddharth Sundaram,UID-632912108162,97920759320,siddharth22@rediffmail.com,M,1989-06-30,Friend,
PAS-10873,CLM-02681,Warjas,,Rattan,Warjas Rattan,UID-547621500676,99692941718,warjas94@live.com,M,2002-11-19,Friend,
PAS-10874,CLM-02681,Charvi,,Balan,Charvi Balan,UID-755219168013,98213043617,charvi53@hotmail.com,F,1968-02-29,Friend,
PAS-10875,CLM-00912,Hardik,,Gour,Hardik Gour,VOTER-B969652,98516875733,hardik58@hotmail.com,M,1966-05-04,Spouse,MEM-11467
PAS-10876,CLM-00912,Sara,,Savant,Sara Savant,AADHAR-3155-7998-3076,97021450751,sara80@outlook.co.in,F,1977-11-29,Relative,
PAS-10877,CLM-00912,Aarnav,,Master,Aarnav Master,VOTER-B865131,97308464764,aarnav51@hotmail.com,M,1962-01-18,Colleague,
PAS-10878,CLM-01409,Gaurav,,Khare,Gaurav Khare,VOTER-A134225,98682638765,gaurav86@rediffmail.com,M,1983-06-23,Friend,
PAS-10879,CLM-02596,Ridhi,,Sinha,Ridhi Sinha,UID-634768952461,98038591987,ridhi79@outlook.co.in,F,1962-04-25,Colleague,
PAS-10880,CLM-02596,Fariq,,Iyer,Fariq Iyer,VOTER-E165477,98440835564,fariq95@hotmail.com,M,1997-04-05,Relative,MEM-11730
PAS-10881,CLM-02596,Balhaar,,Vyas,Balhaar Vyas,VOTER-C962335,99168150486,balhaar63@outlook.co.in,M,1972-02-21,Relative,
PAS-10882,CLM-02596,Chavvi,,Jaggi,Chavvi Jaggi,AADHAR-9762-4209-1615,97645617382,chavvi43@yahoo.com,F,2003-07-02,Friend,
PAS-10883,CLM-01090,Dalaja,,Mahajan,Dalaja Mahajan,UID-769041958630,99186249844,dalaja49@yahoo.com,F,2008-04-23,Relative,
PAS-10884,CLM-01059,Aishani,,Nagarajan,Aishani Nagarajan,UID-763911703390,97275272391,aishani72@yahoo.com,F,1993-03-09,Unknown,
PAS-10885,CLM-01059,Warhi,,Balan,Warhi Balan,UID-635187394910,99905433550,warhi87@gmail.com,F,1994-04-03,Unknown,
PAS-10886,CLM-02683,Yatan,,Bawa,Yatan Bawa,UID-916970599862,97393605973,yatan81@rediffmail.com,M,1999-03-09,Colleague,
PAS-10887,CLM-02683,Theodore,,Tiwari,Theodore Tiwari,AADHAR-5748-2100-2167,97447057614,theodore80@hotmail.com,M,1967-04-02,Friend,
PAS-10888,CLM-02683,Devansh,,Buch,Devansh Buch,AADHAR-4218-9014-2100,99613264964,devansh66@outlook.co.in,M,2014-03-11,Friend,
PAS-10889,CLM-00094,Darsh,,Modi,Darsh Modi,UID-703606401736,97082747863,darsh14@live.com,M,1998-04-03,Colleague,
PAS-10890,CLM-00094,Indali,,Bail,Indali Bail,VOTER-A977112,98878723110,indali54@yahoo.com,F,2011-08-04,Colleague,
PAS-10891,CLM-00094,Sathvik,,Oak,Sathvik Oak,AADHAR-6242-2214-6275,98333477492,sathvik23@hotmail.com,M,2023-08-16,Colleague,
PAS-10892,CLM-00094,Ekavir,,Kalita,Ekavir Kalita,VOTER-E694487,99266156367,ekavir62@live.com,M,2003-03-19,Relative,
PAS-10893,CLM-01361,Pushti,,Bassi,Pushti Bassi,AADHAR-3442-4236-2117,98031345397,pushti71@gmail.com,F,1997-07-01,Unknown,
PAS-10894,CLM-01237,Praneel,,Sankaran,Praneel Sankaran,UID-201941110958,97877044059,praneel66@yahoo.com,M,1983-01-26,Spouse,MEM-13073
PAS-10895,CLM-01237,Anthony,,Oommen,Anthony Oommen,AADHAR-1476-7416-8675,98350507711,anthony76@hotmail.com,M,2005-02-28,Colleague,MEM-11160
PAS-10896,CLM-01237,Jeevika,,Saha,Jeevika Saha,AADHAR-1252-1056-1227,99305897610,jeevika70@live.com,F,1982-04-21,Relative,
PAS-10897,CLM-02583,Laksh,,Bava,Laksh Bava,VOTER-C329558,97631551228,laksh75@rediffmail.com,M,1997-09-13,Relative,
PAS-10898,CLM-02583,Aashi,,Kant,Aashi Kant,VOTER-B976215,99504950929,aashi51@gmail.com,F,1969-01-27,Parent,MEM-10415
PAS-10899,CLM-01054,Barkha,,Kalita,Barkha Kalita,AADHAR-9041-7674-6787,97545687112,barkha92@gmail.com,F,2006-05-01,Relative,MEM-10602
PAS-10900,CLM-01054,Siddharth,,Chacko,Siddharth Chacko,VOTER-A660294,99756809322,siddharth65@gmail.com,M,1984-08-23,Son,MEM-11296
PAS-10901,CLM-01054,Saanvi,,Om,Saanvi Om,UID-868907674334,97034120872,saanvi68@hotmail.com,F,1987-12-11,Friend,
PAS-10902,CLM-02854,Falguni,,Shenoy,Falguni Shenoy,UID-406489222753,98251937752,falguni22@yahoo.com,F,2008-02-28,Colleague,
PAS-10903,CLM-02854,Reva,,Sastry,Reva Sastry,VOTER-B991556,98341637770,reva33@outlook.co.in,F,1997-09-30,Relative,
PAS-10904,CLM-01011,Bina,,Nadig,Bina Nadig,AADHAR-5092-1445-4790,98894453745,bina47@hotmail.com,F,1978-12-24,Son,MEM-11481
PAS-10905,CLM-02643,Sanya,,Guha,Sanya Guha,VOTER-E640748,98749046758,sanya71@rediffmail.com,F,2003-10-28,Unknown,
PAS-10906,CLM-01133,Keya,,Khosla,Keya Khosla,VOTER-E231281,98916419463,keya83@hotmail.com,F,1972-12-21,Relative,
PAS-10907,CLM-01133,Dominic,,Nagarajan,Dominic Nagarajan,AADHAR-5732-3576-2746,99483935625,dominic21@hotmail.com,M,2022-01-10,Unknown,
PAS-10908,CLM-01133,Krishna,,Bajwa,Krishna Bajwa,UID-944523448912,98021971458,krishna38@gmail.com,M,1996-04-26,Relative,
PAS-10909,CLM-01133,Zilmil,,Madan,Zilmil Madan,VOTER-E810582,99244330626,zilmil57@hotmail.com,F,1987-12-22,Unknown,
PAS-10910,CLM-00371,Vrinda,,Kale,Vrinda Kale,VOTER-D584397,99103551015,vrinda11@yahoo.com,F,1971-11-12,Colleague,
PAS-10911,CLM-00371,Madhavi,,Bose,Madhavi Bose,AADHAR-4820-5049-6460,98627075887,madhavi33@yahoo.com,F,1979-06-01,Colleague,
PAS-10912,CLM-00371,Warhi,,Banik,Warhi Banik,UID-869069084323,99571710369,warhi83@gmail.com,F,1959-08-28,Friend,
PAS-10913,CLM-00371,Gautam,,Bhardwaj,Gautam Bhardwaj,UID-181100034351,97304442061,gautam52@live.com,M,1989-08-29,Colleague,
PAS-10914,CLM-01622,Ekaja,,Buch,Ekaja Buch,UID-847093377760,97510766264,ekaja23@rediffmail.com,F,2013-08-25,Unknown,
PAS-10915,CLM-01622,Anjali,,Chokshi,Anjali Chokshi,AADHAR-8739-3246-6613,99434238092,anjali22@live.com,F,1986-10-15,Relative,
PAS-10916,CLM-01670,Agastya,,Patel,Agastya Patel,AADHAR-6897-5681-3481,99180146996,agastya37@rediffmail.com,M,2014-07-08,Friend,
PAS-10917,CLM-00830,Aahana,,Devan,Aahana Devan,AADHAR-5581-5888-8678,99219745890,aahana77@gmail.com,F,1967-04-18,Colleague,MEM-10639
PAS-10918,CLM-00947,Dalbir,,Chana,Dalbir Chana,UID-827326602138,98550606610,dalbir92@rediffmail.com,M,2002-01-02,Relative,
PAS-10919,CLM-00947,Wahab,,Dewan,Wahab Dewan,VOTER-A658115,99515418340,wahab89@hotmail.com,M,1966-09-06,Relative,
PAS-10920,CLM-00914,Azaan,,Nath,Azaan Nath,UID-826381177624,99839502769,azaan26@hotmail.com,M,1990-12-02,Parent,MEM-12076
PAS-10921,CLM-00914,Sneha,,Palan,Sneha Palan,VOTER-D401591,97550125016,sneha20@gmail.com,F,1973-10-02,Colleague,MEM-12838
PAS-10922,CLM-02559,Lohit,,Patla,Lohit Patla,AADHAR-7395-1653-5259,98799498279,lohit49@outlook.co.in,M,1957-09-07,Friend,
PAS-10923,CLM-02559,Isaiah,,Panchal,Isaiah Panchal,VOTER-C931343,99807403365,isaiah15@yahoo.com,M,1962-08-29,Unknown,
PAS-10924,CLM-02559,Aarush,,Babu,Aarush Babu,VOTER-D233090,98180233392,aarush89@yahoo.com,M,1956-03-26,Relative,
PAS-10925,CLM-02559,Janya,,Mall,Janya Mall,VOTER-C631048,97547380125,janya76@yahoo.com,F,1972-02-28,Friend,
PAS-10926,CLM-02168,Shaurya,,Morar,Shaurya Morar,VOTER-B723572,98098827161,shaurya86@yahoo.com,M,1980-05-11,Unknown,
PAS-10927,CLM-01652,Aarnav,,Kara,Aarnav Kara,UID-123074391441,99532550643,aarnav46@outlook.co.in,M,1976-04-24,Relative,
PAS-10928,CLM-01652,Radhika,,Rao,Radhika Rao,VOTER-A154571,97073807814,radhika15@hotmail.com,F,1968-12-13,Friend,MEM-11501
PAS-10929,CLM-01652,Charan,,Buch,Charan Buch,AADHAR-9306-1032-2223,98054699385,charan10@hotmail.com,M,2007-12-12,Unknown,
PAS-10930,CLM-01652,Nakul,,Shah,Nakul Shah,AADHAR-4082-4552-6224,99505290804,nakul95@live.com,M,2023-11-19,Friend,
PAS-10931,CLM-02713,Jeet,,Chopra,Jeet Chopra,VOTER-C276890,98997133815,jeet86@outlook.co.in,M,1961-12-07,Unknown,
PAS-10932,CLM-02713,Osha,,Comar,Osha Comar,VOTER-E378123,98762067261,osha36@hotmail.com,F,1982-06-10,Relative,
PAS-10933,CLM-01460,Naveen,,Dasgupta,Naveen Dasgupta,UID-687457512981,98506826873,naveen49@yahoo.com,M,2009-12-15,Colleague,
PAS-10934,CLM-01460,Varsha,,Chandran,Varsha Chandran,UID-107049177371,97498690438,varsha14@yahoo.com,F,1999-04-21,Colleague,
PAS-10935,CLM-01460,Isaac,,Lad,Isaac Lad,UID-677725571303,97513436591,isaac43@hotmail.com,M,1973-10-21,Friend,
PAS-10936,CLM-01460,Wakeeta,,Padmanabhan,Wakeeta Padmanabhan,UID-413251708589,99571839868,wakeeta85@hotmail.com,F,2016-06-05,Relative,
PAS-10937,CLM-00132,Janya,,Saraf,Janya Saraf,VOTER-E630504,98883326835,janya43@rediffmail.com,F,2020-04-26,Relative,
PAS-10938,CLM-00132,Anya,,Krish,Anya Krish,UID-817615157776,97674702455,anya12@rediffmail.com,F,2000-07-19,Unknown,
PAS-10939,CLM-00132,Naksh,,Rout,Naksh Rout,AADHAR-2921-6646-4776,99964208912,naksh93@hotmail.com,M,1994-05-05,Friend,
PAS-10940,CLM-02906,Yadavi,,Saran,Yadavi Saran,UID-206233857065,99373029972,yadavi96@gmail.com,F,2020-09-23,Colleague,
PAS-10941,CLM-02906,Mugdha,,Barman,Mugdha Barman,UID-600372992028,98689096303,mugdha37@gmail.com,F,1971-05-17,Friend,
PAS-10942,CLM-02906,Gunbir,,Chad,Gunbir Chad,UID-354975718122,97583184516,gunbir18@yahoo.com,M,1970-08-31,Relative,
PAS-10943,CLM-02906,Ubika,,Talwar,Ubika Talwar,AADHAR-8043-4425-8392,97515614189,ubika69@live.com,F,2021-02-20,Friend,
PAS-10944,CLM-01930,Oviya,,Rout,Oviya Rout,VOTER-E954601,98918936407,oviya31@yahoo.com,F,1957-08-14,Friend,
PAS-10945,CLM-01930,Chanakya,,Koshy,Chanakya Koshy,AADHAR-1868-7779-9109,98679784325,chanakya47@outlook.co.in,M,2000-04-28,Colleague,
PAS-10946,CLM-01930,Robert,,Mani,Robert Mani,UID-759917583331,99809904483,robert37@yahoo.com,M,1961-01-13,Relative,MEM-10266
PAS-10947,CLM-02729,Devansh,,Thakur,Devansh Thakur,AADHAR-2914-2099-8271,98798662369,devansh75@live.com,M,1957-06-09,Unknown,
PAS-10948,CLM-02729,Bhanumati,,Banerjee,Bhanumati Banerjee,VOTER-C220949,99659981341,bhanumati43@hotmail.com,F,1968-06-18,Unknown,
PAS-10949,CLM-02729,Hredhaan,,Sane,Hredhaan Sane,VOTER-C545717,97912407597,hredhaan24@gmail.com,M,2005-02-09,Colleague,
PAS-10950,CLM-00219,Chameli,,Bhatia,Chameli Bhatia,VOTER-B390899,97135992459,chameli32@gmail.com,F,1957-11-22,Colleague,
PAS-10951,CLM-00698,Vaishnavi,,Chanda,Vaishnavi Chanda,VOTER-C185299,99816083433,vaishnavi73@rediffmail.com,F,1998-07-19,Unknown,
PAS-10952,CLM-00698,Ikbal,,Viswanathan,Ikbal Viswanathan,UID-875660196893,97506781178,ikbal19@gmail.com,M,1969-01-31,Unknown,
PAS-10953,CLM-00698,Chanakya,,Contractor,Chanakya Contractor,VOTER-E941156,99019879114,chanakya45@hotmail.com,M,1960-03-16,Colleague,
PAS-10954,CLM-02149,Sneha,,Bhatti,Sneha Bhatti,UID-936295620211,99309672378,sneha45@live.com,F,1985-08-22,Colleague,MEM-12949
PAS-10955,CLM-02149,Yashasvi,,Singh,Yashasvi Singh,VOTER-D272743,97929569168,yashasvi23@hotmail.com,F,1969-09-01,Unknown,
PAS-10956,CLM-01722,Sara,,Sehgal,Sara Sehgal,VOTER-C792001,97909762321,sara45@gmail.com,F,1983-01-03,Unknown,
PAS-10957,CLM-01722,Shravya,,Mistry,Shravya Mistry,UID-189550172647,98672718833,shravya89@outlook.co.in,F,2007-04-11,Friend,
PAS-10958,CLM-01722,Yoshita,,Bansal,Yoshita Bansal,VOTER-D613219,98192794701,yoshita93@live.com,F,2010-07-07,Unknown,
PAS-10959,CLM-02673,Janani,,Chana,Janani Chana,VOTER-B260114,99256776410,janani64@outlook.co.in,F,1992-11-17,Friend,MEM-11152
PAS-10960,CLM-02673,Jonathan,,Gaba,Jonathan Gaba,AADHAR-1270-2169-2512,97685742934,jonathan77@gmail.com,M,1991-09-21,Friend,
PAS-10961,CLM-02673,Samesh,,Kalita,Samesh Kalita,VOTER-B516149,98678141980,samesh95@live.com,M,1956-01-27,Unknown,
PAS-10962,CLM-02673,Kamala,,Rana,Kamala Rana,UID-353204273495,97812266425,kamala54@live.com,F,2023-07-10,Unknown,
PAS-10963,CLM-02823,Avni,,Bahri,Avni Bahri,VOTER-B927555,97668962477,avni17@live.com,F,2005-05-01,Friend,MEM-12101
PAS-10964,CLM-02823,Inaya,,Walla,Inaya Walla,AADHAR-1697-2975-6289,99004441705,inaya77@yahoo.com,F,1984-10-01,Relative,
PAS-10965,CLM-02823,Ria,,Morar,Ria Morar,UID-367316597876,99286104982,ria30@gmail.com,F,1994-02-28,Friend,MEM-11023
PAS-10966,CLM-01778,Zaid,,Prabhakar,Zaid Prabhakar,UID-777697978516,98929974984,zaid33@yahoo.com,M,1990-05-31,Relative,
PAS-10967,CLM-01778,Megha,,Bhasin,Megha Bhasin,VOTER-A635114,99214196922,megha41@outlook.co.in,F,1968-09-26,Friend,
PAS-10968,CLM-01778,Charles,,Mutti,Charles Mutti,VOTER-D372182,99275966625,charles69@outlook.co.in,M,1974-08-07,Relative,MEM-11197
PAS-10969,CLM-01884,Sanya,,Pingle,Sanya Pingle,UID-433808097342,97259486504,sanya58@hotmail.com,F,1969-03-05,Unknown,
PAS-10970,CLM-01884,Dakshesh,,Nair,Dakshesh Nair,AADHAR-4140-3490-7520,97246469225,dakshesh77@live.com,M,1978-03-19,Colleague,
PAS-10971,CLM-01884,Ishanvi,,Ratti,Ishanvi Ratti,VOTER-C688376,97274475061,ishanvi83@live.com,F,1960-09-13,Relative,
PAS-10972,CLM-01694,Prisha,,Dyal,Prisha Dyal,AADHAR-7513-8437-3606,99184648117,prisha81@live.com,F,2018-01-30,Friend,
PAS-10973,CLM-01694,Qarin,,Nayak,Qarin Nayak,UID-536640972205,98325717162,qarin19@live.com,M,2008-09-20,Friend,
PAS-10974,CLM-01694,Niharika,,Narula,Niharika Narula,VOTER-D429054,98823593592,niharika69@yahoo.com,F,2001-07-20,Friend,
PAS-10975,CLM-01694,Girish,,Dutt,Girish Dutt,AADHAR-8027-6373-3278,98728252589,girish81@yahoo.com,M,2017-01-14,Relative,
PAS-10976,CLM-02677,Xavier,,Toor,Xavier Toor,VOTER-D706078,97995170848,xavier70@rediffmail.com,M,2004-09-10,Colleague,
PAS-10977,CLM-02677,Ekantika,,Dayal,Ekantika Dayal,VOTER-C872218,97293094987,ekantika87@gmail.com,F,1973-07-10,Son,MEM-10073
PAS-10978,CLM-02677,Omisha,,Vohra,Omisha Vohra,UID-632793413427,97240736639,omisha83@hotmail.com,F,1991-02-18,Relative,
PAS-10979,CLM-00628,Robert,,Mukhopadhyay,Robert Mukhopadhyay,VOTER-B254739,99427747633,robert21@hotmail.com,M,1984-03-20,Unknown,
PAS-10980,CLM-00628,Urishilla,,Memon,Urishilla Memon,VOTER-D149757,99120022286,urishilla55@live.com,F,1990-06-11,Colleague,
PAS-10981,CLM-00628,Jatin,,Balay,Jatin Balay,UID-940313399629,99361202823,jatin19@hotmail.com,M,1980-12-25,Unknown,
PAS-10982,CLM-02606,Anya,,Sodhi,Anya Sodhi,UID-203836379211,99099464130,anya46@rediffmail.com,F,2011-11-27,Relative,
PAS-10983,CLM-01345,Rishi,,Oak,Rishi Oak,VOTER-C926200,98012122363,rishi46@outlook.co.in,M,2004-10-11,Colleague,
PAS-10984,CLM-02732,Divya,,Varty,Divya Varty,UID-607652990864,97688839072,divya35@live.com,F,1989-10-28,Unknown,
PAS-10985,CLM-02732,Sai,,Mallick,Sai Mallick,UID-862143642216,97345682117,sai38@outlook.co.in,M,2006-06-07,Colleague,
PAS-10986,CLM-02732,Umang,,Suresh,Umang Suresh,AADHAR-7192-8576-4526,98856487867,umang10@rediffmail.com,M,1985-09-20,Unknown,
PAS-10987,CLM-01274,Viraj,,Sur,Viraj Sur,UID-212090930049,97207746895,viraj92@hotmail.com,M,1988-10-15,Colleague,
PAS-10988,CLM-01589,Caleb,,Sawhney,Caleb Sawhney,UID-370329840258,99829641919,caleb93@yahoo.com,M,1970-07-26,Colleague,
PAS-10989,CLM-01589,Zayan,,Bajwa,Zayan Bajwa,UID-175549531005,99674526622,zayan71@yahoo.com,M,1957-01-09,Colleague,
PAS-10990,CLM-01589,Gaurav,,Choudhry,Gaurav Choudhry,VOTER-B632815,97138954758,gaurav37@live.com,M,2024-01-14,Friend,
PAS-10991,CLM-01589,Garima,,Dass,Garima Dass,UID-377664438160,98458623783,garima92@hotmail.com,F,1957-08-22,Colleague,
PAS-10992,CLM-01337,Warda,,Deshpande,Warda Deshpande,UID-466541152719,99890285054,warda64@rediffmail.com,F,1976-03-29,Friend,MEM-12946
PAS-10993,CLM-01337,Aayush,,Virk,Aayush Virk,AADHAR-8171-6502-1012,98823282217,aayush40@rediffmail.com,M,2024-03-13,Unknown,
PAS-10994,CLM-01337,Laksh,,Verma,Laksh Verma,VOTER-C341711,99240646819,laksh71@live.com,M,1977-08-21,Spouse,MEM-11492
PAS-10995,CLM-01337,Gaurav,,Kara,Gaurav Kara,VOTER-B769820,99092672778,gaurav79@outlook.co.in,M,2024-05-08,Friend,
PAS-10996,CLM-02497,Aadhya,,Cheema,Aadhya Cheema,VOTER-D127248,98983105348,aadhya19@rediffmail.com,F,1956-01-11,Friend,
PAS-10997,CLM-02497,Owen,,Batra,Owen Batra,VOTER-E678097,99717139552,owen91@rediffmail.com,M,2022-12-26,Colleague,
PAS-10998,CLM-02497,Anmol,,Gole,Anmol Gole,AADHAR-8502-2491-9337,99860100803,anmol49@gmail.com,M,1995-10-26,Relative,
PAS-10999,CLM-02750,Reva,,Chaudhry,Reva Chaudhry,UID-211787685999,99329260316,reva15@yahoo.com,F,2013-12-13,Relative,
PAS-11000,CLM-02750,Manan,,Singhal,Manan Singhal,UID-845658244229,98986866702,manan93@outlook.co.in,M,1964-02-05,Unknown,
PAS-11001,CLM-02750,Falan,,Chaudhary,Falan Chaudhary,UID-862787156245,99271524034,falan27@live.com,M,2016-03-24,Colleague,
PAS-11002,CLM-00736,Suhani,,Dash,Suhani Dash,AADHAR-7829-2498-7751,98758042626,suhani34@hotmail.com,F,2003-12-28,Colleague,MEM-10158
PAS-11003,CLM-00736,Alexander,,Lalla,Alexander Lalla,UID-589538777189,98772235232,alexander99@gmail.com,M,2011-01-24,Relative,
PAS-11004,CLM-00736,Utkarsh,,Patil,Utkarsh Patil,VOTER-A596635,97707720317,utkarsh44@live.com,M,1991-11-02,Relative,
PAS-11005,CLM-00736,Anjali,,Sandal,Anjali Sandal,VOTER-E155273,97694696229,anjali96@outlook.co.in,F,2010-04-03,Friend,
PAS-11006,CLM-00900,Azaan,,Maharaj,Azaan Maharaj,AADHAR-4857-1709-1810,99064885289,azaan23@hotmail.com,M,1981-08-07,Relative,
PAS-11007,CLM-00900,Pushti,,Vora,Pushti Vora,UID-748081624021,97055844271,pushti53@yahoo.com,F,2021-09-16,Relative,
PAS-11008,CLM-00900,Ranveer,,Doctor,Ranveer Doctor,AADHAR-7698-8236-6998,98377067846,ranveer95@rediffmail.com,M,1991-02-14,Friend,
PAS-11009,CLM-01146,Nikita,,Ray,Nikita Ray,AADHAR-9037-4361-6714,99818673122,nikita11@rediffmail.com,F,1992-06-13,Daughter,MEM-12928
PAS-11010,CLM-01146,Neelima,,Majumdar,Neelima Majumdar,UID-790524482556,98760805164,neelima93@outlook.co.in,F,1982-05-26,Spouse,MEM-12758
PAS-11011,CLM-01146,Maanas,,Sur,Maanas Sur,AADHAR-1078-9762-3829,97318051048,maanas46@hotmail.com,M,1971-08-21,Relative,
PAS-11012,CLM-02807,Zayyan,,Deep,Zayyan Deep,AADHAR-6230-5905-8004,99271158367,zayyan77@hotmail.com,M,1996-11-10,Friend,
PAS-11013,CLM-02807,Niharika,,Halder,Niharika Halder,VOTER-D414984,97963848884,niharika58@rediffmail.com,F,2013-01-28,Unknown,
PAS-11014,CLM-02039,Aachal,,Dugar,Aachal Dugar,UID-178248856989,98563262805,aachal83@hotmail.com,F,1961-06-21,Relative,MEM-13318
PAS-11015,CLM-02039,Anya,,Cheema,Anya Cheema,VOTER-C824238,98822042920,anya60@yahoo.com,F,2010-03-29,Relative,
PAS-11016,CLM-02039,Ojas,,Ramanathan,Ojas Ramanathan,UID-454879766379,98201573217,ojas54@gmail.com,M,1994-09-11,Colleague,
PAS-11017,CLM-02039,Ansh,,Lanka,Ansh Lanka,AADHAR-6590-7287-2539,97093245273,ansh22@gmail.com,M,1986-02-15,Relative,
PAS-11018,CLM-01229,Baljiwan,,Yogi,Baljiwan Yogi,VOTER-B331864,99093209981,baljiwan82@live.com,M,1966-04-12,Daughter,MEM-13176
PAS-11019,CLM-01229,Chameli,,Ahluwalia,Chameli Ahluwalia,UID-909461536457,97939770284,chameli26@live.com,F,2013-03-14,Friend,
PAS-11020,CLM-01229,Yahvi,,Lall,Yahvi Lall,AADHAR-3453-6526-9763,97477912527,yahvi95@outlook.co.in,F,2005-09-14,Unknown,
PAS-11021,CLM-01229,Pavani,,Gera,Pavani Gera,VOTER-E821913,98548849004,pavani31@live.com,F,1965-04-28,Colleague,
PAS-11022,CLM-01567,Ethan,,Sibal,Ethan Sibal,VOTER-E529281,98707355477,ethan72@outlook.co.in,M,1997-04-22,Friend,
PAS-11023,CLM-01567,Amaira,,Verma,Amaira Verma,AADHAR-4625-8159-9483,98831953380,amaira19@outlook.co.in,F,1963-07-23,Unknown,
PAS-11024,CLM-01567,Nirja,,Dhingra,Nirja Dhingra,AADHAR-7499-2832-5016,98590860675,nirja72@live.com,F,2014-03-17,Relative,
PAS-11025,CLM-01567,Ishita,,Bajaj,Ishita Bajaj,UID-264615532831,98418767505,ishita40@live.com,F,1976-04-27,Colleague,
PAS-11026,CLM-01780,Varenya,,Keer,Varenya Keer,AADHAR-6662-4966-5098,97132035949,varenya19@yahoo.com,F,2008-04-17,Friend,
PAS-11027,CLM-01780,Robert,,Bhasin,Robert Bhasin,UID-753616707034,98687154829,robert18@outlook.co.in,M,1991-09-23,Colleague,
PAS-11028,CLM-01780,Veda,,Gade,Veda Gade,VOTER-D330119,98937295349,veda70@live.com,F,2017-06-12,Colleague,
PAS-11029,CLM-01780,Yashodhara,,Ben,Yashodhara Ben,AADHAR-6370-2911-6850,97310604372,yashodhara97@gmail.com,F,2002-09-23,Relative,
PAS-11030,CLM-01957,Nirja,,Pillay,Nirja Pillay,VOTER-A878922,99583415224,nirja75@yahoo.com,F,2015-03-14,Colleague,
PAS-11031,CLM-01957,Daksha,,Jani,Daksha Jani,AADHAR-5487-7089-8926,97790231149,daksha84@rediffmail.com,F,1984-11-17,Parent,MEM-10552
PAS-11032,CLM-01957,Jeremiah,,Dhawan,Jeremiah Dhawan,AADHAR-9889-2380-7590,98996786336,jeremiah43@outlook.co.in,M,1991-08-10,Relative,
PAS-11033,CLM-01581,Elijah,,Koshy,Elijah Koshy,VOTER-E114649,98720235824,elijah76@yahoo.com,M,2012-09-24,Unknown,
PAS-11034,CLM-01581,Odika,,Kuruvilla,Odika Kuruvilla,VOTER-B701641,99143677928,odika26@hotmail.com,F,1979-08-30,Spouse,MEM-11535
PAS-11035,CLM-02666,Hitesh,,Buch,Hitesh Buch,AADHAR-2831-7546-9392,97054480287,hitesh17@outlook.co.in,M,2024-04-30,Relative,
PAS-11036,CLM-00416,Dipta,,Talwar,Dipta Talwar,VOTER-E858883,98939139457,dipta41@live.com,F,1999-12-25,Friend,MEM-13170
PAS-11037,CLM-00416,Naveen,,Mallick,Naveen Mallick,UID-697650103798,99409505798,naveen46@live.com,M,1984-01-27,Colleague,MEM-13053
PAS-11038,CLM-00416,Ucchal,,Garg,Ucchal Garg,VOTER-A791512,99701244606,ucchal29@gmail.com,F,1972-02-12,Spouse,MEM-11170
PAS-11039,CLM-00416,Aarav,,Uppal,Aarav Uppal,AADHAR-3866-7535-9266,99775068573,aarav13@gmail.com,M,1982-09-13,Friend,
PAS-11040,CLM-00248,Aashi,,Agrawal,Aashi Agrawal,UID-581582257380,99153332582,aashi60@yahoo.com,F,2021-05-12,Relative,
PAS-11041,CLM-00248,Aashi,,Oak,Aashi Oak,UID-399012712819,99479554573,aashi97@yahoo.com,F,1995-02-23,Colleague,
PAS-11042,CLM-02915,Amara,,Saini,Amara Saini,VOTER-A181829,97715613302,amara52@hotmail.com,F,1971-06-22,Unknown,
PAS-11043,CLM-02915,Teerth,,Sehgal,Teerth Sehgal,AADHAR-8308-7442-2727,97712725096,teerth93@yahoo.com,M,1982-10-16,Unknown,
PAS-11044,CLM-02915,Dayamai,,Muni,Dayamai Muni,UID-507022775762,98535235745,dayamai11@outlook.co.in,F,2012-11-17,Unknown,
PAS-11045,CLM-02915,Nandini,,Pandit,Nandini Pandit,AADHAR-3975-5524-6148,97731644433,nandini49@rediffmail.com,F,1998-07-23,Relative,MEM-12237
PAS-11046,CLM-02320,Shravya,,Yadav,Shravya Yadav,UID-771698096513,99288103936,shravya74@gmail.com,F,1984-12-12,Unknown,
PAS-11047,CLM-02320,Azad,,Khosla,Azad Khosla,AADHAR-4992-6570-1014,98938026612,azad49@gmail.com,M,1997-03-09,Parent,MEM-13380
PAS-11048,CLM-02320,Hemang,,Raj,Hemang Raj,UID-853468104991,98416779061,hemang69@hotmail.com,M,1970-04-26,Parent,MEM-10751
PAS-11049,CLM-00561,Ikshita,,Mannan,Ikshita Mannan,VOTER-C856010,99153152683,ikshita95@outlook.co.in,F,1963-04-21,Relative,
PAS-11050,CLM-00561,Eta,,Thakur,Eta Thakur,VOTER-C244378,98246883545,eta50@yahoo.com,F,1961-11-18,Friend,
PAS-11051,CLM-00528,Meera,,Mody,Meera Mody,VOTER-D764644,99055445665,meera29@yahoo.com,F,2003-11-09,Colleague,
PAS-11052,CLM-02979,Rajata,,Doctor,Rajata Doctor,UID-975949607542,99618430109,rajata47@outlook.co.in,F,2010-05-04,Unknown,
PAS-11053,CLM-02979,Andrew,,Doshi,Andrew Doshi,UID-750216499602,98234240669,andrew37@live.com,M,1986-05-20,Colleague,
PAS-11054,CLM-02979,Atharv,,Dutt,Atharv Dutt,AADHAR-6200-3401-3796,97288274518,atharv53@yahoo.com,M,2007-05-31,Friend,
PAS-11055,CLM-00019,Ikshita,,Bahl,Ikshita Bahl,UID-965787676611,97045617897,ikshita48@gmail.com,F,2011-11-21,Unknown,
PAS-11056,CLM-00019,Aryan,,Atwal,Aryan Atwal,AADHAR-6001-8218-7359,98310337960,aryan85@outlook.co.in,M,1979-10-28,Unknown,
PAS-11057,CLM-01779,Shravya,,Thakur,Shravya Thakur,VOTER-D216386,97058405771,shravya72@live.com,F,2021-12-12,Friend,
PAS-11058,CLM-01779,Lakshit,,Dey,Lakshit Dey,AADHAR-6971-4348-2855,98172254019,lakshit52@rediffmail.com,M,2010-07-20,Colleague,
PAS-11059,CLM-01779,Chatresh,,Kumar,Chatresh Kumar,AADHAR-3973-9138-3856,99002930822,chatresh57@live.com,M,1989-06-23,Friend,
PAS-11060,CLM-02509,Kalpit,,Chakraborty,Kalpit Chakraborty,UID-355609808208,97535315046,kalpit65@outlook.co.in,M,1992-01-31,Colleague,MEM-11390
PAS-11061,CLM-02388,Ganga,,Prabhakar,Ganga Prabhakar,VOTER-B144095,99739928953,ganga58@rediffmail.com,F,1990-06-05,Relative,
PAS-11062,CLM-02388,Tara,,Vyas,Tara Vyas,UID-791370568354,99612418055,tara97@gmail.com,F,2008-01-14,Unknown,
PAS-11063,CLM-02388,Jeet,,Pandit,Jeet Pandit,AADHAR-3973-1397-6091,99780442694,jeet92@gmail.com,M,1974-05-02,Relative,
PAS-11064,CLM-02478,Ayaan,,Dhaliwal,Ayaan Dhaliwal,VOTER-B108001,98000173684,ayaan66@yahoo.com,M,2010-03-14,Colleague,
PAS-11065,CLM-02478,Karan,,Palla,Karan Palla,UID-415970371553,99203656842,karan79@yahoo.com,M,1982-10-08,Son,MEM-10655
PAS-11066,CLM-02478,Chakrika,,Saxena,Chakrika Saxena,VOTER-C793836,99128464687,chakrika16@outlook.co.in,F,1972-11-27,Colleague,
PAS-11067,CLM-01111,Ishita,,Din,Ishita Din,VOTER-B595542,97553727083,ishita10@gmail.com,F,1972-11-26,Unknown,
PAS-11068,CLM-01111,Xiti,,Nagy,Xiti Nagy,UID-135314025438,99499877519,xiti66@gmail.com,F,2010-06-02,Friend,
PAS-11069,CLM-01310,Vedhika,,Talwar,Vedhika Talwar,AADHAR-8925-4260-3417,97998308941,vedhika75@live.com,F,1982-12-24,Spouse,MEM-10440
PAS-11070,CLM-01310,Devika,,Sood,Devika Sood,AADHAR-6225-1858-9734,99564501879,devika52@gmail.com,F,1969-01-07,Friend,
PAS-11071,CLM-01310,Baghyawati,,Srinivasan,Baghyawati Srinivasan,UID-778430667942,99151368836,baghyawati74@rediffmail.com,F,1989-11-06,Relative,
PAS-11072,CLM-00848,Naksh,,Mohanty,Naksh Mohanty,VOTER-E380787,98136113116,naksh76@outlook.co.in,M,1966-12-30,Relative,
PAS-11073,CLM-00848,Garima,,Kara,Garima Kara,UID-298318017404,99291265483,garima25@rediffmail.com,F,2013-09-07,Relative,
PAS-11074,CLM-00633,Gaurang,,Barad,Gaurang Barad,VOTER-E384585,97680557520,gaurang64@gmail.com,M,1991-06-17,Son,MEM-11867
PAS-11075,CLM-00633,Balendra,,Bhavsar,Balendra Bhavsar,AADHAR-5208-8496-5835,99124516684,balendra65@yahoo.com,M,2016-11-29,Friend,
PAS-11076,CLM-01093,Nidra,,Bedi,Nidra Bedi,UID-599984696763,99171358405,nidra69@live.com,F,2007-04-16,Daughter,MEM-12876
PAS-11077,CLM-01093,Samarth,,Ray,Samarth Ray,VOTER-B256644,98371128626,samarth66@hotmail.com,M,2013-10-30,Relative,
PAS-11078,CLM-01093,Abha,,Sarkar,Abha Sarkar,AADHAR-8280-5831-9432,98014412954,abha23@yahoo.com,F,2005-02-01,Friend,
PAS-11079,CLM-01093,Fariq,,Dani,Fariq Dani,VOTER-A817671,97589134867,fariq78@hotmail.com,M,1981-09-07,Relative,
PAS-11080,CLM-01997,Harini,,Pandit,Harini Pandit,VOTER-B914840,98995425445,harini97@rediffmail.com,F,1994-06-13,Son,MEM-13269
PAS-11081,CLM-01997,Bakhshi,,Varma,Bakhshi Varma,VOTER-D230447,97611289071,bakhshi13@outlook.co.in,M,2015-12-19,Colleague,
PAS-11082,CLM-01997,Wakeeta,,Thakkar,Wakeeta Thakkar,AADHAR-7002-4813-3947,98007162553,wakeeta15@yahoo.com,F,1988-04-17,Unknown,
PAS-11083,CLM-02210,Pooja,,Kadakia,Pooja Kadakia,AADHAR-5941-1211-3181,98206319876,pooja87@hotmail.com,F,2005-05-26,Relative,
PAS-11084,CLM-02210,Vinaya,,Rama,Vinaya Rama,UID-838851478887,97882101340,vinaya55@live.com,F,1970-11-11,Colleague,MEM-12741
PAS-11085,CLM-02210,Kalpit,,Ramakrishnan,Kalpit Ramakrishnan,VOTER-C876102,99062127015,kalpit42@yahoo.com,M,2019-07-06,Unknown,
PAS-11086,CLM-00003,Jagat,,Choudhry,Jagat Choudhry,AADHAR-5171-8335-6503,99694947725,jagat50@yahoo.com,M,1990-09-14,Colleague,
PAS-11087,CLM-01510,Gaurang,,Sawhney,Gaurang Sawhney,VOTER-B779657,98017614324,gaurang95@outlook.co.in,M,2011-07-28,Colleague,
PAS-11088,CLM-01510,Anya,,Swaminathan,Anya Swaminathan,VOTER-A487291,99086823509,anya65@yahoo.com,F,1961-11-15,Unknown,
PAS-11089,CLM-01510,Ayaan,,Sarma,Ayaan Sarma,VOTER-A849580,98027817388,ayaan50@outlook.co.in,M,2020-12-13,Friend,
PAS-11090,CLM-01510,Chatura,,Swamy,Chatura Swamy,VOTER-E895569,99158956400,chatura18@outlook.co.in,M,1966-09-29,Friend,
PAS-11091,CLM-01376,Neel,,Borra,Neel Borra,AADHAR-6050-4735-8885,98713723774,neel24@rediffmail.com,M,2014-02-19,Friend,
PAS-11092,CLM-01376,Zinal,,Grewal,Zinal Grewal,AADHAR-7135-4034-4657,99828817219,zinal30@hotmail.com,F,2007-10-20,Relative,
PAS-11093,CLM-00881,Panini,,Kapoor,Panini Kapoor,VOTER-D891797,97330762770,panini23@gmail.com,F,2003-12-30,Parent,MEM-12670
PAS-11094,CLM-00881,Imaran,,Varughese,Imaran Varughese,AADHAR-4949-3633-9416,98866431163,imaran61@yahoo.com,M,1981-11-11,Unknown,
PAS-11095,CLM-00881,Bhanumati,,Luthra,Bhanumati Luthra,VOTER-A286437,98011747756,bhanumati28@hotmail.com,F,2012-12-25,Friend,
PAS-11096,CLM-01259,Owen,,Krishna,Owen Krishna,VOTER-E409068,97925362159,owen26@rediffmail.com,M,1958-02-01,Colleague,
PAS-11097,CLM-00557,Hitesh,,Saraf,Hitesh Saraf,AADHAR-5428-7434-1583,99663894757,hitesh71@yahoo.com,M,2004-01-29,Spouse,MEM-10579
PAS-11098,CLM-00557,Harsh,,Golla,Harsh Golla,UID-902342109293,99139919092,harsh73@rediffmail.com,M,2016-09-24,Colleague,
PAS-11099,CLM-00557,Sara,,Butala,Sara Butala,UID-426926175038,98390600148,sara48@hotmail.com,F,1959-04-25,Colleague,
PAS-11100,CLM-00557,Nakul,,Patel,Nakul Patel,UID-246031372189,97254017704,nakul73@yahoo.com,M,1973-12-08,Colleague,
PAS-11101,CLM-00309,Zayyan,,Shah,Zayyan Shah,AADHAR-1081-5262-1540,97020726042,zayyan73@live.com,M,1973-08-16,Unknown,
PAS-11102,CLM-00309,Zaid,,Jha,Zaid Jha,UID-741520577802,98593369371,zaid41@live.com,M,1990-03-30,Relative,
PAS-11103,CLM-00309,Jai,,Venkatesh,Jai Venkatesh,AADHAR-7723-6364-1291,98649112438,jai27@outlook.co.in,M,1985-12-04,Spouse,MEM-11027
PAS-11104,CLM-00309,Abha,,Bhakta,Abha Bhakta,AADHAR-6688-7088-3871,97943978574,abha29@live.com,F,1996-05-07,Spouse,MEM-11521
PAS-11105,CLM-01524,Jacob,,Patel,Jacob Patel,AADHAR-8971-6986-8498,97074089887,jacob94@gmail.com,M,2009-03-21,Colleague,
PAS-11106,CLM-01524,Waida,,Mahal,Waida Mahal,VOTER-B892966,99928586667,waida36@live.com,F,2002-09-23,Colleague,MEM-12791
PAS-11107,CLM-00064,Kabir,,Mandal,Kabir Mandal,VOTER-E629203,97737823060,kabir57@yahoo.com,M,2007-10-22,Friend,MEM-12662
PAS-11108,CLM-00973,Jason,,Sethi,Jason Sethi,UID-479693449385,99864341943,jason96@gmail.com,M,2013-12-16,Colleague,
PAS-11109,CLM-02326,Gunbir,,Dash,Gunbir Dash,UID-273683194059,99080903732,gunbir64@live.com,M,1990-08-31,Parent,MEM-12889
PAS-11110,CLM-02326,Laksh,,Tella,Laksh Tella,UID-860467655003,98605849231,laksh13@outlook.co.in,M,1963-07-31,Friend,
PAS-11111,CLM-02326,Sanya,,Salvi,Sanya Salvi,VOTER-C714103,97740212965,sanya94@rediffmail.com,F,1990-11-02,Friend,MEM-10580
PAS-11112,CLM-00149,Yachana,,Goswami,Yachana Goswami,UID-878353296575,99730521556,yachana44@outlook.co.in,F,2008-08-30,Relative,
PAS-11113,CLM-00149,Meghana,,Chakrabarti,Meghana Chakrabarti,VOTER-C276917,98776413144,meghana25@live.com,F,1960-06-09,Relative,
PAS-11114,CLM-00996,Harshil,,Baria,Harshil Baria,VOTER-B921557,97399189460,harshil15@rediffmail.com,M,1960-02-23,Colleague,
PAS-11115,CLM-01910,Rachit,,Sura,Rachit Sura,AADHAR-5489-4774-3713,98237889241,rachit99@live.com,M,1977-05-11,Friend,MEM-13056
PAS-11116,CLM-01910,Raagini,,Trivedi,Raagini Trivedi,UID-906734489006,99376661994,raagini98@rediffmail.com,F,1992-02-04,Colleague,MEM-12793
PAS-11117,CLM-01910,Geetika,,Bhatt,Geetika Bhatt,VOTER-C376585,98229647969,geetika59@live.com,F,2019-11-10,Friend,
PAS-11118,CLM-01910,Pranav,,Chaudhari,Pranav Chaudhari,AADHAR-9971-9005-4744,97583793345,pranav25@yahoo.com,M,2016-08-25,Relative,
PAS-11119,CLM-02190,Tanmayi,,Loke,Tanmayi Loke,UID-816178733616,99650831103,tanmayi54@outlook.co.in,F,1983-10-23,Relative,
PAS-11120,CLM-02190,Ishani,,Kulkarni,Ishani Kulkarni,UID-154254474269,98381610436,ishani26@yahoo.com,F,2022-08-23,Colleague,
PAS-11121,CLM-02190,Simon,,Virk,Simon Virk,AADHAR-6699-7180-2535,97765656342,simon23@gmail.com,M,1992-04-10,Colleague,
PAS-11122,CLM-02190,Jason,,Din,Jason Din,AADHAR-7172-1514-6893,99430391069,jason72@rediffmail.com,M,1963-12-30,Colleague,
PAS-11123,CLM-02293,Vidhi,,Edwin,Vidhi Edwin,UID-348816344780,99514400696,vidhi99@outlook.co.in,F,1973-11-25,Colleague,
PAS-11124,CLM-02293,Gunbir,,Edwin,Gunbir Edwin,VOTER-E595332,98733096507,gunbir76@gmail.com,M,1964-02-24,Colleague,
PAS-11125,CLM-01270,Dominic,,Rout,Dominic Rout,AADHAR-8960-3172-6378,99336969195,dominic30@gmail.com,M,1980-06-10,Relative,
PAS-11126,CLM-01270,Darsh,,Sinha,Darsh Sinha,VOTER-D303026,97691562494,darsh58@rediffmail.com,M,1970-09-16,Unknown,
PAS-11127,CLM-01270,Zilmil,,Krish,Zilmil Krish,UID-325047290852,99522222553,zilmil70@live.com,F,2001-03-25,Son,MEM-11722
PAS-11128,CLM-01270,Abhimanyu,,Purohit,Abhimanyu Purohit,VOTER-A833224,99983318400,abhimanyu30@rediffmail.com,M,1998-07-07,Unknown,
PAS-11129,CLM-01661,Omya,,Issac,Omya Issac,AADHAR-3881-5246-7624,99702340052,omya26@outlook.co.in,F,1971-09-09,Unknown,
PAS-11130,CLM-01661,Nimrat,,Raghavan,Nimrat Raghavan,VOTER-C580006,98775009715,nimrat91@live.com,F,1990-11-20,Friend,
PAS-11131,CLM-01661,Hemangini,,Sridhar,Hemangini Sridhar,AADHAR-5706-5040-4353,98326438800,hemangini41@gmail.com,F,1967-11-29,Friend,
PAS-11132,CLM-01845,Shivansh,,Ganesan,Shivansh Ganesan,UID-457277341920,97714704640,shivansh30@rediffmail.com,M,1998-08-27,Friend,
PAS-11133,CLM-01845,Bhavna,,Sani,Bhavna Sani,VOTER-B996704,98140315845,bhavna73@gmail.com,F,1970-12-30,Friend,
PAS-11134,CLM-02815,Aadhya,,Sarma,Aadhya Sarma,UID-132875210761,99742324504,aadhya25@yahoo.com,F,1982-06-02,Colleague,
PAS-11135,CLM-02815,Guneet,,Bhatia,Guneet Bhatia,UID-788837085915,98913702558,guneet14@yahoo.com,M,2006-03-18,Son,MEM-10441
PAS-11136,CLM-02815,Harish,,Gupta,Harish Gupta,VOTER-D170820,99176933935,harish68@live.com,M,1970-08-23,Colleague,
PAS-11137,CLM-02815,Xalak,,Sengupta,Xalak Sengupta,VOTER-B490669,99482744083,xalak46@gmail.com,F,1988-03-11,Unknown,
PAS-11138,CLM-00670,Watika,,Narula,Watika Narula,AADHAR-8264-1252-1351,97474994162,watika78@yahoo.com,F,1961-09-07,Relative,
PAS-11139,CLM-02738,Falguni,,Kata,Falguni Kata,UID-988295312860,99117139765,falguni91@gmail.com,F,1967-09-24,Relative,
PAS-11140,CLM-02738,Vedika,,Prabhakar,Vedika Prabhakar,VOTER-E470040,99487097422,vedika37@live.com,F,2020-01-28,Colleague,
PAS-11141,CLM-02575,Oviya,,Chaudhary,Oviya Chaudhary,VOTER-B654480,99312186574,oviya27@live.com,F,1985-02-03,Colleague,
PAS-11142,CLM-02655,Dakshesh,,Singh,Dakshesh Singh,VOTER-C434461,97159338903,dakshesh96@gmail.com,M,1997-07-11,Unknown,
PAS-11143,CLM-00015,Waida,,Naik,Waida Naik,VOTER-A533657,99730413429,waida76@gmail.com,F,1994-03-16,Friend,
PAS-11144,CLM-00015,Yutika,,Jha,Yutika Jha,AADHAR-2956-8675-2896,98820783209,yutika21@rediffmail.com,F,1997-12-17,Unknown,
PAS-11145,CLM-00842,Ikshita,,Sarin,Ikshita Sarin,AADHAR-3103-1784-1548,98803909974,ikshita97@hotmail.com,F,1961-07-02,Unknown,
PAS-11146,CLM-00842,Wridesh,,Om,Wridesh Om,UID-388193333695,97577382002,wridesh81@live.com,M,2017-03-13,Friend,
PAS-11147,CLM-00842,Ekbal,,Prabhakar,Ekbal Prabhakar,UID-316669774799,99410638916,ekbal34@hotmail.com,M,1977-06-01,Unknown,
PAS-11148,CLM-00842,Udant,,Reddy,Udant Reddy,AADHAR-9165-8881-8742,97942698919,udant74@rediffmail.com,M,1982-06-15,Colleague,
PAS-11149,CLM-02756,Keya,,Rattan,Keya Rattan,AADHAR-3847-4567-9547,97847225580,keya99@rediffmail.com,F,2024-09-05,Colleague,
PAS-11150,CLM-00630,Amaira,,Prasad,Amaira Prasad,UID-787767711490,99267168273,amaira49@gmail.com,F,2018-04-05,Relative,
PAS-11151,CLM-00630,Nihal,,Talwar,Nihal Talwar,AADHAR-2753-9483-7579,98989315678,nihal68@yahoo.com,M,2023-11-18,Unknown,
PAS-11152,CLM-00630,Reyansh,,Sharaf,Reyansh Sharaf,VOTER-B817203,99326442352,reyansh42@live.com,M,1962-08-15,Friend,MEM-11646
PAS-11153,CLM-00630,Zayyan,,Subramaniam,Zayyan Subramaniam,AADHAR-8122-4440-6034,99248185599,zayyan89@live.com,M,1991-06-04,Daughter,MEM-11921
PAS-11154,CLM-01771,Chandani,,Mandal,Chandani Mandal,VOTER-A503648,99355056104,chandani97@rediffmail.com,F,2010-07-29,Relative,
PAS-11155,CLM-01771,Henry,,Pandey,Henry Pandey,UID-720456621909,99295916383,henry48@hotmail.com,M,1968-10-17,Colleague,
PAS-11156,CLM-01771,Varsha,,Bir,Varsha Bir,UID-273868127494,99205525117,varsha74@outlook.co.in,F,1972-03-04,Relative,
PAS-11157,CLM-01404,Udant,,Dass,Udant Dass,AADHAR-6538-2203-3807,97572296977,udant15@hotmail.com,M,2002-03-02,Colleague,
PAS-11158,CLM-01404,Isha,,Lalla,Isha Lalla,UID-807744062599,97962111003,isha96@yahoo.com,F,1973-02-04,Friend,
PAS-11159,CLM-01404,Gaurang,,Gour,Gaurang Gour,UID-507376466595,97704246212,gaurang12@hotmail.com,M,1986-11-06,Friend,
PAS-11160,CLM-01404,Caleb,,Sahota,Caleb Sahota,AADHAR-4782-2830-7834,98224353217,caleb43@rediffmail.com,M,2014-01-21,Friend,
PAS-11161,CLM-00110,Meera,,Salvi,Meera Salvi,VOTER-D717572,98931811757,meera98@live.com,F,1955-02-21,Friend,
PAS-11162,CLM-00110,Qadim,,Desai,Qadim Desai,AADHAR-5944-2425-2057,98138243051,qadim70@hotmail.com,M,1982-03-23,Unknown,
PAS-11163,CLM-00110,Maanas,,Saran,Maanas Saran,UID-718750334810,98331472767,maanas35@gmail.com,M,1962-09-19,Colleague,
PAS-11164,CLM-02669,Bhavika,,Saini,Bhavika Saini,UID-689552715667,97924903162,bhavika53@live.com,F,1978-06-06,Unknown,
PAS-11165,CLM-02669,Ekantika,,Bhatt,Ekantika Bhatt,UID-907175046218,98510494389,ekantika63@rediffmail.com,F,1982-04-13,Colleague,
PAS-11166,CLM-02669,Nitara,,Dixit,Nitara Dixit,VOTER-A140947,99681105790,nitara62@yahoo.com,F,2003-03-19,Unknown,
PAS-11167,CLM-02669,Krish,,Choudhury,Krish Choudhury,UID-905289945973,99914629778,krish11@rediffmail.com,M,1964-01-24,Colleague,MEM-13190
PAS-11168,CLM-00644,Udant,,Raval,Udant Raval,UID-569738445756,99396360554,udant38@hotmail.com,M,1965-05-30,Unknown,
PAS-11169,CLM-00644,Keya,,Sagar,Keya Sagar,VOTER-C636970,99915341555,keya22@hotmail.com,F,2006-01-22,Colleague,MEM-10630
PAS-11170,CLM-02919,Gaurangi,,Johal,Gaurangi Johal,VOTER-A359914,97458080772,gaurangi54@gmail.com,F,2011-11-16,Friend,
PAS-11171,CLM-02919,Vritti,,Wason,Vritti Wason,UID-516691969726,98564671205,vritti91@gmail.com,F,2001-08-16,Unknown,
PAS-11172,CLM-01925,Owen,,Sridhar,Owen Sridhar,VOTER-A329601,99984524584,owen65@rediffmail.com,M,1964-12-13,Friend,
PAS-11173,CLM-01925,Nakul,,Pingle,Nakul Pingle,VOTER-E527439,99889545670,nakul95@yahoo.com,M,1964-07-26,Colleague,
PAS-11174,CLM-00027,Nidra,,Sarraf,Nidra Sarraf,UID-932288561193,99813088667,nidra43@live.com,F,1983-07-31,Colleague,MEM-10418
PAS-11175,CLM-02036,Chatresh,,Sahota,Chatresh Sahota,VOTER-C174393,97871666025,chatresh39@gmail.com,M,1960-04-05,Friend,
PAS-11176,CLM-02036,Urvashi,,Tella,Urvashi Tella,UID-171755591426,98051070156,urvashi39@gmail.com,F,2005-04-07,Unknown,
PAS-11177,CLM-02036,Jyoti,,Cheema,Jyoti Cheema,VOTER-E544256,97054451105,jyoti15@rediffmail.com,F,1967-12-28,Friend,
PAS-11178,CLM-02036,Falguni,,Chander,Falguni Chander,VOTER-B818116,99414120128,falguni87@hotmail.com,F,1987-09-24,Colleague,MEM-13359
PAS-11179,CLM-01245,Owen,,Sant,Owen Sant,AADHAR-4613-7907-5504,98452564046,owen66@gmail.com,M,1993-11-19,Relative,
PAS-11180,CLM-02172,Saumya,,Mahal,Saumya Mahal,VOTER-A655223,97794984805,saumya55@live.com,F,2019-11-25,Relative,
PAS-11181,CLM-02172,Tejas,,Dave,Tejas Dave,AADHAR-2184-3072-4970,97827010006,tejas85@hotmail.com,M,2007-12-21,Colleague,
PAS-11182,CLM-02564,Agastya,,Bora,Agastya Bora,AADHAR-6630-8219-3535,97135157805,agastya26@hotmail.com,M,1995-11-21,Friend,
PAS-11183,CLM-02564,Maya,,Keer,Maya Keer,AADHAR-8524-8778-9504,98763427990,maya93@outlook.co.in,F,1961-02-04,Friend,
PAS-11184,CLM-02564,Hitesh,,Issac,Hitesh Issac,VOTER-C716273,98047765471,hitesh94@yahoo.com,M,1983-07-01,Friend,
PAS-11185,CLM-01769,Geetika,,Prabhakar,Geetika Prabhakar,AADHAR-6545-7835-8317,97711409421,geetika48@rediffmail.com,F,1991-09-19,Parent,MEM-13141
PAS-11186,CLM-01769,Lakshit,,Narasimhan,Lakshit Narasimhan,UID-313405947960,99522441993,lakshit38@yahoo.com,M,2012-02-24,Colleague,
PAS-11187,CLM-01769,Rushil,,Narayan,Rushil Narayan,VOTER-C214604,97916757925,rushil56@yahoo.com,M,1960-01-13,Colleague,
PAS-11188,CLM-02582,Ansh,,Andra,Ansh Andra,UID-185110966441,97639076490,ansh36@live.com,M,2013-04-08,Unknown,
PAS-11189,CLM-01636,Gopal,,Sethi,Gopal Sethi,AADHAR-8563-3542-8171,98375731793,gopal26@live.com,M,2009-01-14,Relative,
PAS-11190,CLM-01636,Jason,,Tiwari,Jason Tiwari,UID-576589908263,98390792125,jason15@gmail.com,M,1985-07-20,Colleague,
PAS-11191,CLM-01636,Kai,,Sandal,Kai Sandal,VOTER-E170926,98356256078,kai99@yahoo.com,M,2007-01-31,Relative,
PAS-11192,CLM-02984,Nimrat,,Pai,Nimrat Pai,UID-224648013247,99133506646,nimrat91@hotmail.com,F,1975-07-31,Unknown,
PAS-11193,CLM-02984,Avi,,Iyengar,Avi Iyengar,UID-777242743273,98249398540,avi38@outlook.co.in,M,1956-07-03,Colleague,
PAS-11194,CLM-02984,Udant,,Ganguly,Udant Ganguly,UID-730070349590,97474860419,udant95@yahoo.com,M,2000-07-30,Friend,
PAS-11195,CLM-02984,Lakshit,,Sagar,Lakshit Sagar,UID-935445076788,99528249669,lakshit63@live.com,M,1958-06-23,Friend,
PAS-11196,CLM-02534,Osha,,Chad,Osha Chad,VOTER-A383913,97910271724,osha96@yahoo.com,F,1970-02-08,Relative,
PAS-11197,CLM-02534,Samarth,,Pandya,Samarth Pandya,UID-897718066111,98997513820,samarth71@gmail.com,M,1964-04-04,Relative,
PAS-11198,CLM-01971,Jhalak,,Lal,Jhalak Lal,UID-288603100378,99774794911,jhalak51@gmail.com,F,1995-01-09,Relative,MEM-11009
PAS-11199,CLM-01971,Imaran,,Gera,Imaran Gera,VOTER-A710787,98046776319,imaran13@gmail.com,M,1963-03-21,Relative,MEM-12740
PAS-11200,CLM-01971,Dakshesh,,Pau,Dakshesh Pau,UID-311267149737,97055209139,dakshesh94@live.com,M,1973-10-12,Unknown,
PAS-11201,CLM-01416,Yash,,Char,Yash Char,UID-828931426089,97720035540,yash35@outlook.co.in,M,1996-12-17,Relative,MEM-12238
PAS-11202,CLM-01863,Faris,,Mital,Faris Mital,AADHAR-9793-6862-7398,98204265111,faris36@outlook.co.in,M,1998-04-20,Spouse,MEM-11518
PAS-11203,CLM-01863,Umang,,Master,Umang Master,AADHAR-8745-4135-8038,97056496356,umang17@yahoo.com,M,2005-07-08,Friend,
PAS-11204,CLM-01863,Patrick,,Mishra,Patrick Mishra,UID-753385123355,98307486438,patrick75@gmail.com,M,1971-12-14,Son,MEM-10470
PAS-11205,CLM-01863,Upkaar,,Sawhney,Upkaar Sawhney,UID-205646592484,97325332403,upkaar54@rediffmail.com,M,1958-06-21,Friend,
PAS-11206,CLM-02169,Tamanna,,Vaidya,Tamanna Vaidya,UID-336012443697,97870746176,tamanna47@outlook.co.in,F,2011-08-19,Unknown,
PAS-11207,CLM-02169,Upasna,,Bora,Upasna Bora,VOTER-E396570,97479018494,upasna27@gmail.com,F,1986-03-26,Colleague,
PAS-11208,CLM-02169,Megha,,Pandey,Megha Pandey,VOTER-C743928,97555145439,megha92@gmail.com,F,1965-04-05,Unknown,
PAS-11209,CLM-01950,Bhavani,,Mahajan,Bhavani Mahajan,VOTER-A425583,98336625929,bhavani42@rediffmail.com,F,1956-06-03,Unknown,
PAS-11210,CLM-00737,Chasmum,,Sathe,Chasmum Sathe,VOTER-C294867,98628484978,chasmum71@outlook.co.in,F,2013-05-07,Colleague,
PAS-11211,CLM-00737,Daksha,,Taneja,Daksha Taneja,UID-908755042247,99918463539,daksha12@hotmail.com,F,1962-02-09,Friend,
PAS-11212,CLM-00737,Ayushman,,Shah,Ayushman Shah,AADHAR-1827-2775-8951,97296605793,ayushman33@hotmail.com,M,1983-12-19,Relative,MEM-10472
PAS-11213,CLM-00737,Varsha,,Chand,Varsha Chand,UID-569091696973,98840908318,varsha50@outlook.co.in,F,1974-04-30,Friend,MEM-12777
PAS-11214,CLM-01786,Jairaj,,Bail,Jairaj Bail,AADHAR-4365-8148-1679,98536151411,jairaj63@rediffmail.com,M,1955-02-17,Relative,
PAS-11215,CLM-01786,Harshil,,Sawhney,Harshil Sawhney,VOTER-B675547,99751186633,harshil62@rediffmail.com,M,2004-07-23,Relative,
PAS-11216,CLM-00755,Devansh,,Dhingra,Devansh Dhingra,UID-913896331716,98312611128,devansh17@gmail.com,M,2009-12-03,Relative,
PAS-11217,CLM-00755,Faraj,,Chauhan,Faraj Chauhan,AADHAR-9377-1038-8667,99080649359,faraj78@outlook.co.in,M,2014-10-28,Friend,
PAS-11218,CLM-00755,Indira,,Rajagopalan,Indira Rajagopalan,AADHAR-2953-6915-2644,98368625328,indira58@gmail.com,F,1970-09-25,Colleague,
PAS-11219,CLM-01816,Chakradhar,,Gade,Chakradhar Gade,UID-228981637416,97180203589,chakradhar80@rediffmail.com,M,2019-10-28,Friend,
PAS-11220,CLM-01816,Faraj,,Dubey,Faraj Dubey,VOTER-D446272,98732384412,faraj61@gmail.com,M,2018-04-06,Relative,
PAS-11221,CLM-01989,Praneel,,Issac,Praneel Issac,UID-553649922712,97863243874,praneel53@yahoo.com,M,1991-05-31,Friend,
PAS-11222,CLM-01989,Vedhika,,Sampath,Vedhika Sampath,VOTER-D639138,99926391783,vedhika60@live.com,F,1981-10-01,Colleague,
PAS-11223,CLM-01989,Harsh,,Rajagopalan,Harsh Rajagopalan,VOTER-E139274,98252873570,harsh47@gmail.com,M,1996-07-27,Relative,
PAS-11224,CLM-01989,Matthew,,Naidu,Matthew Naidu,AADHAR-5117-6071-2321,97913216319,matthew18@outlook.co.in,M,1974-11-26,Unknown,
PAS-11225,CLM-01624,Chandresh,,Sathe,Chandresh Sathe,UID-447945836084,98094176669,chandresh95@gmail.com,M,2009-06-28,Relative,
PAS-11226,CLM-01624,Laban,,Dube,Laban Dube,VOTER-D932788,98121206012,laban49@outlook.co.in,M,1967-11-18,Unknown,
PAS-11227,CLM-02064,Yug,,Goyal,Yug Goyal,AADHAR-9919-8323-6035,99576188418,yug68@gmail.com,M,2017-03-08,Unknown,
PAS-11228,CLM-02064,Samaksh,,Raja,Samaksh Raja,UID-386007068144,97516545357,samaksh35@rediffmail.com,M,1968-11-22,Relative,MEM-10800
PAS-11229,CLM-02064,Chaitaly,,Sethi,Chaitaly Sethi,AADHAR-5174-6438-6470,97355599777,chaitaly57@hotmail.com,F,2008-11-03,Unknown,
PAS-11230,CLM-02064,Girindra,,Mittal,Girindra Mittal,VOTER-B889067,99929409815,girindra77@rediffmail.com,M,2009-07-26,Unknown,
PAS-11231,CLM-00496,Akshay,,Mani,Akshay Mani,UID-767446106126,97316150269,akshay98@rediffmail.com,M,2024-07-08,Friend,
PAS-11232,CLM-00496,Xavier,,Buch,Xavier Buch,UID-898867067570,98472027461,xavier15@rediffmail.com,M,1985-08-21,Friend,
PAS-11233,CLM-00496,Rushil,,Guha,Rushil Guha,AADHAR-9446-9362-4960,99704145822,rushil51@rediffmail.com,M,1968-02-25,Son,MEM-11491
PAS-11234,CLM-00496,Urvi,,Mittal,Urvi Mittal,UID-316194013389,98864456146,urvi52@outlook.co.in,F,1968-02-17,Unknown,
PAS-11235,CLM-01782,Triya,,Bora,Triya Bora,AADHAR-3606-7245-5487,97936405196,triya91@outlook.co.in,F,2001-07-19,Friend,MEM-11099
PAS-11236,CLM-01782,Chatura,,Shanker,Chatura Shanker,UID-762894669536,98013158251,chatura28@outlook.co.in,M,2000-05-21,Unknown,
PAS-11237,CLM-01782,Ridhi,,Maharaj,Ridhi Maharaj,VOTER-A469555,99549587976,ridhi75@rediffmail.com,F,1993-08-16,Son,MEM-13157
PAS-11238,CLM-02834,Saksham,,Gulati,Saksham Gulati,AADHAR-2851-9896-2408,98551267026,saksham72@gmail.com,M,1976-06-25,Unknown,
PAS-11239,CLM-01144,Vedika,,Sodhi,Vedika Sodhi,UID-560413533732,99168191929,vedika24@live.com,F,1968-04-08,Relative,
PAS-11240,CLM-01144,Lavanya,,Parsa,Lavanya Parsa,UID-358592133394,97355040885,lavanya23@gmail.com,F,2018-01-12,Friend,
PAS-11241,CLM-02649,Rajeshri,,Pai,Rajeshri Pai,AADHAR-3929-1619-7838,98785286796,rajeshri67@gmail.com,F,1987-03-19,Friend,
PAS-11242,CLM-02649,Utkarsh,,Desai,Utkarsh Desai,AADHAR-1366-7064-8417,97621303468,utkarsh52@outlook.co.in,M,1974-11-02,Relative,
PAS-11243,CLM-02649,Jagvi,,Sant,Jagvi Sant,VOTER-E988979,97289353911,jagvi85@outlook.co.in,F,2019-11-23,Friend,
PAS-11244,CLM-02649,Banjeet,,Kuruvilla,Banjeet Kuruvilla,AADHAR-3729-4753-5798,97132827323,banjeet72@yahoo.com,M,1988-01-31,Relative,
PAS-11245,CLM-00332,Vanya,,Gaba,Vanya Gaba,VOTER-E612504,98698622806,vanya86@hotmail.com,F,1999-02-02,Friend,
PAS-11246,CLM-00332,Sarthak,,Chaudhuri,Sarthak Chaudhuri,AADHAR-3085-8815-4939,98710543380,sarthak74@live.com,M,2007-01-24,Colleague,
PAS-11247,CLM-02275,Qushi,,Tripathi,Qushi Tripathi,AADHAR-4904-7394-9006,98901353339,qushi48@rediffmail.com,F,1959-04-03,Relative,
PAS-11248,CLM-02275,Darsh,,Gola,Darsh Gola,UID-905617371030,99051846634,darsh47@yahoo.com,M,1958-11-13,Unknown,
PAS-11249,CLM-02275,Hema,,Thaker,Hema Thaker,AADHAR-2594-7411-4774,99056587147,hema42@gmail.com,F,1957-09-25,Relative,
PAS-11250,CLM-02275,Nathaniel,,Mishra,Nathaniel Mishra,VOTER-A507785,98735339588,nathaniel35@yahoo.com,M,2015-10-06,Friend,
PAS-11251,CLM-02133,Krisha,,Sama,Krisha Sama,VOTER-B206840,99442623485,krisha42@live.com,F,1968-03-06,Unknown,
PAS-11252,CLM-02133,Bhavna,,Shanker,Bhavna Shanker,AADHAR-7454-9787-4895,97360534597,bhavna33@hotmail.com,F,1994-02-09,Friend,
PAS-11253,CLM-02133,Adya,,Dasgupta,Adya Dasgupta,VOTER-A670579,97861282336,adya75@rediffmail.com,F,1965-10-18,Daughter,MEM-11242
PAS-11254,CLM-02133,Chaitanya,,Khalsa,Chaitanya Khalsa,VOTER-B825599,98197625869,chaitanya98@outlook.co.in,M,2001-11-05,Friend,
PAS-11255,CLM-00522,Laban,,Palla,Laban Palla,VOTER-B530407,97657993233,laban34@outlook.co.in,M,1958-05-24,Unknown,
PAS-11256,CLM-00522,Ishita,,Kala,Ishita Kala,VOTER-A858205,99414917642,ishita46@yahoo.com,F,2017-10-28,Unknown,
PAS-11257,CLM-00522,Chaman,,Sen,Chaman Sen,UID-617768139788,97570733833,chaman91@hotmail.com,F,1988-07-04,Friend,
PAS-11258,CLM-00052,Kamala,,Walla,Kamala Walla,UID-423860572294,99934822681,kamala16@yahoo.com,F,1987-01-29,Friend,
PAS-11259,CLM-02334,Falak,,Kala,Falak Kala,VOTER-A513419,98890165866,falak24@hotmail.com,F,1995-04-14,Daughter,MEM-13078
PAS-11260,CLM-02334,Lajita,,Rai,Lajita Rai,UID-997736543850,97161618137,lajita94@outlook.co.in,F,2002-05-28,Friend,
PAS-11261,CLM-02334,Bhavika,,Ganesh,Bhavika Ganesh,VOTER-E210542,98109277637,bhavika18@rediffmail.com,F,1960-04-27,Relative,
PAS-11262,CLM-01402,Oviya,,Kant,Oviya Kant,VOTER-E965541,99812373111,oviya24@hotmail.com,F,2001-02-05,Colleague,MEM-10395
PAS-11263,CLM-01402,Yashvi,,Ramakrishnan,Yashvi Ramakrishnan,AADHAR-3727-8716-2513,98000799440,yashvi66@rediffmail.com,F,1978-09-07,Unknown,
PAS-11264,CLM-01402,Om,,Buch,Om Buch,AADHAR-4886-3763-7589,98500499117,om63@rediffmail.com,M,1992-04-20,Colleague,
PAS-11265,CLM-02930,Harshil,,Korpal,Harshil Korpal,VOTER-D148609,98286099400,harshil12@rediffmail.com,M,2020-02-10,Unknown,
PAS-11266,CLM-02385,Arjun,,Patil,Arjun Patil,AADHAR-4453-7631-9965,97491910603,arjun36@yahoo.com,M,1987-06-25,Friend,
PAS-11267,CLM-02385,Yashica,,Kala,Yashica Kala,UID-803652926291,98225378626,yashica41@hotmail.com,F,2005-05-29,Unknown,
PAS-11268,CLM-02385,Gavin,,Ratti,Gavin Ratti,VOTER-E528439,98576174762,gavin90@hotmail.com,M,1987-04-08,Unknown,
PAS-11269,CLM-02385,Damyanti,,Sangha,Damyanti Sangha,UID-494767153610,99690326665,damyanti94@outlook.co.in,F,1978-02-10,Parent,MEM-13169
PAS-11270,CLM-01545,Simon,,Kothari,Simon Kothari,UID-511004751662,98806719182,simon56@hotmail.com,M,2017-01-13,Relative,
PAS-11271,CLM-01736,Bhavya,,Chandra,Bhavya Chandra,AADHAR-4201-1781-7426,99406223720,bhavya98@yahoo.com,F,1956-08-12,Unknown,
PAS-11272,CLM-01736,Chanchal,,Dar,Chanchal Dar,AADHAR-7180-8698-9975,98137116820,chanchal92@hotmail.com,F,1964-01-20,Relative,
PAS-11273,CLM-01656,Vidhi,,Karan,Vidhi Karan,UID-393478923457,99971754448,vidhi50@hotmail.com,F,2007-10-19,Daughter,MEM-12103
PAS-11274,CLM-01656,Bimala,,Grover,Bimala Grover,VOTER-A657901,99139071970,bimala77@yahoo.com,F,2007-07-26,Unknown,
PAS-11275,CLM-02567,Qadim,,Jain,Qadim Jain,VOTER-D926879,99008420177,qadim41@outlook.co.in,M,1991-10-19,Relative,
PAS-11276,CLM-02567,Viraj,,Dhillon,Viraj Dhillon,UID-151914635664,97629724436,viraj94@rediffmail.com,M,1956-02-25,Colleague,
PAS-11277,CLM-02567,Udarsh,,Dara,Udarsh Dara,AADHAR-9086-4743-6867,99122678701,udarsh13@hotmail.com,M,1986-04-15,Colleague,
PAS-11278,CLM-02567,Bachittar,,Dass,Bachittar Dass,VOTER-B533583,97395294801,bachittar65@rediffmail.com,M,2012-05-25,Unknown,
PAS-11279,CLM-01235,Neelima,,Anand,Neelima Anand,UID-163796216511,99464218297,neelima14@live.com,F,1992-07-06,Friend,MEM-11302
PAS-11280,CLM-02302,Triveni,,Mall,Triveni Mall,UID-553066041814,97880142494,triveni19@rediffmail.com,F,2004-04-12,Friend,
PAS-11281,CLM-00061,Yutika,,Kala,Yutika Kala,VOTER-E499452,97726292162,yutika14@gmail.com,F,1966-01-02,Friend,
PAS-11282,CLM-00061,Kabir,,Thakkar,Kabir Thakkar,AADHAR-2199-9667-6522,98577862364,kabir47@gmail.com,M,2007-07-26,Parent,MEM-12652
PAS-11283,CLM-00061,Sachi,,Rout,Sachi Rout,VOTER-D932816,99582896297,sachi60@hotmail.com,F,2003-09-23,Friend,
PAS-11284,CLM-00061,Harinakshi,,Anand,Harinakshi Anand,VOTER-A352135,97684258923,harinakshi66@outlook.co.in,F,1975-07-12,Friend,
PAS-11285,CLM-00465,Robert,,Singh,Robert Singh,AADHAR-9818-3117-8837,98024533531,robert33@gmail.com,M,2003-08-14,Colleague,MEM-10397
PAS-11286,CLM-00465,Vritti,,Mani,Vritti Mani,VOTER-E327506,98070392662,vritti71@gmail.com,F,1956-01-27,Unknown,
PAS-11287,CLM-00465,Samuel,,Sood,Samuel Sood,UID-244848516111,98640100655,samuel97@yahoo.com,M,1982-03-25,Relative,
PAS-11288,CLM-02415,Siya,,Tripathi,Siya Tripathi,VOTER-E885359,99805691838,siya91@yahoo.com,F,1986-12-06,Son,MEM-12795
PAS-11289,CLM-02415,Azaan,,Choudhury,Azaan Choudhury,VOTER-A771483,98948754824,azaan19@live.com,M,1997-12-14,Colleague,
PAS-11290,CLM-01172,Ekapad,,Setty,Ekapad Setty,AADHAR-4540-5945-3541,99327360875,ekapad18@live.com,M,2019-07-30,Friend,
PAS-11291,CLM-01172,Dayita,,Nagy,Dayita Nagy,UID-465828843434,97410000374,dayita80@gmail.com,F,1991-02-17,Colleague,
PAS-11292,CLM-00256,Fitan,,Badami,Fitan Badami,AADHAR-5983-3147-4929,99073385062,fitan42@rediffmail.com,M,2005-01-01,Spouse,MEM-11577
PAS-11293,CLM-00256,Pranav,,Chanda,Pranav Chanda,UID-228388714779,97704074407,pranav47@outlook.co.in,M,1960-03-23,Friend,
PAS-11294,CLM-00256,Orinder,,Sankaran,Orinder Sankaran,VOTER-D704514,98937855197,orinder11@outlook.co.in,M,2005-03-14,Daughter,MEM-12688
PAS-11295,CLM-00256,Sneha,,Malhotra,Sneha Malhotra,UID-218200109130,99935390985,sneha60@live.com,F,1989-04-24,Relative,
PAS-11296,CLM-02616,Daniel,,Barad,Daniel Barad,UID-549048186492,98783555884,daniel85@live.com,M,2022-01-28,Unknown,
PAS-11297,CLM-02616,Fitan,,Chowdhury,Fitan Chowdhury,VOTER-D430028,97984250243,fitan20@rediffmail.com,M,1985-06-05,Parent,MEM-12611
PAS-11298,CLM-02182,Pahal,,Gera,Pahal Gera,UID-744534441328,99099344507,pahal53@yahoo.com,F,1973-03-05,Relative,
PAS-11299,CLM-02182,Om,,Chandra,Om Chandra,UID-435351342129,98556481272,om55@live.com,M,1974-05-12,Unknown,
PAS-11300,CLM-02182,Aarnav,,Chada,Aarnav Chada,VOTER-C711342,98812447778,aarnav51@live.com,M,1996-08-01,Friend,
PAS-11301,CLM-02182,Gautami,,Dixit,Gautami Dixit,UID-276199155262,97066711544,gautami84@hotmail.com,F,1975-11-30,Son,MEM-10997
PAS-11302,CLM-02349,Ekani,,Dhingra,Ekani Dhingra,VOTER-C643003,97668701919,ekani59@hotmail.com,F,1973-01-08,Colleague,
PAS-11303,CLM-02349,Udant,,Cherian,Udant Cherian,VOTER-D784840,98582864684,udant95@live.com,M,1965-03-25,Unknown,
PAS-11304,CLM-02800,Sneha,,Mohan,Sneha Mohan,VOTER-E768000,99301920964,sneha78@hotmail.com,F,1975-03-17,Colleague,
PAS-11305,CLM-02471,Dakshesh,,Chana,Dakshesh Chana,AADHAR-7964-5287-4919,98310752783,dakshesh30@outlook.co.in,M,2006-07-14,Daughter,MEM-13178
PAS-11306,CLM-02471,Aditya,,Vasa,Aditya Vasa,VOTER-D877161,99674538937,aditya57@outlook.co.in,M,1968-12-23,Unknown,
PAS-11307,CLM-02471,Arjun,,Vala,Arjun Vala,UID-377892863908,98172550741,arjun21@rediffmail.com,M,2011-02-05,Friend,
PAS-11308,CLM-02471,Damyanti,,Gulati,Damyanti Gulati,AADHAR-8999-4926-9538,97973797307,damyanti54@live.com,F,1969-10-18,Colleague,
PAS-11309,CLM-02947,Upasna,,Goswami,Upasna Goswami,UID-787839554261,97622384491,upasna50@yahoo.com,F,2012-07-31,Friend,
PAS-11310,CLM-02768,Krisha,,Pathak,Krisha Pathak,AADHAR-1327-8839-8286,99012699350,krisha21@live.com,F,1956-12-05,Relative,
PAS-11311,CLM-02768,Veer,,Bahri,Veer Bahri,VOTER-E617707,97136977935,veer48@live.com,M,1978-07-04,Colleague,MEM-13215
PAS-11312,CLM-02335,Libni,,Patla,Libni Patla,VOTER-C453691,98933232967,libni22@rediffmail.com,F,1979-11-14,Parent,MEM-12006
PAS-11313,CLM-02335,Veda,,Patil,Veda Patil,UID-619945484544,97309279829,veda36@hotmail.com,F,1964-06-07,Son,MEM-10658
PAS-11314,CLM-02335,Harrison,,Ghosh,Harrison Ghosh,UID-105959921461,99610261837,harrison28@yahoo.com,M,2023-01-25,Relative,
PAS-11315,CLM-02335,Gaurang,,Patel,Gaurang Patel,UID-242539059500,97825431328,gaurang71@rediffmail.com,M,1967-03-30,Relative,
PAS-11316,CLM-00878,Lavanya,,Kata,Lavanya Kata,VOTER-A880645,99879633900,lavanya17@rediffmail.com,F,1961-06-02,Colleague,
PAS-11317,CLM-00277,Pranav,,Thaman,Pranav Thaman,VOTER-B677066,99331001998,pranav88@gmail.com,M,1980-05-01,Friend,
PAS-11318,CLM-00277,Timothy,,Chauhan,Timothy Chauhan,VOTER-E647672,98325469887,timothy17@gmail.com,M,1985-08-19,Friend,
PAS-11319,CLM-00277,Ranbir,,Dalal,Ranbir Dalal,UID-230349775706,99816567944,ranbir47@yahoo.com,M,2009-12-11,Unknown,
PAS-11320,CLM-00277,Faraj,,Cherian,Faraj Cherian,AADHAR-5875-9227-6375,99540198133,faraj41@outlook.co.in,M,1981-09-12,Relative,MEM-13381
PAS-11321,CLM-00226,Rajeshri,,Dhillon,Rajeshri Dhillon,UID-819544143682,97440784461,rajeshri26@yahoo.com,F,1971-02-22,Friend,
PAS-11322,CLM-00226,Nicholas,,Sastry,Nicholas Sastry,AADHAR-6586-8233-3207,99735967631,nicholas35@hotmail.com,M,2000-03-22,Friend,
PAS-11323,CLM-02375,Utkarsh,,Swamy,Utkarsh Swamy,UID-861982694562,98015918660,utkarsh28@live.com,M,1976-06-21,Colleague,
PAS-11324,CLM-02375,Rayaan,,Nagar,Rayaan Nagar,UID-652230017108,97992948228,rayaan32@rediffmail.com,M,2020-01-14,Colleague,
PAS-11325,CLM-01493,Urvashi,,Gokhale,Urvashi Gokhale,UID-574543673146,97335053025,urvashi20@live.com,F,2003-10-26,Relative,
PAS-11326,CLM-01493,Isha,,Borde,Isha Borde,VOTER-A620497,97626444105,isha38@hotmail.com,F,1968-10-26,Unknown,
PAS-11327,CLM-01493,Advaith,,Tripathi,Advaith Tripathi,VOTER-B930436,99769288138,advaith57@outlook.co.in,M,1997-06-07,Relative,MEM-11794
PAS-11328,CLM-00021,Ishaan,,Gupta,Ishaan Gupta,VOTER-E252633,99783967340,ishaan96@gmail.com,M,1971-12-24,Relative,
PAS-11329,CLM-00021,Lekha,,Murthy,Lekha Murthy,VOTER-C949609,98714478390,lekha60@live.com,F,1967-09-18,Friend,MEM-13305
PAS-11330,CLM-00021,Christopher,,Dugar,Christopher Dugar,VOTER-A661911,98558234538,christopher97@gmail.com,M,1976-08-07,Relative,
PAS-11331,CLM-00021,Gayathri,,Behl,Gayathri Behl,UID-814183893970,97557789816,gayathri23@rediffmail.com,F,1987-12-14,Relative,
PAS-11332,CLM-01205,Forum,,Dhar,Forum Dhar,VOTER-C296774,99407238999,forum48@outlook.co.in,F,2006-07-27,Colleague,
PAS-11333,CLM-01205,Varsha,,Seth,Varsha Seth,UID-847007722526,99596755126,varsha26@live.com,F,1995-01-12,Friend,
PAS-11334,CLM-01643,Priya,,Chakraborty,Priya Chakraborty,VOTER-C525556,97597933702,priya43@rediffmail.com,F,2015-12-01,Friend,
PAS-11335,CLM-01643,Anmol,,Pandya,Anmol Pandya,UID-923032930725,97146362775,anmol72@live.com,M,1963-02-04,Relative,
PAS-11336,CLM-01643,Jagdish,,Rana,Jagdish Rana,AADHAR-8072-1405-4864,98410646569,jagdish69@live.com,M,1979-09-13,Friend,
PAS-11337,CLM-01643,Zarna,,Samra,Zarna Samra,UID-495002929233,97814695812,zarna77@yahoo.com,F,2012-12-17,Friend,
PAS-11338,CLM-00231,Max,,Bera,Max Bera,VOTER-D773348,99301750386,max47@gmail.com,M,1958-07-06,Relative,
PAS-11339,CLM-01728,Nidra,,Rau,Nidra Rau,AADHAR-8048-5320-6265,99351285749,nidra72@hotmail.com,F,1988-07-17,Colleague,
PAS-11340,CLM-01728,Balhaar,,Warrior,Balhaar Warrior,VOTER-E111336,98770274999,balhaar82@gmail.com,M,1968-02-24,Relative,
PAS-11341,CLM-02950,Xiti,,Dhawan,Xiti Dhawan,VOTER-E893499,99743777485,xiti21@yahoo.com,F,1963-03-06,Friend,
PAS-11342,CLM-02950,Jagdish,,Kara,Jagdish Kara,UID-613410162607,97389310617,jagdish24@gmail.com,M,1991-06-20,Friend,MEM-11819
PAS-11343,CLM-02950,Faras,,Mannan,Faras Mannan,VOTER-D304040,99580780271,faras99@rediffmail.com,M,1963-12-01,Relative,MEM-11058
PAS-11344,CLM-00592,Devansh,,Deshpande,Devansh Deshpande,AADHAR-6679-3127-2446,99480619134,devansh58@gmail.com,M,1981-03-27,Friend,
PAS-11345,CLM-00592,Yashvi,,Dubey,Yashvi Dubey,VOTER-D982425,99425915158,yashvi83@hotmail.com,F,2023-06-15,Relative,
PAS-11346,CLM-00592,Urvashi,,Dave,Urvashi Dave,UID-286383674398,99938644444,urvashi73@outlook.co.in,F,1971-04-28,Relative,
PAS-11347,CLM-00592,Jyoti,,Das,Jyoti Das,UID-683369286932,99337270774,jyoti15@yahoo.com,F,1987-07-03,Parent,MEM-13396
PAS-11348,CLM-00796,Darpan,,Choudhury,Darpan Choudhury,UID-630392211387,99436188097,darpan94@live.com,M,1970-09-03,Friend,
PAS-11349,CLM-01639,Upadhriti,,Kota,Upadhriti Kota,UID-119965998562,97905723455,damini72@rediffmail.com,F,1962-09-19,Spouse,
PAS-11350,CLM-01639,Ekaraj,,Buch,Ekaraj Buch,VOTER-A789789,99880471435,ekaraj19@live.com,M,1962-09-02,Son,MEM-11637
PAS-11351,CLM-01639,Laban,,Devan,Laban Devan,VOTER-D542308,97968175638,laban19@rediffmail.com,M,1974-05-14,Friend,
PAS-11352,CLM-00549,Krisha,,Mane,Krisha Mane,VOTER-E755420,99209327871,krisha72@hotmail.com,F,1969-06-08,Spouse,MEM-11396
PAS-11353,CLM-00549,Aahana,,Khurana,Aahana Khurana,VOTER-D323147,99903002640,aahana67@yahoo.com,F,1992-04-28,Spouse,MEM-12821
PAS-11354,CLM-00549,Bakhshi,,Kade,Bakhshi Kade,AADHAR-2422-1123-4456,97130036538,bakhshi76@yahoo.com,M,1996-01-26,Unknown,
PAS-11355,CLM-00315,Devika,,Magar,Devika Magar,AADHAR-1178-1372-1226,99642731713,devika72@rediffmail.com,F,1961-08-26,Relative,
PAS-11356,CLM-01269,Varsha,,Chand,Varsha Chand,VOTER-A654693,98840908318,varsha50@outlook.co.in,F,1974-04-30,Daughter,MEM-12777
PAS-11357,CLM-01269,Sathvik,,Chanda,Sathvik Chanda,AADHAR-3869-8342-3449,98612028483,sathvik90@gmail.com,M,1962-11-02,Colleague,
PAS-11358,CLM-01269,Azaan,,Dayal,Azaan Dayal,AADHAR-1128-1797-9320,97344034231,azaan48@rediffmail.com,M,1957-04-19,Relative,
PAS-11359,CLM-01269,Ekapad,,Deshmukh,Ekapad Deshmukh,UID-658524165695,98115170322,ekapad45@outlook.co.in,M,1957-02-25,Relative,
PAS-11360,CLM-01799,Aryan,,Mutti,Aryan Mutti,UID-585592215703,97782262343,aryan59@hotmail.com,M,1970-01-04,Spouse,MEM-11159
PAS-11361,CLM-01799,Urvi,,Grewal,Urvi Grewal,VOTER-E450558,98289761192,urvi75@yahoo.com,F,1961-02-19,Son,MEM-10532
PAS-11362,CLM-01799,Bhavani,,Master,Bhavani Master,UID-124033197105,98032042976,bhavani58@live.com,F,1965-12-18,Unknown,
PAS-11363,CLM-01799,Sai,,Vasa,Sai Vasa,AADHAR-4448-5172-7714,98021312327,sai68@outlook.co.in,M,1972-11-04,Unknown,
PAS-11364,CLM-00190,Tamanna,,Gandhi,Tamanna Gandhi,UID-485631809827,99190986447,tamanna98@outlook.co.in,F,2007-09-27,Relative,
PAS-11365,CLM-00190,Chaitaly,,Saxena,Chaitaly Saxena,AADHAR-8394-6316-4817,97764684170,chaitaly44@rediffmail.com,F,1992-12-07,Friend,MEM-13475
PAS-11366,CLM-00190,Samaksh,,Bobal,Samaksh Bobal,UID-514568371360,98154465117,samaksh68@rediffmail.com,M,1978-09-22,Relative,
PAS-11367,CLM-00688,Abhiram,,Bhatt,Abhiram Bhatt,VOTER-E331967,99228486424,abhiram93@rediffmail.com,M,2006-09-17,Unknown,
PAS-11368,CLM-02089,Zansi,,Sodhi,Zansi Sodhi,VOTER-C309925,99294462436,zansi87@live.com,F,1976-04-21,Friend,
PAS-11369,CLM-02089,Theodore,,Krish,Theodore Krish,AADHAR-5757-6917-7046,98667884177,theodore58@gmail.com,M,1963-03-24,Son,MEM-12738
PAS-11370,CLM-01109,Imaran,,Basak,Imaran Basak,VOTER-C459860,98420686738,imaran46@rediffmail.com,M,1991-08-04,Unknown,
PAS-11371,CLM-01178,Abeer,,Chakrabarti,Abeer Chakrabarti,AADHAR-5066-6524-8700,97865733975,abeer71@live.com,M,2018-09-22,Friend,
PAS-11372,CLM-01178,Sara,,Dhawan,Sara Dhawan,AADHAR-7112-2914-1774,99609152517,sara64@rediffmail.com,F,2016-11-08,Unknown,
PAS-11373,CLM-02092,Teerth,,Salvi,Teerth Salvi,AADHAR-5758-9359-9210,97333612139,teerth66@live.com,M,1969-11-14,Relative,
PAS-11374,CLM-02092,Leela,,Handa,Leela Handa,VOTER-C618769,99128909467,leela98@outlook.co.in,F,2012-11-25,Colleague,
PAS-11375,CLM-02092,Jagat,,Sha,Jagat Sha,UID-748089707546,98330199668,jagat68@hotmail.com,M,1988-11-11,Friend,MEM-11669
PAS-11376,CLM-02092,Gaurika,,Rau,Gaurika Rau,VOTER-E867292,98634450378,gaurika98@rediffmail.com,F,1991-05-09,Relative,MEM-12196
PAS-11377,CLM-00410,Lohit,,Pal,Lohit Pal,VOTER-D272236,97405310940,lohit83@live.com,M,2017-04-30,Colleague,
PAS-11378,CLM-00410,Qushi,,Din,Qushi Din,UID-357012649078,99252321611,qushi55@hotmail.com,F,2005-01-20,Colleague,MEM-12299
PAS-11379,CLM-00410,Jyoti,,Kapoor,Jyoti Kapoor,VOTER-A126752,97622803616,jyoti98@hotmail.com,F,1974-12-31,Unknown,
PAS-11380,CLM-00410,Hemal,,Tella,Hemal Tella,AADHAR-5439-2727-8703,98296193489,hemal71@gmail.com,F,1957-11-12,Friend,
PAS-11381,CLM-02952,Vedhika,,Kumar,Vedhika Kumar,VOTER-E551174,98718582530,vedhika44@hotmail.com,F,1974-05-18,Unknown,
PAS-11382,CLM-02952,Aradhana,,Goel,Aradhana Goel,VOTER-D689483,98316368552,aradhana51@rediffmail.com,F,2021-09-28,Relative,
PAS-11383,CLM-02761,Rehaan,,Mahal,Rehaan Mahal,VOTER-D874963,97726772114,rehaan10@yahoo.com,M,1983-01-20,Friend,
PAS-11384,CLM-02761,Neel,,Shukla,Neel Shukla,UID-908454655901,97146187070,neel85@yahoo.com,M,1981-11-11,Parent,MEM-13198
PAS-11385,CLM-02761,Edhitha,,Dhar,Edhitha Dhar,UID-783996133670,99058225230,edhitha80@rediffmail.com,F,1981-04-07,Colleague,MEM-11672
PAS-11386,CLM-01214,Jonathan,,Vaidya,Jonathan Vaidya,VOTER-A801691,97057807288,jonathan90@gmail.com,M,1960-07-15,Colleague,
PAS-11387,CLM-01214,Oliver,,Ravi,Oliver Ravi,AADHAR-9924-4767-7114,99716162977,oliver97@hotmail.com,M,1959-01-24,Colleague,
PAS-11388,CLM-00874,Yatan,,Dhar,Yatan Dhar,VOTER-C109253,97587896675,yatan45@gmail.com,M,2012-02-09,Colleague,
PAS-11389,CLM-00874,Deepa,,Maharaj,Deepa Maharaj,VOTER-C983200,97681422850,deepa27@gmail.com,F,1981-02-27,Friend,MEM-10590
PAS-11390,CLM-02026,Wakeeta,,Trivedi,Wakeeta Trivedi,VOTER-C781360,97666311244,wakeeta96@yahoo.com,F,1983-06-24,Unknown,
PAS-11391,CLM-02026,Zaid,,Varkey,Zaid Varkey,AADHAR-2751-7455-3045,98459973012,zaid29@rediffmail.com,M,2001-06-16,Relative,MEM-11546
PAS-11392,CLM-02026,Tanveer,,Bhakta,Tanveer Bhakta,UID-441056985804,97266647427,tanveer19@live.com,M,2003-03-12,Unknown,
PAS-11393,CLM-00082,Vasana,,Balakrishnan,Vasana Balakrishnan,AADHAR-9117-8742-5436,98058677075,vasana61@yahoo.com,F,2022-01-04,Relative,
PAS-11394,CLM-00082,Amara,,Som,Amara Som,VOTER-A222721,98027859750,amara66@hotmail.com,F,1993-04-08,Friend,
PAS-11395,CLM-00082,Samar,,Krishna,Samar Krishna,AADHAR-9898-4200-3592,99062722450,samar59@rediffmail.com,M,1987-04-18,Spouse,MEM-10934
PAS-11396,CLM-02897,Daksh,,Mani,Daksh Mani,UID-544483275559,97002783929,daksh28@yahoo.com,M,1997-08-11,Colleague,
PAS-11397,CLM-00386,Tanvi,,Deep,Tanvi Deep,UID-440216951819,98223443079,tanvi58@hotmail.com,F,2023-10-02,Unknown,
PAS-11398,CLM-00163,Janani,,Bhasin,Janani Bhasin,AADHAR-1552-8600-7279,97992571119,janani62@hotmail.com,F,1995-06-25,Daughter,MEM-12481
PAS-11399,CLM-02071,Vamakshi,,Dubey,Vamakshi Dubey,AADHAR-1254-6652-8083,97462915965,vamakshi18@yahoo.com,F,1979-11-25,Colleague,
PAS-11400,CLM-02071,Devansh,,Deshpande,Devansh Deshpande,UID-914132601565,99346709235,devansh40@yahoo.com,M,1998-07-19,Spouse,MEM-12699
PAS-11401,CLM-02071,Charan,,Goda,Charan Goda,AADHAR-4881-2935-2284,99770504450,charan78@live.com,M,1956-10-25,Colleague,
PAS-11402,CLM-00243,Sara,,Kuruvilla,Sara Kuruvilla,VOTER-B904868,97077287426,sara33@hotmail.com,F,1967-02-11,Parent,MEM-13497
PAS-11403,CLM-02878,Mekhala,,Dora,Mekhala Dora,AADHAR-4052-1750-4606,99698838260,mekhala27@outlook.co.in,F,2003-07-05,Colleague,
PAS-11404,CLM-02878,Gagan,,Ray,Gagan Ray,VOTER-E274554,98944194766,gagan42@gmail.com,M,2001-10-19,Friend,
PAS-11405,CLM-02878,Dalaja,,Kamdar,Dalaja Kamdar,UID-693839179459,97768043465,dalaja97@rediffmail.com,F,1970-05-29,Relative,
PAS-11406,CLM-00440,Ronith,,Mistry,Ronith Mistry,VOTER-A509041,99075036132,ronith24@live.com,M,1974-04-25,Unknown,
PAS-11407,CLM-01119,Bachittar,,Bath,Bachittar Bath,UID-525589929840,98513532403,bachittar72@yahoo.com,M,1984-11-13,Relative,
PAS-11408,CLM-01119,Ira,,Manda,Ira Manda,VOTER-D485354,98262511679,ira48@gmail.com,F,1986-09-08,Colleague,
PAS-11409,CLM-01623,Kai,,Sachdev,Kai Sachdev,AADHAR-2680-1413-3249,98926034446,kai75@rediffmail.com,M,2010-04-22,Relative,
PAS-11410,CLM-01623,Udyati,,Srivastava,Udyati Srivastava,VOTER-A887334,98668197927,udyati51@yahoo.com,F,1978-10-28,Relative,
PAS-11411,CLM-01623,Amruta,,Ranganathan,Amruta Ranganathan,UID-779043255963,97817239499,amruta40@live.com,F,2018-07-17,Unknown,
PAS-11412,CLM-01731,Tanmayi,,Apte,Tanmayi Apte,VOTER-A828988,98025950673,tanmayi59@rediffmail.com,F,2007-03-29,Friend,
PAS-11413,CLM-01731,Omaja,,Chauhan,Omaja Chauhan,AADHAR-4394-5871-9703,97493402388,omaja63@outlook.co.in,F,1993-08-28,Relative,
PAS-11414,CLM-01621,Kiaan,,Luthra,Kiaan Luthra,AADHAR-2222-1390-7938,97668199311,kiaan24@gmail.com,M,1957-02-28,Friend,
PAS-11415,CLM-01621,Devansh,,Goel,Devansh Goel,AADHAR-9822-7257-2643,98646286355,devansh20@outlook.co.in,M,1969-03-03,Colleague,
PAS-11416,CLM-01621,Anamika,,Edwin,Anamika Edwin,VOTER-A112265,99250124704,anamika68@hotmail.com,F,1961-06-16,Son,MEM-10355
PAS-11417,CLM-01621,Qasim,,Basu,Qasim Basu,AADHAR-8190-9146-8829,99025808502,qasim55@gmail.com,M,2015-09-05,Colleague,
PAS-11418,CLM-02966,Vedhika,,Dara,Vedhika Dara,AADHAR-7210-2847-6785,98770414484,vedhika94@yahoo.com,F,1968-09-11,Friend,
PAS-11419,CLM-01692,Ayushman,,Bhattacharyya,Ayushman Bhattacharyya,AADHAR-6784-4458-2979,97068679937,ayushman67@outlook.co.in,M,2022-07-12,Friend,
PAS-11420,CLM-01692,Darpan,,Doshi,Darpan Doshi,UID-204295453036,97926798226,darpan54@rediffmail.com,M,1971-03-17,Relative,
PAS-11421,CLM-01692,Triveni,,Sachdev,Triveni Sachdev,AADHAR-4044-3359-9973,97105386703,triveni97@outlook.co.in,F,1994-03-25,Parent,MEM-12266
PAS-11422,CLM-01692,Yasti,,Soman,Yasti Soman,VOTER-E467555,99604967263,yasti65@outlook.co.in,F,1976-07-17,Friend,
PAS-11423,CLM-00209,Keya,,Shere,Keya Shere,AADHAR-7894-4486-8676,98815325756,keya49@live.com,F,1978-01-14,Daughter,MEM-12929
PAS-11424,CLM-00209,Oviya,,Bora,Oviya Bora,UID-896993073728,97685208713,oviya15@yahoo.com,F,2003-06-18,Unknown,
PAS-11425,CLM-00209,Arya,,Venkataraman,Arya Venkataraman,VOTER-B529415,98744388518,arya11@outlook.co.in,F,1965-01-06,Friend,
PAS-11426,CLM-00209,Aayush,,Mall,Aayush Mall,UID-658140268010,97923341987,aayush55@yahoo.com,M,1981-05-22,Friend,
PAS-11427,CLM-02052,Harsh,,Bath,Harsh Bath,UID-571995108934,98605720490,harsh27@live.com,M,1965-01-12,Unknown,
PAS-11428,CLM-00042,Rohan,,Sha,Rohan Sha,AADHAR-7506-1919-1910,97712763395,rohan78@outlook.co.in,M,1969-09-18,Colleague,
PAS-11429,CLM-02600,Falan,,Bhatt,Falan Bhatt,UID-992179252895,97815268197,falan71@hotmail.com,M,1996-01-10,Spouse,MEM-12250
PAS-11430,CLM-02600,Dayita,,Yogi,Dayita Yogi,VOTER-D572623,98695650977,dayita91@hotmail.com,F,1977-12-10,Son,MEM-12043
PAS-11431,CLM-02600,Hemang,,Chaudhary,Hemang Chaudhary,VOTER-A991096,97634736606,hemang69@outlook.co.in,M,1970-07-11,Colleague,
PAS-11432,CLM-01905,Samar,,Subramanian,Samar Subramanian,VOTER-E698341,97091775187,samar94@gmail.com,M,1994-10-15,Relative,
PAS-11433,CLM-01325,Pranav,,Vora,Pranav Vora,AADHAR-5338-2031-7087,97637043196,pranav53@live.com,M,1999-01-29,Friend,
PAS-11434,CLM-01325,Manan,,Kumar,Manan Kumar,UID-552114875062,99466783247,manan80@rediffmail.com,M,2004-07-28,Relative,
PAS-11435,CLM-01325,Ria,,Sridhar,Ria Sridhar,UID-947693446864,99533995273,ria24@rediffmail.com,F,1977-12-07,Unknown,
PAS-11436,CLM-01325,Anthony,,Oak,Anthony Oak,AADHAR-9632-2930-1747,97604656685,anthony35@live.com,M,1965-11-02,Friend,
PAS-11437,CLM-01016,Devika,,Wason,Devika Wason,UID-424429558523,99693075595,devika89@yahoo.com,F,1992-01-04,Colleague,
PAS-11438,CLM-01016,Indrajit,,Nagi,Indrajit Nagi,UID-240112978668,99998940686,indrajit15@live.com,M,2019-05-26,Relative,
PAS-11439,CLM-01016,Nisha,,Loyal,Nisha Loyal,VOTER-B531659,99665246349,nisha34@live.com,F,2001-09-07,Friend,MEM-11882
PAS-11440,CLM-01016,Christopher,,Nayak,Christopher Nayak,UID-295946823906,98269081341,christopher94@rediffmail.com,M,1984-07-11,Relative,
PAS-11441,CLM-00770,Bhavini,,Dada,Bhavini Dada,VOTER-D314543,98455078334,bhavini76@hotmail.com,F,2001-05-06,Unknown,
PAS-11442,CLM-00770,Nidhi,,Kala,Nidhi Kala,VOTER-A847325,98161380544,nidhi51@yahoo.com,F,2008-09-01,Colleague,
PAS-11443,CLM-01252,Advay,,Chadha,Advay Chadha,VOTER-B714972,98358857566,advay42@hotmail.com,M,2004-06-08,Colleague,
PAS-11444,CLM-01252,Dalaja,,Ram,Dalaja Ram,VOTER-D729474,97436496448,dalaja35@gmail.com,F,2002-01-16,Colleague,MEM-11121
PAS-11445,CLM-01252,Ryan,,Sundaram,Ryan Sundaram,UID-824723650119,98467166979,ryan42@yahoo.com,M,1977-11-21,Unknown,
PAS-11446,CLM-00951,Yashvi,,Patil,Yashvi Patil,UID-804050072889,98230306475,yashvi74@yahoo.com,F,1980-07-09,Friend,
PAS-11447,CLM-01880,Ekbal,,Kadakia,Ekbal Kadakia,UID-160840580732,98271161588,ekbal96@yahoo.com,M,1964-07-07,Parent,MEM-10278
PAS-11448,CLM-01880,Matthew,,Desai,Matthew Desai,VOTER-A979134,97090667548,matthew60@outlook.co.in,M,2011-05-08,Unknown,
PAS-11449,CLM-01880,Mahika,,Mand,Mahika Mand,UID-390073074047,97341825534,mahika90@gmail.com,F,1992-01-28,Friend,
PAS-11450,CLM-01880,Teerth,,Bahri,Teerth Bahri,AADHAR-4366-8587-3298,99814097406,teerth97@live.com,M,2013-09-17,Relative,
PAS-11451,CLM-02317,Warhi,,Vaidya,Warhi Vaidya,VOTER-A661425,98647147139,warhi20@hotmail.com,F,2018-02-19,Colleague,
PAS-11452,CLM-01627,Rachana,,Agrawal,Rachana Agrawal,UID-890817653814,98597724804,rachana40@live.com,F,1986-04-29,Unknown,
PAS-11453,CLM-01627,Kavya,,Palla,Kavya Palla,VOTER-D250427,99380818295,kavya94@outlook.co.in,F,2002-05-15,Relative,
PAS-11454,CLM-01627,Bahadurjit,,Morar,Bahadurjit Morar,VOTER-B836207,97654681733,bahadurjit75@hotmail.com,M,1968-03-28,Relative,MEM-12383
PAS-11455,CLM-00216,Alka,,Patel,Alka Patel,UID-790288571781,99630453489,alka71@yahoo.com,F,2019-12-03,Relative,
PAS-11456,CLM-00216,Pavani,,Bajaj,Pavani Bajaj,VOTER-E254627,98512527081,pavani35@yahoo.com,F,2013-12-05,Colleague,
PAS-11457,CLM-02865,Imaran,,Kale,Imaran Kale,AADHAR-3340-4714-6961,98195564033,imaran56@hotmail.com,M,1974-08-21,Parent,MEM-11529
PAS-11458,CLM-02865,Maanav,,Kannan,Maanav Kannan,UID-699380966395,99187702600,maanav36@gmail.com,M,2023-01-19,Relative,
PAS-11459,CLM-02865,Osha,,Kohli,Osha Kohli,VOTER-E546802,99626793515,osha85@outlook.co.in,F,1989-06-05,Friend,
PAS-11460,CLM-02241,Omisha,,Sem,Omisha Sem,VOTER-A771683,99485052486,omisha41@rediffmail.com,F,1960-10-10,Friend,
PAS-11461,CLM-02241,Lopa,,Narang,Lopa Narang,VOTER-D198030,99015666581,lopa48@outlook.co.in,F,1959-12-12,Friend,
PAS-11462,CLM-02241,Dayamai,,Bali,Dayamai Bali,UID-799614779432,98983881751,dayamai87@rediffmail.com,F,1971-11-23,Relative,MEM-10042
PAS-11463,CLM-02241,Manya,,Chahal,Manya Chahal,AADHAR-1835-1077-1939,97862827207,manya63@outlook.co.in,F,1959-10-23,Relative,
PAS-11464,CLM-02119,Kai,,Kant,Kai Kant,AADHAR-8069-5211-3119,98041155024,kai54@hotmail.com,M,1987-12-31,Friend,
PAS-11465,CLM-02119,Radhika,,Krishna,Radhika Krishna,VOTER-E540560,98256550105,radhika83@gmail.com,F,2018-04-23,Relative,
PAS-11466,CLM-02119,Joshua,,Biswas,Joshua Biswas,AADHAR-9763-8399-5686,99873060348,joshua10@rediffmail.com,M,2000-04-01,Unknown,
PAS-11467,CLM-00411,Ethan,,Dey,Ethan Dey,UID-250960499417,98473235753,ethan19@rediffmail.com,M,2022-05-02,Colleague,
PAS-11468,CLM-00411,Omkaar,,Balasubramanian,Omkaar Balasubramanian,UID-754526319892,99601610430,omkaar74@gmail.com,M,1954-11-18,Unknown,
PAS-11469,CLM-00411,Falan,,Bail,Falan Bail,VOTER-E873926,97232417707,falan16@outlook.co.in,M,1970-03-18,Unknown,
PAS-11470,CLM-01609,Jagat,,Badami,Jagat Badami,AADHAR-2783-7618-6918,97594131866,jagat54@gmail.com,M,2006-10-26,Relative,
PAS-11471,CLM-01609,Zehaan,,Patla,Zehaan Patla,UID-615382137570,98088267185,zehaan53@hotmail.com,M,2000-01-12,Colleague,MEM-10184
PAS-11472,CLM-01045,Onkar,,Sachdev,Onkar Sachdev,VOTER-A848831,98342498837,onkar17@rediffmail.com,M,1975-04-27,Unknown,
PAS-11473,CLM-01045,Zaitra,,Hari,Zaitra Hari,AADHAR-6810-9160-3858,99891349920,zaitra19@rediffmail.com,F,1965-08-04,Relative,
PAS-11474,CLM-01045,Nimrat,,Sachdeva,Nimrat Sachdeva,UID-858408338842,99925313907,nimrat62@outlook.co.in,F,1988-07-16,Colleague,
PAS-11475,CLM-01942,Mitesh,,Andra,Mitesh Andra,VOTER-D367706,98940833204,mitesh79@outlook.co.in,M,1959-11-21,Spouse,MEM-12333
PAS-11476,CLM-00903,Hiral,,Dugar,Hiral Dugar,UID-888144587241,98916113567,hiral76@rediffmail.com,F,1988-10-19,Colleague,
PAS-11477,CLM-01271,Idika,,Wason,Idika Wason,AADHAR-8799-5717-1200,97148728130,idika79@yahoo.com,F,1971-09-26,Colleague,
PAS-11478,CLM-01514,Leela,,Bajaj,Leela Bajaj,VOTER-D851439,98473443363,leela84@live.com,F,2017-04-06,Relative,
PAS-11479,CLM-02299,Veda,,Dugal,Veda Dugal,VOTER-E766787,98198172552,veda16@gmail.com,F,1981-02-19,Daughter,MEM-11603
PAS-11480,CLM-02299,Ojas,,Pathak,Ojas Pathak,VOTER-B619387,98302468013,ojas44@live.com,M,2019-09-06,Relative,
PAS-11481,CLM-02299,Rajeshri,,Bora,Rajeshri Bora,UID-772211303177,98773747180,rajeshri32@hotmail.com,F,2024-06-12,Relative,
PAS-11482,CLM-02135,Hitesh,,Saraf,Hitesh Saraf,UID-585337059856,99663894757,hitesh71@yahoo.com,M,2004-01-29,Daughter,MEM-10579
PAS-11483,CLM-02135,Pushti,,Sethi,Pushti Sethi,VOTER-C315968,99173031821,pushti98@live.com,F,2014-03-07,Relative,
PAS-11484,CLM-02225,Aayush,,Buch,Aayush Buch,AADHAR-6939-4113-2133,99724305517,aayush43@rediffmail.com,M,1963-03-05,Colleague,
PAS-11485,CLM-02225,Ucchal,,Bir,Ucchal Bir,AADHAR-2845-1611-6436,99062189922,ucchal85@yahoo.com,F,1999-09-06,Friend,
PAS-11486,CLM-02225,Anirudh,,Sagar,Anirudh Sagar,UID-917059561627,97104466517,anirudh14@rediffmail.com,M,1971-06-05,Friend,MEM-12697
PAS-11487,CLM-02225,Sudiksha,,Chaudhry,Sudiksha Chaudhry,UID-993723045234,99895840900,sudiksha36@outlook.co.in,F,1966-08-24,Unknown,
PAS-11488,CLM-02517,Rushil,,Venkataraman,Rushil Venkataraman,AADHAR-6011-6036-1362,97015759890,rushil60@yahoo.com,M,1980-01-06,Spouse,MEM-11912
PAS-11489,CLM-02517,Simon,,Gola,Simon Gola,VOTER-C463594,97146937007,simon48@yahoo.com,M,1973-05-05,Unknown,
PAS-11490,CLM-02517,Aashi,,Gara,Aashi Gara,AADHAR-7844-7802-9000,99390909710,aashi14@yahoo.com,F,2020-07-15,Friend,
PAS-11491,CLM-02716,Amruta,,Majumdar,Amruta Majumdar,UID-531326314484,98734895083,amruta64@live.com,F,1986-08-31,Colleague,
PAS-11492,CLM-02716,Janaki,,Dhawan,Janaki Dhawan,AADHAR-7257-5152-4535,98611254913,janaki96@gmail.com,F,1985-08-08,Son,MEM-10227
PAS-11493,CLM-02716,Maya,,Aggarwal,Maya Aggarwal,AADHAR-4407-8876-5092,97196232861,maya63@hotmail.com,F,2007-07-05,Friend,
PAS-11494,CLM-02716,Isaiah,,Bandi,Isaiah Bandi,VOTER-C346047,97247910876,isaiah75@yahoo.com,M,2018-01-06,Colleague,
PAS-11495,CLM-00638,Charan,,Keer,Charan Keer,AADHAR-4114-2843-7069,97736587586,charan22@outlook.co.in,M,2012-03-29,Unknown,
PAS-11496,CLM-00638,Harrison,,Misra,Harrison Misra,VOTER-C529360,99523898220,harrison43@rediffmail.com,M,1958-04-23,Relative,
PAS-11497,CLM-00638,Abhimanyu,,Srinivas,Abhimanyu Srinivas,UID-309731125239,98171414135,abhimanyu90@live.com,M,2003-12-03,Colleague,
PAS-11498,CLM-00638,Sanya,,Memon,Sanya Memon,VOTER-E927073,97087058742,sanya37@rediffmail.com,F,1968-03-13,Friend,
PAS-11499,CLM-00553,Jeremiah,,Das,Jeremiah Das,VOTER-E730031,99486020991,jeremiah10@rediffmail.com,M,2003-06-03,Relative,
PAS-11500,CLM-00553,Ati,,Chand,Ati Chand,VOTER-C508380,97462940681,ati16@rediffmail.com,F,1962-04-04,Relative,
PAS-11501,CLM-00553,Falan,,Salvi,Falan Salvi,AADHAR-4932-7468-7876,98863369422,falan40@gmail.com,M,2009-12-08,Friend,
PAS-11502,CLM-00877,Pratyush,,Lanka,Pratyush Lanka,UID-716179910320,97818708254,pratyush49@outlook.co.in,M,1974-04-19,Colleague,MEM-10315
PAS-11503,CLM-02468,Damyanti,,Saran,Damyanti Saran,VOTER-E572701,97884076981,damyanti11@rediffmail.com,F,1963-06-27,Relative,
PAS-11504,CLM-02468,Yamini,,Sarma,Yamini Sarma,UID-143001556395,98896439737,yamini61@gmail.com,F,1962-09-18,Colleague,
PAS-11505,CLM-02468,Girik,,Cherian,Girik Cherian,VOTER-B506742,98397885571,girik17@rediffmail.com,M,1989-12-26,Friend,
PAS-11506,CLM-02468,Maanav,,Boase,Maanav Boase,VOTER-B827597,97993541539,maanav89@outlook.co.in,M,2010-04-27,Colleague,
PAS-11507,CLM-01451,Urvi,,Ravel,Urvi Ravel,VOTER-D831488,97591594617,urvi70@hotmail.com,F,1972-03-21,Colleague,
PAS-11508,CLM-02548,Vedika,,Nath,Vedika Nath,UID-137123307782,99924909887,vedika42@yahoo.com,F,1969-01-13,Unknown,
PAS-11509,CLM-00368,Megha,,Dhaliwal,Megha Dhaliwal,VOTER-B787238,99219102283,megha19@outlook.co.in,F,1976-09-28,Friend,
PAS-11510,CLM-00368,Darsh,,Char,Darsh Char,AADHAR-5788-6724-8135,98509912196,darsh14@live.com,M,1956-08-29,Relative,
PAS-11511,CLM-00368,Dayita,,Bhattacharyya,Dayita Bhattacharyya,VOTER-A875647,97233631792,dayita42@gmail.com,F,2011-01-15,Colleague,
PAS-11512,CLM-01239,Praneel,,Yadav,Praneel Yadav,UID-596947396629,97936498483,praneel35@yahoo.com,M,1977-02-13,Friend,MEM-13333
PAS-11513,CLM-01239,Krisha,,Borde,Krisha Borde,AADHAR-5183-3253-7036,98652560629,krisha15@hotmail.com,F,2016-12-11,Relative,
PAS-11514,CLM-01239,Lajita,,Pradhan,Lajita Pradhan,VOTER-C688709,98697736608,lajita65@outlook.co.in,F,1961-03-29,Colleague,
PAS-11515,CLM-01182,Vamakshi,,Radhakrishnan,Vamakshi Radhakrishnan,VOTER-E171453,99898863257,vamakshi64@rediffmail.com,F,1978-11-16,Colleague,
PAS-11516,CLM-02943,Suhani,,Kant,Suhani Kant,VOTER-D278402,97964205329,suhani14@gmail.com,F,1988-02-21,Colleague,
PAS-11517,CLM-01854,Anay,,Deep,Anay Deep,AADHAR-3133-9900-5680,97797491569,anay61@gmail.com,M,1959-10-03,Unknown,
PAS-11518,CLM-00794,Daksh,,Narain,Daksh Narain,AADHAR-5216-5645-8992,97333621276,daksh56@yahoo.com,M,2005-08-27,Son,MEM-12755
PAS-11519,CLM-00794,Hritik,,Dutt,Hritik Dutt,VOTER-E302364,99206137674,hritik62@hotmail.com,M,1963-09-11,Son,MEM-13454
PAS-11520,CLM-01120,Nilima,,Khatri,Nilima Khatri,UID-239353528174,98429399140,nilima85@yahoo.com,F,1957-02-07,Relative,
PAS-11521,CLM-01120,Ijaya,,Patla,Ijaya Patla,VOTER-B101128,97036034076,ijaya12@gmail.com,F,1974-03-25,Friend,MEM-13120
PAS-11522,CLM-01677,Ekani,,Sawhney,Ekani Sawhney,UID-161115875061,98889890597,ekani13@yahoo.com,F,1987-11-17,Relative,
PAS-11523,CLM-01677,Oscar,,Walia,Oscar Walia,UID-193441573850,98221082731,oscar18@yahoo.com,M,1993-05-05,Unknown,
PAS-11524,CLM-02836,Harinakshi,,Mand,Harinakshi Mand,AADHAR-4662-4957-6792,99731025775,harinakshi20@outlook.co.in,F,1972-01-07,Colleague,
PAS-11525,CLM-02836,Ubika,,Shanker,Ubika Shanker,UID-257405818138,97932984012,ubika97@live.com,F,1976-03-23,Son,MEM-10091
PAS-11526,CLM-02942,Wazir,,Sastry,Wazir Sastry,UID-711830702503,97238715348,wazir20@live.com,M,2005-04-03,Friend,
PAS-11527,CLM-01864,Pavani,,Master,Pavani Master,AADHAR-3219-9254-2642,97429165078,pavani34@hotmail.com,F,2008-11-24,Relative,
PAS-11528,CLM-01864,Aarav,,Oak,Aarav Oak,AADHAR-9705-5784-1567,97128387430,aarav39@yahoo.com,M,1960-08-22,Unknown,
PAS-11529,CLM-00772,Devika,,Kulkarni,Devika Kulkarni,AADHAR-9607-1254-9588,99803525741,devika85@live.com,F,1957-11-23,Relative,
PAS-11530,CLM-01317,Atharv,,Kumar,Atharv Kumar,AADHAR-9091-2040-6357,99152506049,atharv13@live.com,M,1996-04-30,Unknown,
PAS-11531,CLM-01317,Janaki,,Gaba,Janaki Gaba,UID-767498485000,99181770594,janaki68@outlook.co.in,F,2005-02-08,Friend,
PAS-11532,CLM-01317,Balvan,,Keer,Balvan Keer,UID-172622471472,98483704671,balvan31@gmail.com,M,1964-02-14,Colleague,
PAS-11533,CLM-01685,Hemal,,Roy,Hemal Roy,VOTER-A153855,98242625982,hemal48@rediffmail.com,F,1964-05-15,Daughter,MEM-12935
PAS-11534,CLM-01685,Darpan,,Mallick,Darpan Mallick,VOTER-E469903,97123065004,darpan76@yahoo.com,M,1988-10-27,Colleague,
PAS-11535,CLM-01091,Shravya,,Shankar,Shravya Shankar,AADHAR-7913-2222-6662,98915081889,shravya92@rediffmail.com,F,2007-11-01,Parent,MEM-10234
PAS-11536,CLM-01091,Saksham,,Kara,Saksham Kara,AADHAR-6442-3995-3061,97605902940,saksham86@rediffmail.com,M,1977-02-04,Relative,
PAS-11537,CLM-01091,Edhitha,,Biswas,Edhitha Biswas,VOTER-E886442,97369319459,edhitha42@yahoo.com,F,1987-01-08,Relative,
PAS-11538,CLM-01091,Tripti,,Bhargava,Tripti Bhargava,VOTER-D121923,99797458886,tripti25@live.com,F,1995-11-24,Colleague,
PAS-11539,CLM-00949,Matthew,,Rajagopalan,Matthew Rajagopalan,AADHAR-4890-4694-8593,97232643483,matthew12@gmail.com,M,1983-06-20,Colleague,
PAS-11540,CLM-00949,Dalaja,,Wadhwa,Dalaja Wadhwa,UID-808699974172,99971071096,dalaja20@hotmail.com,F,1995-01-06,Unknown,
PAS-11541,CLM-00949,Krishna,,Nagy,Krishna Nagy,UID-794263199978,99555349900,krishna29@yahoo.com,M,1955-08-16,Friend,
PAS-11542,CLM-02100,Bakhshi,,Palla,Bakhshi Palla,VOTER-A892859,97290247721,bakhshi96@yahoo.com,M,2005-04-18,Unknown,
PAS-11543,CLM-02100,Maya,,Seshadri,Maya Seshadri,VOTER-B154852,98894949626,maya88@outlook.co.in,F,1977-05-31,Unknown,
PAS-11544,CLM-02100,Chandresh,,Bhatia,Chandresh Bhatia,UID-336218861249,97293091860,chandresh43@gmail.com,M,2018-12-31,Friend,
PAS-11545,CLM-00361,Damini,,Luthra,Damini Luthra,VOTER-C520598,98955519235,damini42@live.com,F,1958-01-20,Colleague,
PAS-11546,CLM-00361,Neelima,,Wable,Neelima Wable,UID-680531628197,99485350966,neelima79@outlook.co.in,F,1963-09-12,Colleague,
PAS-11547,CLM-00479,Deepa,,Ahluwalia,Deepa Ahluwalia,UID-315350443494,97142608065,deepa95@rediffmail.com,F,2022-07-10,Relative,
PAS-11548,CLM-00479,Urishilla,,Khare,Urishilla Khare,UID-149001699039,97885221902,urishilla84@hotmail.com,F,1959-01-04,Relative,
PAS-11549,CLM-00479,Hema,,Karnik,Hema Karnik,VOTER-D345710,99683319308,hema98@yahoo.com,F,2021-05-15,Unknown,
PAS-11550,CLM-00479,Jack,,Halder,Jack Halder,VOTER-C834566,97408136860,jack82@hotmail.com,M,2008-03-15,Friend,
PAS-11551,CLM-00673,Eta,,Agarwal,Eta Agarwal,UID-401531862972,97286374726,eta53@outlook.co.in,F,1958-11-14,Friend,
PAS-11552,CLM-00673,Abha,,Dua,Abha Dua,AADHAR-6596-8247-1556,99993415934,abha83@hotmail.com,F,1985-07-07,Colleague,
PAS-11553,CLM-02233,Widisha,,Patil,Widisha Patil,VOTER-B756666,97806234582,widisha94@yahoo.com,F,2021-05-17,Colleague,
PAS-11554,CLM-02233,Tara,,Deshmukh,Tara Deshmukh,UID-502473648592,98122125001,tara80@hotmail.com,F,2023-09-23,Relative,
PAS-11555,CLM-00122,Anika,,Sidhu,Anika Sidhu,UID-887246752021,99932494412,anika90@hotmail.com,F,1968-01-11,Parent,MEM-12181
PAS-11556,CLM-00122,Vasatika,,Bhargava,Vasatika Bhargava,UID-955214881905,99031712265,vasatika17@gmail.com,F,2005-08-23,Colleague,
PAS-11557,CLM-01036,Vihaan,,Bera,Vihaan Bera,AADHAR-9646-1655-3456,98118490083,vihaan63@outlook.co.in,M,1975-11-05,Friend,
PAS-11558,CLM-01036,Atharv,,Gade,Atharv Gade,UID-295810470556,97994857465,atharv44@hotmail.com,M,2024-10-18,Relative,
PAS-11559,CLM-02926,Devika,,Bhavsar,Devika Bhavsar,AADHAR-3146-1257-9310,99615525578,devika37@gmail.com,F,1995-06-02,Unknown,
PAS-11560,CLM-00398,Ati,,Sen,Ati Sen,VOTER-B775993,97266368225,ati54@hotmail.com,F,1978-08-12,Unknown,
PAS-11561,CLM-00699,Benjamin,,Ganesan,Benjamin Ganesan,UID-713099880222,97449130682,benjamin15@rediffmail.com,M,1956-04-30,Friend,
PAS-11562,CLM-00699,Dhruv,,Nadkarni,Dhruv Nadkarni,VOTER-E563253,98063478404,dhruv59@outlook.co.in,M,1989-06-25,Colleague,MEM-11067
PAS-11563,CLM-00699,Madhavi,,Vohra,Madhavi Vohra,UID-299125948420,99306881263,madhavi62@gmail.com,F,1981-08-30,Relative,
PAS-11564,CLM-00910,Sanaya,,Naik,Sanaya Naik,AADHAR-2983-5158-9847,97053963992,sanaya75@live.com,F,1982-06-14,Unknown,
PAS-11565,CLM-00910,Triveni,,Deol,Triveni Deol,AADHAR-5667-4980-7398,99599652572,triveni34@outlook.co.in,F,1971-01-01,Relative,
PAS-11566,CLM-01859,Aadhya,,Bath,Aadhya Bath,AADHAR-4871-5764-6891,98333596807,aadhya56@live.com,F,1988-11-19,Colleague,
PAS-11567,CLM-01859,Jagrati,,Pillay,Jagrati Pillay,AADHAR-8654-3118-2078,98475755535,jagrati73@hotmail.com,F,1980-05-13,Relative,
PAS-11568,CLM-00933,Jacob,,Behl,Jacob Behl,VOTER-E349941,99434981704,jacob23@rediffmail.com,M,2016-07-20,Colleague,
PAS-11569,CLM-01417,Ikshita,,Bhargava,Ikshita Bhargava,UID-472414741380,98051524252,ikshita94@rediffmail.com,F,2005-09-05,Daughter,MEM-11319
PAS-11570,CLM-02969,Vasana,,Vala,Vasana Vala,UID-220829214888,97675219101,vasana84@gmail.com,F,1958-05-19,Friend,
PAS-11571,CLM-02969,Hemani,,Khare,Hemani Khare,UID-764499304888,99398279555,hemani25@gmail.com,F,1976-09-25,Unknown,
PAS-11572,CLM-02969,Vasudha,,Bhardwaj,Vasudha Bhardwaj,UID-456442908329,97649633325,vasudha67@hotmail.com,F,1980-08-26,Relative,
PAS-11573,CLM-01198,Veer,,Amble,Veer Amble,AADHAR-2723-1533-7578,99480394236,veer66@live.com,M,1988-10-19,Friend,
PAS-11574,CLM-01198,Qushi,,Chaudhary,Qushi Chaudhary,AADHAR-8199-8123-9904,97238618698,qushi60@yahoo.com,F,1977-05-09,Colleague,
PAS-11575,CLM-01198,Bhavani,,Seshadri,Bhavani Seshadri,AADHAR-8540-1916-1603,98606295016,bhavani37@hotmail.com,F,2005-06-06,Friend,
PAS-11576,CLM-00032,Shivani,,Minhas,Shivani Minhas,AADHAR-7720-2524-2908,98897264230,shivani20@yahoo.com,F,1965-09-06,Relative,
PAS-11577,CLM-00032,Samarth,,Maharaj,Samarth Maharaj,UID-511317252168,98688931706,samarth16@gmail.com,M,1989-04-02,Unknown,
PAS-11578,CLM-00032,Rishi,,Virk,Rishi Virk,UID-928472616345,98755008945,rishi62@rediffmail.com,M,2001-09-09,Colleague,MEM-11999
PAS-11579,CLM-00032,Leena,,Sahota,Leena Sahota,AADHAR-2418-9999-3323,99468292069,leena97@hotmail.com,F,1956-04-25,Colleague,
PAS-11580,CLM-01543,Ekaraj,,Panchal,Ekaraj Panchal,UID-694412210388,98393476471,ekaraj39@yahoo.com,M,1992-01-17,Friend,
PAS-11581,CLM-01543,Bhavini,,Chawla,Bhavini Chawla,AADHAR-8747-9280-9846,97621800196,bhavini56@outlook.co.in,F,1956-12-17,Relative,
PAS-11582,CLM-01543,Charan,,Bahl,Charan Bahl,AADHAR-2840-6870-2400,97184134595,charan28@rediffmail.com,M,2005-05-02,Colleague,MEM-12550
PAS-11583,CLM-00799,Hitesh,,Balasubramanian,Hitesh Balasubramanian,UID-956427153758,99327662605,hitesh32@outlook.co.in,M,2003-05-25,Relative,
PAS-11584,CLM-00799,Samarth,,Bera,Samarth Bera,AADHAR-9453-6935-9562,99510743389,samarth84@rediffmail.com,M,2024-06-13,Friend,
PAS-11585,CLM-01353,Kiaan,,Barad,Kiaan Barad,VOTER-D548869,98087959586,kiaan14@live.com,M,1992-10-25,Relative,
PAS-11586,CLM-01353,Widisha,,Manne,Widisha Manne,VOTER-B365068,98744022089,widisha94@hotmail.com,F,2010-01-27,Friend,
PAS-11587,CLM-01353,Jeevika,,Bhatti,Jeevika Bhatti,UID-330886473970,99250598801,jeevika65@rediffmail.com,F,2014-06-30,Colleague,
PAS-11588,CLM-02250,Krishna,,Pathak,Krishna Pathak,VOTER-C817408,98403600189,krishna29@gmail.com,M,2008-05-22,Friend,
PAS-11589,CLM-01170,Ekaja,,Vig,Ekaja Vig,AADHAR-6460-1122-6870,97075105552,ekaja14@hotmail.com,F,1984-11-24,Friend,
PAS-11590,CLM-01170,Chakradhar,,Ganesh,Chakradhar Ganesh,UID-751782319338,97203852714,chakradhar60@live.com,M,2012-05-24,Relative,
PAS-11591,CLM-01170,Tanish,,Varty,Tanish Varty,AADHAR-7155-1596-4583,99320882335,tanish50@hotmail.com,M,2002-12-03,Spouse,MEM-11226
PAS-11592,CLM-01170,Darpan,,Narasimhan,Darpan Narasimhan,AADHAR-8456-2191-7811,98233875864,darpan18@hotmail.com,M,1971-10-31,Unknown,
PAS-11593,CLM-00713,Benjamin,,Savant,Benjamin Savant,AADHAR-8363-4737-1462,99559872845,benjamin67@hotmail.com,M,2007-01-17,Unknown,
PAS-11594,CLM-00713,Kevin,,Vaidya,Kevin Vaidya,UID-782940315631,99849016704,kevin95@hotmail.com,M,2009-04-15,Colleague,
PAS-11595,CLM-00713,Anthony,,Sengupta,Anthony Sengupta,UID-854972443038,99494752006,anthony78@rediffmail.com,M,1966-12-26,Colleague,
PAS-11596,CLM-00388,Harita,,Konda,Harita Konda,AADHAR-5819-8548-9779,98450007934,harita39@rediffmail.com,F,2009-10-09,Relative,
PAS-11597,CLM-00388,Manya,,Deo,Manya Deo,VOTER-A708031,97202754062,manya35@yahoo.com,F,1984-09-30,Son,MEM-11239
PAS-11598,CLM-01698,Neha,,Sarna,Neha Sarna,UID-179800945899,99928776635,neha77@yahoo.com,F,1964-02-16,Relative,
PAS-11599,CLM-01698,Qadim,,Chander,Qadim Chander,AADHAR-9057-1424-8004,97001987095,qadim82@outlook.co.in,M,1961-05-12,Friend,MEM-11244
PAS-11600,CLM-01698,Ojas,,Gour,Ojas Gour,VOTER-E139259,98473513595,ojas75@gmail.com,M,1968-03-18,Friend,
PAS-11601,CLM-01176,Arin,,Golla,Arin Golla,AADHAR-1575-4385-9542,99081276320,arin65@hotmail.com,M,1975-06-30,Relative,
PAS-11602,CLM-01176,Chanakya,,Kurian,Chanakya Kurian,AADHAR-2820-3776-4311,98801748552,chanakya74@outlook.co.in,M,2003-07-14,Colleague,
PAS-11603,CLM-01176,Tanish,,Setty,Tanish Setty,AADHAR-2700-6106-9865,98153117010,tanish59@gmail.com,M,1959-12-29,Relative,
PAS-11604,CLM-01176,Oviya,,Rana,Oviya Rana,UID-145409552038,98489085022,oviya63@yahoo.com,F,2014-02-10,Friend,
PAS-11605,CLM-02908,Riya,,Kanda,Riya Kanda,AADHAR-8297-4893-4863,98774693177,riya94@yahoo.com,F,1996-05-28,Colleague,
PAS-11606,CLM-02908,Hritik,,Swaminathan,Hritik Swaminathan,VOTER-D739813,97911295495,hritik54@outlook.co.in,M,1980-05-17,Unknown,
PAS-11607,CLM-02908,Eshana,,Raman,Eshana Raman,UID-872766747408,97484490578,eshana41@rediffmail.com,F,2008-05-21,Friend,
PAS-11608,CLM-02908,Vamakshi,,Pal,Vamakshi Pal,UID-614519131423,98502538166,vamakshi62@hotmail.com,F,1974-11-22,Relative,MEM-12350
PAS-11609,CLM-01675,Yashasvi,,Dass,Yashasvi Dass,AADHAR-3014-5059-6490,98453213681,yashasvi40@rediffmail.com,F,1992-06-21,Friend,
PAS-11610,CLM-01258,Daksh,,Contractor,Daksh Contractor,AADHAR-4585-6027-2837,97820402139,daksh23@rediffmail.com,M,1993-12-07,Parent,MEM-10406
PAS-11611,CLM-01258,Ira,,Banik,Ira Banik,AADHAR-2133-8439-3430,98204984129,ira45@hotmail.com,F,1974-02-20,Unknown,
PAS-11612,CLM-01258,Yatan,,Aurora,Yatan Aurora,UID-982842669290,99353101481,yatan73@gmail.com,M,1974-08-22,Relative,
PAS-11613,CLM-01171,Yuvraj,,Apte,Yuvraj Apte,VOTER-E625290,98618339949,yuvraj88@yahoo.com,M,1969-08-22,Unknown,
PAS-11614,CLM-01171,Riya,,Khare,Riya Khare,UID-558701130208,97124619516,riya47@outlook.co.in,F,1956-03-08,Unknown,
PAS-11615,CLM-01171,Dayamai,,Randhawa,Dayamai Randhawa,AADHAR-9209-8534-6414,98611223928,dayamai61@outlook.co.in,F,1971-06-13,Unknown,
PAS-11616,CLM-01326,Raagini,,Deshmukh,Raagini Deshmukh,AADHAR-1977-6403-6734,97752685349,raagini86@outlook.co.in,F,1959-11-08,Parent,MEM-13054
PAS-11617,CLM-01326,Aishani,,Chauhan,Aishani Chauhan,UID-110330402135,99148823696,aishani30@yahoo.com,F,1960-12-11,Colleague,
PAS-11618,CLM-01326,Lavanya,,Sangha,Lavanya Sangha,VOTER-D840652,97947527717,lavanya76@live.com,F,1965-04-14,Colleague,MEM-12141
PAS-11619,CLM-01745,Charita,,Karpe,Charita Karpe,AADHAR-9257-2772-6385,99661014319,charita16@hotmail.com,F,1987-10-10,Unknown,
PAS-11620,CLM-01745,Deepa,,Sule,Deepa Sule,VOTER-A361897,97064716401,deepa79@outlook.co.in,F,2001-11-06,Colleague,
PAS-11621,CLM-01755,Wridesh,,Kant,Wridesh Kant,AADHAR-5321-9072-7937,99636696413,wridesh50@rediffmail.com,M,1974-08-21,Friend,
PAS-11622,CLM-01755,Balveer,,Bhatt,Balveer Bhatt,VOTER-B402311,99410566886,balveer16@outlook.co.in,M,2005-10-23,Unknown,
PAS-11623,CLM-01755,Girik,,Bera,Girik Bera,VOTER-B144612,98264456459,girik16@hotmail.com,M,1973-11-01,Friend,
PAS-11624,CLM-01755,Kashish,,Sekhon,Kashish Sekhon,VOTER-B351580,97957828471,kashish92@live.com,F,2009-02-28,Unknown,
PAS-11625,CLM-00252,Theodore,,Sarkar,Theodore Sarkar,VOTER-D150971,98564121448,theodore80@gmail.com,M,2017-09-24,Friend,
PAS-11626,CLM-00252,Harinakshi,,Wason,Harinakshi Wason,VOTER-A752931,98563432838,harinakshi50@live.com,F,1989-04-12,Relative,
PAS-11627,CLM-00252,Zayan,,Murthy,Zayan Murthy,AADHAR-5955-9644-5970,97637521637,zayan54@gmail.com,M,1969-11-07,Spouse,MEM-10909
PAS-11628,CLM-01113,Omisha,,Parsa,Omisha Parsa,UID-491668580116,97484507435,omisha99@outlook.co.in,F,1996-02-18,Unknown,
PAS-11629,CLM-01113,Christopher,,Mitra,Christopher Mitra,AADHAR-6175-9704-7217,97428151435,christopher36@rediffmail.com,M,2003-12-01,Unknown,
PAS-11630,CLM-01113,Rehaan,,Dhingra,Rehaan Dhingra,UID-969078797421,98601892095,rehaan11@gmail.com,M,1989-08-25,Colleague,MEM-12384
PAS-11631,CLM-01113,Charles,,Halder,Charles Halder,AADHAR-9274-5071-9544,99281751151,charles84@outlook.co.in,M,2002-03-11,Relative,
PAS-11632,CLM-02311,Charan,,Nadig,Charan Nadig,AADHAR-5946-3841-5660,98959610489,charan51@yahoo.com,M,1959-04-22,Friend,
PAS-11633,CLM-02311,Samesh,,Randhawa,Samesh Randhawa,UID-831108909656,97972509579,samesh59@hotmail.com,M,2000-02-28,Friend,MEM-12351
PAS-11634,CLM-01732,Bina,,Mohanty,Bina Mohanty,VOTER-E490013,97752876110,bina23@hotmail.com,F,1992-07-07,Daughter,MEM-11835
PAS-11635,CLM-01002,Oviya,,Parikh,Oviya Parikh,AADHAR-8236-2316-1034,97464203887,oviya53@live.com,F,2001-09-29,Parent,MEM-10464
PAS-11636,CLM-01002,Banjeet,,Pandit,Banjeet Pandit,AADHAR-2621-7249-4236,98418219162,banjeet93@hotmail.com,M,2012-07-27,Friend,
PAS-11637,CLM-00896,Yachana,,Buch,Yachana Buch,AADHAR-4904-1697-4409,99597489146,yachana63@gmail.com,F,1970-01-21,Relative,
PAS-11638,CLM-00896,Januja,,Puri,Januja Puri,VOTER-D639376,97421180661,januja25@outlook.co.in,F,1966-08-16,Daughter,MEM-11488
PAS-11639,CLM-00896,Yadavi,,Nadkarni,Yadavi Nadkarni,AADHAR-5864-4238-5920,97226254678,yadavi18@hotmail.com,F,1995-05-05,Relative,
PAS-11640,CLM-01682,Darpan,,Krish,Darpan Krish,AADHAR-2831-2265-2927,99265450137,darpan33@hotmail.com,M,1974-09-25,Parent,MEM-12491
PAS-11641,CLM-01682,Upasna,,Singhal,Upasna Singhal,UID-611315768014,98261994441,upasna98@gmail.com,F,1954-11-04,Friend,
PAS-11642,CLM-01595,Yochana,,Morar,Yochana Morar,AADHAR-7588-7959-4194,99563892959,yochana38@rediffmail.com,F,1963-03-31,Colleague,
PAS-11643,CLM-01595,Yashica,,Gade,Yashica Gade,UID-244860992922,98848561210,yashica32@live.com,F,2024-07-29,Friend,
PAS-11644,CLM-01595,Divya,,Dara,Divya Dara,VOTER-C334943,97514494049,divya66@outlook.co.in,F,1986-01-06,Unknown,
PAS-11645,CLM-01595,Sanaya,,Bawa,Sanaya Bawa,UID-558431091388,99776756392,sanaya85@yahoo.com,F,1972-02-27,Colleague,
PAS-11646,CLM-00475,Manya,,Gupta,Manya Gupta,AADHAR-3215-5555-1714,97093599870,manya84@rediffmail.com,F,1963-05-28,Spouse,MEM-13447
PAS-11647,CLM-01025,Atharv,,Sanghvi,Atharv Sanghvi,VOTER-B751493,97077329037,atharv52@rediffmail.com,M,1992-09-20,Unknown,
PAS-11648,CLM-01025,Joshua,,Deo,Joshua Deo,UID-336767280713,98249347789,joshua58@live.com,M,1981-01-05,Daughter,MEM-12678
PAS-11649,CLM-00464,Advika,,Sachar,Advika Sachar,UID-868863552613,99751188479,advika67@gmail.com,F,1969-10-20,Unknown,
PAS-11650,CLM-00464,Ganga,,Toor,Ganga Toor,VOTER-A611684,98787431627,ganga38@yahoo.com,F,1963-04-29,Friend,
PAS-11651,CLM-00564,Yagnesh,,Shah,Yagnesh Shah,AADHAR-6468-3898-6409,97550560653,yagnesh26@outlook.co.in,M,2014-05-18,Colleague,
PAS-11652,CLM-00564,Andrew,,Goyal,Andrew Goyal,UID-300243474885,97854588761,andrew50@live.com,M,1965-11-08,Unknown,
PAS-11653,CLM-01796,Frado,,Atwal,Frado Atwal,VOTER-B309772,98197006829,frado45@yahoo.com,M,2019-03-03,Unknown,
PAS-11654,CLM-01796,Falan,,Palan,Falan Palan,UID-909436228701,98833138266,falan32@rediffmail.com,M,2010-05-15,Friend,
PAS-11655,CLM-01796,Janya,,Mody,Janya Mody,VOTER-D923897,99789304282,janya23@yahoo.com,F,2021-11-13,Colleague,
PAS-11656,CLM-01701,Samaksh,,Kata,Samaksh Kata,VOTER-B675959,99366903687,samaksh18@yahoo.com,M,1964-07-06,Colleague,
PAS-11657,CLM-01701,Yashvi,,Borde,Yashvi Borde,AADHAR-7893-1337-7138,97648551423,yashvi96@live.com,F,1971-08-03,Colleague,
PAS-11658,CLM-01959,Nikita,,Raval,Nikita Raval,VOTER-E784208,98423585228,nikita12@live.com,F,2022-11-27,Friend,
PAS-11659,CLM-01959,Dominic,,Kar,Dominic Kar,AADHAR-3960-7755-8017,98559420261,dominic56@hotmail.com,M,2006-04-04,Colleague,
PAS-11660,CLM-01959,Anya,,Goyal,Anya Goyal,AADHAR-7919-3185-7443,97046577299,anya67@hotmail.com,F,1976-05-22,Relative,
PAS-11661,CLM-01959,Om,,Kulkarni,Om Kulkarni,VOTER-C475424,98080921790,om21@live.com,M,1962-01-14,Colleague,
PAS-11662,CLM-02837,Orinder,,Narayanan,Orinder Narayanan,VOTER-B428804,99492974949,orinder23@live.com,M,1985-11-19,Colleague,
PAS-11663,CLM-02837,Ayaan,,Ghosh,Ayaan Ghosh,UID-886275811749,98803558405,ayaan45@outlook.co.in,M,1974-10-19,Relative,MEM-12687
PAS-11664,CLM-02837,Amaira,,Maharaj,Amaira Maharaj,AADHAR-3362-2925-7827,99188072271,amaira14@rediffmail.com,F,1961-02-27,Relative,MEM-12609
PAS-11665,CLM-02837,Omkaar,,Ratta,Omkaar Ratta,VOTER-D949049,97757836943,omkaar37@gmail.com,M,1976-04-21,Relative,MEM-11489
PAS-11666,CLM-02775,Ekansh,,Sabharwal,Ekansh Sabharwal,VOTER-A582746,99013989421,ekansh77@gmail.com,M,1970-07-23,Colleague,
PAS-11667,CLM-02775,Rishi,,Sarin,Rishi Sarin,VOTER-E765002,97078481163,rishi38@live.com,M,1986-11-28,Relative,
PAS-11668,CLM-02775,Alka,,Krish,Alka Krish,UID-480079432175,97458666857,alka72@live.com,F,1990-09-13,Relative,
PAS-11669,CLM-02899,Ranveer,,Wali,Ranveer Wali,AADHAR-2633-1473-3776,97003445663,ranveer82@gmail.com,M,1970-05-18,Friend,
PAS-11670,CLM-02899,Samaksh,,Virk,Samaksh Virk,UID-212903310711,97918072162,samaksh29@live.com,M,2023-04-06,Colleague,
PAS-11671,CLM-02899,Yoshita,,Sehgal,Yoshita Sehgal,VOTER-D756578,97307364669,yoshita81@live.com,F,1960-08-22,Unknown,
PAS-11672,CLM-00708,Hritik,,Gara,Hritik Gara,AADHAR-1995-1634-8798,97206811349,hritik71@hotmail.com,M,2007-04-18,Friend,MEM-11555
PAS-11673,CLM-00708,Nilima,,Mittal,Nilima Mittal,AADHAR-2216-8075-2837,98785809095,nilima65@rediffmail.com,F,1990-11-28,Colleague,
PAS-11674,CLM-00708,Chandani,,Ganguly,Chandani Ganguly,AADHAR-9525-4470-9062,97652291680,chandani98@gmail.com,F,1993-11-25,Colleague,
PAS-11675,CLM-00202,Rushil,,Mani,Rushil Mani,AADHAR-8275-3086-2355,98931331638,rushil30@hotmail.com,M,2000-05-18,Relative,
PAS-11676,CLM-00202,Chatresh,,Chandra,Chatresh Chandra,UID-111513797514,97043329586,chatresh94@rediffmail.com,M,2018-01-09,Friend,
PAS-11677,CLM-00202,Janani,,Kari,Janani Kari,UID-347750979392,97315092388,janani39@live.com,F,2012-11-13,Colleague,
PAS-11678,CLM-00202,Chaman,,Varkey,Chaman Varkey,AADHAR-2901-5253-8672,97444176715,chaman64@gmail.com,F,1980-08-07,Colleague,
PAS-11679,CLM-00586,Amaira,,Jhaveri,Amaira Jhaveri,AADHAR-4792-6392-8209,97446213408,amaira34@live.com,F,1955-07-02,Unknown,
PAS-11680,CLM-00586,Dalaja,,Naik,Dalaja Naik,AADHAR-8558-5505-2129,98762055702,dalaja30@yahoo.com,F,1964-11-03,Relative,
PAS-11681,CLM-00586,Omkaar,,Ray,Omkaar Ray,VOTER-C860385,99143584378,omkaar30@hotmail.com,M,1997-01-11,Colleague,
PAS-11682,CLM-00586,Urvi,,Karnik,Urvi Karnik,AADHAR-4272-9930-2363,99392984710,urvi24@gmail.com,F,2002-09-27,Colleague,
PAS-11683,CLM-01030,Naksh,,Maharaj,Naksh Maharaj,UID-866091036588,99244194665,naksh85@yahoo.com,M,2001-11-10,Friend,
PAS-11684,CLM-01030,Vidhi,,Rama,Vidhi Rama,VOTER-D730928,99781760254,vidhi10@hotmail.com,F,1956-06-10,Colleague,
PAS-11685,CLM-02893,Tanvi,,Pandit,Tanvi Pandit,UID-516733700176,99284221305,tanvi55@live.com,F,1972-06-13,Colleague,
PAS-11686,CLM-02893,Yug,,Barman,Yug Barman,VOTER-C257992,97458914834,yug81@hotmail.com,M,2006-09-30,Colleague,
PAS-11687,CLM-02893,Isha,,Rao,Isha Rao,VOTER-E133107,97683515735,isha19@gmail.com,F,1990-06-03,Colleague,
PAS-11688,CLM-02893,Wahab,,Kapadia,Wahab Kapadia,UID-541605778086,98063835479,wahab47@hotmail.com,M,1983-05-16,Friend,
PAS-11689,CLM-00582,Ojas,,Gole,Ojas Gole,UID-772729894477,97925944675,ojas81@hotmail.com,M,1988-12-04,Colleague,
PAS-11690,CLM-00582,Nakul,,Kurian,Nakul Kurian,VOTER-C377771,97802809913,nakul56@rediffmail.com,M,2019-06-30,Friend,
PAS-11691,CLM-00582,Aashi,,Pillay,Aashi Pillay,UID-857817058370,98775046741,aashi30@live.com,F,2002-04-14,Relative,
PAS-11692,CLM-00645,Laksh,,Butala,Laksh Butala,VOTER-B271975,98864818985,laksh95@rediffmail.com,M,2007-03-26,Unknown,
PAS-11693,CLM-00645,Veda,,Vala,Veda Vala,UID-496029748710,98512783814,veda85@rediffmail.com,F,1956-06-28,Colleague,
PAS-11694,CLM-00150,Ria,,Sha,Ria Sha,UID-555476238832,99835114380,ria93@gmail.com,F,2006-10-21,Friend,
PAS-11695,CLM-00581,Akshay,,Toor,Akshay Toor,AADHAR-7655-1641-6457,97637199829,akshay40@outlook.co.in,M,2023-09-27,Unknown,
PAS-11696,CLM-00581,Sara,,Ratta,Sara Ratta,AADHAR-5057-5903-6473,98587651452,sara79@yahoo.com,F,2001-12-20,Relative,
PAS-11697,CLM-00581,Harshil,,Nayak,Harshil Nayak,UID-755010832743,98175838909,harshil52@outlook.co.in,M,2004-09-01,Relative,
PAS-11698,CLM-00581,Jeet,,Sodhi,Jeet Sodhi,UID-735305750489,99076412902,jeet83@live.com,M,1984-01-23,Unknown,
PAS-11699,CLM-01806,Brinda,,Modi,Brinda Modi,AADHAR-8761-5975-6025,97679628550,brinda37@yahoo.com,F,2017-04-01,Relative,
PAS-11700,CLM-01806,Jeevika,,Thaker,Jeevika Thaker,VOTER-C259495,97133970522,jeevika20@yahoo.com,F,2021-12-25,Colleague,
PAS-11701,CLM-01806,Nilima,,Wali,Nilima Wali,VOTER-A387590,98727589730,nilima88@gmail.com,F,1962-04-06,Colleague,
PAS-11702,CLM-01642,Daniel,,Bumb,Daniel Bumb,AADHAR-8678-5352-5168,98636963310,daniel80@outlook.co.in,M,2021-03-30,Colleague,
PAS-11703,CLM-01285,Kala,,Nazareth,Kala Nazareth,UID-856631479438,98679505120,kala30@yahoo.com,F,1986-11-07,Friend,MEM-11947
PAS-11704,CLM-01285,Daksha,,Kashyap,Daksha Kashyap,AADHAR-8000-6202-5449,98898290535,daksha31@outlook.co.in,F,1997-04-05,Colleague,
PAS-11705,CLM-01285,Brijesh,,Pall,Brijesh Pall,VOTER-E801554,97778688318,brijesh28@outlook.co.in,M,1963-12-13,Relative,
PAS-11706,CLM-02998,Vivaan,,Deol,Vivaan Deol,AADHAR-5695-6968-9279,98641521983,vivaan30@yahoo.com,M,1968-09-17,Unknown,
PAS-11707,CLM-02634,Tarak,,Khalsa,Tarak Khalsa,UID-229249445131,98713252732,tarak54@gmail.com,M,1974-11-17,Colleague,MEM-10040
PAS-11708,CLM-02634,Eesha,,Mohan,Eesha Mohan,UID-505844860233,99175489764,eesha65@hotmail.com,F,1962-11-05,Son,MEM-12850
PAS-11709,CLM-02634,Jairaj,,Agarwal,Jairaj Agarwal,AADHAR-2693-7070-4901,97476538959,jairaj36@live.com,M,1970-12-31,Parent,MEM-10213
PAS-11710,CLM-01763,Shivansh,,Bala,Shivansh Bala,UID-325361922960,97428750065,shivansh35@outlook.co.in,M,2010-07-26,Friend,
PAS-11711,CLM-02137,Raagini,,Aggarwal,Raagini Aggarwal,VOTER-A446912,97516526563,raagini40@rediffmail.com,F,1961-07-08,Relative,
PAS-11712,CLM-02137,Gunbir,,Dugar,Gunbir Dugar,VOTER-B392176,97784381373,gunbir41@gmail.com,M,1982-11-22,Colleague,
PAS-11713,CLM-02137,Aditya,,Kala,Aditya Kala,AADHAR-6366-6553-8757,97195573175,aditya81@gmail.com,M,1976-05-05,Friend,
PAS-11714,CLM-01081,Wazir,,Dube,Wazir Dube,VOTER-C346105,97834156685,wazir99@gmail.com,M,1996-08-04,Son,MEM-11214
PAS-11715,CLM-01081,Advay,,Patla,Advay Patla,AADHAR-1915-8383-1834,99982326297,advay96@live.com,M,1983-09-09,Colleague,
PAS-11716,CLM-01081,Anika,,Sani,Anika Sani,VOTER-E151414,98839743565,anika51@gmail.com,F,2014-06-10,Unknown,
PAS-11717,CLM-00915,Advik,,Prashad,Advik Prashad,VOTER-B633884,97590696975,advik70@yahoo.com,M,1964-08-29,Parent,MEM-12597
PAS-11718,CLM-00915,Gaurangi,,Jaggi,Gaurangi Jaggi,AADHAR-1496-1053-2450,98442576877,gaurangi37@yahoo.com,F,1967-01-07,Unknown,
PAS-11719,CLM-00915,Yuvraj,,Krish,Yuvraj Krish,VOTER-B503826,97261184739,yuvraj17@hotmail.com,M,2024-09-01,Friend,
PAS-11720,CLM-00915,Chaman,,Varty,Chaman Varty,AADHAR-1689-6512-1228,98296849831,chaman77@hotmail.com,F,1979-10-04,Colleague,
PAS-11721,CLM-01407,Jeet,,Gokhale,Jeet Gokhale,AADHAR-9130-5435-8243,98148604143,jeet26@live.com,M,1983-09-09,Relative,
PAS-11722,CLM-01024,Lila,,Bir,Lila Bir,UID-137456718502,97177493659,lila84@hotmail.com,F,1959-11-17,Colleague,
PAS-11723,CLM-01024,Riya,,Banik,Riya Banik,AADHAR-8189-4852-3057,98049398966,riya28@live.com,F,2001-05-18,Friend,
PAS-11724,CLM-01024,Azad,,Shroff,Azad Shroff,UID-209149207041,98909207628,azad68@outlook.co.in,M,2011-02-20,Friend,
PAS-11725,CLM-01024,Lakshmi,,Dayal,Lakshmi Dayal,AADHAR-7116-9131-4704,98656343108,lakshmi65@rediffmail.com,F,1989-10-07,Friend,
PAS-11726,CLM-01143,Faris,,Murty,Faris Murty,VOTER-E652692,98796170264,faris70@outlook.co.in,M,1957-07-11,Colleague,
PAS-11727,CLM-01143,Ekaraj,,Sampath,Ekaraj Sampath,UID-779915512572,97678440562,ekaraj89@yahoo.com,M,1970-08-22,Colleague,MEM-10432
PAS-11728,CLM-01143,Kashish,,Chopra,Kashish Chopra,AADHAR-5776-2263-7830,98025439918,kashish87@outlook.co.in,F,2002-10-04,Friend,MEM-11769
PAS-11729,CLM-01143,Aradhana,,Handa,Aradhana Handa,UID-174706041646,99186434046,aradhana50@gmail.com,F,1973-09-02,Unknown,
PAS-11730,CLM-01392,Saksham,,Koshy,Saksham Koshy,AADHAR-8407-9859-4563,99766383941,saksham70@outlook.co.in,M,2006-12-22,Friend,MEM-10490
PAS-11731,CLM-01392,Qadim,,Kapur,Qadim Kapur,UID-446164154016,97039948592,qadim31@live.com,M,1988-09-17,Friend,
PAS-11732,CLM-00450,Rachana,,Mitter,Rachana Mitter,UID-103715276423,99105069962,rachana94@yahoo.com,F,1956-12-07,Relative,
PAS-11733,CLM-02212,Patrick,,Soni,Patrick Soni,VOTER-B829764,99223094381,patrick19@outlook.co.in,M,1988-03-17,Friend,
PAS-11734,CLM-01073,Aarush,,Gupta,Aarush Gupta,UID-894312139312,98089085007,aarush30@rediffmail.com,M,1956-05-18,Friend,
PAS-11735,CLM-01073,Utkarsh,,Sarin,Utkarsh Sarin,VOTER-B534028,99217405107,utkarsh41@hotmail.com,M,1977-11-18,Colleague,
PAS-11736,CLM-01073,Lila,,Sharma,Lila Sharma,UID-857905418976,97622295736,lila69@rediffmail.com,F,1987-11-29,Colleague,
PAS-11737,CLM-00854,Wishi,,Dewan,Wishi Dewan,UID-298221617306,98568393206,wishi46@rediffmail.com,F,1999-12-15,Unknown,
PAS-11738,CLM-00854,Oeshi,,Kohli,Oeshi Kohli,UID-112252438330,98066718428,oeshi58@yahoo.com,F,1976-08-12,Relative,
PAS-11739,CLM-01668,Oeshi,,Buch,Oeshi Buch,UID-758493233185,98984381691,oeshi28@live.com,F,1996-05-06,Unknown,
PAS-11740,CLM-01022,Ati,,Zachariah,Ati Zachariah,AADHAR-7865-8268-2100,99948086837,ati63@hotmail.com,F,2001-05-04,Friend,MEM-11289
PAS-11741,CLM-02402,Chaitanya,,Choudhry,Chaitanya Choudhry,VOTER-D177251,99055311636,chaitanya38@outlook.co.in,M,1960-06-27,Friend,MEM-11871
PAS-11742,CLM-02402,Sudiksha,,Ramaswamy,Sudiksha Ramaswamy,AADHAR-2415-7108-6634,98034020055,sudiksha76@outlook.co.in,F,1965-07-30,Relative,
PAS-11743,CLM-02402,Raksha,,Chaudry,Raksha Chaudry,VOTER-C297760,98786873884,raksha97@gmail.com,F,1998-07-03,Relative,
PAS-11744,CLM-02402,Shivani,,Handa,Shivani Handa,VOTER-D521935,98226703738,shivani65@yahoo.com,F,1975-11-09,Colleague,MEM-11213
PAS-11745,CLM-01815,Mitali,,Ahuja,Mitali Ahuja,UID-878554472444,97519040353,mitali50@yahoo.com,F,1988-03-24,Colleague,
PAS-11746,CLM-01815,Charan,,Bandi,Charan Bandi,UID-971862994622,99322325037,charan92@rediffmail.com,M,1971-04-07,Spouse,MEM-10237
PAS-11747,CLM-01815,Mason,,Dey,Mason Dey,UID-461589386044,97377465233,mason27@gmail.com,M,1982-08-12,Daughter,MEM-11934
PAS-11748,CLM-01815,Unnati,,Patel,Unnati Patel,AADHAR-7905-7504-2879,98198191645,unnati26@outlook.co.in,F,1984-04-04,Colleague,
PAS-11749,CLM-02749,Baghyawati,,Bhagat,Baghyawati Bhagat,VOTER-E384692,98623424396,baghyawati68@rediffmail.com,F,1964-08-15,Friend,
PAS-11750,CLM-02749,Chakradhar,,Yohannan,Chakradhar Yohannan,VOTER-D599391,99286179245,chakradhar85@hotmail.com,M,2005-05-24,Colleague,MEM-10616
PAS-11751,CLM-02749,Gauri,,Dass,Gauri Dass,VOTER-C408653,99831222073,gauri36@outlook.co.in,F,1985-05-05,Relative,
PAS-11752,CLM-02749,Chaitaly,,Menon,Chaitaly Menon,UID-666233886810,98448635304,chaitaly63@rediffmail.com,F,1971-01-26,Parent,MEM-10930
PAS-11753,CLM-00866,Yagnesh,,Gopal,Yagnesh Gopal,UID-525793691836,99781528333,yagnesh62@yahoo.com,M,2002-12-02,Unknown,
PAS-11754,CLM-00866,Orinder,,Kapadia,Orinder Kapadia,AADHAR-6779-3501-5870,98172181258,orinder69@yahoo.com,M,2012-07-08,Friend,
PAS-11755,CLM-00994,Saumya,,Narayan,Saumya Narayan,UID-580063557206,99089255654,saumya61@gmail.com,F,1975-07-17,Colleague,
PAS-11756,CLM-00994,Yauvani,,Kumar,Yauvani Kumar,AADHAR-3157-1508-7981,97626031962,yauvani46@rediffmail.com,F,1977-09-30,Colleague,
PAS-11757,CLM-00994,Liam,,Rajagopalan,Liam Rajagopalan,AADHAR-3837-7144-8161,98264432812,liam38@yahoo.com,M,1971-04-21,Son,MEM-10971
PAS-11758,CLM-00176,Yatan,,Dhar,Yatan Dhar,AADHAR-6701-7903-1386,97624654614,yatan34@gmail.com,M,1970-04-03,Relative,
PAS-11759,CLM-00176,Amaira,,Cherian,Amaira Cherian,UID-318749621903,99981422169,amaira34@hotmail.com,F,1990-11-17,Colleague,
PAS-11760,CLM-01053,Yutika,,Venkatesh,Yutika Venkatesh,VOTER-D552297,98057014131,yutika39@gmail.com,F,1962-05-22,Friend,MEM-13080
PAS-11761,CLM-01053,Tanmayi,,Garg,Tanmayi Garg,AADHAR-9687-2431-7930,98435788505,tanmayi22@rediffmail.com,F,2008-10-11,Friend,
PAS-11762,CLM-02308,Tanmayi,,Kibe,Tanmayi Kibe,VOTER-D319736,98546499134,tanmayi56@outlook.co.in,F,1962-01-24,Friend,MEM-13204
PAS-11763,CLM-02308,Mugdha,,Mangat,Mugdha Mangat,UID-963427742544,98017945154,mugdha49@yahoo.com,F,1997-08-26,Colleague,
PAS-11764,CLM-02410,Ishaan,,Chawla,Ishaan Chawla,VOTER-C176522,97786484785,ishaan57@rediffmail.com,M,1981-11-04,Colleague,
PAS-11765,CLM-02410,Bhavya,,Tiwari,Bhavya Tiwari,UID-217611493322,99345746364,bhavya61@yahoo.com,F,2005-02-02,Relative,
PAS-11766,CLM-02410,Adweta,,Pradhan,Adweta Pradhan,AADHAR-1189-5354-6892,97412098015,adweta97@outlook.co.in,F,1974-03-25,Friend,
PAS-11767,CLM-01099,Maanav,,Sunder,Maanav Sunder,AADHAR-5616-4104-9653,99976132470,maanav93@live.com,M,2023-06-20,Colleague,
PAS-11768,CLM-01099,Ishwar,,Bhatti,Ishwar Bhatti,UID-702853854445,98328899990,ishwar99@hotmail.com,M,1962-01-13,Colleague,
PAS-11769,CLM-01099,Balvan,,Kakar,Balvan Kakar,AADHAR-9988-2033-7349,98530369468,balvan29@yahoo.com,M,2012-01-21,Colleague,
PAS-11770,CLM-00948,George,,Gara,George Gara,UID-863837253782,99188710556,george88@rediffmail.com,M,1988-11-26,Relative,
PAS-11771,CLM-00948,Dalbir,,Thakur,Dalbir Thakur,AADHAR-2756-4025-3629,98892838849,dalbir90@rediffmail.com,M,1986-10-14,Relative,MEM-10517
PAS-11772,CLM-00948,Lila,,Chand,Lila Chand,VOTER-A868850,98170922820,lila51@gmail.com,F,1969-03-03,Friend,
PAS-11773,CLM-00425,Aadhya,,Jain,Aadhya Jain,VOTER-D985645,98652165707,aadhya60@live.com,F,2017-02-08,Unknown,
PAS-11774,CLM-00425,Jack,,Narain,Jack Narain,AADHAR-5373-5805-8128,97636946302,jack75@rediffmail.com,M,1956-12-04,Unknown,
PAS-11775,CLM-00425,Yashasvi,,Borah,Yashasvi Borah,AADHAR-4264-7539-7471,97806734713,yashasvi29@hotmail.com,F,1968-07-28,Friend,
PAS-11776,CLM-00425,Anay,,Bajaj,Anay Bajaj,VOTER-B419379,97611326574,anay60@rediffmail.com,M,2008-02-05,Unknown,
PAS-11777,CLM-00074,Raagini,,Wason,Raagini Wason,VOTER-C276053,97509662082,raagini91@rediffmail.com,F,1992-02-01,Friend,
PAS-11778,CLM-00074,Meera,,Kunda,Meera Kunda,UID-143746101044,98810307915,meera15@gmail.com,F,2000-11-10,Colleague,
PAS-11779,CLM-00074,Lekha,,Raju,Lekha Raju,VOTER-A325529,99548487461,lekha21@live.com,F,2014-08-06,Colleague,
PAS-11780,CLM-01018,Aadhya,,Amble,Aadhya Amble,VOTER-C356942,97236911962,aadhya85@yahoo.com,F,2009-03-11,Friend,
PAS-11781,CLM-01018,Urvashi,,Hans,Urvashi Hans,VOTER-B531324,97396314356,urvashi89@gmail.com,F,2017-03-29,Unknown,
PAS-11782,CLM-01018,Banjeet,,Ravel,Banjeet Ravel,VOTER-A230064,99943870234,banjeet95@yahoo.com,M,1963-08-17,Colleague,
PAS-11783,CLM-01446,Shaurya,,Divan,Shaurya Divan,VOTER-C591835,97030984691,shaurya35@gmail.com,M,1967-09-10,Relative,
PAS-11784,CLM-01446,Karan,,Bhakta,Karan Bhakta,VOTER-E967984,98879058542,karan68@outlook.co.in,M,1972-09-19,Relative,MEM-12623
PAS-11785,CLM-01446,Advik,,Sandhu,Advik Sandhu,UID-863045507836,99594899072,advik75@gmail.com,M,1998-07-21,Daughter,MEM-13388
PAS-11786,CLM-01446,Yashoda,,Dubey,Yashoda Dubey,AADHAR-2492-3915-8034,99468989417,yashoda57@outlook.co.in,F,1967-12-19,Friend,MEM-11208
PAS-11787,CLM-02784,Kai,,Dalal,Kai Dalal,UID-946814592014,97729470899,kai81@gmail.com,M,1995-08-13,Unknown,
PAS-11788,CLM-02784,Ansh,,Vohra,Ansh Vohra,UID-265408168414,97048275136,ansh57@live.com,M,1984-07-14,Friend,
PAS-11789,CLM-01875,Om,,Krish,Om Krish,AADHAR-7591-7344-1839,97239994838,om56@live.com,M,1983-01-06,Friend,
PAS-11790,CLM-01875,Libni,,Agate,Libni Agate,UID-516925439950,98519404358,libni86@rediffmail.com,F,2009-07-18,Colleague,
PAS-11791,CLM-01875,Aarav,,Char,Aarav Char,AADHAR-9724-3409-3230,98599240189,aarav64@yahoo.com,M,1988-12-14,Relative,MEM-11786
PAS-11792,CLM-01875,Manan,,Korpal,Manan Korpal,VOTER-A443272,98499632039,manan29@yahoo.com,M,1988-07-22,Friend,
PAS-11793,CLM-00860,Anirudh,,Goswami,Anirudh Goswami,VOTER-A382556,97869183930,anirudh83@outlook.co.in,M,1995-07-04,Relative,
PAS-11794,CLM-00860,Wridesh,,Chawla,Wridesh Chawla,AADHAR-4552-7654-8847,99141256887,wridesh77@hotmail.com,M,1992-03-20,Relative,
PAS-11795,CLM-00860,Zayyan,,Kar,Zayyan Kar,VOTER-E367575,97060470671,zayyan81@hotmail.com,M,1964-12-08,Colleague,
PAS-11796,CLM-00860,Lipika,,Grover,Lipika Grover,VOTER-E384847,99696357539,lipika36@outlook.co.in,F,1959-06-19,Colleague,
PAS-11797,CLM-02821,Arjun,,Palan,Arjun Palan,VOTER-C272922,97872734591,arjun95@yahoo.com,M,1980-03-10,Friend,
PAS-11798,CLM-02821,Girik,,Kothari,Girik Kothari,UID-278334884111,97344307538,girik62@outlook.co.in,M,1993-01-24,Relative,
PAS-11799,CLM-02821,Chanchal,,Murthy,Chanchal Murthy,AADHAR-8706-1649-6912,97206124817,chanchal41@rediffmail.com,F,1959-07-13,Unknown,
PAS-11800,CLM-02413,Zaitra,,Srinivasan,Zaitra Srinivasan,AADHAR-4786-9101-9224,98461069684,zaitra64@yahoo.com,F,2005-12-18,Colleague,MEM-11977
PAS-11801,CLM-02994,Daksh,,Nadig,Daksh Nadig,AADHAR-9777-3584-4029,97070024339,daksh42@live.com,M,1995-01-07,Colleague,
PAS-11802,CLM-02994,Adya,,Keer,Adya Keer,VOTER-C516389,98301985011,adya25@hotmail.com,F,1985-06-05,Relative,
PAS-11803,CLM-02994,Reyansh,,Gour,Reyansh Gour,AADHAR-7654-2820-5787,98035011523,reyansh97@live.com,M,1987-03-03,Colleague,
PAS-11804,CLM-01381,Samar,,Menon,Samar Menon,AADHAR-3165-7308-6406,98402009213,samar61@gmail.com,M,1986-03-11,Colleague,
PAS-11805,CLM-01381,Onveer,,Kothari,Onveer Kothari,AADHAR-6150-7032-5138,98679296496,onveer79@yahoo.com,M,1972-05-07,Friend,
PAS-11806,CLM-01708,Christopher,,Hans,Christopher Hans,AADHAR-1371-1209-7213,99491221865,christopher21@live.com,M,2018-03-31,Unknown,
PAS-11807,CLM-01708,Jeet,,Baral,Jeet Baral,UID-440333172787,97888982882,jeet30@hotmail.com,M,1997-04-09,Relative,MEM-10410
PAS-11808,CLM-01708,Rudra,,Verma,Rudra Verma,AADHAR-4471-4845-8777,99016955388,rudra32@live.com,M,1987-04-03,Colleague,
PAS-11809,CLM-01708,Pratyush,,Rai,Pratyush Rai,UID-786879880551,97515008253,pratyush95@gmail.com,M,1999-07-13,Relative,MEM-11519
PAS-11810,CLM-00743,Sudiksha,,Biswas,Sudiksha Biswas,AADHAR-7617-3606-7703,97748460601,sudiksha99@hotmail.com,F,2020-09-07,Friend,
PAS-11811,CLM-00743,Wyatt,,Minhas,Wyatt Minhas,VOTER-D465326,99843823686,wyatt78@rediffmail.com,M,2020-12-22,Relative,
PAS-11812,CLM-00743,Wahab,,Sawhney,Wahab Sawhney,UID-647771653656,98429953388,wahab56@outlook.co.in,M,2015-01-30,Colleague,
PAS-11813,CLM-02776,Edhitha,,Kota,Edhitha Kota,VOTER-C734177,99676662043,edhitha90@yahoo.com,F,1970-12-10,Relative,MEM-10796
PAS-11814,CLM-02776,Baljiwan,,Jayaraman,Baljiwan Jayaraman,AADHAR-2736-1547-2728,97517665781,baljiwan61@hotmail.com,M,2013-12-06,Relative,
PAS-11815,CLM-02776,Maanav,,Rao,Maanav Rao,AADHAR-8621-8488-4884,97062427220,maanav38@live.com,M,1976-10-08,Friend,
PAS-11816,CLM-02736,Yauvani,,Bhandari,Yauvani Bhandari,VOTER-A864394,97435191765,yauvani26@outlook.co.in,F,1985-07-11,Daughter,MEM-13136
PAS-11817,CLM-02736,Diya,,Rajagopalan,Diya Rajagopalan,VOTER-A270483,97013971289,diya46@gmail.com,F,1977-08-11,Colleague,
PAS-11818,CLM-02736,Hredhaan,,Chandran,Hredhaan Chandran,VOTER-B621375,97478731432,hredhaan48@hotmail.com,M,1977-11-26,Friend,
PAS-11819,CLM-00944,Farhan,,Chahal,Farhan Chahal,AADHAR-2991-9279-6781,99137869623,farhan61@rediffmail.com,M,2014-01-02,Relative,
PAS-11820,CLM-00944,Hemang,,Dhaliwal,Hemang Dhaliwal,UID-929574870550,99284590253,hemang13@rediffmail.com,M,2011-10-29,Colleague,
PAS-11821,CLM-00944,Alka,,Solanki,Alka Solanki,AADHAR-1570-9649-5726,98108693689,alka32@hotmail.com,F,1998-04-24,Colleague,
PAS-11822,CLM-01747,Radhika,,Shenoy,Radhika Shenoy,AADHAR-2909-6306-2316,98018003051,radhika81@outlook.co.in,F,1960-11-04,Spouse,MEM-13230
PAS-11823,CLM-01747,Urvi,,Bansal,Urvi Bansal,VOTER-C396969,97613589988,urvi62@rediffmail.com,F,1989-04-20,Colleague,MEM-12617
PAS-11824,CLM-01747,Vedant,,Amble,Vedant Amble,VOTER-A499365,98255432794,vedant13@live.com,M,1993-05-21,Relative,MEM-11777
PAS-11825,CLM-01747,Arin,,Chadha,Arin Chadha,UID-805327866081,99812059748,arin46@rediffmail.com,M,1956-07-21,Colleague,
PAS-11826,CLM-01268,Odika,,Sachdev,Odika Sachdev,UID-393369506133,98543219240,odika77@rediffmail.com,F,1984-06-10,Colleague,
PAS-11827,CLM-01268,Wakeeta,,Keer,Wakeeta Keer,VOTER-E966778,98736961382,wakeeta30@rediffmail.com,F,1957-02-27,Friend,
PAS-11828,CLM-01268,Harita,,Morar,Harita Morar,AADHAR-1269-8551-6728,97162952221,harita31@outlook.co.in,F,2005-01-05,Friend,
PAS-11829,CLM-01268,Farhan,,Banik,Farhan Banik,UID-714540689635,99333098946,farhan83@rediffmail.com,M,2002-10-21,Colleague,
PAS-11830,CLM-02143,Zilmil,,Chawla,Zilmil Chawla,VOTER-E974162,99941852346,zilmil22@outlook.co.in,F,1987-11-19,Spouse,MEM-12113
PAS-11831,CLM-02143,Kai,,Mukhopadhyay,Kai Mukhopadhyay,AADHAR-4791-3226-5644,98531315519,kai77@live.com,M,1957-09-21,Friend,
PAS-11832,CLM-02769,Gaurika,,Jani,Gaurika Jani,VOTER-D152728,99702531926,gaurika19@yahoo.com,F,1991-03-03,Colleague,
PAS-11833,CLM-02769,Prisha,,Sood,Prisha Sood,AADHAR-4944-2904-3981,99329271355,prisha21@hotmail.com,F,2015-10-22,Friend,
PAS-11834,CLM-01157,Urvashi,,Madan,Urvashi Madan,VOTER-A119053,97697140884,urvashi34@gmail.com,F,1972-08-20,Son,MEM-13093
PAS-11835,CLM-01157,Bhavani,,Wali,Bhavani Wali,AADHAR-8851-8407-3309,97102966383,bhavani70@gmail.com,F,1985-12-01,Colleague,
PAS-11836,CLM-01157,Harinakshi,,Patil,Harinakshi Patil,UID-120145074294,97188764195,harinakshi79@gmail.com,F,1984-07-30,Unknown,
PAS-11837,CLM-01157,Jonathan,,Hora,Jonathan Hora,UID-869707855113,97571661550,jonathan54@live.com,M,1969-10-03,Friend,
PAS-11838,CLM-01209,Ishaan,,Cherian,Ishaan Cherian,AADHAR-8687-7521-4784,97485412977,ishaan35@yahoo.com,M,1987-07-14,Unknown,
PAS-11839,CLM-00180,Odika,,Bali,Odika Bali,UID-979013351527,98372768386,odika74@live.com,F,2023-02-19,Colleague,
PAS-11840,CLM-00180,Arin,,Varughese,Arin Varughese,AADHAR-9499-9579-6078,97007837975,arin41@outlook.co.in,M,2011-06-02,Relative,
PAS-11841,CLM-02427,Lakshmi,,Mohan,Lakshmi Mohan,UID-410039394799,99480543565,lakshmi70@live.com,F,1973-10-26,Colleague,
PAS-11842,CLM-02427,Wriddhish,,Doctor,Wriddhish Doctor,AADHAR-9425-3211-2719,98680628401,wriddhish61@outlook.co.in,M,1957-01-03,Friend,
PAS-11843,CLM-02427,Manbir,,Dugar,Manbir Dugar,AADHAR-5631-6025-8593,99975181473,manbir45@live.com,M,1956-09-30,Relative,
PAS-11844,CLM-02022,Wahab,,Mitter,Wahab Mitter,VOTER-D813301,98252989615,wahab80@yahoo.com,M,1956-07-15,Unknown,
PAS-11845,CLM-02022,Ishaan,,Pandya,Ishaan Pandya,UID-224205951683,99826480573,ishaan44@rediffmail.com,M,2007-07-25,Unknown,
PAS-11846,CLM-01776,Jairaj,,Srivastava,Jairaj Srivastava,AADHAR-2433-9076-6146,97884406379,jairaj89@rediffmail.com,M,2003-12-14,Relative,
PAS-11847,CLM-01776,Naveen,,Shanker,Naveen Shanker,UID-543084871716,98271284222,naveen46@rediffmail.com,M,1986-03-20,Relative,MEM-10905
PAS-11848,CLM-01776,Meghana,,Khurana,Meghana Khurana,VOTER-E361861,98260489160,meghana65@outlook.co.in,F,1962-02-07,Relative,MEM-10663
PAS-11849,CLM-02428,Radha,,Mannan,Radha Mannan,VOTER-E627423,97500106151,radha10@gmail.com,F,1992-06-20,Unknown,
PAS-11850,CLM-00287,Lavanya,,Sangha,Lavanya Sangha,VOTER-B970141,97947527717,lavanya76@live.com,F,1965-04-14,Son,MEM-12141
PAS-11851,CLM-00287,Pallavi,,Sharma,Pallavi Sharma,AADHAR-4801-1124-8042,98686761902,pallavi34@hotmail.com,F,1955-07-14,Colleague,
PAS-11852,CLM-00738,Odika,,Thakur,Odika Thakur,AADHAR-9206-7998-5217,99396341454,odika78@outlook.co.in,F,1996-02-05,Spouse,MEM-12371
PAS-11853,CLM-00738,Kashish,,Oommen,Kashish Oommen,VOTER-C796015,98170946947,kashish97@outlook.co.in,F,1966-05-26,Friend,
PAS-11854,CLM-00738,Ria,,Kakar,Ria Kakar,VOTER-B546182,97717422141,ria68@live.com,F,1971-02-24,Friend,
PAS-11855,CLM-02913,Indali,,Thaman,Indali Thaman,AADHAR-3199-5437-2773,99106698309,indali17@live.com,F,1991-02-01,Relative,
PAS-11856,CLM-02913,Ayushman,,Sood,Ayushman Sood,UID-563625799523,99039741148,ayushman54@gmail.com,M,2017-06-08,Relative,
PAS-11857,CLM-02029,Upkaar,,Dutt,Upkaar Dutt,UID-884611498392,99042898855,upkaar98@live.com,M,1998-08-19,Relative,MEM-13398
PAS-11858,CLM-02029,Yash,,Agate,Yash Agate,UID-352521987202,97454634616,yash29@rediffmail.com,M,1964-05-30,Relative,MEM-13146
PAS-11859,CLM-02029,Sneha,,Loyal,Sneha Loyal,VOTER-E559618,97627180158,sneha73@rediffmail.com,F,1989-09-15,Son,MEM-11435
PAS-11860,CLM-02029,Saanvi,,Goyal,Saanvi Goyal,AADHAR-5112-2420-4663,99685190041,saanvi88@live.com,F,1982-06-26,Friend,
PAS-11861,CLM-02384,Hiral,,Bera,Hiral Bera,VOTER-D642954,97679211812,hiral48@rediffmail.com,F,1970-09-10,Colleague,
PAS-11862,CLM-01006,Nihal,,Dada,Nihal Dada,VOTER-D732353,99407324807,nihal70@rediffmail.com,M,1984-12-31,Relative,
PAS-11863,CLM-01006,Vanya,,Behl,Vanya Behl,VOTER-D269057,97990795593,vanya69@outlook.co.in,F,1955-02-13,Colleague,
PAS-11864,CLM-01006,Anika,,Date,Anika Date,UID-786527769834,98079008446,anika38@live.com,F,1962-11-07,Colleague,
PAS-11865,CLM-01951,Leena,,Rout,Leena Rout,AADHAR-2230-2214-5030,98074858993,leena43@live.com,F,2001-04-08,Relative,MEM-11858
PAS-11866,CLM-01951,Sarthak,,Mahajan,Sarthak Mahajan,VOTER-D589653,97573336136,sarthak77@outlook.co.in,M,1962-12-26,Friend,
PAS-11867,CLM-01951,Zarna,,Kaul,Zarna Kaul,VOTER-E591463,99347905303,zarna39@rediffmail.com,F,1975-07-11,Friend,
PAS-11868,CLM-01951,Ucchal,,Sahni,Ucchal Sahni,UID-863173374102,99519542882,ucchal15@live.com,F,1996-09-02,Daughter,MEM-13417
PAS-11869,CLM-01646,Karan,,Mannan,Karan Mannan,VOTER-E671698,97637278909,karan65@yahoo.com,M,1956-07-18,Relative,
PAS-11870,CLM-01646,Warhi,,Mahal,Warhi Mahal,VOTER-C992940,99781972382,warhi44@rediffmail.com,F,2004-12-25,Relative,
PAS-11871,CLM-01646,Isaac,,Singh,Isaac Singh,VOTER-A840683,98948000009,isaac17@live.com,M,1975-07-26,Friend,
PAS-11872,CLM-01043,Aarush,,Sagar,Aarush Sagar,VOTER-D452210,97189240744,aarush56@live.com,M,1956-07-03,Relative,
PAS-11873,CLM-01043,Lopa,,Sha,Lopa Sha,AADHAR-3793-1892-7998,97996773989,lopa58@live.com,F,1979-04-01,Colleague,
PAS-11874,CLM-01043,Wakeeta,,Sabharwal,Wakeeta Sabharwal,VOTER-A822498,97395856017,wakeeta10@rediffmail.com,F,1986-12-25,Friend,
PAS-11875,CLM-01777,Avi,,Jha,Avi Jha,AADHAR-1436-5587-2707,99987005100,avi71@yahoo.com,M,1999-04-24,Son,MEM-13250
PAS-11876,CLM-01777,Amol,,Chandran,Amol Chandran,AADHAR-2610-6446-6406,99679126252,amol70@yahoo.com,M,1973-11-06,Colleague,
PAS-11877,CLM-01777,Zansi,,Kuruvilla,Zansi Kuruvilla,UID-645680002525,97020974521,zansi92@outlook.co.in,F,1997-11-20,Spouse,MEM-11379
PAS-11878,CLM-01777,Anay,,Vasa,Anay Vasa,VOTER-E402911,99531171212,anay68@gmail.com,M,1993-10-11,Relative,
PAS-11879,CLM-01377,Pranav,,Mangal,Pranav Mangal,AADHAR-2034-5761-7313,99594301676,pranav71@outlook.co.in,M,2013-07-19,Unknown,
PAS-11880,CLM-01690,Jeevika,,Nair,Jeevika Nair,UID-380307999437,97475899664,jeevika74@live.com,F,2004-07-23,Colleague,
PAS-11881,CLM-01690,Hemal,,Nanda,Hemal Nanda,VOTER-D737742,99601729755,hemal92@outlook.co.in,F,2023-02-27,Unknown,
PAS-11882,CLM-01690,Gayathri,,Ahluwalia,Gayathri Ahluwalia,AADHAR-9718-7219-3482,97170373289,gayathri83@hotmail.com,F,1971-12-22,Unknown,
PAS-11883,CLM-02392,Samar,,Brar,Samar Brar,UID-659884572234,99149317238,samar40@yahoo.com,M,1987-03-29,Colleague,MEM-10845
PAS-11884,CLM-00931,Ira,,Mitra,Ira Mitra,AADHAR-4252-2594-2550,97986745807,ira20@hotmail.com,F,2006-09-17,Colleague,MEM-10230
PAS-11885,CLM-00931,Chandran,,Prabhakar,Chandran Prabhakar,UID-781666869001,99359751786,chandran94@live.com,M,2001-11-29,Unknown,
PAS-11886,CLM-00085,Pushti,,Varughese,Pushti Varughese,UID-879436119924,98275431583,pushti32@gmail.com,F,1999-12-11,Friend,
PAS-11887,CLM-00085,Yauvani,,D’Alia,Yauvani D’Alia,UID-702357231923,99317704813,yauvani14@hotmail.com,F,1984-09-17,Son,MEM-10072
PAS-11888,CLM-00505,Daniel,,Divan,Daniel Divan,VOTER-B600817,97539274208,daniel60@gmail.com,M,1963-09-06,Unknown,
PAS-11889,CLM-00505,Ganga,,Tripathi,Ganga Tripathi,VOTER-C127911,97743150953,ganga20@hotmail.com,F,1981-03-05,Friend,
PAS-11890,CLM-00505,Yasti,,Kunda,Yasti Kunda,AADHAR-3565-8354-1308,97997423235,yasti72@rediffmail.com,F,2017-10-23,Colleague,
PAS-11891,CLM-00505,Atharv,,Garde,Atharv Garde,VOTER-C623759,97376739355,atharv39@hotmail.com,M,2019-12-13,Relative,
PAS-11892,CLM-00443,Krisha,,Jaggi,Krisha Jaggi,UID-786043106160,99378900252,krisha27@outlook.co.in,F,1965-05-15,Unknown,
PAS-11893,CLM-00443,Radhika,,Brar,Radhika Brar,VOTER-A668084,98361455942,radhika62@hotmail.com,F,1958-09-22,Colleague,
PAS-11894,CLM-00443,William,,Pathak,William Pathak,AADHAR-3140-3074-8324,99618203678,william82@hotmail.com,M,2017-04-20,Colleague,
PAS-11895,CLM-00443,Bhavani,,Saxena,Bhavani Saxena,UID-100190831348,98409702069,bhavani62@outlook.co.in,F,2003-04-27,Relative,
PAS-11896,CLM-02044,Falak,,Mannan,Falak Mannan,AADHAR-4127-4198-1788,98915768289,falak33@rediffmail.com,F,2017-04-08,Relative,
PAS-11897,CLM-01003,Ati,,Sharma,Ati Sharma,UID-368032464529,97968298681,ati60@hotmail.com,F,2024-03-02,Friend,
PAS-11898,CLM-01003,Rachana,,Krishna,Rachana Krishna,AADHAR-3497-3788-3600,97145458733,rachana48@outlook.co.in,F,2010-09-13,Friend,
PAS-11899,CLM-01003,Bhavika,,Atwal,Bhavika Atwal,VOTER-B668960,98700547813,bhavika57@outlook.co.in,F,1978-05-06,Friend,
PAS-11900,CLM-01856,Charles,,Rana,Charles Rana,UID-373171566415,99312250496,charles62@yahoo.com,M,1993-01-08,Relative,
PAS-11901,CLM-02592,Abeer,,Luthra,Abeer Luthra,VOTER-C483166,98424404316,abeer89@hotmail.com,M,2004-01-11,Colleague,
PAS-11902,CLM-02592,Nachiket,,Raman,Nachiket Raman,VOTER-E227069,99059462916,nachiket35@hotmail.com,M,2023-08-19,Unknown,
PAS-11903,CLM-02592,Jack,,Peri,Jack Peri,UID-966975639083,98263764894,jack61@rediffmail.com,M,1966-06-20,Unknown,
PAS-11904,CLM-02592,Sanaya,,Dugar,Sanaya Dugar,UID-505786215204,99456438300,sanaya33@live.com,F,1984-11-01,Relative,
PAS-11905,CLM-01463,Sneha,,Pai,Sneha Pai,AADHAR-3026-4390-3028,97678367467,sneha69@outlook.co.in,F,1990-04-12,Relative,
PAS-11906,CLM-01463,Edhitha,,Sangha,Edhitha Sangha,UID-382258797641,98942970590,edhitha24@gmail.com,F,2011-09-06,Unknown,
PAS-11907,CLM-02786,Meghana,,Dhar,Meghana Dhar,UID-397170156845,97215105286,meghana77@rediffmail.com,F,1976-07-01,Relative,MEM-12887
PAS-11908,CLM-00229,Yadavi,,Deol,Yadavi Deol,AADHAR-5464-5957-1774,98340680239,yadavi91@hotmail.com,F,2017-05-27,Unknown,
PAS-11909,CLM-00229,Mitali,,Kapur,Mitali Kapur,AADHAR-9144-7425-6496,98419121575,mitali85@rediffmail.com,F,1986-09-09,Relative,
PAS-11910,CLM-00229,Vidhi,,Dubey,Vidhi Dubey,UID-283409264474,98762133691,vidhi94@yahoo.com,F,1980-12-27,Unknown,
PAS-11911,CLM-02496,Dominic,,Amble,Dominic Amble,VOTER-E888700,99682294529,dominic13@outlook.co.in,M,1977-04-29,Colleague,
PAS-11912,CLM-02496,Saksham,,Pillay,Saksham Pillay,AADHAR-3678-8372-8567,99491664268,saksham93@gmail.com,M,1959-02-21,Relative,
PAS-11913,CLM-02496,Ekaja,,Bawa,Ekaja Bawa,VOTER-A850953,99889203482,ekaja71@outlook.co.in,F,1974-12-07,Friend,
PAS-11914,CLM-01758,Hitesh,,Gopal,Hitesh Gopal,AADHAR-2841-4253-9359,98937026386,hitesh76@live.com,M,1991-06-11,Friend,
PAS-11915,CLM-01758,Isaiah,,Sani,Isaiah Sani,AADHAR-4009-9351-4753,97136167604,isaiah32@gmail.com,M,2022-08-09,Colleague,
PAS-11916,CLM-01758,Anjali,,Pathak,Anjali Pathak,AADHAR-4391-6490-9240,97279986155,anjali47@rediffmail.com,F,1972-06-05,Unknown,
PAS-11917,CLM-01758,Nisha,,Dass,Nisha Dass,AADHAR-2265-7523-6267,97774467171,nisha65@live.com,F,1965-10-02,Unknown,
PAS-11918,CLM-02742,Anjali,,Rana,Anjali Rana,AADHAR-3773-5044-1633,98025887005,anjali85@hotmail.com,F,2016-03-01,Relative,
PAS-11919,CLM-02742,Krishna,,Ben,Krishna Ben,VOTER-C724310,97635628402,krishna70@gmail.com,F,1961-01-11,Friend,
PAS-11920,CLM-02742,Nakul,,Mangat,Nakul Mangat,UID-239791494031,99205725470,nakul10@gmail.com,M,1964-02-13,Relative,
PAS-11921,CLM-02742,Jeet,,Baral,Jeet Baral,VOTER-C678294,97888982882,jeet30@hotmail.com,M,1997-04-09,Friend,MEM-10410
PAS-11922,CLM-02747,Jhalak,,Sarna,Jhalak Sarna,AADHAR-5434-5419-5848,97701991288,jhalak37@gmail.com,F,2017-03-30,Unknown,
PAS-11923,CLM-02747,Qadim,,Varty,Qadim Varty,VOTER-E691957,97286717068,qadim10@rediffmail.com,M,1991-12-19,Friend,
PAS-11924,CLM-02191,Mason,,Kala,Mason Kala,AADHAR-2813-7256-1733,99019335607,mason13@outlook.co.in,M,1982-06-14,Daughter,MEM-10801
PAS-11925,CLM-02191,Turvi,,Chana,Turvi Chana,VOTER-B534757,99210281692,turvi80@outlook.co.in,F,1970-02-18,Relative,
PAS-11926,CLM-02191,Lila,,Naidu,Lila Naidu,VOTER-C518581,98676221445,lila92@live.com,F,1971-08-11,Friend,
PAS-11927,CLM-01431,Vidhi,,Thakkar,Vidhi Thakkar,VOTER-E115874,97321065546,vidhi85@gmail.com,F,2010-05-04,Friend,
PAS-11928,CLM-01431,Rudra,,Chawla,Rudra Chawla,UID-733292867702,97579250670,rudra68@rediffmail.com,M,1963-03-07,Colleague,
PAS-11929,CLM-01431,Omkaar,,Nagarajan,Omkaar Nagarajan,AADHAR-1064-8005-6071,97359131066,omkaar44@outlook.co.in,M,2005-01-24,Relative,
PAS-11930,CLM-01431,Jacob,,Handa,Jacob Handa,AADHAR-6262-7670-9978,99846082651,jacob75@rediffmail.com,M,1992-07-08,Daughter,MEM-12696
PAS-11931,CLM-02425,Naksh,,Agarwal,Naksh Agarwal,VOTER-A287344,99203553337,naksh72@live.com,M,2004-08-22,Unknown,
PAS-11932,CLM-02425,Barkha,,Pant,Barkha Pant,AADHAR-4450-8905-9156,97591044373,barkha50@outlook.co.in,F,1970-01-04,Friend,
PAS-11933,CLM-02425,Onveer,,Khosla,Onveer Khosla,UID-897194831619,98403105504,onveer90@yahoo.com,M,2012-04-17,Relative,
PAS-11934,CLM-02425,Laksh,,Lad,Laksh Lad,AADHAR-4013-1251-9499,99127549613,laksh99@rediffmail.com,M,2008-02-19,Unknown,
PAS-11935,CLM-00293,Qabil,,Yadav,Qabil Yadav,AADHAR-4241-3055-7262,97009896588,qabil44@hotmail.com,M,1966-08-31,Relative,
PAS-11936,CLM-02980,Nimrat,,Mani,Nimrat Mani,UID-553188865377,97922193376,nimrat44@rediffmail.com,F,2022-03-10,Relative,
PAS-11937,CLM-02980,Baljiwan,,Kalla,Baljiwan Kalla,VOTER-B743581,97485062654,baljiwan50@hotmail.com,M,1985-10-11,Spouse,MEM-12390
PAS-11938,CLM-02980,Gunbir,,Arya,Gunbir Arya,UID-545355073390,99430495893,gunbir51@rediffmail.com,M,1966-11-28,Unknown,
PAS-11939,CLM-01023,Farhan,,Kunda,Farhan Kunda,AADHAR-6934-7587-2018,98571628312,farhan60@rediffmail.com,M,1995-12-02,Friend,
PAS-11940,CLM-01023,Rajeshri,,Mukhopadhyay,Rajeshri Mukhopadhyay,VOTER-E547260,97717265314,rajeshri25@yahoo.com,F,1974-04-19,Friend,
PAS-11941,CLM-00131,Eiravati,,Deo,Eiravati Deo,VOTER-A547386,97317993896,eiravati15@yahoo.com,F,1971-07-25,Relative,
PAS-11942,CLM-00131,Vihaan,,Samra,Vihaan Samra,AADHAR-2858-6268-5218,97818241363,vihaan47@gmail.com,M,1988-01-25,Relative,MEM-10782
PAS-11943,CLM-00131,Vritti,,Golla,Vritti Golla,UID-863155020761,98188126958,vritti68@hotmail.com,F,2024-06-17,Relative,
PAS-11944,CLM-00131,Amol,,Sagar,Amol Sagar,UID-177286901407,98279800178,amol96@gmail.com,M,1964-07-19,Colleague,
PAS-11945,CLM-02002,Eesha,,Agrawal,Eesha Agrawal,VOTER-A874421,98920197811,eesha50@live.com,F,1978-10-04,Friend,MEM-10803
PAS-11946,CLM-02002,Gaurangi,,Hora,Gaurangi Hora,AADHAR-6150-8300-6047,99439717755,gaurangi31@gmail.com,F,2006-08-09,Colleague,MEM-13492
PAS-11947,CLM-02002,Chakradev,,Rama,Chakradev Rama,UID-250492939685,97587670723,chakradev45@rediffmail.com,M,1990-05-25,Colleague,
PAS-11948,CLM-02002,Dakshesh,,Srinivas,Dakshesh Srinivas,AADHAR-9079-9727-7399,98798344752,dakshesh93@live.com,M,1966-06-24,Unknown,
PAS-11949,CLM-01633,Orinder,,Chaudhary,Orinder Chaudhary,AADHAR-5349-3275-5848,98158471307,orinder63@rediffmail.com,M,1970-02-12,Unknown,
PAS-11950,CLM-01633,Nachiket,,Murthy,Nachiket Murthy,AADHAR-6716-9869-3008,99642980275,nachiket95@live.com,M,2019-01-05,Colleague,
PAS-11951,CLM-01633,Wazir,,Khanna,Wazir Khanna,VOTER-A145830,98292887395,wazir35@outlook.co.in,M,1985-07-19,Colleague,
PAS-11952,CLM-01633,Zaid,,Gopal,Zaid Gopal,UID-269784902836,98594260780,zaid86@yahoo.com,M,1987-10-12,Colleague,
PAS-11953,CLM-02938,Forum,,Puri,Forum Puri,VOTER-B688247,97520186499,forum78@outlook.co.in,F,1964-11-23,Friend,
PAS-11954,CLM-02938,Gayathri,,Sandal,Gayathri Sandal,VOTER-A995794,97495433718,gayathri46@yahoo.com,F,1993-09-20,Friend,
PAS-11955,CLM-02938,Urvi,,Bansal,Urvi Bansal,VOTER-A878508,97613589988,urvi62@rediffmail.com,F,1989-04-20,Friend,MEM-12617
PAS-11956,CLM-02778,Veda,,Patil,Veda Patil,UID-525661953354,97309279829,veda36@hotmail.com,F,1964-06-07,Friend,MEM-10658
PAS-11957,CLM-02778,Ojas,,Seshadri,Ojas Seshadri,AADHAR-3068-6083-8431,99916663772,ojas38@outlook.co.in,M,1966-12-26,Son,MEM-10876
PAS-11958,CLM-02778,Neel,,Grewal,Neel Grewal,VOTER-A553699,98352339689,neel15@yahoo.com,M,1977-10-28,Unknown,
PAS-11959,CLM-02778,Kritika,,Bali,Kritika Bali,VOTER-A818749,97418335024,kritika54@gmail.com,F,1963-04-29,Parent,MEM-11072
PAS-11960,CLM-02879,Isaiah,,More,Isaiah More,UID-255883027762,97413845777,isaiah63@hotmail.com,M,1979-06-13,Spouse,MEM-11046
PAS-11961,CLM-02879,Daniel,,Loke,Daniel Loke,UID-422463278612,99587419181,daniel52@yahoo.com,M,1997-10-05,Unknown,
PAS-11962,CLM-01015,Chaaya,,Bhakta,Chaaya Bhakta,AADHAR-7199-8235-9390,99598997993,chaaya23@hotmail.com,F,1974-12-04,Colleague,
PAS-11963,CLM-01015,Advaith,,Goswami,Advaith Goswami,VOTER-C783044,99786632371,advaith20@live.com,M,2006-08-27,Unknown,
PAS-11964,CLM-01015,Ayush,,Jani,Ayush Jani,UID-731650013665,99762527462,ayush44@gmail.com,M,1978-02-21,Colleague,
PAS-11965,CLM-00288,Pooja,,Ahuja,Pooja Ahuja,AADHAR-5833-4932-1178,99051318964,pooja72@outlook.co.in,F,1964-05-18,Unknown,
PAS-11966,CLM-00288,Reva,,Shanker,Reva Shanker,VOTER-A692786,98870311370,reva26@live.com,F,2009-12-12,Unknown,
PAS-11967,CLM-00288,Teerth,,Raval,Teerth Raval,UID-513013263371,97678551643,teerth18@yahoo.com,M,2009-10-05,Colleague,
PAS-11968,CLM-00288,Yash,,Tara,Yash Tara,VOTER-D825388,98760179826,yash69@yahoo.com,M,2019-06-23,Friend,
PAS-11969,CLM-02946,Urvi,,Kala,Urvi Kala,UID-718274572209,99023552717,urvi54@yahoo.com,F,1968-09-12,Daughter,MEM-13144
PAS-11970,CLM-02946,Aditya,,Divan,Aditya Divan,UID-161517384583,98046308305,aditya71@rediffmail.com,M,1975-03-20,Friend,
PAS-11971,CLM-02946,Aachal,,Bal,Aachal Bal,UID-576026631181,97666335734,aachal33@rediffmail.com,F,1961-06-26,Colleague,
PAS-11972,CLM-02946,Gagan,,Apte,Gagan Apte,AADHAR-8782-6739-6762,99802997484,gagan36@live.com,M,1963-04-25,Relative,
PAS-11973,CLM-00669,Yatin,,Bawa,Yatin Bawa,AADHAR-5393-9991-4329,97903016882,yatin76@live.com,M,1970-02-17,Relative,MEM-12533
PAS-11974,CLM-00669,Jagrati,,Deep,Jagrati Deep,VOTER-C183766,99831826771,jagrati33@rediffmail.com,F,1991-11-26,Spouse,MEM-11024
PAS-11975,CLM-00669,Suhani,,Mittal,Suhani Mittal,UID-556063723137,98734963126,suhani80@gmail.com,F,1961-01-02,Parent,MEM-13026
PAS-11976,CLM-00669,Charvi,,Dar,Charvi Dar,AADHAR-4837-8892-1191,99221360789,charvi84@outlook.co.in,F,1966-06-15,Friend,
PAS-11977,CLM-01262,Qushi,,Grewal,Qushi Grewal,AADHAR-9011-4232-6655,99311025985,qushi41@yahoo.com,F,2003-07-08,Unknown,
PAS-11978,CLM-01262,Nitesh,,Pant,Nitesh Pant,AADHAR-9462-2197-6138,97917604759,nitesh28@live.com,M,2006-09-01,Friend,
PAS-11979,CLM-01262,Riya,,Andra,Riya Andra,AADHAR-3988-9533-3443,98641430767,riya53@hotmail.com,F,1965-11-17,Friend,
PAS-11980,CLM-01857,Jeremiah,,Morar,Jeremiah Morar,UID-493771973329,98079115445,jeremiah10@outlook.co.in,M,2014-02-11,Friend,
PAS-11981,CLM-01857,Aditya,,Raja,Aditya Raja,UID-769532353814,97976420804,aditya74@hotmail.com,M,1980-10-26,Unknown,
PAS-11982,CLM-02180,Faraj,,Babu,Faraj Babu,UID-936295480839,98859001264,faraj62@gmail.com,M,1982-01-09,Colleague,MEM-11531
PAS-11983,CLM-02180,George,,Ganesan,George Ganesan,AADHAR-2624-3750-3569,99922440362,george41@live.com,M,2002-05-19,Colleague,MEM-11843
PAS-11984,CLM-02180,Abha,,Narula,Abha Narula,VOTER-C666728,99188204427,abha91@rediffmail.com,F,2000-10-15,Son,MEM-13436
PAS-11985,CLM-02180,Jhalak,,Tak,Jhalak Tak,AADHAR-1902-3637-1896,98589884999,jhalak30@rediffmail.com,F,1957-06-28,Friend,
PAS-11986,CLM-01155,Indali,,Date,Indali Date,UID-998047020064,98857483892,indali67@gmail.com,F,1998-02-08,Relative,MEM-11168
PAS-11987,CLM-01155,Dhruv,,Nadkarni,Dhruv Nadkarni,UID-936473526122,98063478404,dhruv59@outlook.co.in,M,1989-06-25,Son,MEM-11067
PAS-11988,CLM-01155,Reyansh,,Rattan,Reyansh Rattan,VOTER-E578382,98996417066,reyansh84@yahoo.com,M,1964-06-13,Colleague,
PAS-11989,CLM-01155,Ucchal,,Dey,Ucchal Dey,VOTER-C451884,99644670993,ucchal71@hotmail.com,F,2013-08-06,Friend,
PAS-11990,CLM-02009,Umang,,Badal,Umang Badal,AADHAR-4128-8717-2261,99340496755,umang74@outlook.co.in,M,1968-09-21,Friend,
PAS-11991,CLM-02009,Akshay,,Arya,Akshay Arya,VOTER-E165845,99208125245,akshay54@yahoo.com,M,1987-08-09,Unknown,
PAS-11992,CLM-00266,Ladli,,Chadha,Ladli Chadha,UID-186577175726,99962314688,ladli47@live.com,F,2005-12-08,Friend,
PAS-11993,CLM-00266,Vedhika,,Cheema,Vedhika Cheema,VOTER-E866478,97985458853,vedhika55@hotmail.com,F,2003-01-04,Relative,
PAS-11994,CLM-00266,Saanvi,,Bhatia,Saanvi Bhatia,AADHAR-9328-9421-3141,99136489859,saanvi25@hotmail.com,F,1980-09-06,Unknown,
PAS-11995,CLM-00266,Amrita,,Majumdar,Amrita Majumdar,UID-336297067127,97595366606,amrita56@live.com,F,2021-11-16,Colleague,
PAS-11996,CLM-01148,Kamala,,Parsa,Kamala Parsa,VOTER-B433887,98989696160,kamala92@outlook.co.in,F,1996-04-26,Colleague,
PAS-11997,CLM-01148,Ishani,,Soman,Ishani Soman,VOTER-C299145,98984521866,ishani56@outlook.co.in,F,2014-12-07,Colleague,
PAS-11998,CLM-02058,Chaman,,Raman,Chaman Raman,UID-250706459862,97011920326,chaman73@hotmail.com,F,1961-09-19,Parent,MEM-10388
PAS-11999,CLM-02703,Yashodhara,,Bhatti,Yashodhara Bhatti,VOTER-A921219,97241147736,yashodhara21@yahoo.com,F,1984-03-05,Unknown,
PAS-12000,CLM-02703,Irya,,Sunder,Irya Sunder,UID-173412150978,99514433210,irya81@outlook.co.in,F,1957-05-26,Colleague,
PAS-12001,CLM-01435,Saanvi,,D’Alia,Saanvi D’Alia,UID-948523424159,98446550169,saanvi15@gmail.com,F,1991-04-14,Unknown,
PAS-12002,CLM-01435,Aadi,,Devi,Aadi Devi,AADHAR-3309-3709-4256,97946722191,aadi50@rediffmail.com,M,1965-11-17,Relative,
PAS-12003,CLM-01299,Ekiya,,Modi,Ekiya Modi,AADHAR-7262-3192-1132,98690752740,ekiya56@live.com,F,2021-05-21,Unknown,
PAS-12004,CLM-01299,Guneet,,Solanki,Guneet Solanki,UID-132827690595,97874374189,guneet65@live.com,M,2017-04-14,Unknown,
PAS-12005,CLM-01299,Jyoti,,Kaur,Jyoti Kaur,AADHAR-6514-5880-6699,99255896646,jyoti92@gmail.com,F,1987-08-11,Friend,
PAS-12006,CLM-01299,Netra,,Lalla,Netra Lalla,UID-344159448071,99943598487,netra51@outlook.co.in,F,1965-03-14,Relative,
PAS-12007,CLM-02475,Fariq,,Krishnamurthy,Fariq Krishnamurthy,UID-164529046251,97420637655,fariq72@gmail.com,M,2003-11-07,Friend,
PAS-12008,CLM-02475,Anjali,,Arya,Anjali Arya,UID-528212424767,97408918751,anjali98@outlook.co.in,F,2017-09-16,Colleague,
PAS-12009,CLM-02475,Lakshmi,,Dhillon,Lakshmi Dhillon,UID-581819627189,99569410457,lakshmi86@rediffmail.com,F,1991-11-05,Relative,
PAS-12010,CLM-01134,Irya,,Dixit,Irya Dixit,VOTER-B663710,99885096233,irya96@yahoo.com,F,2017-07-06,Friend,
PAS-12011,CLM-01134,Fitan,,Gupta,Fitan Gupta,UID-806960074818,99566018203,fitan43@outlook.co.in,M,1959-03-07,Unknown,
PAS-12012,CLM-01134,Rishi,,Ranganathan,Rishi Ranganathan,AADHAR-8510-9921-5026,99171358368,rishi64@gmail.com,M,1988-05-13,Unknown,
PAS-12013,CLM-01134,Qushi,,Palan,Qushi Palan,UID-232667338202,97386621763,qushi15@gmail.com,F,1961-08-09,Relative,
PAS-12014,CLM-02245,Madhav,,Sastry,Madhav Sastry,AADHAR-9074-9132-7335,99925657310,madhav13@gmail.com,M,2018-03-20,Friend,
PAS-12015,CLM-01590,Rajeshri,,Chauhan,Rajeshri Chauhan,VOTER-B624001,99134193987,rajeshri15@rediffmail.com,F,2015-04-02,Unknown,
PAS-12016,CLM-01590,Nidhi,,Parmar,Nidhi Parmar,VOTER-B498026,98778674831,nidhi65@gmail.com,F,2022-11-02,Friend,
PAS-12017,CLM-00872,Tripti,,Som,Tripti Som,UID-684362873381,99058302989,tripti11@hotmail.com,F,2002-06-28,Spouse,MEM-12392
PAS-12018,CLM-00872,Qasim,,Thaman,Qasim Thaman,AADHAR-6223-1454-4964,98899145913,qasim88@outlook.co.in,M,1999-01-21,Colleague,
PAS-12019,CLM-00872,Amrita,,Iyengar,Amrita Iyengar,AADHAR-8954-3590-7134,97761810913,amrita46@outlook.co.in,F,1984-08-22,Relative,
PAS-12020,CLM-02864,Neha,,Sur,Neha Sur,AADHAR-1641-1565-4253,99678924681,neha91@yahoo.com,F,1983-04-27,Colleague,MEM-12135
PAS-12021,CLM-02864,Niharika,,Halder,Niharika Halder,UID-181185020093,99982552280,niharika13@yahoo.com,F,1960-09-13,Parent,MEM-10204
PAS-12022,CLM-02864,Kiaan,,Hayer,Kiaan Hayer,AADHAR-3824-8841-3391,99676108353,kiaan70@outlook.co.in,M,2006-07-14,Colleague,
PAS-12023,CLM-02189,Nirja,,Sandal,Nirja Sandal,AADHAR-4924-3685-9286,99937256156,nirja50@live.com,F,2019-11-21,Relative,
PAS-12024,CLM-02297,Tanvi,,Krishna,Tanvi Krishna,AADHAR-3184-2716-9911,99036073017,tanvi76@hotmail.com,F,2007-03-16,Unknown,
PAS-12025,CLM-00572,Upasna,,Prabhu,Upasna Prabhu,VOTER-C807276,98728065244,upasna12@live.com,F,1973-06-21,Relative,MEM-11324
PAS-12026,CLM-01066,Theodore,,D’Alia,Theodore D’Alia,VOTER-C796506,97595678016,theodore69@hotmail.com,M,1964-07-12,Unknown,
PAS-12027,CLM-01066,Geetika,,Prabhakar,Geetika Prabhakar,AADHAR-3264-2521-8454,97711409421,geetika48@rediffmail.com,F,1991-09-19,Relative,MEM-13141
PAS-12028,CLM-00782,Oeshi,,Bansal,Oeshi Bansal,VOTER-C877051,98244432318,oeshi72@hotmail.com,F,1994-11-13,Unknown,
PAS-12029,CLM-02446,Gautam,,Sule,Gautam Sule,UID-688829027794,98045932822,gautam51@live.com,M,2008-10-22,Colleague,
PAS-12030,CLM-02446,Alka,,Rai,Alka Rai,VOTER-E238291,97297053855,alka18@yahoo.com,F,2001-11-04,Unknown,
PAS-12031,CLM-02446,Sara,,Balan,Sara Balan,UID-842883906457,99437749244,sara86@gmail.com,F,1970-09-04,Spouse,MEM-12300
PAS-12032,CLM-00569,Theodore,,Nori,Theodore Nori,VOTER-B204268,98205239960,theodore25@yahoo.com,M,2018-03-04,Relative,
PAS-12033,CLM-00569,Rachit,,Madan,Rachit Madan,VOTER-E768841,97570148040,rachit53@hotmail.com,M,2021-04-01,Colleague,
PAS-12034,CLM-00569,Yashasvi,,Dhar,Yashasvi Dhar,UID-581148056056,97582895611,yashasvi15@hotmail.com,F,1959-12-07,Colleague,
PAS-12035,CLM-00569,Dayamai,,Balay,Dayamai Balay,VOTER-C646044,99563045036,dayamai45@live.com,F,2012-04-16,Unknown,
PAS-12036,CLM-00432,Kashish,,Balakrishnan,Kashish Balakrishnan,AADHAR-3733-6206-9840,99369070641,kashish36@outlook.co.in,F,1985-01-21,Unknown,
PAS-12037,CLM-02491,Tamanna,,Shetty,Tamanna Shetty,VOTER-D308081,98108444296,tamanna45@gmail.com,F,1992-03-09,Friend,
PAS-12038,CLM-02526,Nathaniel,,Ratti,Nathaniel Ratti,UID-568316696283,97400070270,nathaniel39@live.com,M,1969-06-28,Unknown,
PAS-12039,CLM-02526,Sanya,,Tak,Sanya Tak,VOTER-E489881,98205874204,sanya88@yahoo.com,F,1986-02-04,Colleague,
PAS-12040,CLM-02526,Janya,,Bath,Janya Bath,VOTER-E618470,98344274932,janya78@gmail.com,F,2001-09-17,Relative,MEM-10145
PAS-12041,CLM-00455,Janya,,Grewal,Janya Grewal,UID-249552416138,98815857387,janya96@hotmail.com,F,2022-09-05,Colleague,
PAS-12042,CLM-00455,Indali,,Samra,Indali Samra,AADHAR-9909-7056-4460,99384001932,indali31@hotmail.com,F,1993-08-16,Unknown,
PAS-12043,CLM-00455,Tripti,,Apte,Tripti Apte,AADHAR-6552-8804-3470,99889577962,tripti18@hotmail.com,F,1960-12-20,Friend,
PAS-12044,CLM-00455,Yashoda,,Upadhyay,Yashoda Upadhyay,UID-604873569319,98904199972,yashoda47@rediffmail.com,F,2009-04-03,Colleague,
PAS-12045,CLM-00232,Imaran,,Sant,Imaran Sant,VOTER-C219591,99757160042,imaran30@live.com,M,1999-07-15,Unknown,
PAS-12046,CLM-01620,Ayush,,Kota,Ayush Kota,VOTER-D494665,99137639760,ayush88@gmail.com,M,1986-06-13,Colleague,
PAS-12047,CLM-01620,Bimala,,Hayer,Bimala Hayer,UID-599513546742,98482284760,bimala51@hotmail.com,F,1960-09-23,Relative,
PAS-12048,CLM-01620,Wridesh,,Prasad,Wridesh Prasad,UID-111541696050,99685487973,wridesh67@hotmail.com,M,1969-04-03,Unknown,
PAS-12049,CLM-00617,Abeer,,Choudhary,Abeer Choudhary,UID-172768062571,98128822725,abeer32@hotmail.com,M,1999-12-06,Relative,
PAS-12050,CLM-00617,Christopher,,Palan,Christopher Palan,VOTER-A212209,98987060068,christopher32@hotmail.com,M,1954-12-12,Colleague,
PAS-12051,CLM-00139,Irya,,Sarna,Irya Sarna,AADHAR-1958-8474-1776,99331790688,irya13@outlook.co.in,F,1973-10-10,Colleague,
PAS-12052,CLM-02082,Patrick,,Venkataraman,Patrick Venkataraman,UID-140138637896,98585494957,patrick27@yahoo.com,M,1963-04-20,Unknown,
PAS-12053,CLM-02082,Atharv,,Manne,Atharv Manne,VOTER-A990691,99300475601,atharv99@yahoo.com,M,1957-07-25,Unknown,
PAS-12054,CLM-02890,Saksham,,Nagy,Saksham Nagy,VOTER-B949729,99220622029,saksham72@live.com,M,1964-07-30,Friend,
PAS-12055,CLM-02890,Faqid,,Baria,Faqid Baria,UID-447181214183,99459578300,faqid45@gmail.com,M,1995-12-09,Relative,
PAS-12056,CLM-00913,Hemangini,,Sethi,Hemangini Sethi,AADHAR-6971-7662-2797,98628794080,hemangini33@outlook.co.in,F,2022-03-28,Relative,
PAS-12057,CLM-00913,Charvi,,Sagar,Charvi Sagar,VOTER-A560877,99797330186,charvi36@live.com,F,1955-05-09,Colleague,
PAS-12058,CLM-00913,Daksh,,Buch,Daksh Buch,AADHAR-3079-6619-9615,99430066992,daksh43@outlook.co.in,M,1971-10-18,Relative,
PAS-12059,CLM-02438,Arunima,,Madan,Arunima Madan,UID-113998759893,97596152984,arunima58@yahoo.com,F,1988-03-11,Colleague,MEM-12528
PAS-12060,CLM-02438,Gaurang,,Rajan,Gaurang Rajan,VOTER-A767729,98084104315,gaurang88@hotmail.com,M,2016-04-27,Unknown,
PAS-12061,CLM-02438,Jairaj,,Som,Jairaj Som,AADHAR-3184-2533-2570,98846779024,jairaj64@hotmail.com,M,1972-04-29,Friend,
PAS-12062,CLM-02438,Arya,,Roy,Arya Roy,UID-744299312057,98281957701,arya10@gmail.com,F,1971-09-24,Relative,
PAS-12063,CLM-02662,Ekanta,,Saran,Ekanta Saran,UID-467359877514,97526368765,ekanta79@hotmail.com,F,1992-03-15,Friend,
PAS-12064,CLM-02936,Thomas,,Narayanan,Thomas Narayanan,AADHAR-3799-3653-3000,99901952548,thomas17@yahoo.com,M,1957-09-29,Unknown,
PAS-12065,CLM-01072,Hamsini,,Lad,Hamsini Lad,VOTER-D184424,98491649745,hamsini96@hotmail.com,F,1997-08-27,Colleague,
PAS-12066,CLM-01072,George,,Hora,George Hora,AADHAR-8086-2128-1034,98762411394,george80@yahoo.com,M,2012-04-16,Friend,
PAS-12067,CLM-01072,Mitesh,,Agate,Mitesh Agate,VOTER-D878729,97898480906,mitesh60@outlook.co.in,M,2005-03-16,Spouse,MEM-10505
PAS-12068,CLM-01072,Liam,,Ahuja,Liam Ahuja,AADHAR-6437-2798-9340,99890274582,liam80@yahoo.com,M,2023-03-06,Friend,
PAS-12069,CLM-00205,Gautam,,Ram,Gautam Ram,VOTER-E689692,98958894357,gautam26@hotmail.com,M,1992-07-17,Colleague,
PAS-12070,CLM-00066,Aradhana,,Varughese,Aradhana Varughese,AADHAR-2113-4853-7872,97934090044,aradhana20@hotmail.com,F,2004-01-23,Unknown,
PAS-12071,CLM-00066,Naksh,,Dua,Naksh Dua,VOTER-C228974,99730103206,naksh64@gmail.com,M,1956-03-26,Unknown,
PAS-12072,CLM-00066,Qushi,,Edwin,Qushi Edwin,UID-896474100301,99180483380,qushi92@rediffmail.com,F,1969-09-12,Spouse,MEM-11391
PAS-12073,CLM-00066,Balendra,,Pandya,Balendra Pandya,VOTER-C211279,98686440819,balendra79@hotmail.com,M,1996-03-17,Parent,MEM-12945
PAS-12074,CLM-00710,Andrew,,Rajan,Andrew Rajan,AADHAR-4000-8988-8860,98852169933,andrew57@rediffmail.com,M,2007-09-22,Colleague,
PAS-12075,CLM-00710,Ekavir,,Dara,Ekavir Dara,UID-412081056273,97024044249,ekavir31@yahoo.com,M,2012-04-04,Colleague,
PAS-12076,CLM-00710,Harita,,Iyengar,Harita Iyengar,UID-397434640214,97253823137,harita80@rediffmail.com,F,2017-02-19,Friend,
PAS-12077,CLM-01420,Ekani,,Kothari,Ekani Kothari,UID-540383017023,99075357893,ekani35@gmail.com,F,2014-06-11,Relative,
PAS-12078,CLM-01420,Andrew,,Tripathi,Andrew Tripathi,VOTER-E671673,97169932422,andrew99@outlook.co.in,M,1962-12-23,Relative,
PAS-12079,CLM-01420,Dalbir,,Aurora,Dalbir Aurora,VOTER-B454100,98016868122,dalbir51@yahoo.com,M,2001-11-17,Unknown,
PAS-12080,CLM-01420,Amara,,Patil,Amara Patil,VOTER-E588007,99129806356,amara46@rediffmail.com,F,1963-11-20,Colleague,
PAS-12081,CLM-00891,Leena,,Ghosh,Leena Ghosh,AADHAR-3347-8530-7491,97481771044,leena62@gmail.com,F,2021-10-11,Colleague,
PAS-12082,CLM-00891,Agastya,,Jhaveri,Agastya Jhaveri,AADHAR-4490-2713-3135,97134984342,agastya67@rediffmail.com,M,1972-08-17,Relative,
PAS-12083,CLM-00891,Pranit,,Narasimhan,Pranit Narasimhan,UID-358837097138,99465380896,pranit38@live.com,M,2001-08-06,Friend,
PAS-12084,CLM-00891,Jagrati,,Thaker,Jagrati Thaker,VOTER-A247655,97026465042,jagrati69@live.com,F,1988-10-30,Colleague,MEM-12148
PAS-12085,CLM-02779,Saumya,,Bahl,Saumya Bahl,VOTER-A389928,98550657447,saumya17@gmail.com,F,1994-06-16,Relative,MEM-13270
PAS-12086,CLM-02779,Thomas,,Mangat,Thomas Mangat,AADHAR-4981-5870-5283,99326546013,thomas24@outlook.co.in,M,1962-06-07,Daughter,MEM-11964
PAS-12087,CLM-02664,Omkaar,,Kaul,Omkaar Kaul,VOTER-B784174,99139668220,omkaar47@outlook.co.in,M,1989-02-22,Colleague,
PAS-12088,CLM-02664,William,,Sha,William Sha,AADHAR-9684-5582-3067,99657244180,william57@gmail.com,M,1964-01-16,Unknown,
PAS-12089,CLM-02601,Dakshesh,,Sathe,Dakshesh Sathe,VOTER-B143806,97701294931,dakshesh66@gmail.com,M,2015-03-07,Colleague,
PAS-12090,CLM-00065,Gautam,,Gill,Gautam Gill,UID-551080397099,97584794027,gautam29@live.com,M,1990-11-28,Spouse,MEM-10510
PAS-12091,CLM-00065,Bhavani,,Nigam,Bhavani Nigam,VOTER-B970280,97664282598,bhavani47@yahoo.com,F,2008-08-19,Friend,
PAS-12092,CLM-00065,Libni,,Patla,Libni Patla,UID-151898635769,98933232967,libni22@rediffmail.com,F,1979-11-14,Parent,MEM-12006
PAS-12093,CLM-00065,Logan,,Sampath,Logan Sampath,AADHAR-9030-5158-9185,98980906820,logan94@gmail.com,M,2014-02-03,Relative,
PAS-12094,CLM-00420,Pooja,,Gill,Pooja Gill,AADHAR-3330-1315-2765,99862370729,pooja36@live.com,F,1981-11-26,Relative,MEM-12146
PAS-12095,CLM-00420,Bahadurjit,,Kapur,Bahadurjit Kapur,UID-674264259212,98471317440,bahadurjit45@hotmail.com,M,1976-06-04,Daughter,MEM-13448
PAS-12096,CLM-00420,Chatresh,,Lall,Chatresh Lall,UID-150725801209,98491943335,chatresh67@yahoo.com,M,1990-03-14,Parent,MEM-11590
PAS-12097,CLM-00420,Chaitaly,,Menon,Chaitaly Menon,VOTER-C407387,98448635304,chaitaly63@rediffmail.com,F,1971-01-26,Son,MEM-10930
PAS-12098,CLM-00805,Girindra,,Gera,Girindra Gera,AADHAR-8246-4496-3141,97346696439,girindra36@hotmail.com,M,1960-02-22,Daughter,MEM-10829
PAS-12099,CLM-01129,Gaurangi,,Bandi,Gaurangi Bandi,VOTER-A880916,98267931112,gaurangi81@hotmail.com,F,2003-12-07,Spouse,MEM-12369
PAS-12100,CLM-01129,Owen,,Muni,Owen Muni,VOTER-E235082,99517306421,owen94@rediffmail.com,M,1955-10-01,Friend,
PAS-12101,CLM-02355,Krishna,,Deep,Krishna Deep,AADHAR-1284-3168-1177,98777190702,krishna70@outlook.co.in,F,1962-09-09,Colleague,
PAS-12102,CLM-02355,Gautami,,Bail,Gautami Bail,VOTER-E379480,97046126329,gautami63@outlook.co.in,F,2015-11-13,Unknown,
PAS-12103,CLM-00703,Hemani,,Date,Hemani Date,VOTER-C276046,98166848506,hemani33@live.com,F,1963-03-05,Friend,
PAS-12104,CLM-00703,Aarush,,Kuruvilla,Aarush Kuruvilla,UID-136187874917,99731915742,aarush67@yahoo.com,M,1962-01-17,Friend,
PAS-12105,CLM-01471,Sudiksha,,Tiwari,Sudiksha Tiwari,UID-546350459572,99149972599,sudiksha57@hotmail.com,F,1979-07-26,Parent,MEM-10083
PAS-12106,CLM-01471,Meghana,,Swamy,Meghana Swamy,VOTER-D696257,98682068778,meghana82@rediffmail.com,F,2002-11-18,Friend,
PAS-12107,CLM-01471,Nimrat,,Chandran,Nimrat Chandran,UID-591250201037,98770766954,nimrat10@hotmail.com,F,1974-09-26,Unknown,
PAS-12108,CLM-01094,Tanvi,,Mall,Tanvi Mall,VOTER-A858923,97309667659,tanvi45@gmail.com,F,1983-10-22,Son,MEM-13160
PAS-12109,CLM-01094,Rehaan,,Rana,Rehaan Rana,UID-573775425016,98883001231,rehaan13@live.com,M,1990-09-17,Relative,
PAS-12110,CLM-01094,Chaaya,,Sarma,Chaaya Sarma,AADHAR-7969-7172-6905,97116510290,chaaya20@hotmail.com,F,2013-02-26,Unknown,
PAS-12111,CLM-01094,Aarini,,De,Aarini De,AADHAR-7747-7653-2789,97888313602,aarini41@live.com,F,1974-10-24,Relative,
PAS-12112,CLM-02323,Pranit,,Bumb,Pranit Bumb,UID-402023476083,97738554424,pranit57@live.com,M,2006-07-22,Colleague,
PAS-12113,CLM-02323,Vansha,,Lad,Vansha Lad,AADHAR-2972-6965-5157,98655826751,vansha21@gmail.com,F,1994-06-17,Unknown,
PAS-12114,CLM-02323,Andrew,,Kalita,Andrew Kalita,AADHAR-9383-9011-5832,97773951625,andrew84@hotmail.com,M,1997-01-24,Relative,MEM-12488
PAS-12115,CLM-01830,Nikita,,Bhagat,Nikita Bhagat,VOTER-E490776,97549706845,nikita84@gmail.com,F,1960-11-13,Unknown,
PAS-12116,CLM-00624,Rajata,,Kohli,Rajata Kohli,UID-212886027430,99421458851,rajata27@rediffmail.com,F,1990-08-11,Colleague,
PAS-12117,CLM-00624,Ati,,Chhabra,Ati Chhabra,UID-652541495555,97005380096,ati17@gmail.com,F,1987-09-22,Friend,
PAS-12118,CLM-00624,Vyanjana,,Parsa,Vyanjana Parsa,AADHAR-9182-1107-6815,98310328651,vyanjana86@outlook.co.in,F,1993-12-17,Son,MEM-12655
PAS-12119,CLM-00624,Chanakya,,Upadhyay,Chanakya Upadhyay,AADHAR-3446-9816-8469,99393034224,chanakya51@outlook.co.in,M,1993-09-24,Colleague,
PAS-12120,CLM-00352,Lohit,,Kumer,Lohit Kumer,AADHAR-8609-6956-2404,97627287018,lohit89@rediffmail.com,M,1960-09-17,Unknown,
PAS-12121,CLM-00352,Parth,,Sen,Parth Sen,UID-718405035424,97400345302,parth15@outlook.co.in,M,1991-05-18,Unknown,
PAS-12122,CLM-00352,Anay,,Ratti,Anay Ratti,AADHAR-8091-5430-5639,99929479848,anay47@rediffmail.com,M,2023-08-17,Relative,
PAS-12123,CLM-01213,Lucky,,Biswas,Lucky Biswas,UID-301715235820,99798484183,lucky46@rediffmail.com,M,1993-05-29,Colleague,MEM-10999
PAS-12124,CLM-01213,Sneha,,Shanker,Sneha Shanker,AADHAR-8674-5344-3558,99014653577,sneha72@live.com,F,1982-10-09,Colleague,
PAS-12125,CLM-01213,Ira,,Sahni,Ira Sahni,AADHAR-9020-2514-8539,98074728787,ira47@gmail.com,F,2023-05-14,Relative,
PAS-12126,CLM-01213,Anita,,Ben,Anita Ben,UID-426151798000,99369535446,anita67@hotmail.com,F,1956-06-06,Relative,
PAS-12127,CLM-01476,Frado,,Baral,Frado Baral,VOTER-C868706,97191853187,frado28@outlook.co.in,M,2012-05-30,Unknown,
PAS-12128,CLM-01476,Anya,,Ganesh,Anya Ganesh,VOTER-A349278,98114605923,anya96@gmail.com,F,2012-04-05,Unknown,
PAS-12129,CLM-01476,Keya,,Comar,Keya Comar,AADHAR-8567-2755-3303,98847420570,keya75@hotmail.com,F,2002-05-14,Unknown,
PAS-12130,CLM-01476,Girindra,,Din,Girindra Din,UID-991186640387,97204326939,girindra57@hotmail.com,M,1992-07-30,Unknown,
PAS-12131,CLM-02488,Priya,,Bhatnagar,Priya Bhatnagar,UID-970228972311,97792480189,priya47@live.com,F,1957-12-28,Relative,
PAS-12132,CLM-02488,Frederick,,Parmar,Frederick Parmar,VOTER-E840224,98477744537,frederick21@live.com,M,1980-03-15,Unknown,
PAS-12133,CLM-02770,Aarini,,Lala,Aarini Lala,AADHAR-2818-8692-7385,97354420818,aarini72@hotmail.com,F,2024-05-27,Colleague,
PAS-12134,CLM-02770,Praneel,,Jain,Praneel Jain,VOTER-E130093,98629788932,praneel74@outlook.co.in,M,2020-06-05,Unknown,
PAS-12135,CLM-02770,Yoshita,,Aggarwal,Yoshita Aggarwal,UID-694762738982,99907889382,yoshita48@outlook.co.in,F,1960-10-05,Colleague,
PAS-12136,CLM-02770,Dalbir,,Sha,Dalbir Sha,VOTER-C656191,99408938065,dalbir97@live.com,M,1977-04-08,Daughter,MEM-11966
PAS-12137,CLM-00791,Chaman,,Kara,Chaman Kara,AADHAR-6413-1935-5390,98745618064,chaman97@outlook.co.in,F,2019-12-16,Relative,
PAS-12138,CLM-00791,Vivaan,,Ganguly,Vivaan Ganguly,UID-757793895102,97246983135,vivaan24@hotmail.com,M,2015-10-28,Friend,
PAS-12139,CLM-00214,Kala,,Dugar,Kala Dugar,UID-624396685345,99161519180,kala45@rediffmail.com,F,2014-06-10,Colleague,
PAS-12140,CLM-00214,Krishna,,Cherian,Krishna Cherian,UID-407016980125,98135198127,krishna88@yahoo.com,F,2003-10-14,Colleague,MEM-11117
PAS-12141,CLM-02995,Ayaan,,Ravi,Ayaan Ravi,VOTER-E458184,99151776978,ayaan78@hotmail.com,M,1957-03-11,Friend,
PAS-12142,CLM-02995,Gaurika,,Rao,Gaurika Rao,UID-227805557331,98625976734,gaurika66@yahoo.com,F,1977-10-11,Friend,
PAS-12143,CLM-02995,Suhani,,Ganguly,Suhani Ganguly,AADHAR-5033-6315-3189,99410302028,suhani22@live.com,F,1981-06-16,Relative,
PAS-12144,CLM-02665,Jeet,,Bhavsar,Jeet Bhavsar,AADHAR-1635-7540-4336,99788358666,jeet27@gmail.com,M,1973-04-22,Relative,
PAS-12145,CLM-02665,Ayush,,Kunda,Ayush Kunda,AADHAR-1407-7016-6465,99795885286,ayush35@live.com,M,1985-08-29,Unknown,
PAS-12146,CLM-02665,Jeet,,Walla,Jeet Walla,AADHAR-4759-2394-4450,98426270482,jeet41@hotmail.com,M,1981-09-05,Unknown,
PAS-12147,CLM-02665,Ryan,,Bail,Ryan Bail,UID-701932098300,98361801687,ryan13@yahoo.com,M,2011-01-10,Friend,
PAS-12148,CLM-02689,Veda,,Mahajan,Veda Mahajan,VOTER-A635907,98334459875,veda54@rediffmail.com,F,1976-07-26,Son,MEM-10633
PAS-12149,CLM-02689,Zehaan,,Gara,Zehaan Gara,AADHAR-9844-4864-4727,98176415237,zehaan28@gmail.com,M,2005-06-30,Relative,
PAS-12150,CLM-02689,Hritik,,Edwin,Hritik Edwin,AADHAR-5794-5017-3289,97472089635,hritik96@live.com,M,1981-09-08,Relative,MEM-13449
PAS-12151,CLM-02689,Gavin,,Chaudhari,Gavin Chaudhari,AADHAR-4039-5859-5225,99077597878,gavin83@yahoo.com,M,2005-05-07,Relative,MEM-11545
PAS-12152,CLM-01403,Chameli,,Kota,Chameli Kota,AADHAR-8928-3386-4850,99416757716,chameli88@hotmail.com,F,1988-11-30,Unknown,
PAS-12153,CLM-01403,Wahab,,Mangat,Wahab Mangat,AADHAR-9622-2064-6910,99895799709,wahab46@hotmail.com,M,1968-10-10,Son,MEM-13378
PAS-12154,CLM-02028,Teerth,,Pillai,Teerth Pillai,UID-123507847412,97725803169,teerth84@gmail.com,M,2010-11-24,Colleague,
PAS-12155,CLM-02028,Omisha,,Agarwal,Omisha Agarwal,UID-513025092217,97847190579,omisha82@gmail.com,F,2000-11-25,Friend,
PAS-12156,CLM-02028,Lila,,Chowdhury,Lila Chowdhury,AADHAR-8408-5607-8544,99253688054,lila28@live.com,F,1994-01-29,Colleague,
PAS-12157,CLM-00262,Balveer,,Rana,Balveer Rana,UID-884766668197,97456247976,balveer60@yahoo.com,M,2000-03-19,Son,MEM-11820
PAS-12158,CLM-00262,Nandini,,Pandit,Nandini Pandit,UID-873489527477,97731644433,nandini49@rediffmail.com,F,1998-07-23,Son,MEM-12237
PAS-12159,CLM-00262,Manan,,Gandhi,Manan Gandhi,AADHAR-5356-3356-8519,98504857995,manan97@outlook.co.in,M,2003-03-29,Daughter,MEM-13484
PAS-12160,CLM-00262,Ganga,,Bhatti,Ganga Bhatti,AADHAR-8741-1552-1765,97212761028,ganga85@rediffmail.com,F,2001-02-05,Relative,MEM-11647
PAS-12161,CLM-01838,Zaid,,Khurana,Zaid Khurana,AADHAR-1509-9646-7428,97719889185,zaid84@gmail.com,M,2012-03-15,Unknown,
PAS-12162,CLM-01838,Chavvi,,Banik,Chavvi Banik,VOTER-A464405,97836317841,chavvi36@live.com,F,1977-12-18,Unknown,
PAS-12163,CLM-01838,Guneet,,Mammen,Guneet Mammen,AADHAR-7534-3124-7703,99711355637,guneet40@hotmail.com,M,2007-04-14,Friend,
PAS-12164,CLM-00417,Gunbir,,Misra,Gunbir Misra,AADHAR-7617-9494-8537,97265116239,gunbir24@hotmail.com,M,2012-09-01,Unknown,
PAS-12165,CLM-00417,Chanchal,,Shan,Chanchal Shan,VOTER-A601215,97595813528,chanchal88@hotmail.com,F,2020-03-14,Unknown,
PAS-12166,CLM-00978,Ekansh,,Sangha,Ekansh Sangha,AADHAR-4333-8805-5044,99466218155,ekansh94@outlook.co.in,M,1980-09-11,Colleague,
PAS-12167,CLM-02801,Anamika,,Karnik,Anamika Karnik,VOTER-B653985,99582104970,anamika96@live.com,F,1998-10-19,Parent,MEM-12818
PAS-12168,CLM-02801,Tripti,,Suri,Tripti Suri,VOTER-D300684,99817782396,tripti82@outlook.co.in,F,2013-04-13,Relative,
PAS-12169,CLM-02801,Jagdish,,Mahajan,Jagdish Mahajan,VOTER-D114686,99023325154,jagdish77@yahoo.com,M,1959-09-07,Friend,
PAS-12170,CLM-02801,Krish,,Krishnan,Krish Krishnan,UID-467695977114,97800133736,krish42@gmail.com,M,2023-04-03,Unknown,
PAS-12171,CLM-02704,Lavanya,,Master,Lavanya Master,UID-585747983339,99551296257,lavanya55@outlook.co.in,F,2000-12-21,Unknown,
PAS-12172,CLM-02704,Udarsh,,Dixit,Udarsh Dixit,VOTER-A124959,98742272826,udarsh58@live.com,M,2008-08-21,Colleague,
PAS-12173,CLM-02016,Nitesh,,Bhagat,Nitesh Bhagat,VOTER-C540825,99709496349,nitesh10@hotmail.com,M,1977-02-12,Parent,MEM-10860
PAS-12174,CLM-00072,Turvi,,Narayanan,Turvi Narayanan,UID-845668842324,99449485903,turvi96@live.com,F,1972-02-02,Relative,
PAS-12175,CLM-00072,Hitesh,,Gole,Hitesh Gole,VOTER-A461015,98388415398,hitesh61@live.com,M,1984-06-01,Friend,
PAS-12176,CLM-00072,Liam,,Tak,Liam Tak,VOTER-E573641,97413355825,liam81@live.com,M,1965-01-24,Friend,
PAS-12177,CLM-00072,Qarin,,Malhotra,Qarin Malhotra,UID-715019942913,98732497831,qarin80@rediffmail.com,M,1971-01-24,Unknown,
PAS-12178,CLM-00610,Dalaja,,Shere,Dalaja Shere,VOTER-A144018,98933303989,dalaja95@live.com,F,1980-08-03,Friend,
PAS-12179,CLM-00610,Hredhaan,,Nair,Hredhaan Nair,VOTER-C685310,98505112842,hredhaan47@yahoo.com,M,1973-08-06,Unknown,
PAS-12180,CLM-00610,Rajata,,Misra,Rajata Misra,VOTER-B153943,99770607731,rajata53@outlook.co.in,F,2007-02-16,Unknown,
PAS-12181,CLM-00610,Arya,,Rao,Arya Rao,UID-502097732832,98187438485,arya92@gmail.com,F,2022-09-28,Colleague,
PAS-12182,CLM-02201,Shaurya,,Narang,Shaurya Narang,UID-930756444808,97987452052,shaurya46@rediffmail.com,M,2016-08-04,Colleague,
PAS-12183,CLM-02201,Anjali,,Choudhury,Anjali Choudhury,AADHAR-2320-1695-8719,99112855289,anjali43@gmail.com,F,1994-05-05,Relative,
PAS-12184,CLM-01985,Radhika,,Khurana,Radhika Khurana,VOTER-B519893,99967871102,radhika73@yahoo.com,F,1992-01-28,Daughter,MEM-12400
PAS-12185,CLM-01985,Chakradev,,Verma,Chakradev Verma,VOTER-D378077,99583434838,chakradev43@yahoo.com,M,1986-07-28,Relative,
PAS-12186,CLM-02061,Benjamin,,Char,Benjamin Char,AADHAR-3222-8606-4788,97473817606,benjamin50@rediffmail.com,M,1977-10-21,Colleague,
PAS-12187,CLM-02061,Vedhika,,Loyal,Vedhika Loyal,AADHAR-7670-7414-7357,98355669499,vedhika89@live.com,F,1985-07-31,Colleague,
PAS-12188,CLM-02061,Vedant,,Savant,Vedant Savant,UID-509504480128,97071333391,vedant67@live.com,M,2016-11-16,Relative,
PAS-12189,CLM-00381,Parth,,Chakraborty,Parth Chakraborty,VOTER-C131467,99574230384,parth52@yahoo.com,M,1964-11-15,Relative,
PAS-12190,CLM-00381,Yashica,,Ravi,Yashica Ravi,UID-903275068743,97786903019,yashica40@yahoo.com,F,1967-06-12,Son,MEM-10878
PAS-12191,CLM-02857,Daniel,,Dewan,Daniel Dewan,VOTER-D442498,98676607990,daniel39@gmail.com,M,2020-08-10,Colleague,
PAS-12192,CLM-02857,Charvi,,Mitra,Charvi Mitra,AADHAR-8566-4493-8005,98240638700,charvi40@gmail.com,F,1958-01-30,Relative,
PAS-12193,CLM-02857,Lohit,,Lanka,Lohit Lanka,AADHAR-5148-4735-9003,98940598771,lohit84@hotmail.com,M,1990-10-04,Parent,MEM-10888
PAS-12194,CLM-02857,Radhika,,Buch,Radhika Buch,UID-280954080611,99265366563,radhika15@gmail.com,F,1958-05-12,Colleague,
PAS-12195,CLM-02923,Omya,,Srivastava,Omya Srivastava,UID-633950834995,99543317010,omya24@yahoo.com,F,1986-12-06,Colleague,
PAS-12196,CLM-02923,Balendra,,Parekh,Balendra Parekh,AADHAR-4546-7219-7288,97975476008,balendra85@live.com,M,1974-03-05,Relative,
PAS-12197,CLM-02524,Nitesh,,Prashad,Nitesh Prashad,VOTER-D553705,99499285919,nitesh57@rediffmail.com,M,1963-07-11,Unknown,
PAS-12198,CLM-00305,Wahab,,Bhatnagar,Wahab Bhatnagar,AADHAR-3350-9377-3233,97885035839,wahab71@live.com,M,1968-05-13,Spouse,MEM-10271
PAS-12199,CLM-00305,Advika,,Raman,Advika Raman,VOTER-B426315,98008546351,advika69@rediffmail.com,F,2019-03-29,Colleague,
PAS-12200,CLM-00305,Naveen,,Amble,Naveen Amble,AADHAR-8214-4742-1314,99415402019,naveen52@gmail.com,M,1990-06-19,Friend,
PAS-12201,CLM-00305,Fariq,,Chada,Fariq Chada,UID-262547033893,98371380820,fariq67@yahoo.com,M,2001-01-22,Son,MEM-13313
PAS-12202,CLM-00897,Oscar,,Das,Oscar Das,VOTER-E161730,97207248879,oscar77@outlook.co.in,M,2024-03-08,Colleague,
PAS-12203,CLM-00897,Gavin,,Dara,Gavin Dara,AADHAR-9356-5820-6955,99518197981,gavin59@hotmail.com,M,2010-07-10,Unknown,
PAS-12204,CLM-00897,Mitali,,Wali,Mitali Wali,VOTER-C359180,99656682051,mitali47@gmail.com,F,1989-09-10,Spouse,MEM-13373
PAS-12205,CLM-02740,Mason,,Biswas,Mason Biswas,AADHAR-4474-3338-2838,99337905496,mason50@hotmail.com,M,2017-11-27,Friend,
PAS-12206,CLM-02740,Jacob,,Sarma,Jacob Sarma,VOTER-E597431,98140306455,jacob84@outlook.co.in,M,1978-10-13,Friend,
PAS-12207,CLM-02740,Gaurav,,Goel,Gaurav Goel,UID-171174534802,99188762328,gaurav59@hotmail.com,M,1981-09-30,Friend,
PAS-12208,CLM-00319,Janaki,,Sodhi,Janaki Sodhi,UID-386458278142,98927817784,janaki52@outlook.co.in,F,1974-04-10,Unknown,
PAS-12209,CLM-00319,Oeshi,,Swamy,Oeshi Swamy,UID-250099569997,98820183012,oeshi66@outlook.co.in,F,1998-12-02,Spouse,MEM-12561
PAS-12210,CLM-00183,Anamika,,Bir,Anamika Bir,VOTER-B211314,99555118592,anamika95@live.com,F,1972-07-10,Colleague,
PAS-12211,CLM-02337,Lipika,,Vala,Lipika Vala,UID-832418933008,98689624469,lipika74@hotmail.com,F,1961-02-26,Colleague,
PAS-12212,CLM-02337,Warinder,,Bal,Warinder Bal,VOTER-B323994,98455636805,warinder83@outlook.co.in,M,1965-11-30,Relative,
PAS-12213,CLM-00554,Noah,,Palla,Noah Palla,UID-535884018858,97848193097,noah23@rediffmail.com,M,2022-01-04,Relative,
PAS-12214,CLM-00554,Umang,,Wason,Umang Wason,UID-347598698256,97687543395,umang68@live.com,M,1969-11-17,Relative,
PAS-12215,CLM-02263,Nathaniel,,Sekhon,Nathaniel Sekhon,UID-868045707632,98281712484,nathaniel70@yahoo.com,M,1994-09-29,Friend,
PAS-12216,CLM-02263,Gagan,,Palan,Gagan Palan,UID-779318011671,97848772627,gagan47@rediffmail.com,M,2015-10-23,Relative,
PAS-12217,CLM-02263,Ethan,,Hans,Ethan Hans,AADHAR-7904-4740-7883,97668095862,ethan84@live.com,M,1999-05-28,Friend,
PAS-12218,CLM-00501,Leena,,Karpe,Leena Karpe,VOTER-D101684,97730573006,leena29@rediffmail.com,F,1979-06-24,Unknown,
PAS-12219,CLM-00501,Om,,Sen,Om Sen,UID-174496202485,98562626293,om16@gmail.com,M,1980-10-14,Relative,MEM-13319
PAS-12220,CLM-00501,Oviya,,Palla,Oviya Palla,UID-917539882533,97296507397,oviya86@gmail.com,F,1965-09-02,Relative,
PAS-12221,CLM-00501,Jonathan,,Gade,Jonathan Gade,AADHAR-1346-4664-5968,99295980768,jonathan12@live.com,M,2015-06-07,Friend,
PAS-12222,CLM-01904,Tanish,,Rao,Tanish Rao,UID-381582869223,98508018177,tanish47@outlook.co.in,M,1958-05-12,Relative,
PAS-12223,CLM-01012,Karan,,Ranganathan,Karan Ranganathan,UID-465846644070,97778466839,karan83@hotmail.com,M,1965-01-23,Son,MEM-12989
PAS-12224,CLM-01012,Qabil,,Malhotra,Qabil Malhotra,UID-154985680937,99627288286,qabil13@live.com,M,1994-11-29,Friend,
PAS-12225,CLM-01012,Chanakya,,Ganesh,Chanakya Ganesh,UID-766533443536,98059451964,chanakya56@yahoo.com,M,1991-02-07,Colleague,
PAS-12226,CLM-00634,Frado,,Banerjee,Frado Banerjee,UID-124566127467,99000798756,frado83@hotmail.com,M,2012-08-26,Friend,
PAS-12227,CLM-00634,Vihaan,,Narayanan,Vihaan Narayanan,AADHAR-5751-8501-2401,98173903729,vihaan50@yahoo.com,M,2018-11-26,Unknown,
PAS-12228,CLM-00634,Chasmum,,Bumb,Chasmum Bumb,AADHAR-2464-9033-1321,99058969374,chasmum26@yahoo.com,F,1962-03-28,Colleague,MEM-11682
PAS-12229,CLM-00634,Champak,,Lanka,Champak Lanka,AADHAR-5980-7299-8965,97507334961,champak49@hotmail.com,M,1972-11-12,Relative,MEM-11216
PAS-12230,CLM-00165,Mekhala,,Swamy,Mekhala Swamy,AADHAR-9801-3057-3727,98418627735,mekhala51@rediffmail.com,F,2020-11-18,Unknown,
PAS-12231,CLM-00165,Lavanya,,Sangha,Lavanya Sangha,VOTER-B277538,97947527717,lavanya76@live.com,F,1965-04-14,Relative,MEM-12141
PAS-12232,CLM-00404,Bakhshi,,Morar,Bakhshi Morar,AADHAR-5462-7837-1893,99205471748,bakhshi78@live.com,M,1961-07-24,Daughter,MEM-11363
PAS-12233,CLM-00404,Ria,,Baria,Ria Baria,VOTER-D816458,98746408766,ria46@hotmail.com,F,1969-03-28,Colleague,
PAS-12234,CLM-00404,Osha,,Borah,Osha Borah,AADHAR-8279-3988-2586,99014915303,osha15@hotmail.com,F,1985-06-17,Friend,
PAS-12235,CLM-02045,Ranveer,,Misra,Ranveer Misra,UID-589619321308,98658464640,ranveer10@rediffmail.com,M,1986-06-22,Colleague,
PAS-12236,CLM-00415,Faras,,Batra,Faras Batra,UID-139531922825,99311528772,faras16@yahoo.com,M,1997-01-30,Unknown,
PAS-12237,CLM-00415,Vivaan,,Cherian,Vivaan Cherian,VOTER-C411346,97276317581,vivaan56@hotmail.com,M,1979-12-31,Unknown,
PAS-12238,CLM-00415,Baghyawati,,Sankaran,Baghyawati Sankaran,VOTER-B841638,97929780090,baghyawati65@gmail.com,F,1982-06-18,Relative,
PAS-12239,CLM-02132,Harrison,,Seth,Harrison Seth,UID-876771922105,97412735306,harrison78@rediffmail.com,M,1969-07-05,Unknown,
PAS-12240,CLM-02132,Bhavya,,Patla,Bhavya Patla,VOTER-A899220,97988923307,bhavya18@outlook.co.in,F,1961-01-01,Relative,
PAS-12241,CLM-02132,Laksh,,Kibe,Laksh Kibe,AADHAR-2937-9614-6669,97510534087,laksh64@yahoo.com,M,1984-01-11,Relative,
PAS-12242,CLM-02132,Eesha,,Agrawal,Eesha Agrawal,UID-378461680727,98920197811,eesha50@live.com,F,1978-10-04,Colleague,MEM-10803
PAS-12243,CLM-00451,Madhav,,Munshi,Madhav Munshi,AADHAR-7840-4020-1670,98809098665,madhav67@hotmail.com,M,1976-06-21,Unknown,
PAS-12244,CLM-00451,Jack,,Sagar,Jack Sagar,VOTER-A960326,98797950888,jack39@gmail.com,M,2021-12-01,Friend,
PAS-12245,CLM-00451,Hritik,,Soman,Hritik Soman,UID-437575252706,97626904502,hritik35@yahoo.com,M,1998-04-24,Parent,MEM-12557
PAS-12246,CLM-02321,Neha,,Saxena,Neha Saxena,VOTER-D427858,99475996008,neha64@outlook.co.in,F,2013-08-15,Unknown,
PAS-12247,CLM-02321,Triya,,Chacko,Triya Chacko,AADHAR-3431-3918-9687,99984820571,triya20@gmail.com,F,1960-03-18,Friend,MEM-12995
PAS-12248,CLM-02321,Hemang,,Mukherjee,Hemang Mukherjee,AADHAR-2012-8726-3423,98372892757,hemang49@rediffmail.com,M,1997-07-16,Unknown,
PAS-12249,CLM-00418,Aachal,,Ben,Aachal Ben,VOTER-C487392,98790246317,aachal52@hotmail.com,F,2014-06-29,Friend,
PAS-12250,CLM-00418,Zaitra,,Nagarajan,Zaitra Nagarajan,VOTER-E555505,97664504207,zaitra79@gmail.com,F,2003-01-13,Relative,
PAS-12251,CLM-00418,Wishi,,Date,Wishi Date,AADHAR-7412-9475-8015,97683783829,wishi55@outlook.co.in,F,1975-09-21,Friend,
PAS-12252,CLM-00418,Oliver,,Sahni,Oliver Sahni,UID-129547126550,98412425445,oliver38@hotmail.com,M,1997-03-25,Friend,
PAS-12253,CLM-01263,Zehaan,,Dani,Zehaan Dani,VOTER-E436316,98827883236,zehaan62@hotmail.com,M,2016-07-22,Colleague,
PAS-12254,CLM-00384,Abhiram,,Bhattacharyya,Abhiram Bhattacharyya,AADHAR-3727-6249-1353,98037580923,abhiram84@live.com,M,1966-11-11,Friend,
PAS-12255,CLM-00384,Sudiksha,,Ramachandran,Sudiksha Ramachandran,VOTER-B435168,99358560493,sudiksha31@hotmail.com,F,2019-12-10,Relative,
PAS-12256,CLM-02322,Rayaan,,Dalal,Rayaan Dalal,AADHAR-7396-6425-9347,97852455942,rayaan47@yahoo.com,M,1997-12-20,Unknown,
PAS-12257,CLM-02322,Vaishnavi,,Bala,Vaishnavi Bala,AADHAR-1512-4525-9937,99565623446,vaishnavi93@hotmail.com,F,1972-05-29,Colleague,MEM-10295
PAS-12258,CLM-02322,Zashil,,Tiwari,Zashil Tiwari,AADHAR-3178-9437-5207,98865543208,zashil24@hotmail.com,M,1985-01-25,Unknown,
PAS-12259,CLM-02322,Ijaya,,Dara,Ijaya Dara,VOTER-D374290,99334681008,ijaya79@gmail.com,F,1967-11-22,Unknown,
PAS-12260,CLM-02008,Nakul,,Chand,Nakul Chand,VOTER-A598968,97660951230,nakul28@rediffmail.com,M,1988-04-17,Relative,MEM-11748
PAS-12261,CLM-02008,Turvi,,Ravi,Turvi Ravi,AADHAR-6926-2163-5515,99794280999,turvi94@live.com,F,1988-03-17,Unknown,
PAS-12262,CLM-00471,Peter,,Ravel,Peter Ravel,VOTER-A602811,97611624857,peter75@hotmail.com,M,1999-10-19,Friend,
PAS-12263,CLM-00471,Joshua,,Dash,Joshua Dash,VOTER-B971195,97254286543,joshua92@outlook.co.in,M,1975-02-21,Colleague,
PAS-12264,CLM-00471,Ekalinga,,Memon,Ekalinga Memon,UID-728791759469,98544698234,ekalinga44@yahoo.com,M,1963-07-14,Friend,
PAS-12265,CLM-00471,Ryan,,Majumdar,Ryan Majumdar,AADHAR-9047-1921-9496,98167562068,ryan29@yahoo.com,M,2021-07-03,Unknown,
PAS-12266,CLM-02111,Faqid,,Vohra,Faqid Vohra,UID-264539128026,97252194226,faqid77@live.com,M,1996-07-28,Friend,
PAS-12267,CLM-02111,Faris,,Johal,Faris Johal,AADHAR-8046-3146-5960,99348267707,faris68@live.com,M,2019-08-28,Friend,
PAS-12268,CLM-02111,Lavanya,,Gandhi,Lavanya Gandhi,UID-754497041435,98974926945,lavanya57@outlook.co.in,F,1959-01-14,Unknown,
PAS-12269,CLM-02243,Upma,,Ahluwalia,Upma Ahluwalia,AADHAR-3294-4163-6174,98172673706,upma33@gmail.com,F,2018-09-19,Friend,
PAS-12270,CLM-02243,Laban,,Ravi,Laban Ravi,UID-648330812071,98996081336,laban99@gmail.com,M,1969-07-05,Colleague,MEM-13306
PAS-12271,CLM-02243,Abhiram,,Pau,Abhiram Pau,VOTER-C571002,99599452027,abhiram35@live.com,M,2002-07-15,Friend,MEM-13187
PAS-12272,CLM-02243,Anmol,,Chhabra,Anmol Chhabra,VOTER-E406965,97432602104,anmol18@live.com,M,1968-07-08,Parent,MEM-11624
PAS-12273,CLM-00241,Jatin,,Bala,Jatin Bala,AADHAR-8499-6901-4105,99229177477,jatin91@rediffmail.com,M,1993-06-01,Friend,MEM-12486
PAS-12274,CLM-00241,Kavya,,Nanda,Kavya Nanda,VOTER-D198126,98486173113,kavya55@rediffmail.com,F,1959-10-29,Unknown,
PAS-12275,CLM-00241,Harish,,Chatterjee,Harish Chatterjee,AADHAR-7393-5867-7191,98863392566,harish39@gmail.com,M,1987-06-25,Unknown,
PAS-12276,CLM-00759,Nilima,,Sant,Nilima Sant,AADHAR-9318-8168-1356,98143467012,nilima46@rediffmail.com,F,1965-06-27,Friend,
PAS-12277,CLM-00759,Abha,,Chana,Abha Chana,UID-131598243321,98722932466,abha91@yahoo.com,F,1956-01-25,Friend,
PAS-12278,CLM-00759,Amol,,Sarin,Amol Sarin,UID-308117794881,97354046443,amol33@yahoo.com,M,1968-06-04,Colleague,
PAS-12279,CLM-00759,Hemang,,Parmar,Hemang Parmar,VOTER-C575445,97719369562,hemang21@hotmail.com,M,1983-06-14,Colleague,
PAS-12280,CLM-02136,Yauvani,,Shah,Yauvani Shah,AADHAR-1041-7524-2842,97127192987,yauvani55@yahoo.com,F,1959-02-21,Friend,
PAS-12281,CLM-02136,Naksh,,Rau,Naksh Rau,UID-128057140841,99559102354,naksh65@rediffmail.com,M,1986-02-21,Spouse,MEM-12826
PAS-12282,CLM-02136,Amaira,,Misra,Amaira Misra,VOTER-E556925,99614690187,amaira12@rediffmail.com,F,1969-09-17,Unknown,
PAS-12283,CLM-02136,Chandran,,Mandal,Chandran Mandal,VOTER-E181860,97163878767,chandran64@yahoo.com,M,1997-12-11,Relative,
PAS-12284,CLM-01714,Unnati,,Sethi,Unnati Sethi,VOTER-E330236,99240457032,unnati59@rediffmail.com,F,1996-06-08,Relative,
PAS-12285,CLM-01714,Ranbir,,Deo,Ranbir Deo,AADHAR-5679-5352-3946,98049164968,ranbir24@hotmail.com,M,2004-03-11,Parent,MEM-11671
PAS-12286,CLM-01714,Chanakya,,Ray,Chanakya Ray,VOTER-E920673,97476376858,chanakya82@gmail.com,M,2009-02-02,Friend,
PAS-12287,CLM-00392,Karan,,Bassi,Karan Bassi,AADHAR-5714-2038-2270,98926890813,karan28@outlook.co.in,M,1996-10-08,Friend,
PAS-12288,CLM-00392,Patrick,,Bahl,Patrick Bahl,VOTER-A963258,97046830772,patrick46@hotmail.com,M,2007-09-22,Colleague,
PAS-12289,CLM-00392,Januja,,Jain,Januja Jain,AADHAR-4787-4697-4465,98216353686,januja51@live.com,F,1973-02-04,Friend,
PAS-12290,CLM-00392,Omaja,,Raju,Omaja Raju,AADHAR-8049-3949-9402,99690632609,omaja95@gmail.com,F,1973-05-14,Relative,
PAS-12291,CLM-00095,Widisha,,Radhakrishnan,Widisha Radhakrishnan,AADHAR-4416-8169-2341,97970193529,widisha85@hotmail.com,F,1990-12-19,Relative,MEM-12905
PAS-12292,CLM-00095,Ekantika,,Dayal,Ekantika Dayal,VOTER-D599359,97293094987,ekantika87@gmail.com,F,1973-07-10,Colleague,MEM-10073
PAS-12293,CLM-00095,Neelima,,Mallick,Neelima Mallick,AADHAR-2563-7639-5463,99337406439,neelima60@hotmail.com,F,1996-07-23,Relative,
PAS-12294,CLM-01433,Bhavani,,Walia,Bhavani Walia,AADHAR-9487-2358-3972,99436908135,bhavani30@hotmail.com,F,2009-02-28,Relative,
PAS-12295,CLM-01433,Xiti,,Guha,Xiti Guha,UID-207448430446,99912231000,xiti62@gmail.com,F,1982-09-25,Relative,MEM-13482
PAS-12296,CLM-01433,Umang,,Dhaliwal,Umang Dhaliwal,AADHAR-9230-7575-8537,99949687241,umang24@live.com,M,1991-08-17,Friend,
PAS-12297,CLM-01433,Upma,,Chaudhry,Upma Chaudhry,AADHAR-7109-3358-1860,99457680702,upma78@gmail.com,F,1986-12-14,Unknown,
PAS-12298,CLM-02371,Sanaya,,Mody,Sanaya Mody,AADHAR-3494-1102-3238,97563727594,sanaya66@live.com,F,1968-08-12,Unknown,
PAS-12299,CLM-02371,Qabil,,Solanki,Qabil Solanki,AADHAR-1041-5736-9705,99031165069,qabil65@yahoo.com,M,1998-02-12,Son,MEM-13174
PAS-12300,CLM-00989,Vedika,,Rege,Vedika Rege,AADHAR-8210-6759-9054,98917479233,vedika77@gmail.com,F,1956-05-20,Friend,
PAS-12301,CLM-02031,Harita,,Anne,Harita Anne,UID-279002899281,99270808873,harita18@hotmail.com,F,2010-09-26,Relative,
PAS-12302,CLM-02031,Netra,,Edwin,Netra Edwin,VOTER-D675182,99240150050,netra92@hotmail.com,F,1995-12-14,Unknown,
PAS-12303,CLM-02031,Radha,,Patla,Radha Patla,VOTER-B860634,98689681350,radha32@outlook.co.in,F,2009-07-12,Relative,
PAS-12304,CLM-01017,Maanav,,Pradhan,Maanav Pradhan,VOTER-D100082,99073522446,maanav14@gmail.com,M,1960-08-05,Relative,
PAS-12305,CLM-01017,Owen,,Ratta,Owen Ratta,UID-544469659807,99226480885,owen83@gmail.com,M,2023-06-01,Unknown,
PAS-12306,CLM-01017,Nathaniel,,Ravel,Nathaniel Ravel,VOTER-E528880,98432571533,nathaniel44@live.com,M,1978-02-23,Relative,
PAS-12307,CLM-01017,Arya,,Dayal,Arya Dayal,AADHAR-6628-2874-9825,97794364487,arya67@gmail.com,F,1975-03-06,Friend,
PAS-12308,CLM-00393,Hemangini,,Dugar,Hemangini Dugar,VOTER-B443327,98195270864,hemangini76@rediffmail.com,F,2023-11-30,Unknown,
PAS-12309,CLM-02576,Veer,,Khalsa,Veer Khalsa,AADHAR-1383-4799-9763,97629832551,veer34@live.com,M,2004-04-17,Unknown,
PAS-12310,CLM-00543,Wahab,,Dar,Wahab Dar,VOTER-E310763,97016712890,wahab30@gmail.com,M,2006-02-25,Spouse,MEM-10525
PAS-12311,CLM-00543,Rachana,,Singh,Rachana Singh,VOTER-D437212,97525924543,rachana73@live.com,F,1961-07-06,Unknown,
PAS-12312,CLM-00543,Noah,,Patel,Noah Patel,VOTER-C776820,99187003538,noah29@live.com,M,1973-02-27,Relative,
PAS-12313,CLM-00543,Joshua,,Barad,Joshua Barad,AADHAR-1975-6123-8947,98654474013,joshua88@outlook.co.in,M,1986-02-07,Friend,
PAS-12314,CLM-01539,Yahvi,,Lal,Yahvi Lal,AADHAR-8525-3890-3928,98775534023,yahvi39@live.com,F,2009-08-25,Colleague,
PAS-12315,CLM-01539,Isaac,,Vyas,Isaac Vyas,VOTER-D772590,99267700638,isaac58@rediffmail.com,M,2003-09-22,Colleague,MEM-10214
PAS-12316,CLM-01531,Oni,,Kohli,Oni Kohli,UID-942285315261,99672291866,oni28@live.com,F,1957-08-08,Relative,
PAS-12317,CLM-01531,Vanya,,Bansal,Vanya Bansal,UID-185079745408,98090010491,vanya62@gmail.com,F,1964-06-08,Colleague,
PAS-12318,CLM-00080,Irya,,Shenoy,Irya Shenoy,AADHAR-2020-6377-2606,99769758151,irya88@live.com,F,1985-12-17,Friend,
PAS-12319,CLM-00080,Girish,,Kale,Girish Kale,AADHAR-1465-2557-7829,99760157905,girish71@live.com,M,2014-01-09,Friend,
PAS-12320,CLM-00080,William,,Verma,William Verma,VOTER-D432325,99015932936,william92@live.com,M,1961-03-09,Daughter,MEM-10346
PAS-12321,CLM-00080,Unnati,,Basu,Unnati Basu,VOTER-D291782,99648953212,unnati83@outlook.co.in,F,1973-06-16,Relative,
PAS-12322,CLM-00117,Shaurya,,Goel,Shaurya Goel,AADHAR-8090-3504-5495,98831634882,shaurya45@yahoo.com,M,1988-11-19,Parent,MEM-11131
PAS-12323,CLM-01535,Luke,,Memon,Luke Memon,VOTER-D531059,98588984771,luke11@gmail.com,M,1967-07-30,Parent,MEM-12035
PAS-12324,CLM-01535,Sai,,Sarraf,Sai Sarraf,AADHAR-3176-8843-2020,97343206480,sai77@yahoo.com,F,2012-07-26,Unknown,
PAS-12325,CLM-01535,Frado,,Narain,Frado Narain,UID-442672791711,98946692186,frado72@live.com,M,1974-05-20,Friend,
PAS-12326,CLM-02251,Pooja,,D’Alia,Pooja D’Alia,UID-986959900520,99229187989,pooja12@outlook.co.in,F,1980-05-12,Relative,
PAS-12327,CLM-02760,Anmol,,Ratta,Anmol Ratta,UID-560484403647,99179448081,anmol74@rediffmail.com,M,1996-07-31,Friend,
PAS-12328,CLM-01089,Rachit,,Pillay,Rachit Pillay,UID-284383145136,98616084204,rachit68@hotmail.com,M,1981-03-11,Friend,
PAS-12329,CLM-01089,Divya,,Upadhyay,Divya Upadhyay,AADHAR-1726-7563-9057,98186024949,divya99@rediffmail.com,F,2018-02-01,Colleague,
PAS-12330,CLM-01774,Vinaya,,Sodhi,Vinaya Sodhi,VOTER-B365275,97185934963,vinaya40@live.com,F,1992-04-05,Daughter,MEM-10057
PAS-12331,CLM-00040,Warjas,,Oak,Warjas Oak,VOTER-B412053,99086151447,warjas40@hotmail.com,M,2023-10-22,Unknown,
PAS-12332,CLM-00040,Jagat,,Gupta,Jagat Gupta,UID-276910663381,97935411719,jagat18@outlook.co.in,M,1978-02-12,Unknown,
PAS-12333,CLM-00942,Yauvani,,Hans,Yauvani Hans,VOTER-B596014,97132257348,yauvani22@hotmail.com,F,1961-12-12,Friend,
PAS-12334,CLM-00942,Ikbal,,Divan,Ikbal Divan,UID-154794020472,98525919035,ikbal81@hotmail.com,M,2000-05-13,Daughter,MEM-13236
PAS-12335,CLM-00942,Dayita,,Mander,Dayita Mander,VOTER-C562429,99291593340,dayita62@hotmail.com,F,2021-01-29,Relative,
PAS-12336,CLM-00942,Rajata,,Balay,Rajata Balay,AADHAR-6751-1913-9332,97113369894,rajata92@outlook.co.in,F,2016-12-24,Unknown,
PAS-12337,CLM-01787,Praneel,,Bassi,Praneel Bassi,VOTER-B257248,97396361594,praneel79@hotmail.com,M,2004-04-15,Friend,
PAS-12338,CLM-01787,Ayushman,,Prasad,Ayushman Prasad,AADHAR-3308-7565-1435,97261157240,ayushman67@hotmail.com,M,1984-10-06,Friend,
PAS-12339,CLM-00098,Rishi,,Krishnan,Rishi Krishnan,UID-608503033981,97949068853,rishi19@live.com,M,2008-06-30,Relative,
PAS-12340,CLM-00098,Idika,,Din,Idika Din,VOTER-A584171,97379593173,idika80@rediffmail.com,F,1991-01-15,Friend,
PAS-12341,CLM-00275,Manya,,Chaudhry,Manya Chaudhry,UID-931612012396,97360538208,manya41@hotmail.com,F,1973-03-22,Unknown,
PAS-12342,CLM-00275,Pahal,,Nigam,Pahal Nigam,UID-329865806054,98176989532,pahal76@live.com,F,2023-05-11,Friend,
PAS-12343,CLM-00275,Mitesh,,Bhatti,Mitesh Bhatti,UID-635585018644,99019721818,mitesh84@outlook.co.in,M,2008-01-23,Friend,
PAS-12344,CLM-00275,Ranbir,,Palla,Ranbir Palla,UID-372669420294,97092745724,ranbir68@outlook.co.in,M,2006-07-03,Daughter,MEM-10754
PAS-12345,CLM-01523,Mugdha,,Chaudhuri,Mugdha Chaudhuri,UID-203749262489,98484060271,mugdha73@rediffmail.com,F,1957-05-29,Relative,
PAS-12346,CLM-01613,Ryan,,Yadav,Ryan Yadav,UID-409638139542,99960966828,ryan29@gmail.com,M,1992-08-26,Relative,
PAS-12347,CLM-01613,Ridhi,,Vohra,Ridhi Vohra,AADHAR-4779-3429-7984,98813332426,ridhi20@outlook.co.in,F,2013-11-22,Friend,
PAS-12348,CLM-01613,Oliver,,Ramanathan,Oliver Ramanathan,UID-101494787396,99023165804,oliver32@live.com,M,1959-11-04,Daughter,MEM-12735
PAS-12349,CLM-01221,Pushti,,Balan,Pushti Balan,UID-417824508440,98217652839,pushti37@live.com,F,1989-03-11,Colleague,
PAS-12350,CLM-01411,Charita,,Sem,Charita Sem,AADHAR-8248-5245-3605,97252718543,charita56@rediffmail.com,F,1991-02-27,Relative,MEM-13273
PAS-12351,CLM-00487,Azad,,Deep,Azad Deep,VOTER-B709614,97569919321,azad42@yahoo.com,M,2001-04-26,Daughter,MEM-10867
PAS-12352,CLM-00487,Akshay,,Kari,Akshay Kari,AADHAR-3991-9323-5290,98411605581,akshay90@outlook.co.in,M,1980-04-16,Relative,
PAS-12353,CLM-00487,Tanvi,,Gokhale,Tanvi Gokhale,UID-789887304823,98356254668,tanvi50@hotmail.com,F,2013-09-13,Relative,
PAS-12354,CLM-00487,Fiyaz,,Natarajan,Fiyaz Natarajan,AADHAR-3186-7341-6654,98796860080,fiyaz59@live.com,M,1957-06-07,Friend,
PAS-12355,CLM-01706,Amol,,Naik,Amol Naik,AADHAR-1518-9198-7353,98359680004,amol73@yahoo.com,M,2011-06-01,Unknown,
PAS-12356,CLM-01706,Ubika,,Mutti,Ubika Mutti,VOTER-A132673,99302049003,ubika63@live.com,F,1962-04-28,Friend,
PAS-12357,CLM-01706,Zayan,,Sangha,Zayan Sangha,VOTER-E953291,98170913283,zayan75@outlook.co.in,M,1986-01-08,Colleague,
PAS-12358,CLM-01065,Wazir,,Rattan,Wazir Rattan,AADHAR-5291-3421-7769,98651507496,wazir26@gmail.com,M,2015-07-22,Unknown,
PAS-12359,CLM-01065,Abdul,,Krish,Abdul Krish,VOTER-C943300,98388414548,abdul70@gmail.com,M,2007-02-13,Colleague,MEM-11560
PAS-12360,CLM-01065,Forum,,Mitter,Forum Mitter,UID-702909561027,98661301959,forum28@live.com,F,2022-04-17,Friend,
PAS-12361,CLM-02153,Manan,,Karpe,Manan Karpe,VOTER-B165244,99430874632,manan88@outlook.co.in,M,1970-11-11,Relative,
PAS-12362,CLM-02153,Vivaan,,Rajan,Vivaan Rajan,UID-648041008720,99522017402,vivaan23@gmail.com,M,1956-10-30,Relative,
PAS-12363,CLM-02153,Ekapad,,Virk,Ekapad Virk,VOTER-D481786,99692529463,ekapad16@yahoo.com,M,1999-04-09,Unknown,
PAS-12364,CLM-02153,Vidhi,,Chauhan,Vidhi Chauhan,VOTER-C951200,98849204842,vidhi29@yahoo.com,F,2005-10-14,Friend,
PAS-12365,CLM-02150,Ayush,,Reddy,Ayush Reddy,VOTER-A836223,98757131527,ayush85@outlook.co.in,M,1976-05-25,Daughter,MEM-10868
PAS-12366,CLM-02150,Imaran,,Mistry,Imaran Mistry,UID-631189698793,97139940111,imaran49@live.com,M,2007-08-25,Relative,
PAS-12367,CLM-02150,Akshay,,Sodhi,Akshay Sodhi,AADHAR-3630-4452-1739,98821160252,akshay31@rediffmail.com,M,2010-12-13,Colleague,
PAS-12368,CLM-02150,Gautami,,Gokhale,Gautami Gokhale,AADHAR-9611-1165-4971,98678723374,gautami88@hotmail.com,F,1998-02-03,Friend,
PAS-12369,CLM-01491,Pratyush,,Bir,Pratyush Bir,VOTER-C104690,98620007922,pratyush76@hotmail.com,M,1956-11-26,Friend,
PAS-12370,CLM-01491,Daksh,,Iyengar,Daksh Iyengar,AADHAR-8041-5146-9722,98160492480,daksh12@rediffmail.com,M,1985-03-31,Relative,
PAS-12371,CLM-01256,Chaman,,Khare,Chaman Khare,UID-541876664067,98329468627,chaman38@outlook.co.in,F,1992-07-31,Colleague,
PAS-12372,CLM-01256,Lohit,,Lanka,Lohit Lanka,VOTER-A445726,97475448948,lohit81@hotmail.com,M,1991-05-19,Parent,MEM-10697
PAS-12373,CLM-00574,Ekiya,,Bakshi,Ekiya Bakshi,VOTER-D167260,97333077099,ekiya47@hotmail.com,F,2004-09-16,Friend,
PAS-12374,CLM-00574,Matthew,,Gala,Matthew Gala,AADHAR-5895-9205-7822,97183934342,matthew84@rediffmail.com,M,1966-07-25,Relative,
PAS-12375,CLM-00574,Urmi,,Sharaf,Urmi Sharaf,AADHAR-8421-1436-3982,97491696119,urmi55@outlook.co.in,F,2014-12-19,Friend,
PAS-12376,CLM-02944,Manbir,,Madan,Manbir Madan,UID-586907308010,99985644742,manbir40@gmail.com,M,1962-05-27,Unknown,
PAS-12377,CLM-02944,Barkha,,Ramaswamy,Barkha Ramaswamy,UID-918735096273,99945911330,barkha33@outlook.co.in,F,1985-02-07,Unknown,
PAS-12378,CLM-02944,Rushil,,Khanna,Rushil Khanna,VOTER-A778237,97731813066,rushil64@outlook.co.in,M,1986-04-17,Relative,
PAS-12379,CLM-02944,Onveer,,Gaba,Onveer Gaba,UID-285099501205,97489934329,onveer29@outlook.co.in,M,1987-04-19,Friend,
PAS-12380,CLM-02904,Peter,,Sibal,Peter Sibal,AADHAR-7445-3765-1000,98094968400,peter60@yahoo.com,M,1999-12-02,Friend,
PAS-12381,CLM-02904,Hemangini,,Dey,Hemangini Dey,VOTER-E774765,98029330040,hemangini73@rediffmail.com,F,1970-12-31,Unknown,
PAS-12382,CLM-02904,Bakhshi,,Chaudhary,Bakhshi Chaudhary,AADHAR-4825-6703-9804,97199076180,bakhshi28@live.com,M,1965-07-25,Friend,
PAS-12383,CLM-02516,Chameli,,Om,Chameli Om,AADHAR-6442-1078-1157,97210471669,chameli27@outlook.co.in,F,2015-10-08,Friend,
PAS-12384,CLM-02516,Zansi,,Singhal,Zansi Singhal,VOTER-B464690,97624484359,zansi42@gmail.com,F,1974-10-03,Unknown,
PAS-12385,CLM-02516,Ekansh,,Grewal,Ekansh Grewal,VOTER-D495338,99693271252,ekansh45@gmail.com,M,2003-09-16,Colleague,
PAS-12386,CLM-02516,Aarini,,Tandon,Aarini Tandon,VOTER-E129137,97746973003,aarini14@yahoo.com,F,1992-07-04,Relative,
PAS-12387,CLM-01729,Ethan,,Pai,Ethan Pai,AADHAR-9812-9798-1876,99562623469,ethan24@yahoo.com,M,1995-07-27,Colleague,
PAS-12388,CLM-01729,Qushi,,Baria,Qushi Baria,AADHAR-4564-5626-5385,98439145860,qushi85@yahoo.com,F,1977-11-14,Spouse,MEM-10173
PAS-12389,CLM-01729,Abha,,Warrior,Abha Warrior,VOTER-B560736,99853935509,abha24@live.com,F,1981-03-14,Parent,MEM-11594
PAS-12390,CLM-02648,Balendra,,Bala,Balendra Bala,AADHAR-8314-1230-4787,98548419850,balendra23@yahoo.com,M,2000-02-26,Colleague,MEM-12258
PAS-12391,CLM-02648,Vamakshi,,Edwin,Vamakshi Edwin,VOTER-B907497,97321835142,vamakshi91@gmail.com,F,1960-06-26,Colleague,
PAS-12392,CLM-02648,Ikbal,,Chopra,Ikbal Chopra,VOTER-C719517,97280303152,ikbal39@hotmail.com,M,1987-04-29,Colleague,MEM-11543
PAS-12393,CLM-01473,Ekaja,,Lalla,Ekaja Lalla,UID-974490794868,97404168816,ekaja82@outlook.co.in,F,1965-08-03,Relative,
PAS-12394,CLM-01473,Hemang,,Baral,Hemang Baral,UID-254728939716,99428689106,hemang51@live.com,M,1996-09-25,Unknown,
PAS-12395,CLM-01473,Anay,,Divan,Anay Divan,UID-180403775719,97299736607,anay66@yahoo.com,M,1999-04-06,Colleague,
PAS-12396,CLM-00376,Keya,,Pandya,Keya Pandya,UID-603255486192,98469679383,keya18@outlook.co.in,F,2019-09-06,Relative,
PAS-12397,CLM-01382,Tripti,,Bandi,Tripti Bandi,VOTER-B876584,99002079217,tripti32@live.com,F,2022-10-12,Friend,
PAS-12398,CLM-00358,Vinaya,,Sodhi,Vinaya Sodhi,AADHAR-5550-7370-6445,97324624002,vinaya70@outlook.co.in,F,1962-09-16,Colleague,MEM-12746
PAS-12399,CLM-02356,Vasatika,,Chand,Vasatika Chand,AADHAR-3768-7832-8778,98365331081,vasatika58@gmail.com,F,1974-01-18,Friend,
PAS-12400,CLM-02356,Dominic,,Kala,Dominic Kala,VOTER-C478885,99036105716,dominic60@rediffmail.com,M,1963-12-07,Friend,
PAS-12401,CLM-02356,Amruta,,Rajagopalan,Amruta Rajagopalan,UID-670077280253,97136212694,amruta93@outlook.co.in,F,2000-09-07,Relative,
PAS-12402,CLM-02356,Amara,,Varghese,Amara Varghese,VOTER-B684030,98392218183,amara72@rediffmail.com,F,1967-12-14,Friend,
PAS-12403,CLM-02680,Kalpit,,Ganesan,Kalpit Ganesan,AADHAR-2561-3827-6729,98130421611,kalpit93@yahoo.com,M,2010-07-25,Friend,
PAS-12404,CLM-01536,Aarini,,Aurora,Aarini Aurora,AADHAR-6166-9630-7299,98647864006,aarini28@gmail.com,F,1957-09-05,Unknown,
PAS-12405,CLM-01536,Ekbal,,Banerjee,Ekbal Banerjee,VOTER-A983690,97646874038,ekbal80@yahoo.com,M,1956-12-30,Colleague,
PAS-12406,CLM-02617,Dakshesh,,Dada,Dakshesh Dada,VOTER-D461735,98746518190,dakshesh80@yahoo.com,M,1960-04-27,Relative,
PAS-12407,CLM-02617,Advay,,Behl,Advay Behl,VOTER-B109752,98503088326,advay64@outlook.co.in,M,1957-02-17,Relative,
PAS-12408,CLM-02617,Chandani,,Rout,Chandani Rout,VOTER-E892808,97893979834,chandani10@rediffmail.com,F,1970-10-07,Unknown,
PAS-12409,CLM-02617,Tara,,Ray,Tara Ray,VOTER-C843702,99151818917,tara35@rediffmail.com,F,2012-07-07,Relative,
PAS-12410,CLM-00498,William,,Chander,William Chander,VOTER-E548574,98274727799,william24@yahoo.com,M,1960-01-31,Friend,
PAS-12411,CLM-00498,Aarush,,Dutta,Aarush Dutta,VOTER-B349143,99315460815,aarush33@live.com,M,2007-02-26,Colleague,
PAS-12412,CLM-00498,Simon,,Prabhakar,Simon Prabhakar,UID-145648386711,98309861901,simon53@rediffmail.com,M,1955-06-22,Relative,
PAS-12413,CLM-01632,Brijesh,,Prashad,Brijesh Prashad,AADHAR-4877-5612-4350,97246407394,brijesh20@gmail.com,M,1970-03-16,Relative,
PAS-12414,CLM-01632,Jairaj,,Agarwal,Jairaj Agarwal,AADHAR-8216-5912-7945,97476538959,jairaj36@live.com,M,1970-12-31,Spouse,MEM-10213
PAS-12415,CLM-01632,Patrick,,Gara,Patrick Gara,UID-604515099202,97259272712,patrick46@outlook.co.in,M,1984-07-19,Friend,
PAS-12416,CLM-02124,Patrick,,Mani,Patrick Mani,VOTER-B997990,98798229215,patrick72@gmail.com,M,1964-07-09,Relative,
PAS-12417,CLM-02124,Mohini,,Soni,Mohini Soni,AADHAR-4670-5220-9947,99059687997,mohini72@gmail.com,F,2006-11-27,Unknown,
PAS-12418,CLM-02124,Hamsini,,Bala,Hamsini Bala,UID-932838292500,97497673177,hamsini66@outlook.co.in,F,2017-07-06,Colleague,
PAS-12419,CLM-02557,Veda,,Narayanan,Veda Narayanan,UID-938099112535,97086049925,veda67@outlook.co.in,F,1982-10-04,Relative,
PAS-12420,CLM-02557,Gayathri,,Dayal,Gayathri Dayal,UID-625323303234,98948804064,gayathri94@hotmail.com,F,1987-07-01,Relative,
PAS-12421,CLM-02176,Zilmil,,Murthy,Zilmil Murthy,AADHAR-6566-7101-3710,99866468192,zilmil72@gmail.com,F,1961-02-05,Colleague,
PAS-12422,CLM-02176,Chaman,,Ramakrishnan,Chaman Ramakrishnan,UID-593865435990,98377871327,chaman83@gmail.com,F,2017-11-21,Unknown,
PAS-12423,CLM-02176,Adya,,Rout,Adya Rout,UID-790021304458,99658424905,adya82@rediffmail.com,F,2010-02-17,Colleague,
PAS-12424,CLM-02176,Lopa,,Madan,Lopa Madan,UID-976579250137,97806182794,lopa32@gmail.com,F,1970-11-10,Relative,
PAS-12425,CLM-00377,Rachit,,Dani,Rachit Dani,VOTER-B345331,99772412679,rachit39@hotmail.com,M,1968-01-10,Relative,
PAS-12426,CLM-00377,Tamanna,,Vala,Tamanna Vala,UID-174170527996,97590476037,tamanna90@hotmail.com,F,2000-07-20,Son,MEM-12225
PAS-12427,CLM-00518,Dalbir,,Barman,Dalbir Barman,AADHAR-7023-3873-1336,99011326599,dalbir76@yahoo.com,M,1978-09-13,Friend,
PAS-12428,CLM-00518,Eiravati,,Sahota,Eiravati Sahota,VOTER-C159334,99925546020,eiravati50@yahoo.com,F,1992-02-11,Colleague,
PAS-12429,CLM-00518,Inaya,,Prashad,Inaya Prashad,UID-773547521157,98907658403,inaya75@rediffmail.com,F,1958-12-23,Unknown,
PAS-12430,CLM-00173,Prisha,,Venkatesh,Prisha Venkatesh,VOTER-B428440,98843521104,prisha69@rediffmail.com,F,1955-03-15,Friend,
PAS-12431,CLM-00173,Frederick,,Sathe,Frederick Sathe,AADHAR-5815-9613-8510,97301715628,frederick51@rediffmail.com,M,2012-03-29,Friend,
PAS-12432,CLM-00173,Yagnesh,,Mahajan,Yagnesh Mahajan,AADHAR-2478-7104-3235,98020438083,yagnesh34@yahoo.com,M,2007-04-02,Colleague,
PAS-12433,CLM-00223,Arya,,Andra,Arya Andra,AADHAR-8461-1033-3685,97848985010,arya43@yahoo.com,F,1983-05-24,Son,MEM-10254
PAS-12434,CLM-00223,Gauri,,Zacharia,Gauri Zacharia,AADHAR-4564-4006-5870,98279243853,gauri30@outlook.co.in,F,2010-10-06,Friend,
PAS-12435,CLM-00223,Gunbir,,Bhakta,Gunbir Bhakta,VOTER-A895521,97953288475,gunbir79@gmail.com,M,1989-12-05,Friend,MEM-12676
PAS-12436,CLM-02394,Anthony,,Sathe,Anthony Sathe,AADHAR-6826-5496-1781,99922031009,anthony45@live.com,M,2013-03-17,Unknown,
PAS-12437,CLM-02394,Ekbal,,Ben,Ekbal Ben,AADHAR-4630-1652-4178,98052116620,ekbal41@outlook.co.in,M,1984-07-03,Unknown,
PAS-12438,CLM-02394,Jagat,,Ramanathan,Jagat Ramanathan,VOTER-A220850,99690989414,jagat80@hotmail.com,M,1964-12-01,Relative,MEM-12512
PAS-12439,CLM-02394,Chatresh,,Khatri,Chatresh Khatri,VOTER-C186806,98937217190,chatresh69@hotmail.com,M,2011-05-12,Unknown,
PAS-12440,CLM-02369,Krishna,,Tara,Krishna Tara,UID-352279031008,98573997072,krishna36@gmail.com,M,1996-01-09,Parent,MEM-10777
PAS-12441,CLM-02369,Hritik,,Dugar,Hritik Dugar,VOTER-C475125,99147074524,hritik22@yahoo.com,M,1974-04-25,Relative,
PAS-12442,CLM-02369,Lajita,,Tiwari,Lajita Tiwari,UID-836845266846,98901434710,lajita32@gmail.com,F,1978-06-05,Colleague,
PAS-12443,CLM-01529,Vanya,,Mital,Vanya Mital,AADHAR-7408-7867-3654,98701772769,vanya53@gmail.com,F,1957-06-27,Colleague,
PAS-12444,CLM-01529,Hredhaan,,Rege,Hredhaan Rege,AADHAR-9144-5975-5408,98610960824,hredhaan28@hotmail.com,M,1961-02-17,Daughter,MEM-12542
PAS-12445,CLM-01529,Varenya,,Halder,Varenya Halder,VOTER-A448253,99078612059,varenya53@outlook.co.in,F,2005-12-17,Friend,
PAS-12446,CLM-01529,Varenya,,Dhawan,Varenya Dhawan,AADHAR-2951-2467-3902,98935517166,varenya94@rediffmail.com,F,2004-12-30,Colleague,
PAS-12447,CLM-01080,Charan,,Bora,Charan Bora,AADHAR-5991-2241-6920,99990982265,charan78@rediffmail.com,M,2016-06-24,Colleague,
PAS-12448,CLM-01136,Odika,,Bhatt,Odika Bhatt,VOTER-C404135,97370693699,odika70@yahoo.com,F,1978-07-22,Relative,
PAS-12449,CLM-00448,Ijaya,,Rege,Ijaya Rege,VOTER-D988050,97550555173,ijaya37@yahoo.com,F,1989-03-07,Colleague,
PAS-12450,CLM-00448,Om,,Dass,Om Dass,AADHAR-2800-4978-3644,97468981640,om35@rediffmail.com,M,1970-04-12,Relative,MEM-12360
PAS-12451,CLM-00448,Ijaya,,Borra,Ijaya Borra,UID-209301754917,98147369418,ijaya53@rediffmail.com,F,2012-06-09,Relative,
PAS-12452,CLM-00448,Neelima,,Chandran,Neelima Chandran,AADHAR-2300-1111-6040,97735727345,neelima25@rediffmail.com,F,2001-06-20,Friend,
PAS-12453,CLM-01810,Gunbir,,Kibe,Gunbir Kibe,VOTER-A722151,98339334250,gunbir93@outlook.co.in,M,1963-05-01,Colleague,
PAS-12454,CLM-01810,Mekhala,,Prakash,Mekhala Prakash,VOTER-A673194,99269534223,mekhala94@hotmail.com,F,1995-01-12,Relative,
PAS-12455,CLM-01810,Xalak,,Doshi,Xalak Doshi,AADHAR-2779-8553-4630,98620855815,xalak38@gmail.com,F,1988-05-20,Colleague,
PAS-12456,CLM-00323,Raghav,,Saini,Raghav Saini,VOTER-C555146,98517949448,raghav38@live.com,M,1961-10-16,Unknown,
PAS-12457,CLM-00323,Rehaan,,Narayanan,Rehaan Narayanan,AADHAR-9562-4090-7536,97140326422,rehaan62@hotmail.com,M,2023-07-23,Unknown,
PAS-12458,CLM-00323,Suhani,,Dash,Suhani Dash,AADHAR-9924-6017-3571,98758042626,suhani34@hotmail.com,F,2003-12-28,Friend,MEM-10158
PAS-12459,CLM-00323,Pranit,,Baria,Pranit Baria,UID-250204653306,98811501479,pranit74@gmail.com,M,1974-10-06,Colleague,
PAS-12460,CLM-02290,Yutika,,Dey,Yutika Dey,UID-166754855840,97005971388,yutika33@live.com,F,1979-09-17,Unknown,
PAS-12461,CLM-02838,Sai,,More,Sai More,UID-736072016910,98388470218,sai55@live.com,M,2019-12-14,Colleague,
PAS-12462,CLM-02838,Timothy,,Varma,Timothy Varma,VOTER-D523967,99435661683,timothy36@outlook.co.in,M,1968-12-17,Relative,
PAS-12463,CLM-01095,Indira,,Barman,Indira Barman,VOTER-D810722,98993714504,indira75@yahoo.com,F,2008-09-01,Friend,
PAS-12464,CLM-01095,Luke,,Vasa,Luke Vasa,AADHAR-1369-8164-7374,98852981664,luke93@hotmail.com,M,1996-01-07,Friend,
PAS-12465,CLM-02269,Jyoti,,Ramakrishnan,Jyoti Ramakrishnan,VOTER-A938860,98580815309,jyoti55@yahoo.com,F,1983-02-26,Unknown,
PAS-12466,CLM-00017,Darsh,,Soni,Darsh Soni,VOTER-A723067,97519751567,darsh99@live.com,M,1972-12-11,Unknown,
PAS-12467,CLM-01907,Christopher,,Dash,Christopher Dash,VOTER-D559867,98427685285,christopher89@outlook.co.in,M,1994-08-21,Friend,MEM-12981
PAS-12468,CLM-01907,Jeevika,,Apte,Jeevika Apte,VOTER-B859152,98326184878,jeevika60@outlook.co.in,F,1993-05-31,Friend,
PAS-12469,CLM-02179,Ishanvi,,Seshadri,Ishanvi Seshadri,AADHAR-3642-2229-8840,97327917682,ishanvi90@hotmail.com,F,1995-01-24,Friend,
PAS-12470,CLM-02179,Anusha,,Gopal,Anusha Gopal,UID-500595181638,99515802087,anusha54@live.com,F,1993-08-03,Relative,
PAS-12471,CLM-00433,Thomas,,Tak,Thomas Tak,VOTER-C335495,99460426404,thomas86@gmail.com,M,2007-03-22,Colleague,
PAS-12472,CLM-00433,Ethan,,Wason,Ethan Wason,VOTER-E400645,99060087679,ethan14@live.com,M,1976-06-22,Unknown,
PAS-12473,CLM-00433,Keya,,Mahal,Keya Mahal,AADHAR-4760-7637-1068,98392303548,keya53@gmail.com,F,1975-04-05,Unknown,
PAS-12474,CLM-02981,Urishilla,,Thakur,Urishilla Thakur,VOTER-D304551,99033406668,urishilla69@live.com,F,1995-11-22,Friend,
PAS-12475,CLM-02981,Utkarsh,,Gade,Utkarsh Gade,VOTER-B355567,97033890387,utkarsh44@hotmail.com,M,2021-11-18,Relative,
PAS-12476,CLM-02981,Eiravati,,Deo,Eiravati Deo,UID-680893984146,99514940855,eiravati24@gmail.com,F,2016-08-08,Unknown,
PAS-12477,CLM-02981,Frederick,,Nayar,Frederick Nayar,AADHAR-1055-7825-1214,99351681019,frederick20@live.com,M,1983-02-13,Relative,
PAS-12478,CLM-02163,Chameli,,Gandhi,Chameli Gandhi,VOTER-B351478,99851005209,chameli42@live.com,F,1969-03-10,Relative,
PAS-12479,CLM-02163,Champak,,Shukla,Champak Shukla,VOTER-D425685,98640786578,champak42@live.com,M,1983-12-24,Friend,
PAS-12480,CLM-02163,Lipika,,Munshi,Lipika Munshi,UID-436620618712,98296346681,lipika81@hotmail.com,F,2008-06-18,Friend,
PAS-12481,CLM-02163,Deepa,,Halder,Deepa Halder,UID-258883865184,99077139046,deepa11@outlook.co.in,F,1976-04-08,Colleague,
PAS-12482,CLM-00666,Fitan,,Maharaj,Fitan Maharaj,VOTER-E600537,97598792660,fitan88@yahoo.com,M,1993-02-03,Unknown,
PAS-12483,CLM-00666,Maya,,Kari,Maya Kari,VOTER-E165563,98274062210,maya16@live.com,F,1979-12-29,Colleague,MEM-12634
PAS-12484,CLM-02547,Varenya,,Kapoor,Varenya Kapoor,AADHAR-9813-1825-1888,97003560269,varenya58@hotmail.com,F,1994-04-06,Parent,MEM-11127
PAS-12485,CLM-02547,Raghav,,Naik,Raghav Naik,AADHAR-9857-2604-7638,99651632300,raghav87@outlook.co.in,M,1995-04-13,Unknown,
PAS-12486,CLM-01986,Nilima,,Khanna,Nilima Khanna,VOTER-E831963,99870264175,nilima66@rediffmail.com,F,1966-02-22,Unknown,
PAS-12487,CLM-01986,Oliver,,Kapadia,Oliver Kapadia,VOTER-C771982,98779744872,oliver38@rediffmail.com,M,1964-10-13,Relative,
PAS-12488,CLM-01986,Jagat,,Verma,Jagat Verma,AADHAR-2821-2018-1086,97098263168,jagat97@yahoo.com,M,1956-02-18,Relative,
PAS-12489,CLM-02267,Mitesh,,Krishnan,Mitesh Krishnan,UID-660750062547,97963056021,mitesh18@yahoo.com,M,2012-02-17,Colleague,
PAS-12490,CLM-02267,Yagnesh,,Loyal,Yagnesh Loyal,AADHAR-2755-1424-4154,99302991918,yagnesh98@rediffmail.com,M,1974-06-14,Colleague,MEM-10447
PAS-12491,CLM-00178,Jalsa,,Bhatnagar,Jalsa Bhatnagar,AADHAR-2774-6543-4292,97846844340,jalsa64@rediffmail.com,F,1974-01-10,Friend,
PAS-12492,CLM-02284,Vedika,,Patel,Vedika Patel,VOTER-E610515,98099642947,vedika82@live.com,F,1987-01-31,Son,MEM-12665
PAS-12493,CLM-02284,Warhi,,Agate,Warhi Agate,VOTER-D708662,97333029356,warhi76@rediffmail.com,F,1992-02-04,Colleague,
PAS-12494,CLM-02284,Tanmayi,,Sabharwal,Tanmayi Sabharwal,UID-425511625568,99382164040,tanmayi29@yahoo.com,F,1998-09-17,Colleague,
PAS-12495,CLM-02284,Qushi,,Parmer,Qushi Parmer,VOTER-C212883,98687668328,qushi39@outlook.co.in,F,1999-12-20,Spouse,MEM-12305
PAS-12496,CLM-00603,Dayamai,,Sahni,Dayamai Sahni,VOTER-B598044,98314704346,dayamai59@live.com,F,1977-07-17,Friend,MEM-11002
PAS-12497,CLM-00342,Avni,,Mane,Avni Mane,UID-992136349084,97949084043,avni85@gmail.com,F,1989-04-07,Friend,MEM-13412
PAS-12498,CLM-00342,Gopal,,Arora,Gopal Arora,AADHAR-3000-2825-6406,99419501211,gopal48@yahoo.com,M,1967-08-29,Colleague,
PAS-12499,CLM-00342,Wishi,,Kant,Wishi Kant,AADHAR-2224-3126-5221,97434801880,wishi25@hotmail.com,F,2007-06-25,Relative,
PAS-12500,CLM-00342,Harini,,Murty,Harini Murty,UID-818985559503,98350213831,harini39@rediffmail.com,F,1978-03-16,Unknown,
PAS-12501,CLM-00457,Robert,,Krishna,Robert Krishna,AADHAR-1024-1876-8503,97987513767,robert32@hotmail.com,M,1978-05-28,Friend,MEM-12508
PAS-12502,CLM-00457,Amrita,,Dass,Amrita Dass,UID-720043523600,99297218712,amrita86@yahoo.com,F,1961-05-16,Colleague,MEM-12645
PAS-12503,CLM-00457,Gaurang,,D’Alia,Gaurang D’Alia,VOTER-D307642,98934410498,gaurang54@hotmail.com,M,1979-06-01,Colleague,
PAS-12504,CLM-00457,Aadi,,Wadhwa,Aadi Wadhwa,VOTER-B326904,98317906503,aadi34@hotmail.com,M,1961-01-26,Relative,
PAS-12505,CLM-00559,Neha,,Tiwari,Neha Tiwari,UID-640956305473,97458776978,neha73@gmail.com,F,1982-04-09,Colleague,
PAS-12506,CLM-00559,Akshay,,Dugar,Akshay Dugar,VOTER-D363744,97003106869,akshay21@live.com,M,1996-08-18,Unknown,
PAS-12507,CLM-00559,Jeet,,Seth,Jeet Seth,VOTER-A382675,98857580528,jeet94@outlook.co.in,M,2008-03-14,Unknown,
PAS-12508,CLM-00559,Bishakha,,Dhillon,Bishakha Dhillon,AADHAR-4949-1727-7680,97763281725,bishakha67@rediffmail.com,F,1973-10-07,Colleague,
PAS-12509,CLM-02813,Turvi,,Das,Turvi Das,AADHAR-8335-1221-6142,98240583184,turvi82@yahoo.com,F,1998-12-12,Spouse,MEM-12291
PAS-12510,CLM-02813,Balhaar,,Thaman,Balhaar Thaman,UID-839891178296,97020526671,balhaar33@outlook.co.in,M,1987-10-16,Colleague,
PAS-12511,CLM-02813,Fariq,,Mukherjee,Fariq Mukherjee,AADHAR-2329-5450-5048,98156354051,fariq56@live.com,M,2024-09-19,Colleague,
PAS-12512,CLM-02813,Tara,,Devi,Tara Devi,UID-199233718902,97091423279,tara35@live.com,F,2020-07-17,Relative,
PAS-12513,CLM-01336,Zayyan,,Handa,Zayyan Handa,AADHAR-1388-4067-3864,98015340278,zayyan48@live.com,M,1958-10-19,Unknown,
PAS-12514,CLM-01336,Chanakya,,Dani,Chanakya Dani,AADHAR-3770-9060-6144,98048321359,chanakya99@yahoo.com,M,1982-06-16,Unknown,
PAS-12515,CLM-01336,Nakul,,Mital,Nakul Mital,UID-656036560963,98736618166,nakul74@yahoo.com,M,1968-05-24,Unknown,
PAS-12516,CLM-01336,Jackson,,Sinha,Jackson Sinha,UID-117872478181,99953659801,jackson67@rediffmail.com,M,1955-12-15,Friend,
PAS-12517,CLM-00800,Ronith,,Salvi,Ronith Salvi,AADHAR-2997-4426-9844,99132870601,ronith48@live.com,M,1965-09-04,Friend,MEM-10946
PAS-12518,CLM-00695,Jai,,Char,Jai Char,AADHAR-3254-3530-5957,97512146958,jai22@outlook.co.in,M,2012-02-07,Relative,
PAS-12519,CLM-00695,Ucchal,,Mital,Ucchal Mital,VOTER-A791919,99399668648,ucchal79@yahoo.com,F,1988-09-24,Relative,
PAS-12520,CLM-00695,Nandini,,Balan,Nandini Balan,AADHAR-7789-8695-3377,98466839302,nandini62@outlook.co.in,F,1976-11-26,Friend,MEM-11252
PAS-12521,CLM-00602,Wakeeta,,Cherian,Wakeeta Cherian,VOTER-E467699,98149497154,wakeeta20@gmail.com,F,2009-02-23,Unknown,
PAS-12522,CLM-00602,Sai,,Varkey,Sai Varkey,UID-662724999579,99596277448,sai91@gmail.com,M,1995-07-29,Son,MEM-10954
PAS-12523,CLM-00602,Advaith,,Arora,Advaith Arora,UID-711877796198,97342867219,advaith11@gmail.com,M,1989-01-07,Friend,
PAS-12524,CLM-00602,Naksh,,More,Naksh More,UID-468324125520,98954331851,naksh26@outlook.co.in,M,1993-02-21,Colleague,
PAS-12525,CLM-02294,Ubika,,Shanker,Ubika Shanker,VOTER-E361604,97932984012,ubika97@live.com,F,1976-03-23,Colleague,MEM-10091
PAS-12526,CLM-02294,Faras,,Venkataraman,Faras Venkataraman,VOTER-D786891,98840937567,faras23@yahoo.com,M,2014-03-13,Colleague,
PAS-12527,CLM-02294,Aarnav,,Kumar,Aarnav Kumar,VOTER-B748439,98083553947,aarnav93@rediffmail.com,M,1999-02-16,Daughter,MEM-12497
PAS-12528,CLM-02294,Meera,,Brahmbhatt,Meera Brahmbhatt,AADHAR-4305-7975-5908,98580701409,meera59@hotmail.com,F,2001-04-12,Unknown,
PAS-12529,CLM-02811,Charan,,Dubey,Charan Dubey,VOTER-A115566,98701691726,charan73@yahoo.com,M,2004-11-21,Unknown,
PAS-12530,CLM-02811,Hema,,Garde,Hema Garde,VOTER-E697556,98374037283,hema93@hotmail.com,F,2001-10-16,Relative,
PAS-12531,CLM-02236,Onveer,,Chauhan,Onveer Chauhan,VOTER-C164168,99656778584,onveer86@hotmail.com,M,1980-06-04,Friend,
PAS-12532,CLM-02236,Kavya,,Raman,Kavya Raman,AADHAR-5442-1332-9725,99862579138,kavya60@live.com,F,1997-01-14,Friend,
PAS-12533,CLM-02236,Advika,,Choudhary,Advika Choudhary,AADHAR-5441-7603-9010,97503622546,advika49@hotmail.com,F,1983-04-30,Colleague,
PAS-12534,CLM-01458,Dayamai,,Ramachandran,Dayamai Ramachandran,AADHAR-1852-5716-6467,97282889132,dayamai70@outlook.co.in,F,2007-03-23,Unknown,
PAS-12535,CLM-01458,Ishanvi,,Sachar,Ishanvi Sachar,UID-361250976277,99680971416,ishanvi94@gmail.com,F,1963-07-23,Unknown,
PAS-12536,CLM-00862,Viraj,,Sankaran,Viraj Sankaran,AADHAR-3823-5008-9226,99564516219,viraj66@outlook.co.in,M,1990-06-04,Spouse,MEM-11758
PAS-12537,CLM-00862,Naksh,,Srivastava,Naksh Srivastava,VOTER-E547144,98407669381,naksh29@outlook.co.in,M,2006-06-01,Son,MEM-10257
PAS-12538,CLM-02148,Ayush,,Saxena,Ayush Saxena,VOTER-D999203,99321474169,ayush23@hotmail.com,M,1996-06-10,Relative,MEM-11876
PAS-12539,CLM-02148,Daniel,,Toor,Daniel Toor,VOTER-C247407,99431170892,daniel87@rediffmail.com,M,1969-09-15,Unknown,
PAS-12540,CLM-02624,Michael,,Atwal,Michael Atwal,UID-701650163721,98116780384,michael88@outlook.co.in,M,2013-10-19,Colleague,
PAS-12541,CLM-02227,Meghana,,Om,Meghana Om,VOTER-C886525,97389890551,meghana75@hotmail.com,F,1968-07-05,Unknown,
PAS-12542,CLM-02227,Jai,,Sidhu,Jai Sidhu,AADHAR-9649-6086-6795,97442005914,jai98@yahoo.com,M,2023-03-19,Colleague,
PAS-12543,CLM-02646,Dhruv,,Roy,Dhruv Roy,VOTER-A642254,98823660010,dhruv30@live.com,M,1980-10-29,Friend,
PAS-12544,CLM-02646,Inaya,,Chand,Inaya Chand,AADHAR-1030-6540-2924,98075433263,inaya58@outlook.co.in,F,2009-12-01,Unknown,
PAS-12545,CLM-02848,Damyanti,,Dugal,Damyanti Dugal,UID-410153649621,98434768354,damyanti85@gmail.com,F,2011-08-03,Unknown,
PAS-12546,CLM-02848,Turvi,,Varty,Turvi Varty,VOTER-D871080,98863841446,turvi59@gmail.com,F,1990-04-05,Relative,
PAS-12547,CLM-01752,Champak,,Barad,Champak Barad,VOTER-E475385,98052073105,champak33@live.com,M,1967-12-29,Daughter,MEM-12500
PAS-12548,CLM-01752,Damyanti,,Edwin,Damyanti Edwin,AADHAR-7881-9862-7575,97106850842,damyanti60@rediffmail.com,F,2011-11-04,Colleague,
PAS-12549,CLM-01752,Aarnav,,Ranganathan,Aarnav Ranganathan,AADHAR-1709-5083-5479,99735945800,aarnav79@outlook.co.in,M,1989-09-26,Unknown,
PAS-12550,CLM-02540,Tanvi,,Chauhan,Tanvi Chauhan,VOTER-E243011,97436630639,tanvi36@outlook.co.in,F,2001-05-05,Colleague,
PAS-12551,CLM-02540,Tanvi,,Sanghvi,Tanvi Sanghvi,UID-660159526039,97452532756,tanvi10@yahoo.com,F,2012-02-15,Colleague,
PAS-12552,CLM-02094,Ayaan,,Deshpande,Ayaan Deshpande,UID-853274071346,99287451590,ayaan15@hotmail.com,M,2006-03-13,Son,MEM-10775
PAS-12553,CLM-02094,Dayita,,Mahajan,Dayita Mahajan,VOTER-B590517,98071242793,dayita71@live.com,F,2019-03-05,Friend,
PAS-12554,CLM-02094,Tarak,,Sandal,Tarak Sandal,UID-614604844468,99591473229,tarak88@yahoo.com,M,1994-09-16,Unknown,
PAS-12555,CLM-01530,Krishna,,Ravi,Krishna Ravi,AADHAR-2589-8541-9532,97536593100,krishna64@hotmail.com,M,1987-03-11,Colleague,MEM-13064
PAS-12556,CLM-01530,Faris,,Krishnamurthy,Faris Krishnamurthy,AADHAR-3033-8824-3642,99526507781,faris74@yahoo.com,M,1976-02-13,Relative,
PAS-12557,CLM-01226,Aarav,,Majumdar,Aarav Majumdar,AADHAR-4243-8956-7114,97242567725,aarav67@gmail.com,M,1959-12-31,Colleague,
PAS-12558,CLM-01226,Patrick,,Behl,Patrick Behl,UID-137901901838,98482080739,patrick39@hotmail.com,M,1993-06-06,Relative,
PAS-12559,CLM-01226,Ridhi,,Prakash,Ridhi Prakash,UID-766492929684,99935258329,ridhi94@hotmail.com,F,2015-09-24,Colleague,
PAS-12560,CLM-00587,Diya,,Patel,Diya Patel,VOTER-A177308,97900118549,diya16@hotmail.com,F,1995-07-02,Relative,
PAS-12561,CLM-02874,Krishna,,Raval,Krishna Raval,UID-749673968882,99405387154,krishna92@outlook.co.in,F,2003-03-16,Relative,
PAS-12562,CLM-02874,Bhavna,,Singhal,Bhavna Singhal,VOTER-C604755,97002690915,bhavna17@outlook.co.in,F,2014-11-04,Colleague,
PAS-12563,CLM-01196,Netra,,Hayre,Netra Hayre,VOTER-D474189,99817328700,netra20@gmail.com,F,2009-03-25,Unknown,
PAS-12564,CLM-01196,Zinal,,Chaudhry,Zinal Chaudhry,VOTER-D628725,99604468555,zinal41@live.com,F,2017-11-29,Friend,
PAS-12565,CLM-01196,Odika,,Raja,Odika Raja,VOTER-C239378,99471355966,odika34@yahoo.com,F,1986-08-24,Relative,
PAS-12566,CLM-01196,Baljiwan,,Kadakia,Baljiwan Kadakia,UID-990258733315,97565584878,baljiwan52@yahoo.com,M,1978-05-03,Relative,
PAS-12567,CLM-01360,Vansha,,Gala,Vansha Gala,UID-386901247897,98886929787,vansha91@gmail.com,F,2019-05-31,Friend,
PAS-12568,CLM-01338,Yashvi,,Nath,Yashvi Nath,VOTER-D639056,97826073187,yashvi92@hotmail.com,F,1987-03-30,Parent,MEM-10255
PAS-12569,CLM-01486,Urvi,,Dixit,Urvi Dixit,AADHAR-5537-4706-6235,98638883276,urvi42@rediffmail.com,F,2000-08-07,Friend,
PAS-12570,CLM-01486,Jackson,,Rajagopal,Jackson Rajagopal,UID-789537479732,97935996355,jackson16@gmail.com,M,2023-07-02,Unknown,
PAS-12571,CLM-01486,Aadhya,,Vig,Aadhya Vig,AADHAR-1072-6502-6252,99797229193,aadhya44@gmail.com,F,1977-03-22,Parent,MEM-11939
PAS-12572,CLM-00129,Indali,,Rattan,Indali Rattan,AADHAR-8509-1218-8794,97615758410,indali69@yahoo.com,F,1998-11-03,Parent,MEM-11075
PAS-12573,CLM-00129,Elijah,,Dash,Elijah Dash,VOTER-B806056,98158672168,elijah23@yahoo.com,M,1965-02-11,Son,MEM-11081
PAS-12574,CLM-00129,Inaya,,Chawla,Inaya Chawla,VOTER-E508944,97746385799,inaya66@rediffmail.com,F,1980-05-02,Relative,
PAS-12575,CLM-00615,Urvi,,Grewal,Urvi Grewal,AADHAR-7857-6925-8535,98289761192,urvi75@yahoo.com,F,1961-02-19,Son,MEM-10532
PAS-12576,CLM-00615,Zayan,,Bandi,Zayan Bandi,UID-148793350509,97006062426,zayan58@live.com,M,1955-03-03,Unknown,
PAS-12577,CLM-00615,Imaran,,Datta,Imaran Datta,AADHAR-4988-2852-8884,97519946917,imaran28@yahoo.com,M,1986-01-17,Relative,
PAS-12578,CLM-02844,Wahab,,Dada,Wahab Dada,UID-121372426697,98653954731,wahab57@rediffmail.com,M,1955-09-02,Relative,
PAS-12579,CLM-02844,Imaran,,Jhaveri,Imaran Jhaveri,UID-271153566810,98738823425,imaran34@live.com,M,1987-06-16,Unknown,
PAS-12580,CLM-02844,Inaya,,Kapur,Inaya Kapur,VOTER-D493811,97970490667,inaya84@hotmail.com,F,2023-05-12,Friend,
PAS-12581,CLM-00982,Upadhriti,,Kota,Upadhriti Kota,UID-119965998562,99205723267,bimala58@rediffmail.com,F,1962-09-19,Friend,
PAS-12582,CLM-00982,Sarthak,,Deep,Sarthak Deep,AADHAR-6708-8453-3491,98467137110,sarthak56@live.com,M,1962-08-12,Colleague,
PAS-12583,CLM-00982,Arjun,,Sangha,Arjun Sangha,AADHAR-6168-6465-5674,99933911373,arjun66@outlook.co.in,M,1984-04-08,Parent,MEM-10455
PAS-12584,CLM-02437,Henry,,Chander,Henry Chander,AADHAR-5113-2535-2019,98543148583,henry68@hotmail.com,M,1964-01-25,Colleague,
PAS-12585,CLM-02437,Siddharth,,Raman,Siddharth Raman,UID-273884877596,98970053219,siddharth91@gmail.com,M,2018-10-14,Colleague,
PAS-12586,CLM-01982,Alka,,Rout,Alka Rout,VOTER-A261735,98842189412,alka27@live.com,F,1961-08-10,Friend,
PAS-12587,CLM-01982,Samarth,,Pillai,Samarth Pillai,VOTER-B464492,99827474779,samarth82@gmail.com,M,1958-09-22,Unknown,
PAS-12588,CLM-01982,Geetika,,Krishnan,Geetika Krishnan,AADHAR-4953-4022-9689,97601728274,geetika71@live.com,F,1979-02-25,Colleague,
PAS-12589,CLM-01982,Gunbir,,Bhakta,Gunbir Bhakta,AADHAR-6755-7335-6989,97953288475,gunbir79@gmail.com,M,1989-12-05,Parent,MEM-12676
PAS-12590,CLM-00845,Gaurav,,Dave,Gaurav Dave,UID-157208333668,97218351937,gaurav43@hotmail.com,M,2022-02-12,Colleague,
PAS-12591,CLM-00845,Yutika,,Kakar,Yutika Kakar,UID-492382755463,97721134823,yutika38@gmail.com,F,1969-08-10,Friend,
PAS-12592,CLM-01069,Girish,,Lata,Girish Lata,AADHAR-6918-2190-1776,97796727724,girish20@rediffmail.com,M,1990-01-31,Unknown,
PAS-12593,CLM-01069,Yamini,,Panchal,Yamini Panchal,VOTER-B358930,99077679745,yamini61@rediffmail.com,F,1995-02-11,Relative,
PAS-12594,CLM-01069,Ekalinga,,Thaker,Ekalinga Thaker,AADHAR-4276-7647-7719,98848766607,ekalinga40@hotmail.com,M,1970-05-12,Colleague,
PAS-12595,CLM-01069,Isha,,Mistry,Isha Mistry,VOTER-C873366,98081500804,isha37@hotmail.com,F,1991-10-07,Friend,MEM-12227
PAS-12596,CLM-02694,Falan,,Sawhney,Falan Sawhney,UID-935529312888,98270728921,falan98@live.com,M,2000-04-16,Colleague,
PAS-12597,CLM-02057,Lohit,,Rajagopal,Lohit Rajagopal,UID-286399035881,99604184209,lohit11@rediffmail.com,M,2008-10-24,Unknown,
PAS-12598,CLM-02057,Pratyush,,Rai,Pratyush Rai,AADHAR-6482-8361-6732,97515008253,pratyush95@gmail.com,M,1999-07-13,Son,MEM-11519
PAS-12599,CLM-00014,Isaiah,,Grover,Isaiah Grover,UID-355462404889,99401894199,isaiah88@outlook.co.in,M,1999-09-01,Colleague,
PAS-12600,CLM-02170,Falan,,Dara,Falan Dara,UID-462453165458,97507458364,falan63@hotmail.com,M,2014-09-02,Friend,
PAS-12601,CLM-02734,Oviya,,Lall,Oviya Lall,VOTER-E698139,98097213927,oviya41@outlook.co.in,F,2023-05-26,Relative,
PAS-12602,CLM-02734,Frederick,,Sinha,Frederick Sinha,UID-732925347468,99290156337,frederick52@hotmail.com,M,1957-01-23,Colleague,
PAS-12603,CLM-01477,Rachit,,Din,Rachit Din,UID-435256546907,97600004701,rachit79@rediffmail.com,M,2023-06-09,Friend,
PAS-12604,CLM-01477,Karan,,Kale,Karan Kale,AADHAR-6023-2888-2320,97942683897,karan75@live.com,M,1989-12-13,Relative,MEM-11965
PAS-12605,CLM-01477,Chandran,,Mutti,Chandran Mutti,UID-200210808301,98998562255,chandran14@live.com,M,2008-08-21,Relative,
PAS-12606,CLM-01477,Amara,,Purohit,Amara Purohit,VOTER-C282976,97130649435,amara93@yahoo.com,F,1975-02-23,Unknown,
PAS-12607,CLM-00515,Ishaan,,Raju,Ishaan Raju,AADHAR-7171-1320-3303,99317625527,ishaan82@yahoo.com,M,2018-07-29,Relative,
PAS-12608,CLM-00515,Pahal,,Tak,Pahal Tak,AADHAR-6011-1822-8075,97781655207,pahal31@yahoo.com,F,2014-05-28,Unknown,
PAS-12609,CLM-00515,Ethan,,Bandi,Ethan Bandi,AADHAR-5595-4249-4989,97543722718,ethan21@yahoo.com,M,1990-07-31,Relative,
PAS-12610,CLM-01267,Ansh,,Dhar,Ansh Dhar,AADHAR-3692-2172-5499,98415653545,ansh46@gmail.com,M,1963-11-11,Friend,MEM-12874
PAS-12611,CLM-01267,Wakeeta,,Bhardwaj,Wakeeta Bhardwaj,AADHAR-9853-7914-2100,98609598936,wakeeta52@rediffmail.com,F,1986-08-22,Friend,
PAS-12612,CLM-01267,Nathaniel,,Magar,Nathaniel Magar,UID-233873052959,97244821258,nathaniel88@live.com,M,1987-09-21,Colleague,
PAS-12613,CLM-01211,Yashvi,,Oommen,Yashvi Oommen,AADHAR-1944-2655-8007,97744088614,yashvi91@live.com,F,1963-11-18,Relative,
PAS-12614,CLM-01211,Fariq,,Bhalla,Fariq Bhalla,AADHAR-7265-3894-1931,97688438374,fariq26@rediffmail.com,M,2012-07-04,Colleague,
PAS-12615,CLM-00607,Vanya,,Wagle,Vanya Wagle,AADHAR-2110-1578-6187,98788608000,vanya54@yahoo.com,F,1998-09-27,Colleague,
PAS-12616,CLM-02660,Arya,,Andra,Arya Andra,AADHAR-8378-2368-4159,97130350409,arya22@gmail.com,F,2022-09-10,Relative,
PAS-12617,CLM-02660,Gautami,,Gera,Gautami Gera,UID-868982865551,98605576544,gautami32@live.com,F,1960-04-10,Relative,
PAS-12618,CLM-02660,Reva,,Panchal,Reva Panchal,UID-372689458536,99229714202,reva27@outlook.co.in,F,1979-05-09,Son,MEM-11498
PAS-12619,CLM-00507,Gauri,,Chakraborty,Gauri Chakraborty,UID-278243119142,98851506219,gauri47@rediffmail.com,F,2016-11-14,Colleague,
PAS-12620,CLM-00507,Laban,,Korpal,Laban Korpal,VOTER-A929303,99768758479,laban71@gmail.com,M,2023-12-30,Friend,
PAS-12621,CLM-00507,Yoshita,,Saini,Yoshita Saini,AADHAR-2339-8500-4651,99661987474,yoshita18@live.com,F,1967-08-05,Friend,
PAS-12622,CLM-00507,Yochana,,Wadhwa,Yochana Wadhwa,AADHAR-9652-5867-1060,97876546013,yochana83@outlook.co.in,F,2003-09-07,Relative,
PAS-12623,CLM-00282,Gaurang,,Salvi,Gaurang Salvi,VOTER-E326182,98329572708,gaurang69@rediffmail.com,M,1990-03-16,Relative,
PAS-12624,CLM-00282,Naksh,,Pathak,Naksh Pathak,UID-273789165944,99557784696,naksh61@hotmail.com,M,1990-01-16,Relative,MEM-12822
PAS-12625,CLM-00640,Parth,,Dhar,Parth Dhar,UID-395639408701,97398498427,parth69@outlook.co.in,M,2010-08-18,Friend,
PAS-12626,CLM-00436,Nakul,,Guha,Nakul Guha,AADHAR-1746-6680-3242,97196418263,nakul56@outlook.co.in,M,1996-04-26,Relative,
PAS-12627,CLM-00436,Michael,,Deshpande,Michael Deshpande,VOTER-A344423,97475614819,michael75@live.com,M,1958-01-04,Friend,
PAS-12628,CLM-00436,Suhani,,Mittal,Suhani Mittal,AADHAR-7381-4043-5874,98734963126,suhani80@gmail.com,F,1961-01-02,Friend,MEM-13026
PAS-12629,CLM-02483,Lakshit,,Samra,Lakshit Samra,AADHAR-6177-2215-2967,99107043202,lakshit17@outlook.co.in,M,1963-11-24,Unknown,
PAS-12630,CLM-02483,Unnati,,Pathak,Unnati Pathak,AADHAR-2259-4715-9068,97965872926,unnati85@live.com,F,1963-07-22,Relative,MEM-10335
PAS-12631,CLM-02483,Aadhya,,Tandon,Aadhya Tandon,AADHAR-8831-9936-8445,98004466130,aadhya81@hotmail.com,F,1990-01-26,Unknown,
PAS-12632,CLM-01303,Vedika,,Tata,Vedika Tata,VOTER-C646877,98127684236,vedika41@hotmail.com,F,1992-07-03,Colleague,
PAS-12633,CLM-01303,Bahadurjit,,Khanna,Bahadurjit Khanna,UID-803359626920,97140773880,bahadurjit40@hotmail.com,M,1983-05-06,Friend,
PAS-12634,CLM-01303,Isaiah,,Wali,Isaiah Wali,AADHAR-9235-1073-5898,99522051121,isaiah20@rediffmail.com,M,2016-01-05,Relative,
PAS-12635,CLM-01303,Ganga,,Bhatti,Ganga Bhatti,UID-290447618056,97212761028,ganga85@rediffmail.com,F,2001-02-05,Friend,MEM-11647
PAS-12636,CLM-01932,Yahvi,,Bera,Yahvi Bera,AADHAR-6220-1072-3120,97258455050,yahvi75@hotmail.com,F,1985-10-05,Relative,
PAS-12637,CLM-01932,Yatin,,Dhawan,Yatin Dhawan,AADHAR-6211-9372-1259,97266798742,yatin30@yahoo.com,M,1964-06-29,Unknown,
PAS-12638,CLM-02814,Prisha,,Rao,Prisha Rao,VOTER-B752800,98947471091,prisha14@rediffmail.com,F,1969-11-19,Relative,
PAS-12639,CLM-02814,Niharika,,Lanka,Niharika Lanka,AADHAR-5472-3511-4729,97789056211,niharika44@rediffmail.com,F,1976-10-28,Relative,
PAS-12640,CLM-02814,Chatura,,Mannan,Chatura Mannan,AADHAR-3883-5976-1149,98316437182,chatura93@gmail.com,M,1989-12-29,Relative,
PAS-12641,CLM-02814,Lakshmi,,Edwin,Lakshmi Edwin,UID-389682190469,98901556253,lakshmi81@yahoo.com,F,1981-12-26,Relative,
PAS-12642,CLM-01977,Oscar,,Chowdhury,Oscar Chowdhury,AADHAR-3138-7646-2093,97276932086,oscar34@yahoo.com,M,1998-07-29,Friend,
PAS-12643,CLM-01977,Rushil,,Vasa,Rushil Vasa,UID-949598141496,98032472791,rushil14@hotmail.com,M,2024-10-10,Friend,
PAS-12644,CLM-00250,Ucchal,,Natt,Ucchal Natt,VOTER-D555131,98449443125,ucchal53@rediffmail.com,F,1978-08-26,Relative,
PAS-12645,CLM-00250,Qasim,,Pall,Qasim Pall,VOTER-A562786,98709127295,qasim62@hotmail.com,M,2007-05-28,Unknown,
PAS-12646,CLM-01365,Michael,,Din,Michael Din,VOTER-D926773,98287719301,michael61@gmail.com,M,1982-05-14,Unknown,
PAS-12647,CLM-01365,Kiaan,,Nayar,Kiaan Nayar,VOTER-C689206,98677288103,kiaan23@outlook.co.in,M,2012-11-04,Friend,
PAS-12648,CLM-01365,Bahadurjit,,Manda,Bahadurjit Manda,VOTER-B322311,98987972249,bahadurjit95@gmail.com,M,1974-11-07,Relative,
PAS-12649,CLM-02711,Alka,,Kata,Alka Kata,UID-172044021263,99057630922,alka27@gmail.com,F,1992-02-02,Friend,
PAS-12650,CLM-01885,Yahvi,,Som,Yahvi Som,VOTER-C452606,97744242121,yahvi25@hotmail.com,F,2021-04-01,Relative,
PAS-12651,CLM-01885,Anmol,,Kumer,Anmol Kumer,VOTER-E104782,99855019488,anmol38@live.com,M,1975-07-26,Unknown,
PAS-12652,CLM-01885,Nirja,,Venkatesh,Nirja Venkatesh,UID-131001152616,98995767178,nirja29@live.com,F,1970-08-25,Unknown,
PAS-12653,CLM-02265,Hamsini,,Agrawal,Hamsini Agrawal,UID-768191185206,97932827334,hamsini86@hotmail.com,F,1976-11-22,Colleague,
PAS-12654,CLM-00748,Hiral,,Choudhry,Hiral Choudhry,UID-935011612252,98161632948,hiral80@yahoo.com,F,1989-05-05,Colleague,
PAS-12655,CLM-00748,Damini,,Gopal,Damini Gopal,VOTER-C333073,98339009744,damini67@live.com,F,2013-04-06,Colleague,
PAS-12656,CLM-00748,Ikbal,,Mangat,Ikbal Mangat,AADHAR-6102-9706-8482,99846197746,ikbal17@gmail.com,M,1970-06-06,Daughter,MEM-10152
PAS-12657,CLM-00748,Barkha,,Gole,Barkha Gole,AADHAR-9537-1082-1832,97487257018,barkha53@yahoo.com,F,2000-05-04,Unknown,
PAS-12658,CLM-01886,Varsha,,Savant,Varsha Savant,VOTER-C633307,97570737705,varsha23@live.com,F,1987-03-22,Colleague,MEM-11920
PAS-12659,CLM-01886,Advaith,,Dara,Advaith Dara,VOTER-A507868,98097007858,advaith99@gmail.com,M,1981-11-11,Relative,
PAS-12660,CLM-01886,Yoshita,,Kapoor,Yoshita Kapoor,VOTER-A996563,97095562879,yoshita57@outlook.co.in,F,2016-05-05,Unknown,
PAS-12661,CLM-01876,Nilima,,Sha,Nilima Sha,UID-223520879036,98093557278,nilima38@gmail.com,F,2002-09-16,Friend,
PAS-12662,CLM-01876,Yauvani,,Ghose,Yauvani Ghose,UID-850984098009,98460744912,yauvani59@live.com,F,1988-05-10,Relative,MEM-10245
PAS-12663,CLM-01876,Isaiah,,Keer,Isaiah Keer,UID-346218677022,99248195570,isaiah65@hotmail.com,M,2005-02-24,Unknown,
PAS-12664,CLM-01876,Ishani,,Iyer,Ishani Iyer,AADHAR-8277-4735-1578,98617454841,ishani18@outlook.co.in,F,1965-05-21,Son,MEM-13422
PAS-12665,CLM-00840,Ayushman,,Goyal,Ayushman Goyal,UID-275328536432,97972792460,ayushman13@yahoo.com,M,2014-01-08,Friend,
PAS-12666,CLM-00840,Falguni,,Parmer,Falguni Parmer,UID-464138223236,97851487935,falguni36@live.com,F,1970-07-13,Relative,
PAS-12667,CLM-00840,Advay,,Mallick,Advay Mallick,UID-997910397534,98298899858,advay91@yahoo.com,M,1979-09-16,Relative,
PAS-12668,CLM-00840,Arin,,Mahal,Arin Mahal,UID-773082938456,99630869725,arin85@live.com,M,1968-12-07,Colleague,
PAS-12669,CLM-01867,Harini,,Mani,Harini Mani,VOTER-B862290,97126288122,harini19@live.com,F,1970-10-06,Friend,
PAS-12670,CLM-01867,Frederick,,Bal,Frederick Bal,AADHAR-8039-2219-4024,98901966072,frederick46@outlook.co.in,M,1983-04-09,Friend,
PAS-12671,CLM-01867,Jagvi,,Wagle,Jagvi Wagle,AADHAR-3815-1778-4231,99805625045,jagvi93@live.com,F,1980-08-26,Daughter,MEM-11674
PAS-12672,CLM-01867,Jeet,,Chauhan,Jeet Chauhan,VOTER-C880205,99548548798,jeet62@gmail.com,M,1956-01-04,Relative,
PAS-12673,CLM-00832,Tanmayi,,Batra,Tanmayi Batra,AADHAR-7950-3120-9401,98822183733,tanmayi33@gmail.com,F,2022-12-11,Unknown,
PAS-12674,CLM-00832,Kevin,,Johal,Kevin Johal,UID-351789750384,99130817652,kevin72@rediffmail.com,M,1996-11-05,Spouse,MEM-12742
PAS-12675,CLM-00832,Pratyush,,Kumar,Pratyush Kumar,UID-213970137121,98339266045,pratyush51@rediffmail.com,M,1992-08-28,Friend,
PAS-12676,CLM-01819,Ekaja,,Walla,Ekaja Walla,VOTER-E244075,98757016645,ekaja40@gmail.com,F,2023-08-05,Relative,
PAS-12677,CLM-01819,Indrajit,,Roy,Indrajit Roy,AADHAR-2628-9284-3888,99863120170,indrajit73@gmail.com,M,1988-02-12,Friend,MEM-12576
PAS-12678,CLM-01819,Yagnesh,,Raj,Yagnesh Raj,VOTER-D889368,97363616588,yagnesh68@rediffmail.com,M,1977-10-11,Colleague,
PAS-12679,CLM-01819,Hritik,,Ranganathan,Hritik Ranganathan,VOTER-B572093,99518673586,hritik74@hotmail.com,M,2000-02-03,Colleague,
PAS-12680,CLM-01805,Abhiram,,Bobal,Abhiram Bobal,UID-198951724732,99287709839,abhiram90@rediffmail.com,M,2002-01-23,Colleague,
PAS-12681,CLM-01573,Advay,,Sekhon,Advay Sekhon,VOTER-A301632,98818165270,advay54@rediffmail.com,M,1994-12-14,Friend,
PAS-12682,CLM-01573,Amruta,,Sarna,Amruta Sarna,AADHAR-9197-2514-9793,98179644232,amruta96@outlook.co.in,F,1984-04-19,Colleague,
PAS-12683,CLM-01573,Faqid,,Borde,Faqid Borde,UID-491292769806,98928472578,faqid33@live.com,M,1967-12-16,Unknown,
PAS-12684,CLM-01556,Ekani,,Jain,Ekani Jain,UID-551078990759,99571840395,ekani51@yahoo.com,F,1963-09-09,Colleague,
PAS-12685,CLM-01556,Turvi,,Mishra,Turvi Mishra,UID-309755824539,98270846855,turvi10@gmail.com,F,1995-06-13,Colleague,
PAS-12686,CLM-01556,Jatin,,Madan,Jatin Madan,AADHAR-6872-2528-7652,99039276945,jatin65@gmail.com,M,1986-02-06,Friend,
PAS-12687,CLM-01556,Krishna,,Dutt,Krishna Dutt,UID-472827616027,99277918582,krishna96@rediffmail.com,M,1983-03-15,Friend,
PAS-12688,CLM-02217,Ryan,,Mangal,Ryan Mangal,AADHAR-2849-7613-9165,99837625372,ryan20@hotmail.com,M,1964-10-13,Unknown,
PAS-12689,CLM-02217,Lopa,,Arya,Lopa Arya,AADHAR-6865-9678-3913,97085511599,lopa15@rediffmail.com,F,1982-07-12,Friend,
PAS-12690,CLM-02217,Faris,,Sridhar,Faris Sridhar,AADHAR-4683-1317-1322,97742501764,faris98@yahoo.com,M,1984-01-29,Colleague,
PAS-12691,CLM-02725,Nakul,,Bhat,Nakul Bhat,VOTER-B638669,99518666553,nakul49@hotmail.com,M,1962-03-13,Relative,
PAS-12692,CLM-02725,Zayyan,,Kapur,Zayyan Kapur,UID-731853514657,97536325429,zayyan42@gmail.com,M,1956-10-18,Unknown,
PAS-12693,CLM-02725,Kevin,,Wason,Kevin Wason,AADHAR-8801-1775-5042,99188693125,kevin76@yahoo.com,M,1987-07-30,Parent,MEM-11089
PAS-12694,CLM-02043,Kashish,,Gade,Kashish Gade,AADHAR-9941-4102-5309,97611338971,kashish24@rediffmail.com,F,1994-07-07,Friend,MEM-12572
PAS-12695,CLM-01218,Amruta,,Kaul,Amruta Kaul,VOTER-C575749,97358997825,amruta80@live.com,F,1974-11-24,Colleague,
PAS-12696,CLM-01218,Vihaan,,Venkataraman,Vihaan Venkataraman,UID-263005769219,97952890758,vihaan90@live.com,M,2005-08-12,Relative,
PAS-12697,CLM-01218,Amruta,,Narayan,Amruta Narayan,UID-647703667940,97029433224,amruta37@hotmail.com,F,2023-01-04,Friend,
PAS-12698,CLM-02500,Champak,,Som,Champak Som,AADHAR-9311-7246-2480,97538052360,champak98@outlook.co.in,M,2023-01-15,Relative,
PAS-12699,CLM-02710,Vasatika,,Mistry,Vasatika Mistry,VOTER-C498323,98401164148,vasatika85@gmail.com,F,1976-03-14,Colleague,
PAS-12700,CLM-02710,Neha,,Mody,Neha Mody,AADHAR-5082-3380-8797,98951929072,neha98@yahoo.com,F,1990-06-08,Friend,
PAS-12701,CLM-02710,Kamya,,Chada,Kamya Chada,AADHAR-3562-6158-6382,99534661395,kamya53@yahoo.com,F,1976-01-18,Relative,
PAS-12702,CLM-01255,Bhavani,,Deo,Bhavani Deo,VOTER-A446420,97802850553,bhavani81@rediffmail.com,F,2005-06-11,Friend,MEM-10521
PAS-12703,CLM-01255,Leena,,Krishnan,Leena Krishnan,AADHAR-8270-2556-3824,97946585474,leena33@rediffmail.com,F,1957-11-05,Colleague,
PAS-12704,CLM-01255,Zarna,,Banerjee,Zarna Banerjee,VOTER-B985246,98044970579,zarna27@outlook.co.in,F,1968-01-30,Spouse,MEM-11140
PAS-12705,CLM-01426,Timothy,,Tak,Timothy Tak,AADHAR-5099-8666-7956,97181282140,timothy46@rediffmail.com,M,2003-07-20,Spouse,MEM-12813
PAS-12706,CLM-01426,William,,Suresh,William Suresh,AADHAR-8986-6188-6740,99474644780,william82@live.com,M,1988-07-09,Colleague,
PAS-12707,CLM-01426,Balendra,,Bala,Balendra Bala,UID-672856918736,98548419850,balendra23@yahoo.com,M,2000-02-26,Relative,MEM-12258
PAS-12708,CLM-00360,Daniel,,Zacharia,Daniel Zacharia,VOTER-A179580,99983467188,daniel42@outlook.co.in,M,1965-12-27,Friend,
PAS-12709,CLM-00360,Aahana,,Ray,Aahana Ray,VOTER-B133627,98149901527,aahana48@hotmail.com,F,1971-12-07,Colleague,
PAS-12710,CLM-00360,Nakul,,Biswas,Nakul Biswas,VOTER-E517983,99357894824,nakul23@yahoo.com,M,1981-01-04,Unknown,
PAS-12711,CLM-00360,Hredhaan,,Cheema,Hredhaan Cheema,VOTER-C607679,99441021436,hredhaan93@yahoo.com,M,2010-04-11,Friend,
PAS-12712,CLM-02422,Yashvi,,Rattan,Yashvi Rattan,AADHAR-3272-2395-3494,98719704851,yashvi55@hotmail.com,F,2013-03-17,Relative,
PAS-12713,CLM-02422,Jalsa,,Chauhan,Jalsa Chauhan,VOTER-C545812,99612555433,jalsa89@outlook.co.in,F,1966-03-27,Relative,
PAS-12714,CLM-02422,Madhavi,,Parmer,Madhavi Parmer,UID-138469289294,99649832723,madhavi21@outlook.co.in,F,1968-03-19,Colleague,
PAS-12715,CLM-02422,Jack,,Khalsa,Jack Khalsa,VOTER-C648279,97355327077,jack95@outlook.co.in,M,1969-10-30,Friend,
PAS-12716,CLM-00593,Kavya,,Deshpande,Kavya Deshpande,VOTER-A407936,99503398294,kavya35@gmail.com,F,2015-10-06,Friend,
PAS-12717,CLM-00593,Ekaraj,,Natarajan,Ekaraj Natarajan,VOTER-B289282,98925193831,ekaraj41@live.com,M,1989-07-26,Relative,
PAS-12718,CLM-00593,Chakradev,,Mistry,Chakradev Mistry,AADHAR-1210-2828-7568,98779421682,chakradev60@gmail.com,M,1962-07-15,Unknown,
PAS-12719,CLM-01243,Wyatt,,Gola,Wyatt Gola,UID-382117819709,99453798498,wyatt95@gmail.com,M,2019-04-18,Unknown,
PAS-12720,CLM-02342,Ekaraj,,Choudhary,Ekaraj Choudhary,AADHAR-3411-2174-5869,98660889192,ekaraj51@live.com,M,1994-03-11,Unknown,
PAS-12721,CLM-02342,Faraj,,Shroff,Faraj Shroff,UID-566281682634,98758837203,faraj56@hotmail.com,M,2011-05-03,Unknown,
PAS-12722,CLM-02525,Ati,,Kala,Ati Kala,UID-394904831212,97058530418,ati94@live.com,F,2015-03-09,Friend,
PAS-12723,CLM-02525,Siddharth,,Handa,Siddharth Handa,VOTER-E242021,99501368842,siddharth38@hotmail.com,M,1986-04-01,Unknown,
PAS-12724,CLM-02525,Anjali,,Warrior,Anjali Warrior,AADHAR-1162-3169-4697,97525619263,anjali67@yahoo.com,F,1978-07-16,Colleague,MEM-10546
PAS-12725,CLM-00057,Victor,,Bala,Victor Bala,VOTER-E187053,98431396946,victor91@live.com,M,1962-01-23,Relative,
PAS-12726,CLM-00057,Nandini,,Shan,Nandini Shan,AADHAR-6601-9833-9264,97136684783,nandini79@live.com,F,1973-12-24,Relative,
PAS-12727,CLM-01389,Ayaan,,Verma,Ayaan Verma,VOTER-A948428,99669987137,ayaan49@rediffmail.com,M,1996-07-14,Daughter,MEM-12271
PAS-12728,CLM-00867,Arunima,,Gour,Arunima Gour,AADHAR-4656-9932-4032,99549903461,arunima76@gmail.com,F,1998-01-29,Unknown,
PAS-12729,CLM-01894,Jhalak,,Sahni,Jhalak Sahni,UID-131977381593,97295333959,jhalak61@rediffmail.com,F,2022-12-22,Unknown,
PAS-12730,CLM-01764,Guneet,,Bhattacharyya,Guneet Bhattacharyya,UID-768846084736,99402089627,guneet69@gmail.com,M,1958-10-21,Relative,
PAS-12731,CLM-01764,Kai,,Chandran,Kai Chandran,AADHAR-9576-3761-1666,97528110247,kai99@gmail.com,M,1955-04-13,Colleague,
PAS-12732,CLM-01764,Atharv,,Goyal,Atharv Goyal,VOTER-A978915,99005222388,atharv19@hotmail.com,M,1960-11-01,Friend,
PAS-12733,CLM-01764,Parth,,Borde,Parth Borde,UID-956812786740,99126156384,parth39@live.com,M,1962-07-22,Relative,
PAS-12734,CLM-00124,Vedhika,,Hegde,Vedhika Hegde,VOTER-B166141,97554520532,vedhika24@gmail.com,F,1965-04-05,Colleague,
PAS-12735,CLM-01280,Veda,,Sawhney,Veda Sawhney,UID-531131790006,98982492039,veda57@live.com,F,1976-08-16,Relative,
PAS-12736,CLM-01871,Orinder,,Datta,Orinder Datta,VOTER-E780747,98688379034,orinder13@live.com,M,2020-12-19,Colleague,
PAS-12737,CLM-02257,Siddharth,,Agate,Siddharth Agate,VOTER-E899974,97028540673,siddharth20@live.com,M,1961-02-25,Relative,
PAS-12738,CLM-02257,Ekantika,,Varty,Ekantika Varty,UID-455759120810,99163131337,ekantika52@hotmail.com,F,1961-11-13,Friend,
PAS-12739,CLM-02257,Udant,,Prabhu,Udant Prabhu,VOTER-E378029,98462603915,udant94@live.com,M,2000-07-14,Colleague,
PAS-12740,CLM-02507,Yagnesh,,Loyal,Yagnesh Loyal,AADHAR-7681-1961-9007,99302991918,yagnesh98@rediffmail.com,M,1974-06-14,Colleague,MEM-10447
PAS-12741,CLM-02086,Udyati,,Krishnamurthy,Udyati Krishnamurthy,VOTER-B857029,98486656703,udyati30@live.com,F,1975-11-14,Relative,
PAS-12742,CLM-00467,Jasmit,,Dara,Jasmit Dara,VOTER-E930715,98921994299,jasmit68@rediffmail.com,F,2012-09-27,Unknown,
PAS-12743,CLM-00467,Logan,,Bail,Logan Bail,VOTER-C916692,97490538884,logan67@hotmail.com,M,1960-06-09,Friend,
PAS-12744,CLM-02686,Jackson,,Manda,Jackson Manda,UID-952947960717,98920973075,jackson53@yahoo.com,M,1975-08-04,Unknown,
PAS-12745,CLM-02686,Hitesh,,Kannan,Hitesh Kannan,UID-906515657210,99033658402,hitesh23@outlook.co.in,M,1962-12-21,Unknown,
PAS-12746,CLM-02686,Hema,,Dada,Hema Dada,VOTER-A700079,97704755831,hema26@hotmail.com,F,1965-10-17,Unknown,
PAS-12747,CLM-02336,Falak,,Anne,Falak Anne,AADHAR-9194-1420-9681,98987597697,falak16@live.com,F,2009-11-10,Unknown,
PAS-12748,CLM-00980,Nandini,,Balan,Nandini Balan,UID-925448666142,97225443593,nandini33@hotmail.com,F,2002-01-27,Parent,MEM-12030
PAS-12749,CLM-00980,Advay,,Bal,Advay Bal,UID-826020929153,97293358456,advay10@rediffmail.com,M,1975-02-03,Spouse,MEM-10609
PAS-12750,CLM-02313,Dalaja,,Sinha,Dalaja Sinha,UID-569741396251,99945660834,dalaja11@live.com,F,2019-09-17,Friend,
PAS-12751,CLM-02301,Advaith,,Bir,Advaith Bir,AADHAR-2663-9000-1328,97537979690,advaith19@yahoo.com,M,1962-01-22,Unknown,
PAS-12752,CLM-00907,Yashvi,,Parsa,Yashvi Parsa,VOTER-B561490,98366444798,yashvi21@hotmail.com,F,2022-05-15,Friend,
PAS-12753,CLM-02139,Kashvi,,Amble,Kashvi Amble,VOTER-B659040,97017015880,kashvi60@gmail.com,F,1988-11-28,Unknown,
PAS-12754,CLM-02139,Eta,,Goyal,Eta Goyal,UID-357966058435,98555141102,eta12@hotmail.com,F,1991-01-25,Colleague,
PAS-12755,CLM-02139,Ishanvi,,Oommen,Ishanvi Oommen,AADHAR-6363-4109-3684,98694096463,ishanvi11@yahoo.com,F,1998-04-17,Friend,
PAS-12756,CLM-02139,Harsh,,Gopal,Harsh Gopal,UID-428004462038,97458337178,harsh82@gmail.com,M,2023-04-27,Relative,
PAS-12757,CLM-01102,Aryan,,Suri,Aryan Suri,AADHAR-1344-2339-4211,99529977913,aryan40@hotmail.com,M,1982-08-15,Friend,
PAS-12758,CLM-01102,Upadhriti,,Cheema,Upadhriti Cheema,AADHAR-7413-1008-1901,98667802862,upadhriti77@hotmail.com,F,1998-09-13,Friend,
PAS-12759,CLM-01102,Upadhriti,,Kota,Upadhriti Kota,UID-119965998562,97639313512,gautam45@hotmail.com,F,1962-09-19,Friend,
PAS-12760,CLM-01102,Henry,,Bose,Henry Bose,AADHAR-6005-9809-7460,98739025983,henry43@hotmail.com,M,1984-02-15,Friend,
PAS-12761,CLM-02185,Rachita,,Chopra,Rachita Chopra,UID-366185353229,98471183966,rachita68@yahoo.com,F,1974-11-09,Friend,
PAS-12762,CLM-02185,Tanmayi,,Dewan,Tanmayi Dewan,UID-157390917642,99381992812,tanmayi83@outlook.co.in,F,1998-04-10,Colleague,
PAS-12763,CLM-01561,Warhi,,Gandhi,Warhi Gandhi,VOTER-E126336,97851089668,warhi12@yahoo.com,F,1988-09-02,Relative,
PAS-12764,CLM-01561,Warda,,Mutti,Warda Mutti,VOTER-B935981,98344660325,warda25@outlook.co.in,F,2021-11-26,Colleague,
PAS-12765,CLM-01561,Anita,,Ghosh,Anita Ghosh,AADHAR-5024-5173-9088,99689095047,anita22@rediffmail.com,F,1994-11-11,Unknown,
PAS-12766,CLM-01561,Samuel,,Kadakia,Samuel Kadakia,VOTER-E588572,99442876768,samuel37@live.com,M,2005-11-13,Relative,
PAS-12767,CLM-01898,Radha,,Oommen,Radha Oommen,AADHAR-1348-5878-8826,99822831258,radha60@gmail.com,F,1995-09-25,Friend,MEM-10720
PAS-12768,CLM-01898,Upasna,,Prabhu,Upasna Prabhu,AADHAR-9585-7054-7608,98728065244,upasna12@live.com,F,1973-06-21,Spouse,MEM-11324
PAS-12769,CLM-01898,Yashvi,,Dey,Yashvi Dey,VOTER-D330375,99582904059,yashvi52@hotmail.com,F,1966-05-18,Colleague,
PAS-12770,CLM-01898,Maya,,Sibal,Maya Sibal,UID-345546470184,97079647644,maya68@gmail.com,F,1970-04-05,Daughter,MEM-11279
PAS-12771,CLM-02573,Varsha,,Dhillon,Varsha Dhillon,AADHAR-5543-5415-4183,99900427828,varsha39@gmail.com,F,1958-04-18,Colleague,
PAS-12772,CLM-02373,Ayush,,Pillay,Ayush Pillay,VOTER-E231803,99266541512,ayush32@rediffmail.com,M,2006-05-05,Friend,
PAS-12773,CLM-02373,Bhavika,,Chahal,Bhavika Chahal,AADHAR-6776-1988-6918,98377090825,bhavika76@hotmail.com,F,1968-08-07,Friend,
PAS-12774,CLM-02373,Vivaan,,Shenoy,Vivaan Shenoy,VOTER-D951724,98460892688,vivaan60@outlook.co.in,M,1986-06-25,Friend,MEM-10683
PAS-12775,CLM-00893,Sanya,,Joshi,Sanya Joshi,VOTER-D730081,98565521862,sanya23@yahoo.com,F,1978-07-10,Colleague,
PAS-12776,CLM-00700,Banjeet,,Randhawa,Banjeet Randhawa,AADHAR-1845-1645-6107,97462632121,banjeet44@rediffmail.com,M,1998-03-21,Unknown,
PAS-12777,CLM-00700,Advay,,Nagar,Advay Nagar,UID-938604386814,97185569399,advay35@outlook.co.in,M,2024-02-11,Unknown,
PAS-12778,CLM-00700,Jacob,,Loke,Jacob Loke,AADHAR-7932-8915-1963,98846942637,jacob27@live.com,M,2001-12-12,Friend,
PAS-12779,CLM-00700,Ojasvi,,Bail,Ojasvi Bail,VOTER-D862323,99132075448,ojasvi37@outlook.co.in,F,2001-08-19,Relative,
PAS-12780,CLM-02989,Kiaan,,Raman,Kiaan Raman,VOTER-E556323,98030228764,kiaan90@live.com,M,2012-02-10,Unknown,
PAS-12781,CLM-02989,Imaran,,Bhalla,Imaran Bhalla,UID-272968298339,97319878931,imaran81@rediffmail.com,M,1975-11-17,Friend,
PAS-12782,CLM-01159,Oscar,,Sule,Oscar Sule,AADHAR-1720-3592-4385,98151921471,oscar29@hotmail.com,M,1971-09-13,Relative,MEM-12188
PAS-12783,CLM-01159,Harish,,Deol,Harish Deol,VOTER-C387606,99169311762,harish79@live.com,M,1985-05-01,Unknown,
PAS-12784,CLM-01159,Yatin,,Lall,Yatin Lall,VOTER-A287249,99217100919,yatin87@hotmail.com,M,1964-06-20,Unknown,
PAS-12785,CLM-01492,Ekbal,,Nadig,Ekbal Nadig,AADHAR-7531-6875-4625,98588105943,ekbal96@outlook.co.in,M,2007-08-19,Colleague,
PAS-12786,CLM-01492,Prisha,,Rastogi,Prisha Rastogi,AADHAR-1843-8507-7994,97197915462,prisha43@yahoo.com,F,1958-06-23,Relative,
PAS-12787,CLM-01492,Pratyush,,Divan,Pratyush Divan,UID-679240879301,98130708468,pratyush34@yahoo.com,M,2003-03-20,Friend,
PAS-12788,CLM-01492,Chanakya,,Sarkar,Chanakya Sarkar,AADHAR-2027-6615-5909,99744411601,chanakya83@yahoo.com,M,2012-06-16,Friend,
PAS-12789,CLM-01110,Anjali,,Badami,Anjali Badami,VOTER-C654340,97645205617,anjali88@hotmail.com,F,1969-05-25,Relative,
PAS-12790,CLM-01110,Ronith,,Nadkarni,Ronith Nadkarni,AADHAR-3637-8921-3055,98342277830,ronith13@rediffmail.com,M,1996-02-21,Friend,
PAS-12791,CLM-02735,David,,Dubey,David Dubey,VOTER-C494682,98714261954,david82@live.com,M,1977-01-12,Colleague,
PAS-12792,CLM-02735,Gabriel,,Chand,Gabriel Chand,UID-237083544401,98743666077,gabriel65@yahoo.com,M,1987-01-31,Friend,MEM-11537
PAS-12793,CLM-02735,Wakeeta,,Mammen,Wakeeta Mammen,AADHAR-5316-9268-5198,98418285709,wakeeta82@rediffmail.com,F,1998-02-23,Friend,
PAS-12794,CLM-02735,Balvan,,Chadha,Balvan Chadha,VOTER-B574192,97334543560,balvan83@hotmail.com,M,2018-06-11,Colleague,
PAS-12795,CLM-01215,Bimala,,Samra,Bimala Samra,VOTER-B350723,98098576299,bimala75@yahoo.com,F,1958-10-05,Relative,
PAS-12796,CLM-01215,Omya,,Butala,Omya Butala,VOTER-A666901,98699002668,omya19@live.com,F,1968-08-18,Unknown,
PAS-12797,CLM-01128,Lipika,,Ben,Lipika Ben,AADHAR-4624-8648-3505,99468919849,lipika23@rediffmail.com,F,1974-05-29,Relative,
PAS-12798,CLM-01128,Lopa,,Mangat,Lopa Mangat,UID-533478876266,97644930162,lopa57@gmail.com,F,1996-11-13,Colleague,
PAS-12799,CLM-01128,Yashodhara,,Mangal,Yashodhara Mangal,AADHAR-8653-2076-2546,98413001850,yashodhara24@yahoo.com,F,1954-12-25,Colleague,
PAS-12800,CLM-00753,Pratyush,,Suresh,Pratyush Suresh,VOTER-B402803,98988827264,pratyush69@yahoo.com,M,1981-07-18,Colleague,MEM-12692
PAS-12801,CLM-02279,Naveen,,Pandit,Naveen Pandit,UID-354780782908,98340772960,naveen12@live.com,M,1985-11-11,Relative,
PAS-12802,CLM-02279,Chandresh,,Singhal,Chandresh Singhal,UID-476130277072,99152253839,chandresh11@rediffmail.com,M,2016-06-04,Friend,
PAS-12803,CLM-02489,Hemang,,Din,Hemang Din,UID-894007214149,98922261078,hemang98@outlook.co.in,M,2019-09-07,Relative,
PAS-12804,CLM-02489,Tristan,,Mandal,Tristan Mandal,UID-546886457979,97837605200,tristan88@yahoo.com,M,2018-06-11,Unknown,
PAS-12805,CLM-02489,Kamya,,Jaggi,Kamya Jaggi,UID-481197206929,98817401100,kamya47@yahoo.com,F,1968-10-20,Relative,
PAS-12806,CLM-00035,Alexander,,Dugal,Alexander Dugal,VOTER-C174209,97478631387,alexander54@live.com,M,2000-05-15,Relative,MEM-11230
PAS-12807,CLM-01103,Upasna,,Mahajan,Upasna Mahajan,UID-433622336363,98050925660,upasna17@yahoo.com,F,1966-04-04,Relative,
PAS-12808,CLM-01103,Zashil,,Boase,Zashil Boase,UID-865286768000,99289337500,zashil21@gmail.com,M,1971-08-30,Relative,
PAS-12809,CLM-00984,Dayita,,Thakur,Dayita Thakur,AADHAR-2674-3426-3930,98401810089,dayita94@gmail.com,F,2013-04-12,Friend,
PAS-12810,CLM-00984,Mitali,,Varughese,Mitali Varughese,VOTER-C482343,99284228335,mitali96@hotmail.com,F,1977-07-09,Friend,
PAS-12811,CLM-00984,Yasti,,Acharya,Yasti Acharya,VOTER-A930780,98296053839,yasti70@gmail.com,F,1961-02-02,Friend,
PAS-12812,CLM-00984,Azaan,,Kannan,Azaan Kannan,VOTER-B878895,97978705801,azaan58@yahoo.com,M,1987-03-30,Unknown,
PAS-12813,CLM-01192,Brinda,,Narain,Brinda Narain,UID-140789430975,99226055324,brinda62@outlook.co.in,F,1982-04-14,Relative,
PAS-12814,CLM-00790,Gaurang,,Kashyap,Gaurang Kashyap,VOTER-D508178,99077993570,gaurang26@outlook.co.in,M,2006-05-09,Colleague,MEM-12633
PAS-12815,CLM-00790,Nandini,,Pandit,Nandini Pandit,AADHAR-4002-7022-5397,97731644433,nandini49@rediffmail.com,F,1998-07-23,Friend,MEM-12237
PAS-12816,CLM-01340,Siya,,Grewal,Siya Grewal,UID-202182158986,97135431606,siya10@hotmail.com,F,2018-09-15,Colleague,
PAS-12817,CLM-01340,Reva,,Sem,Reva Sem,VOTER-E287385,99681145134,reva27@outlook.co.in,F,1993-01-09,Relative,MEM-13036
PAS-12818,CLM-01340,Falguni,,Rastogi,Falguni Rastogi,UID-457672695589,98282637007,falguni57@gmail.com,F,2001-01-03,Relative,
PAS-12819,CLM-01340,Darsh,,Master,Darsh Master,AADHAR-9382-4134-5690,98814874106,darsh88@yahoo.com,M,2002-08-02,Friend,
PAS-12820,CLM-01296,Tanish,,Vora,Tanish Vora,VOTER-B586411,99967626662,tanish20@live.com,M,2018-11-26,Friend,
PAS-12821,CLM-01296,Pratyush,,Varma,Pratyush Varma,AADHAR-3051-7851-4487,99105365338,pratyush18@live.com,M,2015-06-24,Colleague,
PAS-12822,CLM-01296,Diya,,Nori,Diya Nori,UID-956856845625,98048836107,diya38@hotmail.com,F,1979-04-17,Relative,
PAS-12823,CLM-01242,Deepa,,Verma,Deepa Verma,VOTER-B303955,97857567405,deepa47@outlook.co.in,F,2015-04-06,Unknown,
PAS-12824,CLM-01242,Omisha,,Vig,Omisha Vig,UID-601786764608,97657532578,omisha76@gmail.com,F,1988-07-31,Son,MEM-12875
PAS-12825,CLM-01242,Parth,,Choudhry,Parth Choudhry,UID-248439639450,98650923456,parth61@rediffmail.com,M,1963-12-02,Daughter,MEM-12096
PAS-12826,CLM-02359,Bina,,Rao,Bina Rao,AADHAR-8641-9287-4957,97895348090,bina69@gmail.com,F,1992-01-11,Relative,
PAS-12827,CLM-02359,Oeshi,,Radhakrishnan,Oeshi Radhakrishnan,AADHAR-1342-3029-4233,98858266851,oeshi56@yahoo.com,F,1974-04-02,Relative,
PAS-12828,CLM-01051,Jeet,,Saini,Jeet Saini,UID-661589157827,98590065725,jeet87@live.com,M,2024-10-24,Friend,
PAS-12829,CLM-01051,Umang,,Gade,Umang Gade,AADHAR-9865-3576-7110,99738284390,umang72@rediffmail.com,M,2005-02-11,Colleague,MEM-12492
PAS-12830,CLM-01368,Ishwar,,Pandya,Ishwar Pandya,AADHAR-9424-3579-4865,99325328439,ishwar83@hotmail.com,M,1974-05-22,Colleague,MEM-10299
PAS-12831,CLM-01368,Bahadurjit,,Kohli,Bahadurjit Kohli,VOTER-A261452,97992735652,bahadurjit92@gmail.com,M,1978-06-05,Friend,MEM-12837
PAS-12832,CLM-00691,Caleb,,Boase,Caleb Boase,AADHAR-9022-5090-9300,99916828550,caleb49@outlook.co.in,M,1980-09-14,Colleague,
PAS-12833,CLM-00691,Joshua,,Majumdar,Joshua Majumdar,AADHAR-5251-3954-5115,98865887751,joshua36@hotmail.com,M,1991-05-03,Relative,
PAS-12834,CLM-00691,Xavier,,Solanki,Xavier Solanki,UID-911578202124,99362983212,xavier40@gmail.com,M,1983-08-10,Unknown,
PAS-12835,CLM-01191,Madhav,,Garde,Madhav Garde,AADHAR-2508-5883-1242,97432738495,madhav99@gmail.com,M,1960-07-08,Unknown,
PAS-12836,CLM-01191,Rushil,,Savant,Rushil Savant,UID-303414938233,98752463120,rushil10@rediffmail.com,M,1978-05-04,Relative,
PAS-12837,CLM-01191,Lavanya,,Sawhney,Lavanya Sawhney,VOTER-D756982,99417370336,lavanya70@gmail.com,F,1956-02-09,Unknown,
PAS-12838,CLM-00720,Libni,,Arya,Libni Arya,AADHAR-5682-5958-1952,97477518002,libni62@hotmail.com,F,1990-05-10,Relative,
PAS-12839,CLM-01241,Charvi,,Thakkar,Charvi Thakkar,UID-703983374353,99449564144,charvi81@outlook.co.in,F,1993-04-28,Relative,
PAS-12840,CLM-01241,Karan,,Sane,Karan Sane,UID-265981148339,97094253834,karan10@yahoo.com,M,1982-03-29,Unknown,
PAS-12841,CLM-01241,Hardik,,Ramesh,Hardik Ramesh,UID-278957319585,97607855695,hardik23@gmail.com,M,1956-09-16,Relative,
PAS-12842,CLM-01241,Imaran,,Venkataraman,Imaran Venkataraman,AADHAR-1881-9377-9060,99362240227,imaran26@outlook.co.in,M,1955-03-11,Unknown,
PAS-12843,CLM-02538,Hritik,,Ahluwalia,Hritik Ahluwalia,VOTER-B674447,97468546120,hritik56@gmail.com,M,1997-07-12,Colleague,
PAS-12844,CLM-02538,Jagat,,Narasimhan,Jagat Narasimhan,VOTER-D975171,98305336656,jagat63@yahoo.com,M,1987-05-22,Friend,MEM-12121
PAS-12845,CLM-02538,Yadavi,,Thaker,Yadavi Thaker,VOTER-A856363,98277773227,yadavi92@live.com,F,1974-09-15,Relative,
PAS-12846,CLM-02538,Fiyaz,,Pradhan,Fiyaz Pradhan,VOTER-C457746,98466082091,fiyaz16@live.com,M,1969-06-24,Unknown,
PAS-12847,CLM-00187,Dhruv,,Rastogi,Dhruv Rastogi,VOTER-E878031,99991658726,dhruv14@outlook.co.in,M,1989-08-26,Friend,
PAS-12848,CLM-00187,Hemal,,Loyal,Hemal Loyal,UID-401223415188,97273990355,hemal71@hotmail.com,F,1992-01-22,Relative,
PAS-12849,CLM-00187,Pavani,,Uppal,Pavani Uppal,UID-895430424492,99811904878,pavani80@rediffmail.com,F,1960-09-01,Relative,
PAS-12850,CLM-00187,Chandani,,Dutta,Chandani Dutta,UID-216231950042,97066881556,chandani91@live.com,F,1960-12-11,Relative,
PAS-12851,CLM-00623,Suhani,,More,Suhani More,UID-283735380529,98995774689,suhani67@gmail.com,F,1959-04-22,Relative,
PAS-12852,CLM-00623,Urvi,,Narasimhan,Urvi Narasimhan,VOTER-E922153,98399978442,urvi35@yahoo.com,F,1969-04-15,Unknown,
PAS-12853,CLM-00623,Chandresh,,Bhatnagar,Chandresh Bhatnagar,AADHAR-3002-2981-6902,99581833837,chandresh15@hotmail.com,M,1978-08-25,Friend,MEM-11793
PAS-12854,CLM-02178,Jhalak,,Nori,Jhalak Nori,UID-805276363817,99156030438,jhalak45@live.com,F,2013-10-08,Relative,
PAS-12855,CLM-02178,Ekaja,,Thaker,Ekaja Thaker,UID-869327348321,99159791573,ekaja28@outlook.co.in,F,2010-12-07,Unknown,
PAS-12856,CLM-02178,Bhavna,,Banerjee,Bhavna Banerjee,AADHAR-4156-5741-4280,97164475524,bhavna85@rediffmail.com,F,1955-11-03,Colleague,
PAS-12857,CLM-02178,Ishaan,,Parsa,Ishaan Parsa,UID-347700197341,97180415647,ishaan53@outlook.co.in,M,2001-08-05,Unknown,
PAS-12858,CLM-01210,Ganga,,Naik,Ganga Naik,VOTER-B343868,99814557928,ganga63@rediffmail.com,F,1973-01-29,Unknown,
PAS-12859,CLM-00135,Radha,,Savant,Radha Savant,UID-923407791648,99546166373,radha12@rediffmail.com,F,2019-09-02,Colleague,
PAS-12860,CLM-00135,Upadhriti,,Sagar,Upadhriti Sagar,VOTER-B418948,99361819234,upadhriti97@hotmail.com,F,1999-09-27,Relative,
PAS-12861,CLM-00600,Idika,,Madan,Idika Madan,UID-572677240675,99536454633,idika56@hotmail.com,F,1972-11-30,Colleague,
PAS-12862,CLM-00600,Zaitra,,Karan,Zaitra Karan,VOTER-E670652,97759347228,zaitra52@gmail.com,F,2002-02-08,Colleague,
PAS-12863,CLM-00600,Yutika,,Chatterjee,Yutika Chatterjee,UID-968039338188,97273362733,yutika35@yahoo.com,F,1959-07-05,Colleague,
PAS-12864,CLM-00577,Darsh,,Loke,Darsh Loke,VOTER-C679756,98070176441,darsh79@live.com,M,1991-06-15,Friend,
PAS-12865,CLM-00577,Samuel,,Barad,Samuel Barad,UID-149206778702,98673223460,samuel97@outlook.co.in,M,1971-08-18,Colleague,MEM-11064
PAS-12866,CLM-02519,Tristan,,Tella,Tristan Tella,VOTER-B471376,97037586292,tristan23@hotmail.com,M,1985-02-24,Colleague,
PAS-12867,CLM-02519,Harrison,,Ghose,Harrison Ghose,AADHAR-5597-8781-5361,98512525543,harrison18@hotmail.com,M,1969-08-13,Friend,
PAS-12868,CLM-02519,Madhavi,,Sibal,Madhavi Sibal,VOTER-A565215,99415941231,madhavi47@gmail.com,F,1967-05-22,Friend,
PAS-12869,CLM-02519,Naveen,,Bath,Naveen Bath,AADHAR-3535-3372-4770,99292193745,naveen86@gmail.com,M,1988-06-14,Colleague,
PAS-12870,CLM-02341,Manan,,Gera,Manan Gera,AADHAR-6522-1285-6334,98498368003,manan10@gmail.com,M,1981-06-04,Relative,
PAS-12871,CLM-02341,Daksha,,Bhardwaj,Daksha Bhardwaj,VOTER-E395050,98119837257,daksha98@hotmail.com,F,2003-10-21,Colleague,
PAS-12872,CLM-02341,Hredhaan,,Nazareth,Hredhaan Nazareth,UID-872068967075,98676386596,hredhaan33@gmail.com,M,1993-07-01,Unknown,
PAS-12873,CLM-02341,Nisha,,Loke,Nisha Loke,UID-313808751533,98815977102,nisha96@yahoo.com,F,1993-09-29,Relative,
PAS-12874,CLM-01194,Riya,,Madan,Riya Madan,AADHAR-3612-5568-9682,97618213590,riya37@outlook.co.in,F,1955-09-01,Relative,
PAS-12875,CLM-01194,Manan,,Subramaniam,Manan Subramaniam,VOTER-C944679,99888610219,manan26@rediffmail.com,M,1963-12-03,Relative,MEM-13354
PAS-12876,CLM-01194,Dhruv,,Koshy,Dhruv Koshy,AADHAR-2782-5226-6948,99397697846,dhruv44@rediffmail.com,M,2000-06-07,Friend,
PAS-12877,CLM-01194,Samuel,,Om,Samuel Om,UID-507966818441,98308970533,samuel93@hotmail.com,M,2020-12-31,Unknown,
PAS-12878,CLM-01151,Zarna,,Sabharwal,Zarna Sabharwal,AADHAR-9680-3241-2212,98617978760,zarna31@live.com,F,2013-01-07,Friend,
PAS-12879,CLM-01151,Vasana,,Garg,Vasana Garg,UID-339677322560,97566274886,vasana90@live.com,F,2012-11-28,Friend,
PAS-12880,CLM-00767,Urishilla,,Karpe,Urishilla Karpe,VOTER-C652650,98966867192,urishilla28@hotmail.com,F,2007-02-17,Unknown,
PAS-12881,CLM-02079,Girish,,Kari,Girish Kari,VOTER-D575584,99463680019,girish66@rediffmail.com,M,2001-04-14,Daughter,MEM-10706
PAS-12882,CLM-02079,Karan,,Ranganathan,Karan Ranganathan,UID-664169173062,97778466839,karan83@hotmail.com,M,1965-01-23,Friend,MEM-12989
PAS-12883,CLM-01028,Tanveer,,Ravel,Tanveer Ravel,AADHAR-9434-1388-7414,98050720044,tanveer48@yahoo.com,M,1968-11-22,Daughter,MEM-10551
PAS-12884,CLM-01028,Mitali,,Dhingra,Mitali Dhingra,VOTER-C822170,98279801987,mitali70@live.com,F,1997-10-02,Relative,
PAS-12885,CLM-01028,Manbir,,Mohanty,Manbir Mohanty,AADHAR-3650-4228-6535,97058218157,manbir83@live.com,M,2007-03-20,Colleague,
PAS-12886,CLM-02261,Nisha,,Taneja,Nisha Taneja,VOTER-A662001,97498384940,nisha19@gmail.com,F,2011-11-05,Colleague,
PAS-12887,CLM-02261,Omkaar,,Prasad,Omkaar Prasad,UID-798814151903,98989732329,omkaar15@yahoo.com,M,2013-12-05,Relative,
PAS-12888,CLM-00423,Pahal,,Chatterjee,Pahal Chatterjee,VOTER-B917790,97668987699,pahal95@rediffmail.com,F,1983-05-11,Friend,
PAS-12889,CLM-00423,Yatan,,Doctor,Yatan Doctor,AADHAR-2216-4265-7930,98421398112,yatan72@rediffmail.com,M,2023-12-26,Colleague,
PAS-12890,CLM-00423,Amruta,,Bora,Amruta Bora,UID-259145874539,99968500369,amruta76@live.com,F,2001-10-23,Colleague,
PAS-12891,CLM-00423,Aradhana,,Parikh,Aradhana Parikh,UID-353187664425,97660252644,aradhana59@yahoo.com,F,2015-09-11,Unknown,
PAS-12892,CLM-02285,Krishna,,Kaul,Krishna Kaul,VOTER-E404894,99901531147,krishna33@rediffmail.com,M,2023-08-04,Friend,
PAS-12893,CLM-02285,Damyanti,,Rout,Damyanti Rout,VOTER-C192495,97594991927,damyanti21@live.com,F,1978-12-07,Colleague,
PAS-12894,CLM-02285,Unni,,Grover,Unni Grover,UID-170495855993,98421254353,unni71@live.com,F,1985-04-20,Colleague,
PAS-12895,CLM-02574,Anay,,Nori,Anay Nori,VOTER-B394983,97904429949,anay14@hotmail.com,M,1998-05-22,Unknown,
PAS-12896,CLM-02574,Ansh,,Bains,Ansh Bains,UID-458966939950,99618842749,ansh92@yahoo.com,M,1976-09-14,Friend,
PAS-12897,CLM-02574,Mohini,,Sangha,Mohini Sangha,AADHAR-2370-5028-4314,99172852409,mohini59@gmail.com,F,2017-01-17,Friend,
PAS-12898,CLM-02574,Vaishnavi,,Nori,Vaishnavi Nori,UID-659532879991,99780353858,vaishnavi68@live.com,F,1968-11-25,Relative,
PAS-12899,CLM-01320,Diya,,Kohli,Diya Kohli,VOTER-A814364,98155604106,diya26@live.com,F,2002-06-28,Daughter,MEM-10170
PAS-12900,CLM-01320,Ranbir,,Bhavsar,Ranbir Bhavsar,UID-530300784932,97699003438,ranbir59@rediffmail.com,M,2018-12-18,Friend,
PAS-12901,CLM-01320,Triya,,Sangha,Triya Sangha,UID-385200257987,98419022847,triya82@hotmail.com,F,1972-09-24,Colleague,
PAS-12902,CLM-01320,Riya,,Balasubramanian,Riya Balasubramanian,AADHAR-1029-7817-1556,97981742800,riya90@hotmail.com,F,2000-12-04,Colleague,
PAS-12903,CLM-02901,Rishi,,Menon,Rishi Menon,AADHAR-3638-1751-1560,97831579204,rishi46@rediffmail.com,M,2014-04-30,Colleague,
PAS-12904,CLM-02901,Maya,,Sahni,Maya Sahni,AADHAR-5909-7899-6004,99248426639,maya67@hotmail.com,F,2007-06-05,Relative,
PAS-12905,CLM-02901,Anmol,,Sagar,Anmol Sagar,AADHAR-6662-6864-8650,97157563908,anmol29@rediffmail.com,M,1986-11-18,Parent,MEM-10008
PAS-12906,CLM-02914,Urmi,,Hari,Urmi Hari,VOTER-E699738,99480759795,urmi56@gmail.com,F,1970-11-03,Relative,
PAS-12907,CLM-02914,Kevin,,Bhatia,Kevin Bhatia,AADHAR-3232-6047-8034,97087933023,kevin66@yahoo.com,M,1963-11-25,Unknown,
PAS-12908,CLM-00526,Ojas,,Thaker,Ojas Thaker,UID-824303564532,99665639508,ojas67@outlook.co.in,M,1968-11-17,Friend,
PAS-12909,CLM-00526,Hritik,,Batra,Hritik Batra,AADHAR-3970-7902-4777,98976808205,hritik46@gmail.com,M,1978-08-27,Relative,MEM-12294
PAS-12910,CLM-00526,Qarin,,Bir,Qarin Bir,VOTER-E705575,99397331974,qarin74@outlook.co.in,M,1977-04-01,Unknown,
PAS-12911,CLM-00526,Praneel,,Verma,Praneel Verma,AADHAR-9461-1232-6390,99401633089,praneel18@hotmail.com,M,1997-11-21,Relative,
PAS-12912,CLM-02441,Anamika,,Karnik,Anamika Karnik,AADHAR-9094-3183-9157,99582104970,anamika96@live.com,F,1998-10-19,Relative,MEM-12818
PAS-12913,CLM-02441,Wazir,,Kaul,Wazir Kaul,AADHAR-1449-5323-9649,97268227801,wazir74@outlook.co.in,M,2014-03-02,Unknown,
PAS-12914,CLM-02098,Elijah,,Dyal,Elijah Dyal,UID-557976841366,99629289770,elijah19@live.com,M,1988-11-14,Friend,
PAS-12915,CLM-02098,Shravya,,Sheth,Shravya Sheth,AADHAR-7174-5982-2524,98183506650,shravya92@rediffmail.com,F,1988-04-08,Unknown,
PAS-12916,CLM-02098,Frederick,,Dora,Frederick Dora,UID-696086910596,99273851063,frederick13@rediffmail.com,M,1991-05-01,Friend,
PAS-12917,CLM-02098,Yahvi,,Narayanan,Yahvi Narayanan,AADHAR-9671-4482-4757,98562239396,yahvi13@outlook.co.in,F,1977-03-30,Relative,
PAS-12918,CLM-00091,Vaishnavi,,Hayer,Vaishnavi Hayer,UID-459234101286,99460445892,vaishnavi90@live.com,F,1964-01-18,Unknown,
PAS-12919,CLM-00876,Anya,,Raju,Anya Raju,UID-509108518525,99111314262,anya90@rediffmail.com,F,1960-03-11,Colleague,
PAS-12920,CLM-00876,Ishanvi,,Grover,Ishanvi Grover,AADHAR-4117-6343-2998,98920525070,ishanvi16@outlook.co.in,F,1999-10-03,Relative,
PAS-12921,CLM-02208,Anamika,,Luthra,Anamika Luthra,UID-925627047748,99339491789,anamika85@live.com,F,1957-05-08,Unknown,
PAS-12922,CLM-02535,Madhavi,,Sheth,Madhavi Sheth,AADHAR-5335-4529-7766,99600113332,madhavi74@hotmail.com,F,1985-11-02,Relative,MEM-10648
PAS-12923,CLM-02535,Fariq,,Majumdar,Fariq Majumdar,VOTER-C403817,98301740064,fariq11@rediffmail.com,M,1962-11-27,Colleague,
PAS-12924,CLM-02535,Ikbal,,Parmar,Ikbal Parmar,UID-850381006308,98649569763,ikbal12@yahoo.com,M,2005-02-07,Friend,
PAS-12925,CLM-02535,Aadi,,Iyer,Aadi Iyer,AADHAR-9125-3898-7284,99006468548,aadi92@live.com,M,2005-02-22,Relative,
PAS-12926,CLM-02676,Chanchal,,Shanker,Chanchal Shanker,AADHAR-3011-6457-7377,97850395510,chanchal17@live.com,F,1962-02-10,Spouse,MEM-12580
PAS-12927,CLM-02676,Bishakha,,Kumer,Bishakha Kumer,VOTER-B184859,99591438974,bishakha68@live.com,F,2001-06-08,Unknown,
PAS-12928,CLM-01272,Rushil,,Agate,Rushil Agate,AADHAR-3150-1426-9115,98708473273,rushil85@gmail.com,M,2009-02-22,Colleague,
PAS-12929,CLM-01272,Ganga,,Chada,Ganga Chada,AADHAR-3859-1309-5432,99398307770,ganga26@outlook.co.in,F,1975-01-10,Colleague,
PAS-12930,CLM-00136,Frado,,Bakshi,Frado Bakshi,UID-922833452287,97473384350,frado20@rediffmail.com,M,1983-04-28,Unknown,
PAS-12931,CLM-00136,Ekansh,,Shan,Ekansh Shan,VOTER-D421963,99067222985,ekansh19@gmail.com,M,1966-06-26,Colleague,
PAS-12932,CLM-00136,Reyansh,,Tiwari,Reyansh Tiwari,VOTER-A558172,99280270571,reyansh47@gmail.com,M,1968-03-15,Daughter,MEM-12727
PAS-12933,CLM-00136,Vrishti,,Ray,Vrishti Ray,AADHAR-8539-1946-1003,98586899674,vrishti73@outlook.co.in,F,1983-08-22,Unknown,
PAS-12934,CLM-01909,Ansh,,Dhar,Ansh Dhar,VOTER-C310109,98415653545,ansh46@gmail.com,M,1963-11-11,Son,MEM-12874
PAS-12935,CLM-01909,Nidhi,,Saha,Nidhi Saha,UID-653756555673,99316858367,nidhi10@gmail.com,F,1970-10-21,Relative,
PAS-12936,CLM-01114,Bimala,,Seshadri,Bimala Seshadri,VOTER-B549073,97823397617,bimala94@gmail.com,F,2009-10-27,Unknown,
PAS-12937,CLM-01114,Warinder,,Srinivas,Warinder Srinivas,VOTER-C286530,97294268447,warinder33@outlook.co.in,M,1981-10-12,Friend,
PAS-12938,CLM-02978,Jasmit,,Raval,Jasmit Raval,VOTER-E866296,98627795383,jasmit19@live.com,F,1958-10-16,Colleague,
PAS-12939,CLM-02978,Watika,,Kota,Watika Kota,UID-887825828626,97395843786,watika75@live.com,F,2013-03-07,Relative,
PAS-12940,CLM-02978,Brinda,,Contractor,Brinda Contractor,VOTER-C470874,97331541639,brinda44@yahoo.com,F,1985-05-01,Parent,MEM-10232
PAS-12941,CLM-02978,Abeer,,Dhawan,Abeer Dhawan,VOTER-D532389,99435349808,abeer28@live.com,M,1968-05-12,Friend,
PAS-12942,CLM-02544,Tanveer,,Chopra,Tanveer Chopra,AADHAR-2367-3143-4897,99731772807,tanveer38@live.com,M,2011-07-09,Colleague,
PAS-12943,CLM-02544,Tripti,,Kamdar,Tripti Kamdar,UID-983423749449,97178431289,tripti46@hotmail.com,F,2018-06-23,Relative,
PAS-12944,CLM-02544,Ekavir,,Lall,Ekavir Lall,AADHAR-4717-2890-4269,97923354012,ekavir50@gmail.com,M,1999-01-24,Friend,
PAS-12945,CLM-01106,Chaitanya,,Menon,Chaitanya Menon,AADHAR-8553-1210-1970,98513893080,chaitanya99@outlook.co.in,M,2021-03-06,Relative,
PAS-12946,CLM-00362,Ikshita,,Gade,Ikshita Gade,UID-328999309260,98235446513,ikshita91@rediffmail.com,F,2022-06-12,Friend,
PAS-12947,CLM-00362,Yadavi,,Chander,Yadavi Chander,UID-978592319978,98795703608,yadavi75@live.com,F,2013-09-26,Friend,
PAS-12948,CLM-00362,Alexander,,Chatterjee,Alexander Chatterjee,AADHAR-8074-7066-9258,98889767423,alexander81@yahoo.com,M,2005-04-09,Friend,
PAS-12949,CLM-00362,Yash,,Krishnamurthy,Yash Krishnamurthy,UID-837652192709,97832837817,yash21@gmail.com,M,1981-02-14,Friend,
PAS-12950,CLM-02395,Chatresh,,Gill,Chatresh Gill,AADHAR-9143-9758-8820,98220659612,chatresh48@live.com,M,2006-10-29,Colleague,
PAS-12951,CLM-02395,Abhimanyu,,Mohan,Abhimanyu Mohan,AADHAR-1345-9823-1903,98749481589,abhimanyu72@hotmail.com,M,2021-08-24,Colleague,
PAS-12952,CLM-00751,Hemal,,Murty,Hemal Murty,UID-218180360808,97440518455,hemal84@rediffmail.com,F,1993-11-03,Friend,
PAS-12953,CLM-00346,Guneet,,Narasimhan,Guneet Narasimhan,VOTER-A341842,97423543880,guneet65@live.com,M,2017-09-16,Colleague,
PAS-12954,CLM-00346,Charan,,Madan,Charan Madan,UID-918662212547,97589047423,charan72@gmail.com,M,1997-08-12,Colleague,
PAS-12955,CLM-00346,Luke,,Sarraf,Luke Sarraf,VOTER-C464325,98433527943,luke63@rediffmail.com,M,1989-06-05,Friend,
PAS-12956,CLM-00346,Bimala,,Basak,Bimala Basak,AADHAR-8459-8674-8832,98641463438,bimala92@rediffmail.com,F,1968-06-04,Relative,
PAS-12957,CLM-00170,Girindra,,Minhas,Girindra Minhas,AADHAR-5257-6235-7252,97437784752,girindra29@outlook.co.in,M,1989-03-16,Friend,
PAS-12958,CLM-00170,Ishwar,,Dubey,Ishwar Dubey,VOTER-A116442,97096687204,ishwar93@yahoo.com,M,1975-12-06,Friend,
PAS-12959,CLM-00170,Sara,,Pandya,Sara Pandya,AADHAR-9767-8974-4774,99077922544,sara26@outlook.co.in,F,1965-08-21,Relative,
PAS-12960,CLM-00529,Kalpit,,Walia,Kalpit Walia,UID-250950407577,98841612505,kalpit34@outlook.co.in,M,1992-07-23,Friend,
PAS-12961,CLM-00007,Mitesh,,Sane,Mitesh Sane,UID-676760209994,98863527903,mitesh55@gmail.com,M,1978-05-17,Unknown,
PAS-12962,CLM-00367,Hardik,,Vig,Hardik Vig,AADHAR-4763-6558-1707,98067805705,hardik77@yahoo.com,M,1981-06-13,Relative,
PAS-12963,CLM-00367,Anay,,Bath,Anay Bath,AADHAR-6602-7324-1559,99888393191,anay29@outlook.co.in,M,1979-08-02,Friend,
PAS-12964,CLM-00367,Isaiah,,Bora,Isaiah Bora,AADHAR-7156-8209-6859,99877264571,isaiah25@live.com,M,1989-08-24,Colleague,MEM-11281
PAS-12965,CLM-00367,Manbir,,Parmar,Manbir Parmar,AADHAR-2781-9993-3475,97311405161,manbir28@hotmail.com,M,1968-08-19,Relative,
PAS-12966,CLM-02107,Omaja,,Lala,Omaja Lala,UID-970206601711,99512416933,omaja69@rediffmail.com,F,1966-09-15,Parent,MEM-13005
PAS-12967,CLM-02996,Priya,,Sanghvi,Priya Sanghvi,UID-826203742812,97417026559,priya97@rediffmail.com,F,2003-09-12,Friend,MEM-12220
PAS-12968,CLM-02996,Nisha,,Babu,Nisha Babu,UID-520493652373,99647250827,nisha54@yahoo.com,F,1971-03-22,Unknown,
PAS-12969,CLM-02996,Ekanta,,Pillay,Ekanta Pillay,UID-674262671484,97609632429,ekanta89@rediffmail.com,F,2007-03-01,Unknown,
PAS-12970,CLM-02435,Dev,,Pant,Dev Pant,VOTER-C490828,98148761611,dev54@rediffmail.com,M,1981-12-24,Colleague,
PAS-12971,CLM-02435,Arjun,,Narasimhan,Arjun Narasimhan,VOTER-C205804,98758724780,arjun65@rediffmail.com,M,2015-12-22,Colleague,
PAS-12972,CLM-02953,Chameli,,Krishnan,Chameli Krishnan,UID-481271752454,98424141549,chameli74@hotmail.com,F,1963-01-14,Spouse,MEM-13103
PAS-12973,CLM-02953,Eta,,Datta,Eta Datta,UID-259201850998,97561809225,eta97@live.com,F,2020-02-02,Colleague,
PAS-12974,CLM-02953,Nitara,,Gara,Nitara Gara,AADHAR-5452-8668-9147,98411070222,nitara70@rediffmail.com,F,1988-06-05,Colleague,
PAS-12975,CLM-01604,Tara,,Hayer,Tara Hayer,VOTER-A239836,99899107558,tara31@live.com,F,1999-07-17,Unknown,
PAS-12976,CLM-01604,Ubika,,Gade,Ubika Gade,UID-514993409049,97863940669,ubika55@gmail.com,F,1974-01-01,Unknown,
PAS-12977,CLM-01604,Imaran,,Kar,Imaran Kar,VOTER-A850007,97904062850,imaran23@live.com,M,1976-07-13,Colleague,
PAS-12978,CLM-01604,Isha,,Bains,Isha Bains,AADHAR-6654-9690-9473,99370890753,isha96@outlook.co.in,F,2018-09-01,Unknown,
PAS-12979,CLM-01549,Leena,,Kadakia,Leena Kadakia,UID-822790425991,99344589288,leena97@outlook.co.in,F,1957-04-26,Unknown,
PAS-12980,CLM-02204,Bachittar,,Pandya,Bachittar Pandya,UID-980996808325,98012935394,bachittar43@live.com,M,2019-03-29,Relative,
PAS-12981,CLM-02204,Orinder,,Chadha,Orinder Chadha,AADHAR-8808-2157-2479,99159571937,orinder88@yahoo.com,M,2021-06-19,Colleague,
PAS-12982,CLM-01849,Jason,,Barad,Jason Barad,AADHAR-8379-9084-8155,97713260884,jason65@rediffmail.com,M,2004-05-06,Colleague,
PAS-12983,CLM-01200,George,,Chokshi,George Chokshi,AADHAR-5306-9791-6843,98384785880,george51@outlook.co.in,M,1963-05-26,Friend,
PAS-12984,CLM-01200,Jeet,,Batra,Jeet Batra,AADHAR-3101-6166-8263,98315455660,jeet90@yahoo.com,M,1972-10-07,Colleague,
PAS-12985,CLM-01200,Dipta,,Uppal,Dipta Uppal,AADHAR-1467-1874-4623,97657920222,dipta60@outlook.co.in,F,2011-06-25,Friend,
PAS-12986,CLM-01200,Lajita,,Prabhakar,Lajita Prabhakar,AADHAR-3751-2553-2790,98486059300,lajita22@outlook.co.in,F,1984-03-26,Friend,
PAS-12987,CLM-01888,Ekta,,Prabhu,Ekta Prabhu,VOTER-A530452,97813266155,ekta68@yahoo.com,F,2014-09-08,Friend,
PAS-12988,CLM-02266,Chatresh,,Kuruvilla,Chatresh Kuruvilla,VOTER-B275868,98470110393,chatresh76@gmail.com,M,1975-06-13,Parent,MEM-11503
PAS-12989,CLM-02266,Yauvani,,Sood,Yauvani Sood,UID-874829712556,98291461899,yauvani71@outlook.co.in,F,1982-10-26,Unknown,
PAS-12990,CLM-02266,Krishna,,Arora,Krishna Arora,AADHAR-7842-4556-7253,98584269877,krishna41@outlook.co.in,M,1973-02-06,Relative,
PAS-12991,CLM-02962,Samesh,,Wali,Samesh Wali,VOTER-B763190,98781801190,samesh44@gmail.com,M,1970-02-16,Relative,
PAS-12992,CLM-02962,Laksh,,Bakshi,Laksh Bakshi,VOTER-B758236,98442512188,laksh20@hotmail.com,M,1976-01-13,Spouse,MEM-11723
PAS-12993,CLM-01591,Darpan,,Suri,Darpan Suri,VOTER-A133298,99244058730,darpan82@rediffmail.com,M,1974-10-29,Son,MEM-12553
PAS-12994,CLM-01591,Yatin,,Bhat,Yatin Bhat,UID-117929332926,99074959200,yatin61@yahoo.com,M,1960-04-23,Relative,
PAS-12995,CLM-00524,Yochana,,Sridhar,Yochana Sridhar,UID-556576425251,99066256205,yochana61@live.com,F,2018-03-15,Colleague,
PAS-12996,CLM-00524,Chaman,,Bava,Chaman Bava,UID-246346586978,99517790057,chaman12@gmail.com,F,1998-09-08,Friend,
PAS-12997,CLM-00524,Krisha,,Chauhan,Krisha Chauhan,AADHAR-1256-7137-2676,98445544423,krisha68@outlook.co.in,F,2001-08-24,Colleague,
PAS-12998,CLM-00524,Joshua,,Buch,Joshua Buch,UID-679921684597,99680321662,joshua10@yahoo.com,M,2004-10-27,Friend,MEM-10619
PAS-12999,CLM-01976,Vedika,,Shroff,Vedika Shroff,VOTER-D495563,97255184827,vedika90@gmail.com,F,1963-10-19,Relative,
PAS-13000,CLM-01976,Zilmil,,Dhawan,Zilmil Dhawan,AADHAR-6767-5284-3251,97091013812,zilmil24@gmail.com,F,1980-08-23,Colleague,
PAS-13001,CLM-01976,Meera,,Sharma,Meera Sharma,UID-727702520985,99394000888,meera17@hotmail.com,F,2004-11-06,Unknown,
PAS-13002,CLM-00128,Brinda,,Nazareth,Brinda Nazareth,VOTER-A646549,97214157368,brinda35@live.com,F,1995-07-23,Friend,
PAS-13003,CLM-00128,Arya,,Rai,Arya Rai,VOTER-E188118,97230966544,arya46@outlook.co.in,F,1966-10-29,Friend,
PAS-13004,CLM-00776,Onveer,,Tata,Onveer Tata,UID-637494735195,97086893693,onveer81@rediffmail.com,M,1998-05-27,Relative,
PAS-13005,CLM-00917,Rachita,,Kala,Rachita Kala,AADHAR-8564-7228-6546,99295305277,rachita75@live.com,F,1961-03-07,Relative,
PAS-13006,CLM-01890,Ijaya,,Sankar,Ijaya Sankar,UID-646822023309,97159239731,ijaya75@outlook.co.in,F,2015-02-27,Colleague,
PAS-13007,CLM-01890,Mitali,,Lad,Mitali Lad,UID-319856189386,97813761949,mitali57@gmail.com,F,1995-08-22,Colleague,
PAS-13008,CLM-01890,Xiti,,Gandhi,Xiti Gandhi,AADHAR-6761-7227-3101,98525309976,xiti79@live.com,F,1974-07-24,Colleague,
PAS-13009,CLM-01890,Alexander,,Wagle,Alexander Wagle,VOTER-C467905,99714029115,alexander52@live.com,M,1978-04-06,Friend,
PAS-13010,CLM-01996,Diya,,Chacko,Diya Chacko,UID-687527417476,98009314465,diya17@gmail.com,F,1971-03-04,Friend,MEM-11377
PAS-13011,CLM-01996,Adya,,Dasgupta,Adya Dasgupta,VOTER-C428578,97861282336,adya75@rediffmail.com,F,1965-10-18,Friend,MEM-11242
PAS-13012,CLM-01936,Irya,,Virk,Irya Virk,UID-769698456814,98769628014,irya44@gmail.com,F,1986-03-09,Unknown,
PAS-13013,CLM-01936,Nathan,,Patel,Nathan Patel,AADHAR-4862-6859-5846,97903243022,nathan29@yahoo.com,M,1956-11-10,Colleague,
PAS-13014,CLM-01936,Manan,,Bhargava,Manan Bhargava,AADHAR-6190-9340-5897,97478478773,manan44@yahoo.com,M,2019-03-28,Relative,
PAS-13015,CLM-00678,Om,,Rana,Om Rana,VOTER-E787184,97497921472,om36@gmail.com,M,2016-12-30,Colleague,
PAS-13016,CLM-00678,Yahvi,,Varty,Yahvi Varty,AADHAR-4192-8696-9172,98030726936,yahvi48@rediffmail.com,F,1984-06-24,Colleague,
PAS-13017,CLM-00678,Frado,,Bhandari,Frado Bhandari,VOTER-A147256,99614728054,frado92@live.com,M,1968-06-13,Relative,
PAS-13018,CLM-00678,Lekha,,Dani,Lekha Dani,AADHAR-8004-9241-8341,99559987791,lekha65@rediffmail.com,F,1982-07-25,Friend,
PAS-13019,CLM-02511,Pranit,,Morar,Pranit Morar,UID-917994562182,97019978255,pranit81@outlook.co.in,M,2015-09-22,Relative,
PAS-13020,CLM-01390,Vrinda,,Apte,Vrinda Apte,AADHAR-9808-2233-3813,98438065338,vrinda98@yahoo.com,F,1972-11-02,Relative,
PAS-13021,CLM-01390,Avi,,Pathak,Avi Pathak,VOTER-B327207,97673135059,avi88@yahoo.com,M,1976-02-23,Unknown,
PAS-13022,CLM-01390,Nathaniel,,Lall,Nathaniel Lall,AADHAR-8633-7595-3848,97424808496,nathaniel68@outlook.co.in,M,1993-11-25,Unknown,
PAS-13023,CLM-00692,Waida,,Thaman,Waida Thaman,UID-860928424651,99669920622,waida91@yahoo.com,F,1962-01-19,Colleague,
PAS-13024,CLM-01751,Maya,,Luthra,Maya Luthra,VOTER-C477581,98156150801,maya35@rediffmail.com,F,2007-06-09,Friend,
PAS-13025,CLM-01751,Wahab,,Parsa,Wahab Parsa,AADHAR-9594-8693-4810,98155584862,wahab75@rediffmail.com,M,1996-06-30,Relative,
PAS-13026,CLM-00222,Chaaya,,Barad,Chaaya Barad,UID-100242932987,98284120230,chaaya90@gmail.com,F,1968-06-15,Colleague,
PAS-13027,CLM-02160,Ria,,Bhatnagar,Ria Bhatnagar,UID-825876633123,97721711386,ria63@live.com,F,2022-04-06,Relative,
PAS-13028,CLM-02160,Tara,,Johal,Tara Johal,UID-560071720345,98857337193,tara66@rediffmail.com,F,1987-03-12,Unknown,
PAS-13029,CLM-02160,Manan,,Dewan,Manan Dewan,AADHAR-9102-5152-7664,97828816859,manan76@rediffmail.com,M,1960-11-02,Friend,
PAS-13030,CLM-02160,Hemang,,Raj,Hemang Raj,UID-719148337921,98416779061,hemang69@hotmail.com,M,1970-04-26,Son,MEM-10751
PAS-13031,CLM-02105,Advay,,Bal,Advay Bal,UID-572000629315,97293358456,advay10@rediffmail.com,M,1975-02-03,Relative,MEM-10609
PAS-13032,CLM-02105,Yagnesh,,Sahota,Yagnesh Sahota,UID-606667083457,97422431733,yagnesh91@outlook.co.in,M,2016-09-09,Friend,
PAS-13033,CLM-00237,Daksh,,Ratta,Daksh Ratta,AADHAR-7045-2580-3120,97977811699,daksh10@outlook.co.in,M,1981-04-19,Parent,MEM-13052
PAS-13034,CLM-00237,Balvan,,Pathak,Balvan Pathak,VOTER-E382826,99464053807,balvan52@outlook.co.in,M,1961-08-28,Unknown,
PAS-13035,CLM-02264,Hemal,,Mani,Hemal Mani,AADHAR-4126-6152-9286,99958454658,hemal44@hotmail.com,F,1982-04-29,Spouse,MEM-12219
PAS-13036,CLM-02264,Arunima,,Varkey,Arunima Varkey,AADHAR-6621-5634-5900,97655754775,arunima35@gmail.com,F,1976-08-26,Parent,MEM-12419
PAS-13037,CLM-02264,Sudiksha,,Chawla,Sudiksha Chawla,AADHAR-3741-7890-3346,99414597851,sudiksha99@outlook.co.in,F,1962-08-15,Colleague,
PAS-13038,CLM-02264,Brijesh,,Suresh,Brijesh Suresh,AADHAR-4489-3806-3748,97358176897,brijesh84@yahoo.com,M,1959-08-21,Relative,
PAS-13039,CLM-02295,Ishani,,Sane,Ishani Sane,UID-506011582842,97031381196,ishani55@outlook.co.in,F,1977-12-21,Unknown,
PAS-13040,CLM-02295,Orinder,,Reddy,Orinder Reddy,VOTER-E594656,97336644215,orinder37@outlook.co.in,M,2010-07-15,Relative,
PAS-13041,CLM-02295,Henry,,Mann,Henry Mann,VOTER-A696316,99105975734,henry29@gmail.com,M,1983-07-03,Friend,
PAS-13042,CLM-00567,Lakshmi,,Sani,Lakshmi Sani,AADHAR-8127-4009-2517,99700756993,lakshmi11@live.com,F,1966-07-07,Colleague,
PAS-13043,CLM-00567,Benjamin,,Chawla,Benjamin Chawla,AADHAR-5669-8425-3031,99529963265,benjamin70@outlook.co.in,M,2010-03-28,Colleague,
PAS-13044,CLM-00567,Omkaar,,Chana,Omkaar Chana,VOTER-D237483,98313442442,omkaar84@live.com,M,2016-01-25,Unknown,
PAS-13045,CLM-00435,Indali,,Basu,Indali Basu,UID-656985488878,98518378990,indali15@live.com,F,1967-09-13,Daughter,MEM-10741
PAS-13046,CLM-00327,Netra,,Vasa,Netra Vasa,VOTER-C231947,99863252730,netra35@hotmail.com,F,1996-12-23,Relative,
PAS-13047,CLM-00327,Yahvi,,Lalla,Yahvi Lalla,AADHAR-5358-8769-7155,99706179793,yahvi25@gmail.com,F,2007-07-24,Unknown,
PAS-13048,CLM-01988,Urmi,,Kohli,Urmi Kohli,AADHAR-2503-9422-9028,99269001209,urmi73@outlook.co.in,F,1979-05-13,Friend,MEM-10928
PAS-13049,CLM-01293,Madhav,,Konda,Madhav Konda,VOTER-E216372,98548145632,madhav14@yahoo.com,M,2016-12-20,Colleague,
PAS-13050,CLM-01293,Sneha,,Buch,Sneha Buch,VOTER-D652971,98836164893,sneha46@live.com,F,1977-11-15,Colleague,
PAS-13051,CLM-01293,Charvi,,Dash,Charvi Dash,UID-271985385730,98873069958,charvi90@gmail.com,F,1988-09-22,Unknown,
PAS-13052,CLM-01293,Anamika,,Seth,Anamika Seth,AADHAR-2827-1623-1090,99332113234,anamika40@gmail.com,F,2023-04-08,Friend,
PAS-13053,CLM-00391,Dev,,Purohit,Dev Purohit,VOTER-C545884,99767420667,dev73@live.com,M,2005-04-13,Parent,MEM-11237
PAS-13054,CLM-01236,Chaitaly,,Singh,Chaitaly Singh,VOTER-B735736,98019480316,chaitaly65@yahoo.com,F,1981-07-28,Friend,
PAS-13055,CLM-01236,Urmi,,Sule,Urmi Sule,VOTER-D763488,98137430018,urmi79@outlook.co.in,F,2019-03-20,Unknown,
PAS-13056,CLM-01236,Leena,,Ghose,Leena Ghose,UID-317371018874,97695161286,leena63@yahoo.com,F,2021-02-09,Colleague,
PAS-13057,CLM-01653,Rachana,,Choudhary,Rachana Choudhary,AADHAR-5868-3657-3011,98833305877,rachana44@hotmail.com,F,2020-12-07,Friend,
PAS-13058,CLM-00852,Ikshita,,Keer,Ikshita Keer,VOTER-A334702,98501459964,ikshita14@live.com,F,1993-03-24,Relative,
PAS-13059,CLM-00852,Ekavir,,Uppal,Ekavir Uppal,AADHAR-9065-4093-9754,99415644325,ekavir60@rediffmail.com,M,1992-02-21,Friend,
PAS-13060,CLM-00852,Hemang,,Shah,Hemang Shah,AADHAR-6197-8642-7946,97960550592,hemang95@hotmail.com,M,1976-01-19,Friend,
PAS-13061,CLM-00049,Kai,,Narula,Kai Narula,VOTER-C260376,98721210960,kai28@live.com,M,1969-06-18,Relative,
PAS-13062,CLM-00049,Keya,,Shukla,Keya Shukla,VOTER-A986069,97588563322,keya70@outlook.co.in,F,1973-10-05,Friend,
PAS-13063,CLM-00049,Jagdish,,Baral,Jagdish Baral,UID-800398873163,98912729588,jagdish95@hotmail.com,M,2024-03-16,Relative,
PAS-13064,CLM-00818,Vrishti,,Sahota,Vrishti Sahota,UID-317000763570,97696400899,vrishti19@gmail.com,F,1968-03-15,Colleague,
PAS-13065,CLM-00818,Nisha,,Dyal,Nisha Dyal,AADHAR-8847-8399-7664,97584551036,nisha50@hotmail.com,F,2008-06-04,Relative,
PAS-13066,CLM-02048,George,,Vohra,George Vohra,VOTER-C789112,99033207468,george92@outlook.co.in,M,1967-12-09,Friend,MEM-11761
PAS-13067,CLM-02799,Karan,,Kale,Karan Kale,VOTER-E499617,97942683897,karan75@live.com,M,1989-12-13,Colleague,MEM-11965
PAS-13068,CLM-02799,Gautam,,Manda,Gautam Manda,AADHAR-9844-2395-1101,97730540734,gautam52@outlook.co.in,M,2007-05-11,Unknown,
PAS-13069,CLM-02799,Abhimanyu,,Pau,Abhimanyu Pau,VOTER-C694571,98306106699,abhimanyu16@gmail.com,M,2022-10-29,Unknown,
PAS-13070,CLM-02470,Diya,,Nagar,Diya Nagar,VOTER-E303806,99018995431,diya23@hotmail.com,F,1968-09-15,Colleague,
PAS-13071,CLM-02470,Yatan,,Bhardwaj,Yatan Bhardwaj,UID-551751828906,98311691682,yatan88@outlook.co.in,M,2002-12-29,Relative,
PAS-13072,CLM-02470,Vrishti,,Suresh,Vrishti Suresh,AADHAR-6344-2746-3236,99881784162,vrishti40@live.com,F,1989-02-14,Friend,
PAS-13073,CLM-00053,Niharika,,Badami,Niharika Badami,VOTER-E413204,99519467824,niharika18@gmail.com,F,1989-09-07,Spouse,MEM-12757
PAS-13074,CLM-00053,Hritik,,Pau,Hritik Pau,AADHAR-3486-1721-9516,98672730439,hritik14@hotmail.com,M,1974-02-23,Unknown,
PAS-13075,CLM-00053,Sudiksha,,Swaminathan,Sudiksha Swaminathan,AADHAR-2567-6305-4180,98976929214,sudiksha89@hotmail.com,F,2023-05-09,Unknown,
PAS-13076,CLM-01749,Charvi,,Dua,Charvi Dua,AADHAR-5655-7918-9999,97003016048,charvi92@outlook.co.in,F,1995-07-18,Unknown,
PAS-13077,CLM-01384,Harsh,,Narula,Harsh Narula,AADHAR-5490-2811-5106,97435704793,harsh12@yahoo.com,M,1973-04-23,Unknown,
PAS-13078,CLM-01384,Raagini,,Bajaj,Raagini Bajaj,UID-732533190754,99379441251,raagini85@gmail.com,F,1956-05-26,Unknown,
PAS-13079,CLM-01384,Girindra,,Palla,Girindra Palla,VOTER-E804322,97743825150,girindra91@yahoo.com,M,2006-02-24,Spouse,MEM-10762
PAS-13080,CLM-01794,Vedika,,Mittal,Vedika Mittal,AADHAR-6413-6911-4731,99862041573,vedika37@rediffmail.com,F,1984-11-30,Friend,
PAS-13081,CLM-01794,Jasmit,,Chokshi,Jasmit Chokshi,AADHAR-4896-6686-9499,99166851680,jasmit34@outlook.co.in,F,1983-12-06,Relative,
PAS-13082,CLM-02612,Ryan,,Saini,Ryan Saini,AADHAR-9222-1141-1663,98612101992,ryan69@yahoo.com,M,1981-06-09,Unknown,
PAS-13083,CLM-02533,Nirja,,Sahota,Nirja Sahota,AADHAR-9308-5154-2948,97486440140,nirja46@live.com,F,2018-12-09,Unknown,
PAS-13084,CLM-02533,Isaac,,Sahni,Isaac Sahni,AADHAR-9160-4703-2635,98234217807,isaac10@hotmail.com,M,2002-07-31,Colleague,
PAS-13085,CLM-01183,Manan,,Nayak,Manan Nayak,AADHAR-5481-3666-5269,98478930975,manan54@outlook.co.in,M,1997-11-29,Relative,
PAS-13086,CLM-01183,Jacob,,Khalsa,Jacob Khalsa,UID-767123806501,98265904776,jacob49@rediffmail.com,M,1997-09-13,Colleague,
PAS-13087,CLM-01183,Lajita,,Pathak,Lajita Pathak,VOTER-A562349,98689457640,lajita98@rediffmail.com,F,1972-07-07,Colleague,
PAS-13088,CLM-01183,Om,,Gaba,Om Gaba,UID-436363773639,99173504912,om79@hotmail.com,M,1994-01-30,Friend,
PAS-13089,CLM-01443,Faras,,Nadig,Faras Nadig,UID-779352339678,99696516550,faras81@outlook.co.in,M,1981-09-22,Relative,
PAS-13090,CLM-01443,Vivaan,,Prakash,Vivaan Prakash,UID-952637546542,99111788239,vivaan40@outlook.co.in,M,1984-06-20,Colleague,
PAS-13091,CLM-01443,Yug,,Mody,Yug Mody,VOTER-B447188,99733164045,yug74@gmail.com,M,1987-08-14,Friend,
PAS-13092,CLM-01443,Gaurav,,Walla,Gaurav Walla,UID-681583391178,98558113731,gaurav92@live.com,M,2023-10-22,Friend,
PAS-13093,CLM-00780,Jagat,,Balakrishnan,Jagat Balakrishnan,AADHAR-5206-1148-6554,98581903116,jagat51@yahoo.com,M,1982-08-18,Unknown,
PAS-13094,CLM-00780,Ansh,,Edwin,Ansh Edwin,AADHAR-1356-4033-2087,98568527229,ansh95@yahoo.com,M,1980-03-12,Unknown,
PAS-13095,CLM-01287,Chavvi,,Keer,Chavvi Keer,VOTER-A376863,98650109348,chavvi13@live.com,F,2003-05-02,Relative,
PAS-13096,CLM-01287,Riya,,Gupta,Riya Gupta,UID-525604645213,98676859189,riya32@outlook.co.in,F,1995-01-03,Relative,
PAS-13097,CLM-01287,Eshana,,Sood,Eshana Sood,AADHAR-5798-1460-7098,98714975916,eshana66@rediffmail.com,F,2012-02-16,Unknown,
PAS-13098,CLM-01287,Nirja,,Mittal,Nirja Mittal,UID-232661022098,98194996599,nirja21@rediffmail.com,F,2003-09-21,Relative,
PAS-13099,CLM-02247,Jeet,,Goel,Jeet Goel,AADHAR-8316-6972-1858,97122842173,jeet34@yahoo.com,M,1989-09-15,Friend,MEM-10970
PAS-13100,CLM-02247,Ekantika,,Kala,Ekantika Kala,VOTER-A549548,98185584695,ekantika38@hotmail.com,F,1991-12-26,Colleague,
PAS-13101,CLM-02584,Neel,,Ratta,Neel Ratta,UID-870433187753,97593928586,neel85@yahoo.com,M,1973-02-04,Colleague,
PAS-13102,CLM-02584,Jackson,,Brahmbhatt,Jackson Brahmbhatt,AADHAR-1599-8334-9125,97420308683,jackson83@live.com,M,1973-09-08,Unknown,
PAS-13103,CLM-02584,Falguni,,Srinivas,Falguni Srinivas,AADHAR-9165-8884-4000,99391849583,falguni99@rediffmail.com,F,1989-08-09,Daughter,MEM-10258
PAS-13104,CLM-02584,Madhav,,Sundaram,Madhav Sundaram,AADHAR-9871-8890-7924,99668882548,madhav17@rediffmail.com,M,2004-03-20,Friend,
PAS-13105,CLM-02289,Akshay,,Venkatesh,Akshay Venkatesh,UID-393303418231,99547451590,akshay58@gmail.com,M,1984-01-14,Unknown,
PAS-13106,CLM-02289,Zansi,,Chakraborty,Zansi Chakraborty,UID-691866483708,98193840796,zansi48@outlook.co.in,F,1970-11-05,Friend,
PAS-13107,CLM-02289,Aadi,,Singhal,Aadi Singhal,VOTER-E250338,97202506986,aadi87@gmail.com,M,2003-10-20,Son,MEM-13416
PAS-13108,CLM-02289,Avi,,Krishna,Avi Krishna,VOTER-E141727,97907049407,avi84@yahoo.com,M,1977-08-16,Colleague,
PAS-13109,CLM-02462,Deepa,,Modi,Deepa Modi,AADHAR-3122-2793-3679,99992432875,deepa91@gmail.com,F,1967-04-26,Friend,
PAS-13110,CLM-00747,Turvi,,Gaba,Turvi Gaba,AADHAR-3486-8838-9786,98223665519,turvi19@hotmail.com,F,2011-12-14,Relative,
PAS-13111,CLM-00747,Yahvi,,Ravi,Yahvi Ravi,AADHAR-5682-2770-6527,99436919963,yahvi84@outlook.co.in,F,1973-08-31,Daughter,MEM-13184
PAS-13112,CLM-00747,Sara,,Reddy,Sara Reddy,VOTER-C532058,99569260796,sara49@yahoo.com,F,2021-07-03,Colleague,
PAS-13113,CLM-01505,Kavya,,Tandon,Kavya Tandon,VOTER-A618367,98836276333,kavya74@rediffmail.com,F,2016-03-31,Colleague,
PAS-13114,CLM-01505,Shivansh,,Chakraborty,Shivansh Chakraborty,UID-780477019808,97781818662,shivansh26@outlook.co.in,M,1962-12-20,Relative,
PAS-13115,CLM-01505,Aachal,,Modi,Aachal Modi,AADHAR-9891-9367-6943,98588234293,aachal74@hotmail.com,F,1975-07-22,Unknown,
PAS-13116,CLM-02140,Theodore,,Setty,Theodore Setty,VOTER-C799555,98609089116,theodore86@rediffmail.com,M,1962-08-28,Colleague,
PAS-13117,CLM-02140,Varsha,,Ratti,Varsha Ratti,VOTER-D218002,97163141053,varsha74@rediffmail.com,F,2023-11-01,Colleague,
PAS-13118,CLM-02140,Edhitha,,Deep,Edhitha Deep,VOTER-A615051,98997059748,edhitha97@hotmail.com,F,2005-01-16,Colleague,
PAS-13119,CLM-02140,Zashil,,Sane,Zashil Sane,UID-567441469003,97863737255,zashil92@rediffmail.com,M,1956-10-06,Friend,
PAS-13120,CLM-02128,Amaira,,Wable,Amaira Wable,AADHAR-1999-5411-2317,98535507353,amaira26@hotmail.com,F,2014-01-13,Relative,
PAS-13121,CLM-02128,Jagvi,,Sharaf,Jagvi Sharaf,VOTER-A534269,97322658709,jagvi79@live.com,F,1995-11-02,Friend,
PAS-13122,CLM-00302,Divya,,Nayar,Divya Nayar,AADHAR-8795-2856-3696,99163068938,divya97@yahoo.com,F,1999-05-02,Unknown,
PAS-13123,CLM-00302,Ekiya,,Mukhopadhyay,Ekiya Mukhopadhyay,UID-737946123765,98644599661,ekiya45@rediffmail.com,F,2003-03-24,Unknown,
PAS-13124,CLM-01781,Radha,,Buch,Radha Buch,VOTER-B195156,98422697448,radha77@gmail.com,F,1958-05-08,Relative,
PAS-13125,CLM-00008,Darsh,,Kala,Darsh Kala,UID-428540727442,99218367390,darsh12@rediffmail.com,M,1957-08-18,Colleague,
PAS-13126,CLM-01743,Vidhi,,Talwar,Vidhi Talwar,VOTER-D510884,98592257434,vidhi74@gmail.com,F,1956-07-14,Unknown,
PAS-13127,CLM-01743,Aayush,,Sharaf,Aayush Sharaf,UID-131717154034,98156615639,aayush37@hotmail.com,M,2002-12-17,Colleague,
PAS-13128,CLM-01743,Ekaraj,,Dora,Ekaraj Dora,UID-499746531776,97842850649,ekaraj36@hotmail.com,M,1961-01-12,Colleague,
PAS-13129,CLM-00793,Gunbir,,Bedi,Gunbir Bedi,AADHAR-7070-5294-5625,97980229265,gunbir53@outlook.co.in,M,1996-03-22,Unknown,
PAS-13130,CLM-00793,Deepa,,More,Deepa More,VOTER-C506953,99798989025,deepa77@live.com,F,2019-09-23,Relative,
PAS-13131,CLM-00793,Zilmil,,Dora,Zilmil Dora,AADHAR-8660-6709-9622,99367152040,zilmil83@live.com,F,1962-10-03,Parent,MEM-12426
PAS-13132,CLM-00160,Samuel,,Pai,Samuel Pai,AADHAR-5672-5734-1553,97163668187,samuel65@yahoo.com,M,1997-06-05,Son,MEM-11813
PAS-13133,CLM-01312,Noah,,Thaman,Noah Thaman,UID-383233562553,97203133366,noah94@live.com,M,2009-01-29,Friend,
PAS-13134,CLM-00570,Diya,,Dewan,Diya Dewan,UID-746419195465,97481498957,diya90@yahoo.com,F,1992-01-29,Colleague,
PAS-13135,CLM-00570,Janya,,Padmanabhan,Janya Padmanabhan,VOTER-A786470,97228923965,janya62@live.com,F,2021-01-29,Friend,
PAS-13136,CLM-01127,Thomas,,Barad,Thomas Barad,UID-288282279749,97452023425,thomas79@outlook.co.in,M,2011-02-12,Unknown,
PAS-13137,CLM-01469,Tejas,,Gour,Tejas Gour,AADHAR-9805-2526-1695,99045380411,tejas50@yahoo.com,M,1988-09-25,Colleague,
PAS-13138,CLM-02587,Amaira,,Maharaj,Amaira Maharaj,VOTER-A766437,99837952895,amaira42@gmail.com,F,2001-10-09,Colleague,
PAS-13139,CLM-02587,Benjamin,,Kamdar,Benjamin Kamdar,UID-752469113432,98843954130,benjamin59@outlook.co.in,M,2024-06-15,Relative,
PAS-13140,CLM-02587,Bhavika,,Khurana,Bhavika Khurana,UID-163473787337,98102544647,bhavika31@rediffmail.com,F,1988-08-20,Friend,
PAS-13141,CLM-01372,Elijah,,Luthra,Elijah Luthra,AADHAR-4225-7308-4254,98255195920,elijah17@hotmail.com,M,1964-02-02,Relative,
PAS-13142,CLM-00882,Jai,,Bhagat,Jai Bhagat,AADHAR-3114-5310-9431,97520415862,jai77@hotmail.com,M,1960-10-21,Parent,MEM-12001
PAS-13143,CLM-00882,Gavin,,Dube,Gavin Dube,UID-776342390768,97403043278,gavin93@outlook.co.in,M,2002-05-18,Unknown,
PAS-13144,CLM-00882,Pratyush,,Chowdhury,Pratyush Chowdhury,UID-453851938426,99532032971,pratyush95@rediffmail.com,M,2001-07-27,Son,MEM-12517
PAS-13145,CLM-00310,Anjali,,Mani,Anjali Mani,VOTER-C439256,97067875661,anjali51@live.com,F,1971-08-16,Daughter,MEM-12872
PAS-13146,CLM-02591,Sara,,Kamdar,Sara Kamdar,VOTER-E401449,98509518953,sara37@hotmail.com,F,1988-07-17,Relative,
PAS-13147,CLM-02591,Shivansh,,Bir,Shivansh Bir,UID-186546698404,98806768833,shivansh77@hotmail.com,M,1981-02-23,Friend,MEM-12520
PAS-13148,CLM-02174,Yashawini,,Bajwa,Yashawini Bajwa,UID-974518420233,98458126637,yashawini29@gmail.com,F,2012-07-08,Unknown,
PAS-13149,CLM-02174,Suhani,,Bahl,Suhani Bahl,UID-527201570138,97209188687,suhani67@live.com,F,1967-11-16,Relative,MEM-12936
PAS-13150,CLM-02174,Daksh,,Bobal,Daksh Bobal,UID-600417150205,97350819144,daksh59@outlook.co.in,M,1980-10-13,Colleague,
PAS-13151,CLM-02167,Sneha,,Palan,Sneha Palan,AADHAR-3260-2533-5779,97550125016,sneha20@gmail.com,F,1973-10-02,Colleague,MEM-12838
PAS-13152,CLM-02167,Indali,,Bath,Indali Bath,VOTER-E821662,99867451365,indali25@hotmail.com,F,2007-05-05,Son,MEM-10427
PAS-13153,CLM-00722,Madhav,,Doctor,Madhav Doctor,AADHAR-6923-9856-7551,97104538016,madhav65@gmail.com,M,1969-02-18,Relative,MEM-13426
PAS-13154,CLM-00535,Amruta,,Comar,Amruta Comar,AADHAR-4118-2562-9364,97956904562,amruta82@outlook.co.in,F,1955-03-11,Relative,
PAS-13155,CLM-00535,Wishi,,Mistry,Wishi Mistry,VOTER-A908370,99256428419,wishi84@hotmail.com,F,2023-05-27,Relative,
PAS-13156,CLM-00535,Azaan,,Virk,Azaan Virk,UID-449907314116,98735453300,azaan25@gmail.com,M,1966-03-04,Unknown,
PAS-13157,CLM-01800,Zinal,,Narain,Zinal Narain,AADHAR-7632-2450-3369,97105865752,zinal14@gmail.com,F,2000-10-25,Colleague,
PAS-13158,CLM-01800,Zayyan,,Mane,Zayyan Mane,AADHAR-8394-2932-9720,97542384307,zayyan93@gmail.com,M,1963-04-28,Colleague,
PAS-13159,CLM-01800,Vasudha,,Krishna,Vasudha Krishna,UID-472145440549,97060294302,vasudha37@yahoo.com,F,2003-12-25,Daughter,MEM-10369
PAS-13160,CLM-01800,Eiravati,,Ganguly,Eiravati Ganguly,UID-453015780953,97745899588,eiravati69@rediffmail.com,F,1959-04-01,Unknown,
PAS-13161,CLM-01791,Lajita,,Jaggi,Lajita Jaggi,UID-985286181906,98902944557,lajita46@yahoo.com,F,1959-12-19,Unknown,
PAS-13162,CLM-01791,Hemangini,,Khosla,Hemangini Khosla,AADHAR-5278-5732-5252,99690422438,hemangini23@gmail.com,F,1997-01-31,Colleague,
PAS-13163,CLM-02828,Geetika,,Kade,Geetika Kade,VOTER-B543093,99723358330,geetika35@hotmail.com,F,1959-03-30,Friend,
PAS-13164,CLM-02828,Christopher,,Maharaj,Christopher Maharaj,UID-620010179979,97759033797,christopher69@live.com,M,1983-06-06,Colleague,
PAS-13165,CLM-02828,Oscar,,Dube,Oscar Dube,VOTER-B767295,99000039945,oscar81@live.com,M,2000-04-03,Relative,
PAS-13166,CLM-02828,Kiaan,,Ahluwalia,Kiaan Ahluwalia,AADHAR-7659-3094-2422,99955624944,kiaan41@live.com,M,2008-09-14,Relative,
PAS-13167,CLM-00719,Triveni,,Rege,Triveni Rege,VOTER-D442108,99420970366,triveni46@live.com,F,1964-09-04,Colleague,
PAS-13168,CLM-00719,Varsha,,Shah,Varsha Shah,VOTER-C912866,98995408175,varsha37@rediffmail.com,F,1977-06-07,Daughter,MEM-12387
PAS-13169,CLM-00562,Eiravati,,Swamy,Eiravati Swamy,UID-573289880393,99655380809,eiravati93@live.com,F,1961-05-08,Relative,
PAS-13170,CLM-00562,Zilmil,,Thakur,Zilmil Thakur,VOTER-C976015,98685703002,zilmil11@hotmail.com,F,1990-09-07,Spouse,MEM-12367
PAS-13171,CLM-00562,Quincy,,Cherian,Quincy Cherian,UID-546606388780,99826370893,quincy31@rediffmail.com,M,1977-04-30,Relative,
PAS-13172,CLM-02157,Nathaniel,,Mody,Nathaniel Mody,AADHAR-5715-8876-6619,98831129129,nathaniel42@live.com,M,1964-06-28,Relative,
PAS-13173,CLM-02157,Samarth,,Shan,Samarth Shan,VOTER-A678648,97885785906,samarth91@yahoo.com,M,1985-11-24,Relative,
PAS-13174,CLM-02157,Champak,,Mangat,Champak Mangat,UID-651982318715,98152452396,champak69@outlook.co.in,M,1997-06-30,Colleague,MEM-13481
PAS-13175,CLM-02157,Yuvraj,,Comar,Yuvraj Comar,AADHAR-6562-7605-3376,97510906072,yuvraj52@hotmail.com,M,2009-03-27,Friend,
PAS-13176,CLM-02372,Mohini,,Chander,Mohini Chander,AADHAR-4579-6971-7748,99438140478,mohini55@outlook.co.in,F,2002-12-21,Colleague,MEM-13156
PAS-13177,CLM-02007,Ethan,,Mani,Ethan Mani,VOTER-A478082,97335931088,ethan53@gmail.com,M,1998-03-04,Friend,
PAS-13178,CLM-02007,Zilmil,,Sami,Zilmil Sami,AADHAR-2260-4458-8265,97356571679,zilmil52@rediffmail.com,F,1995-11-10,Daughter,MEM-13430
PAS-13179,CLM-01160,Ekanta,,Nori,Ekanta Nori,AADHAR-1186-7581-1035,97058970639,ekanta87@gmail.com,F,1991-03-02,Friend,MEM-11822
PAS-13180,CLM-01352,Jhalak,,Mukherjee,Jhalak Mukherjee,UID-521465066058,98176460474,jhalak82@outlook.co.in,F,1965-06-01,Unknown,
PAS-13181,CLM-01352,Madhav,,Doctor,Madhav Doctor,VOTER-B999930,97104538016,madhav65@gmail.com,M,1969-02-18,Friend,MEM-13426
PAS-13182,CLM-01846,Krishna,,Kala,Krishna Kala,VOTER-E782864,97742939476,krishna88@rediffmail.com,F,1984-01-18,Relative,MEM-13192
PAS-13183,CLM-01846,Yahvi,,Sridhar,Yahvi Sridhar,UID-896634050833,97644849672,yahvi52@yahoo.com,F,1996-08-05,Friend,
PAS-13184,CLM-01846,Upkaar,,Bora,Upkaar Bora,VOTER-D919896,97235513842,upkaar46@live.com,M,2003-07-07,Colleague,
PAS-13185,CLM-01846,Aahana,,Kapadia,Aahana Kapadia,VOTER-C437176,98250977078,aahana71@gmail.com,F,1981-07-29,Colleague,
PAS-13186,CLM-02324,Chakradev,,Dhawan,Chakradev Dhawan,UID-997113037698,98982875709,chakradev10@outlook.co.in,M,2000-06-27,Friend,
PAS-13187,CLM-02324,Omisha,,Sampath,Omisha Sampath,UID-158613120066,97085075480,omisha74@yahoo.com,F,2002-11-24,Friend,
PAS-13188,CLM-02324,Shivansh,,Rastogi,Shivansh Rastogi,UID-103939904880,97339353263,shivansh39@live.com,M,1974-12-19,Spouse,MEM-10351
PAS-13189,CLM-02376,Udyati,,Mitra,Udyati Mitra,UID-420411101568,98360301776,udyati56@rediffmail.com,F,1964-11-06,Friend,MEM-12226
PAS-13190,CLM-02376,Bhanumati,,Pai,Bhanumati Pai,AADHAR-6142-6872-9303,98955895749,bhanumati22@live.com,F,2007-01-14,Colleague,
PAS-13191,CLM-02376,Nicholas,,Bal,Nicholas Bal,UID-312990280407,97473280079,nicholas95@gmail.com,M,1973-12-01,Relative,
PAS-13192,CLM-02343,Yashasvi,,Dave,Yashasvi Dave,UID-148536684830,99171810297,yashasvi47@gmail.com,F,1987-11-17,Relative,MEM-13334
PAS-13193,CLM-02343,Siddharth,,Amble,Siddharth Amble,UID-200288272132,98608521513,siddharth34@outlook.co.in,M,1964-12-16,Friend,
PAS-13194,CLM-01860,Oni,,Bakshi,Oni Bakshi,UID-648771708971,97412971733,oni81@live.com,F,2000-10-09,Friend,
PAS-13195,CLM-01860,Falak,,Nadig,Falak Nadig,UID-353021484269,97325726003,falak31@rediffmail.com,F,1975-09-22,Relative,
PAS-13196,CLM-01860,Nathan,,Pant,Nathan Pant,AADHAR-7457-4712-3888,97767761189,nathan37@hotmail.com,M,1979-11-04,Relative,
PAS-13197,CLM-01860,Manan,,Srivastava,Manan Srivastava,VOTER-C546438,97332838832,manan91@yahoo.com,M,2022-09-05,Relative,
PAS-13198,CLM-00068,Nachiket,,Goel,Nachiket Goel,UID-853727784258,99510069470,nachiket31@yahoo.com,M,1958-01-21,Relative,
PAS-13199,CLM-00068,Bhavna,,Tandon,Bhavna Tandon,VOTER-C537389,99940936289,bhavna92@live.com,F,1984-03-14,Friend,
PAS-13200,CLM-00068,Gaurangi,,Mand,Gaurangi Mand,VOTER-B308519,98820225708,gaurangi30@rediffmail.com,F,2016-01-01,Friend,
PAS-13201,CLM-02230,Laksh,,Tak,Laksh Tak,AADHAR-8610-8704-1075,97272600328,laksh45@yahoo.com,M,2002-11-28,Unknown,
PAS-13202,CLM-02230,Guneet,,Maharaj,Guneet Maharaj,UID-279938010501,97600072930,guneet43@gmail.com,M,2007-07-09,Spouse,MEM-10949
PAS-13203,CLM-02230,Samar,,Sathe,Samar Sathe,UID-309758076144,98339913956,samar63@hotmail.com,M,1970-10-26,Colleague,
PAS-13204,CLM-02839,Imaran,,Kari,Imaran Kari,VOTER-D723946,99511950776,imaran61@yahoo.com,M,2008-06-03,Relative,
PAS-13205,CLM-02839,Faraj,,Chahal,Faraj Chahal,VOTER-B671706,97969457043,faraj86@yahoo.com,M,1993-11-15,Relative,
PAS-13206,CLM-02839,Pallavi,,Varkey,Pallavi Varkey,AADHAR-3484-7551-8430,98686451831,pallavi37@live.com,F,2003-06-30,Friend,
PAS-13207,CLM-02839,Samarth,,Sibal,Samarth Sibal,VOTER-C278570,99039851126,samarth86@hotmail.com,M,2011-10-20,Relative,
PAS-13208,CLM-00810,Yochana,,Krish,Yochana Krish,AADHAR-3442-5973-9752,97919491001,yochana52@live.com,F,1961-02-25,Relative,MEM-11516
PAS-13209,CLM-00810,Theodore,,Dhar,Theodore Dhar,UID-172297978326,99745213565,theodore74@outlook.co.in,M,1999-11-14,Relative,
PAS-13210,CLM-00599,Panini,,Kari,Panini Kari,VOTER-A253468,99565032186,panini13@gmail.com,F,1993-11-11,Colleague,
PAS-13211,CLM-00599,Ranbir,,Nayar,Ranbir Nayar,AADHAR-9918-8402-6365,99027226952,ranbir97@yahoo.com,M,1978-04-18,Friend,
PAS-13212,CLM-00961,Tanish,,Virk,Tanish Virk,VOTER-B227380,97852245081,tanish74@rediffmail.com,M,2016-04-17,Colleague,
PAS-13213,CLM-00961,Indali,,Bath,Indali Bath,AADHAR-3581-7041-1559,99867451365,indali25@hotmail.com,F,2007-05-05,Relative,MEM-10427
PAS-13214,CLM-00961,David,,Manne,David Manne,VOTER-C134878,97463561728,david89@outlook.co.in,M,2005-07-25,Friend,MEM-10360
PAS-13215,CLM-01512,Damini,,Issac,Damini Issac,VOTER-A688322,97917740320,damini71@live.com,F,1999-05-04,Colleague,
PAS-13216,CLM-01512,Upma,,Chahal,Upma Chahal,VOTER-C135595,97995663435,upma65@live.com,F,1982-09-15,Relative,
PAS-13217,CLM-01512,Jagvi,,Trivedi,Jagvi Trivedi,VOTER-D535883,98924663691,jagvi45@live.com,F,2016-12-27,Unknown,
PAS-13218,CLM-01520,Manthan,,Edwin,Manthan Edwin,VOTER-E961551,98261867269,manthan66@live.com,M,1992-06-01,Colleague,
PAS-13219,CLM-01631,Devansh,,Ramanathan,Devansh Ramanathan,UID-694315591989,98186296107,devansh18@live.com,M,2006-08-28,Friend,
PAS-13220,CLM-01631,Xalak,,Mandal,Xalak Mandal,UID-603371765108,98869420233,xalak47@hotmail.com,F,2012-04-28,Relative,
PAS-13221,CLM-01034,Nathan,,Barad,Nathan Barad,VOTER-C474626,98810089590,nathan23@outlook.co.in,M,1961-04-01,Colleague,
PAS-13222,CLM-01034,Gabriel,,Sankar,Gabriel Sankar,AADHAR-5125-9617-8673,99431146268,gabriel48@yahoo.com,M,1965-12-28,Friend,
PAS-13223,CLM-01034,Forum,,Manne,Forum Manne,UID-961973556220,97485329307,forum86@outlook.co.in,F,2003-05-14,Son,MEM-11443
PAS-13224,CLM-01034,Jason,,Mallick,Jason Mallick,UID-762001883128,99141424785,jason70@live.com,M,1990-01-27,Relative,
PAS-13225,CLM-01359,Anay,,Dara,Anay Dara,UID-822578993787,97549727637,anay61@outlook.co.in,M,1991-09-06,Colleague,
PAS-13226,CLM-00920,Harini,,Kara,Harini Kara,VOTER-C166891,97384990622,harini54@yahoo.com,F,2010-08-11,Relative,
PAS-13227,CLM-00920,Radhika,,Chadha,Radhika Chadha,UID-441042037257,99712572874,radhika48@outlook.co.in,F,2004-07-07,Unknown,
PAS-13228,CLM-02631,Widisha,,Sachdev,Widisha Sachdev,VOTER-B132700,99196689625,widisha60@gmail.com,F,2001-02-20,Parent,MEM-11135
PAS-13229,CLM-02631,Bhavini,,Srivastava,Bhavini Srivastava,VOTER-B436303,97435707252,bhavini96@hotmail.com,F,1964-02-15,Daughter,MEM-10843
PAS-13230,CLM-02631,Gabriel,,Chatterjee,Gabriel Chatterjee,UID-484081776755,97836912072,gabriel92@outlook.co.in,M,2000-10-24,Unknown,
PAS-13231,CLM-01298,Nandini,,Rama,Nandini Rama,UID-168547972294,98512085431,nandini53@gmail.com,F,1972-01-13,Daughter,MEM-12099
PAS-13232,CLM-01298,Triveni,,Sachdev,Triveni Sachdev,UID-439019943440,97105386703,triveni97@outlook.co.in,F,1994-03-25,Colleague,MEM-12266
PAS-13233,CLM-01064,Rajata,,Atwal,Rajata Atwal,UID-454717109719,98881389932,rajata77@hotmail.com,F,1973-08-22,Friend,
PAS-13234,CLM-01064,Gaurav,,Merchant,Gaurav Merchant,UID-131292705253,98306973880,gaurav92@live.com,M,1965-02-28,Colleague,
PAS-13235,CLM-01064,Mitali,,Tata,Mitali Tata,AADHAR-1298-9251-9189,99088326967,mitali72@gmail.com,F,1964-06-03,Relative,
PAS-13236,CLM-00445,Arin,,Reddy,Arin Reddy,UID-864988150565,98362332684,arin99@yahoo.com,M,2003-05-28,Colleague,
PAS-13237,CLM-01393,Kiaan,,Hans,Kiaan Hans,AADHAR-1486-3996-1454,98835943392,kiaan98@hotmail.com,M,1976-12-04,Colleague,
PAS-13238,CLM-01038,Zarna,,Khare,Zarna Khare,VOTER-C879118,99879294774,zarna59@outlook.co.in,F,2005-07-09,Unknown,
PAS-13239,CLM-01038,Ganga,,Dubey,Ganga Dubey,AADHAR-9244-1603-2982,97539982063,ganga24@live.com,F,1977-03-30,Friend,
PAS-13240,CLM-01038,Jackson,,Karnik,Jackson Karnik,AADHAR-4268-9541-6667,98644358748,jackson50@live.com,M,2007-02-16,Unknown,
PAS-13241,CLM-02383,Umang,,Mahajan,Umang Mahajan,AADHAR-7425-5614-3234,98390697598,umang89@hotmail.com,M,1984-03-13,Unknown,
PAS-13242,CLM-02383,Lekha,,Nagi,Lekha Nagi,UID-644837099075,99387187659,lekha49@rediffmail.com,F,1999-08-26,Friend,MEM-12262
PAS-13243,CLM-00547,Samaksh,,Chand,Samaksh Chand,AADHAR-5250-9134-8060,98464459889,samaksh35@gmail.com,M,1994-02-16,Friend,
PAS-13244,CLM-00547,Krishna,,Chandra,Krishna Chandra,UID-995034325374,98371270778,krishna28@rediffmail.com,F,2020-03-25,Friend,
PAS-13245,CLM-00547,Yutika,,Parekh,Yutika Parekh,AADHAR-6514-7102-5016,99977230104,yutika96@rediffmail.com,F,1983-06-18,Friend,
PAS-13246,CLM-01391,Victor,,Borde,Victor Borde,AADHAR-6827-7525-8455,99054787442,victor52@hotmail.com,M,2006-11-09,Unknown,
PAS-13247,CLM-01391,Neha,,Kapoor,Neha Kapoor,UID-319583239119,98940192841,neha81@hotmail.com,F,1970-04-07,Unknown,
PAS-13248,CLM-01391,Garima,,Parmer,Garima Parmer,AADHAR-3302-3344-4420,99041374885,garima87@rediffmail.com,F,2008-11-22,Unknown,
PAS-13249,CLM-02429,Ladli,,Manda,Ladli Manda,AADHAR-2575-2756-5813,98259556586,ladli23@rediffmail.com,F,2022-02-16,Unknown,
PAS-13250,CLM-00711,Zayyan,,Oza,Zayyan Oza,UID-415079925096,99332280577,zayyan17@rediffmail.com,M,1968-10-11,Friend,
PAS-13251,CLM-00648,Ekanta,,Kulkarni,Ekanta Kulkarni,VOTER-D537785,99623341920,ekanta26@yahoo.com,F,2016-12-02,Friend,
PAS-13252,CLM-00648,Tristan,,Mahal,Tristan Mahal,VOTER-A802063,98512949013,tristan97@hotmail.com,M,2016-09-13,Colleague,
PAS-13253,CLM-01933,Gavin,,Mahal,Gavin Mahal,UID-802312792079,99165012145,gavin18@outlook.co.in,M,2013-03-07,Relative,
PAS-13254,CLM-01933,Advaith,,Batta,Advaith Batta,UID-774107206587,99747380892,advaith62@rediffmail.com,M,1997-01-09,Unknown,
PAS-13255,CLM-01933,Viraj,,Andra,Viraj Andra,AADHAR-2260-6732-8404,99012455777,viraj83@yahoo.com,M,2001-10-04,Unknown,
PAS-13256,CLM-00568,Wazir,,Singh,Wazir Singh,AADHAR-4430-6944-8794,97994725683,wazir64@hotmail.com,M,1962-04-01,Friend,
PAS-13257,CLM-01770,Chanakya,,Narula,Chanakya Narula,VOTER-E412365,97663438736,chanakya67@rediffmail.com,M,1996-06-25,Unknown,
PAS-13258,CLM-01770,Vansha,,Kumar,Vansha Kumar,UID-336947806346,97541001145,vansha87@yahoo.com,F,1966-06-03,Colleague,
PAS-13259,CLM-02723,Rajeshri,,Pai,Rajeshri Pai,AADHAR-6073-9940-7073,99789584634,rajeshri64@rediffmail.com,F,1995-08-27,Relative,
PAS-13260,CLM-02723,Unni,,Menon,Unni Menon,VOTER-D691337,98662017251,unni50@live.com,F,2015-02-08,Unknown,
PAS-13261,CLM-02723,Yashvi,,Babu,Yashvi Babu,UID-565998330545,99650931279,yashvi70@gmail.com,F,1961-11-14,Parent,MEM-10679
PAS-13262,CLM-00667,Liam,,Chopra,Liam Chopra,AADHAR-8410-2564-5398,99025747933,liam33@yahoo.com,M,2015-10-08,Friend,
PAS-13263,CLM-00667,Naksh,,More,Naksh More,UID-360890269942,99422612453,naksh47@live.com,M,2004-04-28,Relative,
PAS-13264,CLM-00667,Logan,,Shukla,Logan Shukla,UID-425239954958,98080225595,logan32@yahoo.com,M,2021-07-21,Unknown,
PAS-13265,CLM-01253,Balvan,,Subramaniam,Balvan Subramaniam,UID-135021889273,99700371798,balvan53@gmail.com,M,2010-11-11,Unknown,
PAS-13266,CLM-01253,Ijaya,,Sachdev,Ijaya Sachdev,VOTER-E804299,97642694927,ijaya45@gmail.com,F,1972-11-13,Colleague,
PAS-13267,CLM-01965,Onveer,,Bhakta,Onveer Bhakta,VOTER-A985386,98503839533,onveer56@rediffmail.com,M,1975-10-06,Friend,
PAS-13268,CLM-01965,Anvi,,Chander,Anvi Chander,VOTER-D622540,99728153567,anvi56@hotmail.com,F,1963-11-08,Relative,
PAS-13269,CLM-01965,Ethan,,Naidu,Ethan Naidu,AADHAR-4941-4444-2331,98530964823,ethan68@hotmail.com,M,2008-06-05,Friend,
PAS-13270,CLM-02712,Aryan,,Rastogi,Aryan Rastogi,VOTER-C201596,98460576561,aryan95@hotmail.com,M,1972-10-15,Unknown,
PAS-13271,CLM-02712,Ayush,,Saxena,Ayush Saxena,AADHAR-8369-8380-9555,99321474169,ayush23@hotmail.com,M,1996-06-10,Colleague,MEM-11876
PAS-13272,CLM-00348,Rayaan,,Solanki,Rayaan Solanki,VOTER-C384696,99665052735,rayaan34@outlook.co.in,M,1970-12-04,Son,MEM-12591
PAS-13273,CLM-00348,Ubika,,Patla,Ubika Patla,UID-200933300430,99119051350,ubika41@live.com,F,2014-08-17,Friend,
PAS-13274,CLM-00348,Gabriel,,Chandran,Gabriel Chandran,VOTER-C451231,97823847220,gabriel15@hotmail.com,M,2008-03-18,Relative,
PAS-13275,CLM-00348,Yatin,,Mohan,Yatin Mohan,VOTER-A281581,98815445278,yatin95@hotmail.com,M,1973-04-12,Colleague,
PAS-13276,CLM-01115,Ria,,Bhasin,Ria Bhasin,VOTER-B918858,97637685178,ria63@hotmail.com,F,2001-06-23,Unknown,
PAS-13277,CLM-01115,Balendra,,Kadakia,Balendra Kadakia,UID-272163153609,98905011346,balendra29@yahoo.com,M,2012-03-28,Unknown,
PAS-13278,CLM-01115,Abdul,,Badami,Abdul Badami,AADHAR-6667-5287-7692,98458410169,abdul32@outlook.co.in,M,1990-08-27,Colleague,
PAS-13279,CLM-02859,Janaki,,Ramakrishnan,Janaki Ramakrishnan,AADHAR-5974-4971-9047,98279565461,janaki20@rediffmail.com,F,2007-08-01,Relative,
PAS-13280,CLM-02859,Lopa,,Singh,Lopa Singh,VOTER-D236488,98401570267,lopa68@rediffmail.com,F,1976-11-06,Friend,
PAS-13281,CLM-02859,Ekta,,Rastogi,Ekta Rastogi,AADHAR-3293-1617-6783,98696259193,ekta95@rediffmail.com,F,1972-05-03,Friend,MEM-11167
PAS-13282,CLM-00306,Varsha,,Savant,Varsha Savant,VOTER-A587180,97570737705,varsha23@live.com,F,1987-03-22,Spouse,MEM-11920
PAS-13283,CLM-00306,Upma,,Keer,Upma Keer,VOTER-D286146,97044871369,upma21@live.com,F,1956-12-11,Friend,
PAS-13284,CLM-01598,Sai,,Handa,Sai Handa,AADHAR-3947-8058-8334,97798281238,sai80@outlook.co.in,M,2022-12-06,Friend,
PAS-13285,CLM-01598,Bhanumati,,Bhat,Bhanumati Bhat,UID-349400225563,97287387413,bhanumati97@outlook.co.in,F,2022-07-19,Relative,
PAS-13286,CLM-01598,Anusha,,Keer,Anusha Keer,VOTER-D663659,97159935324,anusha22@yahoo.com,F,2002-11-02,Colleague,
PAS-13287,CLM-01598,Sara,,Kar,Sara Kar,UID-753485778473,98185208676,sara91@yahoo.com,F,1975-11-01,Relative,MEM-11886
PAS-13288,CLM-01379,Vasatika,,Kalita,Vasatika Kalita,AADHAR-8804-5142-4789,98299193086,vasatika48@hotmail.com,F,1982-01-12,Colleague,
PAS-13289,CLM-01379,Bachittar,,Chada,Bachittar Chada,AADHAR-3980-1404-2157,99811848700,bachittar32@gmail.com,M,1973-07-06,Colleague,
PAS-13290,CLM-01379,Vasatika,,Yohannan,Vasatika Yohannan,VOTER-B194764,99489758563,vasatika65@hotmail.com,F,1986-02-26,Relative,
PAS-13291,CLM-01676,Amrita,,Khosla,Amrita Khosla,VOTER-D113573,99333880176,amrita66@rediffmail.com,F,2010-02-27,Colleague,
PAS-13292,CLM-01676,Pahal,,Din,Pahal Din,VOTER-E219176,98532402635,pahal69@hotmail.com,F,2012-09-12,Friend,
PAS-13293,CLM-01676,Ronith,,Deo,Ronith Deo,VOTER-E319976,99940493000,ronith70@hotmail.com,M,1969-07-17,Colleague,
PAS-13294,CLM-01676,Saanvi,,Yohannan,Saanvi Yohannan,AADHAR-6632-1570-6672,99025486647,saanvi71@rediffmail.com,F,1963-02-28,Relative,
PAS-13295,CLM-02418,Theodore,,Patla,Theodore Patla,AADHAR-7660-4821-3850,99312063789,theodore61@gmail.com,M,1961-07-07,Relative,
PAS-13296,CLM-00656,Darpan,,Radhakrishnan,Darpan Radhakrishnan,VOTER-A920811,97528002714,darpan34@gmail.com,M,1999-08-06,Friend,
PAS-13297,CLM-00656,Triveni,,Gera,Triveni Gera,VOTER-A320789,98721913898,triveni83@gmail.com,F,1956-01-29,Relative,
PAS-13298,CLM-00656,Pranit,,Raghavan,Pranit Raghavan,AADHAR-2148-2734-4862,99762784435,pranit43@hotmail.com,M,2007-02-15,Relative,
PAS-13299,CLM-00656,Zilmil,,Chaudhuri,Zilmil Chaudhuri,AADHAR-1863-1071-3963,99217261289,zilmil35@hotmail.com,F,1984-11-16,Relative,
PAS-13300,CLM-00922,Ayushman,,Rama,Ayushman Rama,AADHAR-2746-2965-3185,97511938877,ayushman25@live.com,M,1971-11-17,Colleague,
PAS-13301,CLM-00922,Balvan,,Murty,Balvan Murty,UID-561912173907,97530729825,balvan61@outlook.co.in,M,1996-04-25,Relative,
PAS-13302,CLM-02102,Victor,,Lall,Victor Lall,VOTER-B462628,98896775663,victor27@gmail.com,M,1997-12-03,Son,MEM-12674
PAS-13303,CLM-02102,Gautam,,Manda,Gautam Manda,UID-666975569154,98661905325,gautam68@yahoo.com,M,1984-07-31,Colleague,MEM-13364
PAS-13304,CLM-01739,Charita,,Keer,Charita Keer,VOTER-D602360,98331646894,charita72@rediffmail.com,F,1962-10-14,Colleague,
PAS-13305,CLM-00879,Mitali,,Bakshi,Mitali Bakshi,UID-906375313969,99742412784,mitali14@rediffmail.com,F,1986-04-12,Son,MEM-12312
PAS-13306,CLM-00879,Champak,,Saraf,Champak Saraf,AADHAR-3648-9262-8317,99515805074,champak82@gmail.com,M,2023-08-17,Unknown,
PAS-13307,CLM-00993,Ekta,,Gulati,Ekta Gulati,VOTER-C243131,98535301849,ekta78@rediffmail.com,F,1971-11-15,Relative,
PAS-13308,CLM-00784,Jhalak,,Reddy,Jhalak Reddy,AADHAR-4464-9067-7709,97704322722,jhalak86@outlook.co.in,F,1985-09-28,Unknown,
PAS-13309,CLM-00784,Raagini,,Sachdeva,Raagini Sachdeva,AADHAR-7022-1907-1078,99085306408,raagini84@rediffmail.com,F,2016-04-22,Relative,
PAS-13310,CLM-00784,Manya,,Toor,Manya Toor,UID-983089216596,98968014940,manya92@hotmail.com,F,1982-02-23,Colleague,
PAS-13311,CLM-00784,Indrajit,,Toor,Indrajit Toor,VOTER-B348524,97539678114,indrajit74@gmail.com,M,1983-05-02,Unknown,
PAS-13312,CLM-02390,Gavin,,Madan,Gavin Madan,AADHAR-6803-5914-7444,99632939968,gavin73@outlook.co.in,M,1991-07-13,Colleague,
PAS-13313,CLM-02390,Mason,,Basak,Mason Basak,UID-822324128647,99521267342,mason23@outlook.co.in,M,2005-02-16,Friend,
PAS-13314,CLM-02390,Michael,,Mittal,Michael Mittal,UID-884752313833,99309790941,michael72@yahoo.com,M,2009-11-24,Unknown,
PAS-13315,CLM-01949,Siya,,Bali,Siya Bali,UID-328358067125,99333510454,siya27@gmail.com,F,1985-11-15,Spouse,MEM-10162
PAS-13316,CLM-01474,Matthew,,Bajwa,Matthew Bajwa,VOTER-C496954,97870247552,matthew44@gmail.com,M,2004-05-04,Relative,
PAS-13317,CLM-02125,Lekha,,Naik,Lekha Naik,AADHAR-5417-7952-2729,98472160620,lekha37@rediffmail.com,F,1972-02-13,Relative,
PAS-13318,CLM-02125,Sai,,Hegde,Sai Hegde,UID-424025986611,99072166858,sai87@hotmail.com,F,1955-03-24,Relative,
PAS-13319,CLM-00434,Praneel,,Dara,Praneel Dara,AADHAR-9580-7171-4482,98068166746,praneel59@outlook.co.in,M,1997-12-14,Parent,MEM-11060
PAS-13320,CLM-02331,Mohammed,,Dugar,Mohammed Dugar,UID-616003885600,99339023887,mohammed45@outlook.co.in,M,1977-03-28,Relative,
PAS-13321,CLM-01634,Prisha,,Mane,Prisha Mane,UID-917347060272,98881916488,prisha39@gmail.com,F,2015-08-05,Friend,
PAS-13322,CLM-01634,Tejas,,Ravi,Tejas Ravi,AADHAR-9540-2464-8650,97265771038,tejas62@gmail.com,M,2021-07-01,Unknown,
PAS-13323,CLM-01634,Kalpit,,Pandit,Kalpit Pandit,AADHAR-4916-4844-6563,98783769321,kalpit93@gmail.com,M,2023-11-13,Relative,
PAS-13324,CLM-01634,Teerth,,Ravi,Teerth Ravi,VOTER-D277690,98460632563,teerth34@gmail.com,M,1980-07-22,Colleague,
PAS-13325,CLM-02074,Watika,,Mani,Watika Mani,AADHAR-9403-1222-9545,99836402292,watika92@yahoo.com,F,2012-05-29,Friend,
PAS-13326,CLM-02074,Rishi,,Bhalla,Rishi Bhalla,VOTER-B452088,99198001763,rishi58@live.com,M,2001-12-08,Relative,
PAS-13327,CLM-02074,Isaac,,Shere,Isaac Shere,AADHAR-8112-4464-2111,98620500183,isaac65@yahoo.com,M,1967-11-18,Relative,MEM-11570
PAS-13328,CLM-02074,Faras,,Sarma,Faras Sarma,AADHAR-8184-4708-7972,99625844890,faras98@gmail.com,M,2011-05-30,Relative,
PAS-13329,CLM-00613,Fitan,,Ram,Fitan Ram,AADHAR-2053-4462-7881,97032990062,fitan72@rediffmail.com,M,2011-12-18,Friend,
PAS-13330,CLM-00613,Baljiwan,,Sengupta,Baljiwan Sengupta,AADHAR-1365-9834-2270,99764136143,baljiwan44@outlook.co.in,M,2016-03-16,Relative,
PAS-13331,CLM-00613,Eiravati,,Chander,Eiravati Chander,UID-633920205163,97212441913,eiravati36@hotmail.com,F,2021-09-05,Friend,
PAS-13332,CLM-00613,Rachita,,Oza,Rachita Oza,VOTER-E549067,97792179580,rachita71@rediffmail.com,F,1996-02-09,Colleague,
PAS-13333,CLM-02985,Logan,,Mitter,Logan Mitter,UID-486977363998,97557269279,logan66@yahoo.com,M,1995-09-02,Friend,
PAS-13334,CLM-02985,Qabil,,Chakrabarti,Qabil Chakrabarti,UID-315474943045,97607664792,qabil95@live.com,M,2015-08-02,Relative,
PAS-13335,CLM-02985,Gopal,,Pai,Gopal Pai,VOTER-E611868,99450231478,gopal11@rediffmail.com,M,1978-06-27,Colleague,MEM-11322
PAS-13336,CLM-02985,Yatan,,Sharma,Yatan Sharma,AADHAR-8071-6344-2682,97656502163,yatan38@rediffmail.com,M,1957-11-04,Colleague,
PAS-13337,CLM-02476,Advaith,,Koshy,Advaith Koshy,AADHAR-2106-7059-3588,99141756595,advaith97@outlook.co.in,M,1995-03-13,Relative,
PAS-13338,CLM-02476,Saanvi,,Dada,Saanvi Dada,UID-555469408281,97045722892,saanvi84@rediffmail.com,F,1989-04-21,Colleague,MEM-12177
PAS-13339,CLM-01691,Amara,,Garde,Amara Garde,VOTER-B516856,99688057546,amara81@live.com,F,1998-03-05,Relative,
PAS-13340,CLM-01691,Aayush,,Bala,Aayush Bala,UID-864134299990,98769255467,aayush32@gmail.com,M,1996-09-20,Son,MEM-10093
PAS-13341,CLM-01691,Janaki,,Sastry,Janaki Sastry,UID-715403989195,98233618691,janaki43@hotmail.com,F,1988-10-11,Colleague,
PAS-13342,CLM-01823,Neelima,,Mohanty,Neelima Mohanty,UID-557679811736,98129586205,neelima29@hotmail.com,F,2003-10-13,Friend,
PAS-13343,CLM-02974,Ishani,,Yohannan,Ishani Yohannan,UID-538933478508,97284244903,ishani10@yahoo.com,F,2013-10-26,Unknown,
PAS-13344,CLM-02974,Xiti,,Ahuja,Xiti Ahuja,UID-848632335171,97113696786,xiti87@outlook.co.in,F,2006-01-18,Son,MEM-10555
PAS-13345,CLM-01710,Forum,,Borra,Forum Borra,UID-735611156224,98129004069,forum40@live.com,F,1965-06-23,Relative,
PAS-13346,CLM-01710,Rohan,,Basak,Rohan Basak,VOTER-D216882,97759415068,rohan29@hotmail.com,M,1962-09-11,Relative,
PAS-13347,CLM-01710,Chaitaly,,Pillai,Chaitaly Pillai,VOTER-A380681,98496577328,chaitaly71@outlook.co.in,F,1957-05-13,Unknown,
PAS-13348,CLM-02501,Ati,,Randhawa,Ati Randhawa,AADHAR-8153-1169-1975,99708658467,ati58@yahoo.com,F,1988-01-14,Relative,
PAS-13349,CLM-01174,Unnati,,Murty,Unnati Murty,AADHAR-7675-2033-6291,99240069319,unnati24@hotmail.com,F,1996-12-21,Colleague,
PAS-13350,CLM-01174,Amol,,Rajagopalan,Amol Rajagopalan,UID-651644160225,99103649351,amol10@hotmail.com,M,1991-03-30,Relative,
PAS-13351,CLM-01174,Gautami,,Krishna,Gautami Krishna,AADHAR-5554-7247-5654,99036901960,gautami84@live.com,F,2002-07-03,Unknown,
PAS-13352,CLM-01717,Qushi,,Mann,Qushi Mann,AADHAR-6235-5236-2889,97253004937,qushi65@outlook.co.in,F,1979-09-10,Colleague,
PAS-13353,CLM-01717,Sanya,,Shankar,Sanya Shankar,VOTER-B647040,99291517558,sanya62@yahoo.com,F,2003-04-03,Unknown,
PAS-13354,CLM-00316,Hiral,,Tank,Hiral Tank,VOTER-B654666,97817304670,hiral79@live.com,F,2023-09-29,Colleague,
PAS-13355,CLM-00316,Nandini,,Pandya,Nandini Pandya,VOTER-A357811,99508787365,nandini42@gmail.com,F,2023-09-21,Unknown,
PAS-13356,CLM-00316,Zarna,,Palan,Zarna Palan,VOTER-D638399,99141182995,zarna12@outlook.co.in,F,1981-06-03,Relative,MEM-11738
PAS-13357,CLM-00571,William,,Karan,William Karan,VOTER-C722283,98359793071,william37@live.com,M,1987-01-10,Friend,
PAS-13358,CLM-00571,Gaurav,,Chadha,Gaurav Chadha,AADHAR-1370-8052-5412,98024019445,gaurav27@yahoo.com,M,1966-06-03,Relative,
PAS-13359,CLM-00571,Vasudha,,Yadav,Vasudha Yadav,UID-252215632788,97087121241,vasudha47@yahoo.com,F,2002-10-28,Colleague,
PAS-13360,CLM-00292,Gunbir,,Sankaran,Gunbir Sankaran,AADHAR-9502-5192-4567,99365286147,gunbir20@live.com,M,1976-12-29,Colleague,
PAS-13361,CLM-00292,Agastya,,Shere,Agastya Shere,UID-698402708650,97040144073,agastya77@live.com,M,1995-05-20,Colleague,
PAS-13362,CLM-01246,Darika,,Bhatia,Darika Bhatia,AADHAR-9566-4452-9297,99305754650,darika16@yahoo.com,F,1978-05-29,Friend,
PAS-13363,CLM-01246,Qarin,,Mani,Qarin Mani,UID-704275515031,97352235757,qarin88@rediffmail.com,M,2011-11-16,Colleague,
PAS-13364,CLM-00608,George,,Goyal,George Goyal,UID-462782621635,99625157937,george47@yahoo.com,M,1971-09-02,Son,MEM-10711
PAS-13365,CLM-00962,Ijaya,,Bandi,Ijaya Bandi,AADHAR-5416-6568-9604,97542545254,ijaya16@gmail.com,F,1990-01-15,Relative,
PAS-13366,CLM-00962,Chatresh,,Choudhary,Chatresh Choudhary,UID-435292096911,98305182429,chatresh74@gmail.com,M,1974-11-08,Unknown,
PAS-13367,CLM-00962,Jeremiah,,Kanda,Jeremiah Kanda,VOTER-C475976,99003274255,jeremiah56@gmail.com,M,2006-01-18,Colleague,
PAS-13368,CLM-02852,Mohammed,,Pradhan,Mohammed Pradhan,VOTER-D333185,99500940181,mohammed14@live.com,M,2015-06-16,Friend,
PAS-13369,CLM-02852,Harsh,,Dhingra,Harsh Dhingra,VOTER-A592668,97109891149,harsh93@outlook.co.in,M,2022-07-29,Relative,
PAS-13370,CLM-02852,Robert,,Sharaf,Robert Sharaf,VOTER-A114100,99847904347,robert64@yahoo.com,M,2009-10-13,Friend,
PAS-13371,CLM-01333,Madhav,,Gaba,Madhav Gaba,VOTER-B668453,98713357518,madhav27@live.com,M,2014-08-28,Friend,
PAS-13372,CLM-02693,Brijesh,,Prabhakar,Brijesh Prabhakar,UID-467822055358,97356663203,brijesh21@outlook.co.in,M,1996-06-19,Friend,
PAS-13373,CLM-00824,Rachana,,Reddy,Rachana Reddy,VOTER-C190688,98697623569,rachana86@rediffmail.com,F,2019-08-20,Relative,
PAS-13374,CLM-01481,Tristan,,Cheema,Tristan Cheema,AADHAR-5612-7286-9350,99633593416,tristan66@outlook.co.in,M,1966-07-23,Friend,
PAS-13375,CLM-02400,Aishani,,Anne,Aishani Anne,UID-273990711378,99691535180,aishani45@live.com,F,1965-01-16,Relative,MEM-10303
PAS-13376,CLM-02400,Zarna,,Sarma,Zarna Sarma,VOTER-E902262,98770116469,zarna89@live.com,F,1980-07-26,Relative,
PAS-13377,CLM-02400,Dev,,Thaker,Dev Thaker,VOTER-A431585,99568023254,dev33@yahoo.com,M,1965-05-01,Colleague,
PAS-13378,CLM-02122,Tarak,,Narayan,Tarak Narayan,VOTER-A131360,97533072751,tarak55@outlook.co.in,M,2007-09-16,Friend,
PAS-13379,CLM-02122,Unni,,Dhawan,Unni Dhawan,UID-921687030758,97504765321,unni72@hotmail.com,F,1980-05-10,Relative,
PAS-13380,CLM-02249,Bhavani,,Halder,Bhavani Halder,UID-436920252013,97214488340,bhavani18@yahoo.com,F,2002-12-29,Colleague,
PAS-13381,CLM-02362,Pooja,,Saxena,Pooja Saxena,VOTER-E958868,98079680135,pooja82@gmail.com,F,1978-01-30,Unknown,
PAS-13382,CLM-02362,Rishi,,Shan,Rishi Shan,UID-634900351493,99191000332,rishi25@gmail.com,M,1994-09-26,Relative,
PAS-13383,CLM-02362,Omkaar,,Randhawa,Omkaar Randhawa,UID-611867469425,98022936580,omkaar82@live.com,M,2011-01-15,Friend,
PAS-13384,CLM-02362,Tanmayi,,Pandey,Tanmayi Pandey,AADHAR-6686-9273-4760,99707775594,tanmayi39@outlook.co.in,F,2000-12-25,Relative,
PAS-13385,CLM-00847,Rohan,,Kala,Rohan Kala,UID-965089157013,98492837362,rohan67@outlook.co.in,M,2001-08-08,Friend,
PAS-13386,CLM-00847,Saumya,,Lal,Saumya Lal,AADHAR-3344-4657-5945,97644436876,saumya84@gmail.com,F,1999-01-08,Unknown,
PAS-13387,CLM-00847,Abha,,Mitter,Abha Mitter,AADHAR-4695-3729-1983,98196032130,abha47@yahoo.com,F,1980-04-08,Parent,MEM-12362
PAS-13388,CLM-00847,Aahana,,Wason,Aahana Wason,VOTER-B900873,98753386775,aahana44@yahoo.com,F,1961-03-06,Relative,
PAS-13389,CLM-00106,Advay,,Singhal,Advay Singhal,UID-826593542208,97292978118,advay38@outlook.co.in,M,1998-09-22,Friend,
PAS-13390,CLM-00106,Deepa,,Sami,Deepa Sami,VOTER-E254528,98230489161,deepa36@rediffmail.com,F,1998-03-20,Friend,
PAS-13391,CLM-00106,Ikbal,,Chada,Ikbal Chada,AADHAR-9275-5251-4303,97604414043,ikbal34@outlook.co.in,M,1988-01-27,Colleague,
PAS-13392,CLM-00269,Lakshit,,Sridhar,Lakshit Sridhar,UID-237125051441,98888341894,lakshit87@outlook.co.in,M,1988-12-09,Colleague,MEM-12344
PAS-13393,CLM-02777,Logan,,Sampath,Logan Sampath,AADHAR-2587-2118-2055,97536989450,logan36@rediffmail.com,M,1980-11-23,Friend,MEM-10820
PAS-13394,CLM-02777,Akshay,,Shankar,Akshay Shankar,AADHAR-8680-2565-8300,97606122381,akshay51@yahoo.com,M,2007-07-05,Relative,
PAS-13395,CLM-00196,Advik,,Gokhale,Advik Gokhale,UID-643637208258,98533708241,advik45@rediffmail.com,M,1956-06-29,Colleague,
PAS-13396,CLM-00196,Rachana,,Gill,Rachana Gill,UID-140423720717,98393320890,rachana54@rediffmail.com,F,2001-09-24,Unknown,
PAS-13397,CLM-00196,Adweta,,Dave,Adweta Dave,AADHAR-9215-1211-5534,97536827849,adweta13@yahoo.com,F,2010-03-16,Unknown,
PAS-13398,CLM-00598,Saumya,,Kapoor,Saumya Kapoor,VOTER-C440974,98375038192,saumya54@rediffmail.com,F,2021-07-12,Relative,
PAS-13399,CLM-00598,Megha,,Vala,Megha Vala,UID-872119227746,98245574542,megha84@rediffmail.com,F,2011-12-16,Unknown,
PAS-13400,CLM-00598,Janya,,Sinha,Janya Sinha,UID-916251013430,97642454888,janya92@live.com,F,1971-08-04,Unknown,
PAS-13401,CLM-02145,Anya,,Sharma,Anya Sharma,AADHAR-2836-2741-8787,99871574224,anya20@live.com,F,2015-11-07,Friend,
PAS-13402,CLM-02145,Tanmayi,,Dubey,Tanmayi Dubey,AADHAR-9736-3072-3192,98163987987,tanmayi92@live.com,F,1973-09-10,Colleague,
PAS-13403,CLM-02145,Avi,,Pall,Avi Pall,UID-505010441777,97556881313,avi81@gmail.com,M,1995-02-21,Colleague,
PAS-13404,CLM-00329,Fiyaz,,Deshpande,Fiyaz Deshpande,UID-774632925718,98024735068,fiyaz42@yahoo.com,M,1972-08-29,Unknown,
PAS-13405,CLM-00329,Radhika,,Wagle,Radhika Wagle,AADHAR-3673-3358-8670,98944926517,radhika52@gmail.com,F,2018-06-10,Unknown,
PAS-13406,CLM-00329,Bachittar,,Acharya,Bachittar Acharya,VOTER-E930599,98345817908,bachittar68@gmail.com,M,2002-06-16,Friend,
PAS-13407,CLM-01228,Osha,,Butala,Osha Butala,UID-441192087155,99104924543,osha52@gmail.com,F,1995-11-01,Relative,
PAS-13408,CLM-01228,Onveer,,Trivedi,Onveer Trivedi,VOTER-D140279,99175377691,onveer49@yahoo.com,M,1964-05-26,Parent,MEM-10209
PAS-13409,CLM-01228,Bakhshi,,Bumb,Bakhshi Bumb,AADHAR-1303-8766-3314,97697426465,bakhshi47@live.com,M,1998-12-19,Unknown,
PAS-13410,CLM-01228,Pavani,,Balasubramanian,Pavani Balasubramanian,UID-318091045201,98862909186,pavani82@hotmail.com,F,2007-10-16,Son,MEM-10703
PAS-13411,CLM-01929,Girindra,,Upadhyay,Girindra Upadhyay,AADHAR-9398-9013-6976,99325258222,girindra42@live.com,M,1996-09-18,Relative,
PAS-13412,CLM-01929,Anusha,,Kapur,Anusha Kapur,UID-957026964794,99079081990,anusha79@rediffmail.com,F,1993-08-11,Unknown,
PAS-13413,CLM-02853,Amara,,Bail,Amara Bail,AADHAR-5846-6415-8745,98393022988,amara33@hotmail.com,F,1960-03-02,Unknown,
PAS-13414,CLM-02853,Vaishnavi,,Barman,Vaishnavi Barman,UID-801321817304,99491615802,vaishnavi85@rediffmail.com,F,1975-09-03,Unknown,
PAS-13415,CLM-02853,Shivani,,Mukhopadhyay,Shivani Mukhopadhyay,UID-184495659373,99430750373,shivani19@gmail.com,F,1997-02-25,Spouse,MEM-13439
PAS-13416,CLM-02853,Meghana,,Pradhan,Meghana Pradhan,UID-583522189044,97215827688,meghana90@hotmail.com,F,1960-06-24,Spouse,MEM-12326
PAS-13417,CLM-00712,Samarth,,Srinivasan,Samarth Srinivasan,AADHAR-3580-5849-8928,98831561812,samarth50@gmail.com,M,1990-11-05,Relative,
PAS-13418,CLM-02636,Anya,,Sahota,Anya Sahota,AADHAR-5446-6585-2179,97559393227,anya26@yahoo.com,F,2000-05-30,Parent,MEM-10947
PAS-13419,CLM-02636,Charan,,Lall,Charan Lall,UID-941254990910,99071795381,charan30@hotmail.com,M,2005-07-01,Spouse,MEM-11830
PAS-13420,CLM-02560,Aarnav,,Bala,Aarnav Bala,UID-980414363052,99197080366,aarnav64@outlook.co.in,M,1979-06-04,Relative,
PAS-13421,CLM-00745,Ati,,Rajagopalan,Ati Rajagopalan,UID-359086357211,99220942237,ati91@live.com,F,1971-02-13,Friend,
PAS-13422,CLM-00745,Rachana,,Soni,Rachana Soni,AADHAR-6588-3886-5079,97007186556,rachana73@gmail.com,F,1990-12-18,Friend,
PAS-13423,CLM-02515,Chatura,,Manne,Chatura Manne,VOTER-C125387,98780516045,chatura96@rediffmail.com,M,1992-11-21,Daughter,MEM-10937
PAS-13424,CLM-02515,Netra,,Datta,Netra Datta,VOTER-C408751,98025975345,netra11@outlook.co.in,F,1999-04-03,Parent,MEM-10044
PAS-13425,CLM-02515,Ishwar,,Yadav,Ishwar Yadav,UID-632416767844,97826394200,ishwar88@yahoo.com,M,1967-08-06,Unknown,
PAS-13426,CLM-02515,Ekanta,,Char,Ekanta Char,UID-210556949244,97793041423,ekanta47@gmail.com,F,1963-06-26,Spouse,MEM-11734
PAS-13427,CLM-01181,Wridesh,,Bora,Wridesh Bora,VOTER-D165091,99030386592,wridesh81@outlook.co.in,M,1979-08-25,Relative,
PAS-13428,CLM-01533,Charles,,Karan,Charles Karan,VOTER-C710393,99584016359,charles73@yahoo.com,M,2019-01-28,Friend,
PAS-13429,CLM-01533,Nitesh,,Som,Nitesh Som,AADHAR-8403-6715-7849,99986401602,nitesh19@hotmail.com,M,1978-04-15,Friend,
PAS-13430,CLM-01686,Gaurav,,Chander,Gaurav Chander,AADHAR-5825-4737-4095,98342394510,gaurav36@rediffmail.com,M,1977-07-22,Relative,
PAS-13431,CLM-01686,Diya,,Gopal,Diya Gopal,AADHAR-9159-6160-7774,99968078910,diya53@hotmail.com,F,2005-07-27,Colleague,
PAS-13432,CLM-01686,Samarth,,Uppal,Samarth Uppal,VOTER-B617782,99884807518,samarth86@hotmail.com,M,1958-03-15,Relative,
PAS-13433,CLM-01686,Jai,,Chaudry,Jai Chaudry,VOTER-D307394,98443117549,jai43@live.com,M,1964-05-30,Parent,MEM-10601
PAS-13434,CLM-01161,Unni,,Raman,Unni Raman,UID-681695116254,97883131525,unni66@hotmail.com,F,1967-11-09,Unknown,
PAS-13435,CLM-01161,Yashasvi,,Oak,Yashasvi Oak,VOTER-B190711,98542556905,yashasvi68@rediffmail.com,F,1959-07-20,Unknown,
PAS-13436,CLM-01161,Elijah,,Mukhopadhyay,Elijah Mukhopadhyay,UID-561296593114,97075011037,elijah98@rediffmail.com,M,2019-12-10,Unknown,
PAS-13437,CLM-02956,Daniel,,Munshi,Daniel Munshi,UID-277312313001,97496786241,daniel60@hotmail.com,M,1972-11-13,Unknown,
PAS-13438,CLM-00551,Lekha,,Parekh,Lekha Parekh,VOTER-B388902,99533311049,lekha74@rediffmail.com,F,2006-12-12,Friend,MEM-10244
PAS-13439,CLM-00551,Anjali,,Acharya,Anjali Acharya,AADHAR-1319-8961-6876,98614830251,anjali45@rediffmail.com,F,1998-11-26,Spouse,MEM-10582
PAS-13440,CLM-01282,Gunbir,,Dash,Gunbir Dash,VOTER-C244064,99080903732,gunbir64@live.com,M,1990-08-31,Relative,MEM-12889
PAS-13441,CLM-00317,Krishna,,Vohra,Krishna Vohra,VOTER-D833705,99855994574,krishna40@gmail.com,F,1955-11-16,Relative,
PAS-13442,CLM-00317,Anay,,Ramachandran,Anay Ramachandran,VOTER-B292255,97992494537,anay54@rediffmail.com,M,2001-03-05,Friend,
PAS-13443,CLM-00317,Atharv,,Mitra,Atharv Mitra,VOTER-A413312,97561590410,atharv57@hotmail.com,M,2017-11-16,Unknown,
PAS-13444,CLM-00317,Odika,,Chaudry,Odika Chaudry,UID-795095468831,99351130992,odika38@rediffmail.com,F,1982-04-16,Unknown,
PAS-13445,CLM-00560,Vivaan,,Sharma,Vivaan Sharma,UID-861570895951,97886988029,vivaan18@yahoo.com,M,1968-10-20,Son,MEM-10260
PAS-13446,CLM-00560,Arya,,Garde,Arya Garde,VOTER-B201513,97825774491,arya57@live.com,F,1971-06-03,Colleague,MEM-13167
PAS-13447,CLM-00560,Dakshesh,,Ray,Dakshesh Ray,UID-991089303526,97250167491,dakshesh83@rediffmail.com,M,1980-04-08,Daughter,MEM-13087
PAS-13448,CLM-00218,Ria,,Ramakrishnan,Ria Ramakrishnan,UID-472219525010,97751725530,ria42@live.com,F,2024-05-05,Friend,
PAS-13449,CLM-00218,Farhan,,Dubey,Farhan Dubey,VOTER-D596491,99013280769,farhan11@yahoo.com,M,1993-10-24,Relative,
PAS-13450,CLM-00218,Omya,,Bumb,Omya Bumb,UID-521443938600,98295712571,omya38@rediffmail.com,F,1992-10-11,Friend,
PAS-13451,CLM-02545,Naveen,,Bali,Naveen Bali,UID-226411004383,97522139419,naveen63@hotmail.com,M,2020-10-31,Relative,
PAS-13452,CLM-02545,Shravya,,Shankar,Shravya Shankar,UID-816887626713,98915081889,shravya92@rediffmail.com,F,2007-11-01,Parent,MEM-10234
PAS-13453,CLM-02545,Hemangini,,Upadhyay,Hemangini Upadhyay,VOTER-A413344,99559480713,hemangini43@hotmail.com,F,1955-06-03,Colleague,
PAS-13454,CLM-02545,Priya,,Vaidya,Priya Vaidya,VOTER-D909105,98133004831,priya94@yahoo.com,F,1956-08-21,Friend,
PAS-13455,CLM-02144,Faras,,Zachariah,Faras Zachariah,UID-960167254557,99344951502,faras78@yahoo.com,M,1993-06-24,Colleague,
PAS-13456,CLM-02808,Watika,,Gola,Watika Gola,VOTER-B234198,97565239018,watika99@rediffmail.com,F,1956-05-15,Friend,
PAS-13457,CLM-00643,Tristan,,Devi,Tristan Devi,UID-689163952813,97261453339,tristan35@gmail.com,M,2018-03-03,Unknown,
PAS-13458,CLM-00643,William,,Balay,William Balay,AADHAR-7957-2806-7150,99534695752,william44@gmail.com,M,1989-02-07,Relative,
PAS-13459,CLM-00643,Ishanvi,,Jha,Ishanvi Jha,AADHAR-4604-4857-8992,97604899775,ishanvi71@hotmail.com,F,1998-03-06,Colleague,
PAS-13460,CLM-00038,Urvi,,Choudhury,Urvi Choudhury,UID-615077829756,97090499250,urvi85@yahoo.com,F,1956-12-29,Relative,
PAS-13461,CLM-00038,Pallavi,,Chatterjee,Pallavi Chatterjee,AADHAR-5623-9003-9289,99095650420,pallavi98@rediffmail.com,F,1991-01-24,Relative,
PAS-13462,CLM-00030,Arya,,Ramachandran,Arya Ramachandran,VOTER-A518780,97045321622,arya64@rediffmail.com,F,1975-03-25,Friend,
PAS-13463,CLM-00030,Nidra,,Dey,Nidra Dey,UID-665090757178,98480422345,nidra29@hotmail.com,F,1988-04-23,Relative,
PAS-13464,CLM-00030,Zaitra,,Talwar,Zaitra Talwar,AADHAR-5008-4615-3182,98837463097,zaitra98@live.com,F,2012-09-09,Friend,
PAS-13465,CLM-00030,Damyanti,,Dyal,Damyanti Dyal,VOTER-C881241,99556452910,damyanti88@gmail.com,F,1997-04-08,Son,MEM-12256
PAS-13466,CLM-00819,Janaki,,Palla,Janaki Palla,AADHAR-5682-8486-8245,99441172555,janaki58@rediffmail.com,F,2009-03-08,Relative,
PAS-13467,CLM-01290,Leena,,Wadhwa,Leena Wadhwa,UID-515871565234,99792997729,leena90@hotmail.com,F,1974-02-17,Friend,
PAS-13468,CLM-02604,Dakshesh,,Prabhu,Dakshesh Prabhu,VOTER-C697258,97608275612,dakshesh23@live.com,M,1960-09-02,Unknown,
PAS-13469,CLM-02604,Vedant,,Puri,Vedant Puri,UID-229016816173,97092605481,vedant74@live.com,M,1980-03-06,Colleague,
PAS-13470,CLM-02604,Ubika,,Guha,Ubika Guha,AADHAR-5296-7052-1068,98181437454,ubika44@rediffmail.com,F,1988-05-20,Colleague,
PAS-13471,CLM-02604,Finn,,Brar,Finn Brar,AADHAR-4358-1507-6167,98561255683,finn46@yahoo.com,M,1987-08-25,Friend,
PAS-13472,CLM-01742,Nidhi,,Varty,Nidhi Varty,VOTER-B150016,97712653743,nidhi98@hotmail.com,F,1958-05-13,Relative,
PAS-13473,CLM-01742,Yashawini,,Seshadri,Yashawini Seshadri,VOTER-E489038,98225928849,yashawini51@live.com,F,2010-04-15,Unknown,
PAS-13474,CLM-01663,Qarin,,Prashad,Qarin Prashad,VOTER-A726601,98511195595,qarin61@yahoo.com,M,1973-03-08,Spouse,MEM-13336
PAS-13475,CLM-02444,Hemang,,Nagi,Hemang Nagi,VOTER-E886199,97517556775,hemang20@gmail.com,M,1970-12-04,Colleague,
PAS-13476,CLM-02444,Neha,,Kari,Neha Kari,VOTER-E447012,99373572964,neha36@hotmail.com,F,1968-05-29,Colleague,
PAS-13477,CLM-02444,Prisha,,Gola,Prisha Gola,VOTER-E762424,97731801423,prisha56@outlook.co.in,F,1982-06-15,Friend,
PAS-13478,CLM-00642,Avni,,Sarma,Avni Sarma,UID-252231716492,98529960792,avni97@hotmail.com,F,1986-01-05,Colleague,
PAS-13479,CLM-00642,Ayush,,Gandhi,Ayush Gandhi,AADHAR-7498-6329-8134,99988181253,ayush71@rediffmail.com,M,2015-01-16,Friend,
PAS-13480,CLM-00642,Anya,,Savant,Anya Savant,AADHAR-3226-2519-7213,98667659579,anya19@outlook.co.in,F,1973-09-20,Friend,
PAS-13481,CLM-00642,Darsh,,Suri,Darsh Suri,AADHAR-7141-6158-5599,99401087933,darsh67@live.com,M,2002-07-31,Unknown,
PAS-13482,CLM-02220,Yauvani,,Naidu,Yauvani Naidu,UID-639308173990,97331180346,yauvani84@gmail.com,F,1976-08-04,Relative,
PAS-13483,CLM-02220,Theodore,,Dar,Theodore Dar,VOTER-C637307,99314901441,theodore85@yahoo.com,M,2019-10-29,Colleague,
PAS-13484,CLM-02220,Ikbal,,Yohannan,Ikbal Yohannan,AADHAR-7331-2578-3541,97221708712,ikbal28@outlook.co.in,M,2012-04-25,Friend,
PAS-13485,CLM-01651,Falan,,Narasimhan,Falan Narasimhan,UID-998317844357,99802130841,falan24@gmail.com,M,1983-01-06,Colleague,
PAS-13486,CLM-01254,Chatresh,,Khatri,Chatresh Khatri,VOTER-D639973,97911733523,chatresh89@gmail.com,M,1974-03-06,Friend,
PAS-13487,CLM-01254,Eiravati,,Behl,Eiravati Behl,VOTER-A216058,98145284294,eiravati84@outlook.co.in,F,2017-09-28,Relative,
PAS-13488,CLM-01254,Udant,,Kohli,Udant Kohli,AADHAR-9494-8578-8421,98434003146,udant78@live.com,M,1956-08-07,Unknown,
PAS-13489,CLM-01730,Rajeshri,,Tandon,Rajeshri Tandon,VOTER-A909949,99264397551,rajeshri70@gmail.com,F,1995-10-15,Unknown,
PAS-13490,CLM-01162,Leela,,Sharma,Leela Sharma,UID-684432267303,99072505976,leela18@hotmail.com,F,1955-05-15,Unknown,
PAS-13491,CLM-02843,Pratyush,,Hayer,Pratyush Hayer,UID-266432414996,99383269069,pratyush28@gmail.com,M,2008-03-23,Friend,
PAS-13492,CLM-02268,Warhi,,Sawhney,Warhi Sawhney,AADHAR-6405-9545-4042,98066103803,warhi21@hotmail.com,F,1970-11-05,Friend,
PAS-13493,CLM-02268,Zaid,,Sama,Zaid Sama,UID-181750269127,99408668875,zaid14@outlook.co.in,M,1966-11-26,Colleague,
PAS-13494,CLM-02268,Atharv,,Puri,Atharv Puri,AADHAR-7346-2512-5936,99730399340,atharv67@yahoo.com,M,1992-10-08,Relative,MEM-11634
PAS-13495,CLM-02481,Zarna,,Oak,Zarna Oak,UID-531126031457,97595541507,zarna37@outlook.co.in,F,1989-01-25,Friend,
PAS-13496,CLM-02481,Upadhriti,,Sandal,Upadhriti Sandal,AADHAR-7088-3342-9678,97269893911,upadhriti79@hotmail.com,F,2010-04-23,Relative,
PAS-13497,CLM-02481,Jatin,,Bal,Jatin Bal,VOTER-C657591,98673401521,jatin92@live.com,M,1964-02-25,Unknown,
PAS-13498,CLM-02481,Nilima,,Mohanty,Nilima Mohanty,AADHAR-6736-7960-7704,98692349508,nilima55@hotmail.com,F,1972-07-13,Colleague,
PAS-13499,CLM-00652,Oni,,Bhatti,Oni Bhatti,UID-361176777121,99959676484,oni95@rediffmail.com,F,1959-02-13,Relative,
PAS-13500,CLM-00652,Aarna,,Kapadia,Aarna Kapadia,AADHAR-5035-4458-3254,97654798941,aarna11@outlook.co.in,F,2023-09-15,Unknown,
PAS-13501,CLM-00652,Nicholas,,Mani,Nicholas Mani,AADHAR-9082-7577-4893,99754344853,nicholas48@hotmail.com,M,1982-03-31,Relative,MEM-13453
PAS-13502,CLM-00652,Bhavna,,Koshy,Bhavna Koshy,UID-963209763238,99015237740,bhavna65@live.com,F,1957-06-27,Friend,
PAS-13503,CLM-00558,Balendra,,Murthy,Balendra Murthy,UID-990298401120,99492228061,balendra84@yahoo.com,M,2000-11-15,Relative,
PAS-13504,CLM-00558,Keya,,Gera,Keya Gera,AADHAR-9166-7142-8185,99824638374,keya52@outlook.co.in,F,1994-07-04,Daughter,MEM-12781
PAS-13505,CLM-00186,Nidra,,Dayal,Nidra Dayal,UID-840149130879,98900335495,nidra66@yahoo.com,F,1983-08-24,Unknown,
PAS-13506,CLM-00186,Charles,,Krish,Charles Krish,UID-354789372675,99217008961,charles76@rediffmail.com,M,1983-03-05,Relative,
PAS-13507,CLM-02795,Anamika,,Krish,Anamika Krish,VOTER-C627166,98763404077,anamika13@hotmail.com,F,1961-08-26,Friend,MEM-11913
PAS-13508,CLM-02795,Nihal,,Sen,Nihal Sen,VOTER-B117983,99180873564,nihal91@yahoo.com,M,1989-10-30,Unknown,
PAS-13509,CLM-02795,Lavanya,,Hora,Lavanya Hora,AADHAR-8996-9083-1889,98985407383,lavanya73@rediffmail.com,F,1991-03-26,Friend,
PAS-13510,CLM-02795,Mohammed,,Guha,Mohammed Guha,AADHAR-9287-1838-7479,98464099672,mohammed19@live.com,M,1969-07-28,Friend,
PAS-13511,CLM-01150,Vedant,,Singh,Vedant Singh,UID-931019764372,98300577940,vedant17@rediffmail.com,M,1969-01-31,Colleague,
PAS-13512,CLM-00390,Jack,,Sanghvi,Jack Sanghvi,VOTER-B285444,99080517128,jack37@rediffmail.com,M,1986-04-26,Colleague,
PAS-13513,CLM-00390,Wahab,,Mangat,Wahab Mangat,VOTER-E688336,99895799709,wahab46@hotmail.com,M,1968-10-10,Son,MEM-13378
PAS-13514,CLM-00390,Chaaya,,Dhar,Chaaya Dhar,UID-223182676973,99175559598,chaaya57@live.com,F,1976-07-12,Unknown,
PAS-13515,CLM-00390,Vihaan,,Kara,Vihaan Kara,UID-435224420152,99664216424,vihaan86@outlook.co.in,M,1986-09-29,Friend,
PAS-13516,CLM-02195,Chandran,,Mittal,Chandran Mittal,AADHAR-9739-9978-2660,99962702913,chandran73@rediffmail.com,M,2014-08-09,Colleague,
PAS-13517,CLM-02195,Odika,,Kohli,Odika Kohli,UID-894456001211,97667233098,odika35@hotmail.com,F,2020-04-28,Friend,
PAS-13518,CLM-02195,Amrita,,Bumb,Amrita Bumb,UID-566644237123,98012991610,amrita77@gmail.com,F,1955-01-25,Unknown,
PAS-13519,CLM-02195,Jeevika,,Devan,Jeevika Devan,AADHAR-3136-1615-5093,99004845366,jeevika28@yahoo.com,F,1987-07-15,Unknown,
PAS-13520,CLM-00955,Vyanjana,,Menon,Vyanjana Menon,VOTER-E369075,98537879891,vyanjana33@live.com,F,1965-03-31,Relative,
PAS-13521,CLM-00955,Jason,,Chhabra,Jason Chhabra,VOTER-A497106,98590941693,jason49@hotmail.com,M,1991-01-03,Colleague,
PAS-13522,CLM-02961,Yochana,,Kumar,Yochana Kumar,VOTER-A154921,97190280078,yochana66@yahoo.com,F,2017-09-05,Unknown,
PAS-13523,CLM-02961,Zaitra,,Bahl,Zaitra Bahl,VOTER-C276733,98544066778,zaitra43@outlook.co.in,F,2014-06-21,Friend,
PAS-13524,CLM-01087,Zaid,,Prakash,Zaid Prakash,UID-166910233642,97454150876,zaid81@gmail.com,M,1977-05-14,Son,MEM-12223
PAS-13525,CLM-01926,Dipta,,Dani,Dipta Dani,UID-815156428910,98140163283,dipta34@rediffmail.com,F,1998-10-31,Colleague,MEM-11795
PAS-13526,CLM-01926,Yuvraj,,Kar,Yuvraj Kar,AADHAR-3851-2491-5870,99746294236,yuvraj13@gmail.com,M,2011-09-07,Unknown,
PAS-13527,CLM-01926,Liam,,Dixit,Liam Dixit,UID-774130158669,98710951232,liam53@live.com,M,1979-03-23,Colleague,MEM-11757
PAS-13528,CLM-01926,Lopa,,Srivastava,Lopa Srivastava,UID-687723500187,99292413012,lopa77@rediffmail.com,F,1998-12-09,Friend,
PAS-13529,CLM-01574,Ekansh,,Pandit,Ekansh Pandit,UID-278347320004,97585234693,ekansh57@yahoo.com,M,1975-08-05,Parent,MEM-13161
PAS-13530,CLM-01920,Vrinda,,Dalal,Vrinda Dalal,UID-382774660426,99731086774,vrinda37@gmail.com,F,1998-06-22,Relative,
PAS-13531,CLM-00546,Gaurang,,Chatterjee,Gaurang Chatterjee,VOTER-A145562,99354192602,gaurang32@gmail.com,M,1999-09-19,Colleague,
PAS-13532,CLM-00546,Chaman,,Raman,Chaman Raman,UID-241575483476,97011920326,chaman73@hotmail.com,F,1961-09-19,Parent,MEM-10388
PAS-13533,CLM-00546,Neha,,Kakar,Neha Kakar,AADHAR-1647-4178-2821,99222055251,neha58@live.com,F,1998-11-23,Relative,
PAS-13534,CLM-00583,Adya,,Dugar,Adya Dugar,AADHAR-6326-9789-1341,98672663746,adya69@live.com,F,1969-11-30,Relative,
PAS-13535,CLM-00583,Daniel,,Sidhu,Daniel Sidhu,AADHAR-5463-4658-1247,98726509903,daniel86@outlook.co.in,M,1984-10-17,Friend,
PAS-13536,CLM-00583,Omkaar,,Kant,Omkaar Kant,AADHAR-6641-7047-6142,99927973098,omkaar84@yahoo.com,M,1958-09-29,Unknown,
PAS-13537,CLM-00583,Anjali,,Jayaraman,Anjali Jayaraman,VOTER-E713678,99693184169,anjali20@yahoo.com,F,2022-02-03,Relative,
PAS-13538,CLM-01603,Hiral,,Varma,Hiral Varma,VOTER-A647055,99621849593,hiral24@outlook.co.in,F,2020-12-29,Unknown,
PAS-13539,CLM-01603,Umang,,Agrawal,Umang Agrawal,VOTER-C385405,97844894854,umang49@rediffmail.com,M,1993-05-27,Relative,
PAS-13540,CLM-01603,Suhani,,Pandya,Suhani Pandya,AADHAR-8609-9824-5310,98790161271,suhani47@gmail.com,F,1961-12-22,Daughter,MEM-11924
PAS-13541,CLM-01603,Finn,,Misra,Finn Misra,VOTER-B741233,99540609737,finn84@hotmail.com,M,1969-09-03,Son,MEM-13310
PAS-13542,CLM-02551,Unnati,,Kunda,Unnati Kunda,VOTER-A885599,99397273744,unnati32@gmail.com,F,2020-03-15,Colleague,
PAS-13543,CLM-02551,Ishani,,Sarkar,Ishani Sarkar,AADHAR-4436-6499-3236,98723730262,ishani20@outlook.co.in,F,2003-11-12,Relative,
PAS-13544,CLM-02551,Dhruv,,Dutta,Dhruv Dutta,UID-961715476883,98988880472,dhruv19@gmail.com,M,1975-01-27,Colleague,
PAS-13545,CLM-01042,Gaurav,,Bose,Gaurav Bose,UID-851075612253,98699608154,gaurav21@gmail.com,M,2006-08-27,Colleague,
PAS-13546,CLM-01042,Wahab,,Tara,Wahab Tara,UID-289705343776,98886383657,wahab61@outlook.co.in,M,1972-08-15,Friend,
PAS-13547,CLM-01042,Gopal,,Goel,Gopal Goel,AADHAR-6942-4600-7167,97677004637,gopal56@hotmail.com,M,1998-10-05,Friend,
PAS-13548,CLM-01042,Isaiah,,Mahal,Isaiah Mahal,VOTER-D654541,97196172662,isaiah29@rediffmail.com,M,2004-11-20,Son,MEM-12527
PAS-13549,CLM-02001,Sathvik,,Mall,Sathvik Mall,UID-835645544038,99796455038,sathvik76@hotmail.com,M,1994-07-28,Friend,
PAS-13550,CLM-01956,Aishani,,Rajan,Aishani Rajan,VOTER-E915291,97926969200,aishani95@yahoo.com,F,1992-06-28,Colleague,
PAS-13551,CLM-02440,Jalsa,,Murty,Jalsa Murty,UID-262263676227,99760689932,jalsa47@yahoo.com,F,2022-09-16,Unknown,
PAS-13552,CLM-02440,Umang,,Shenoy,Umang Shenoy,AADHAR-7511-2102-9932,97002015764,umang48@live.com,M,1970-10-01,Relative,
PAS-13553,CLM-02440,Girish,,Johal,Girish Johal,AADHAR-7098-8630-3830,98239089854,girish40@gmail.com,M,1961-01-25,Unknown,
PAS-13554,CLM-01283,Daniel,,Sankar,Daniel Sankar,VOTER-D631794,97751120032,daniel20@gmail.com,M,1993-06-23,Relative,
PAS-13555,CLM-01283,Ayush,,Narang,Ayush Narang,VOTER-C781595,97664401522,ayush79@outlook.co.in,M,1966-02-25,Friend,
PAS-13556,CLM-02571,Kala,,Agate,Kala Agate,AADHAR-9021-9544-4861,99960543529,kala31@live.com,F,1992-10-11,Relative,
PAS-13557,CLM-00843,George,,Khurana,George Khurana,VOTER-E262636,97967363568,george13@live.com,M,1968-08-10,Unknown,
PAS-13558,CLM-02469,Jhalak,,Saini,Jhalak Saini,UID-914514597854,98728301233,jhalak53@hotmail.com,F,1965-02-01,Relative,MEM-10643
PAS-13559,CLM-02469,Hiral,,Mane,Hiral Mane,UID-716866743466,97996985561,hiral33@rediffmail.com,F,1989-03-23,Unknown,
PAS-13560,CLM-02469,Harrison,,Sharma,Harrison Sharma,AADHAR-5472-2798-7570,98120334320,harrison19@outlook.co.in,M,1996-05-26,Colleague,MEM-12511
PAS-13561,CLM-02469,Nihal,,Kanda,Nihal Kanda,AADHAR-6407-4719-5675,97653175837,nihal51@outlook.co.in,M,1960-05-27,Unknown,
PAS-13562,CLM-00050,Amruta,,Loke,Amruta Loke,AADHAR-3026-2187-4581,99756541845,amruta73@yahoo.com,F,1980-03-09,Relative,
PAS-13563,CLM-01169,Dalbir,,Datta,Dalbir Datta,UID-608520100377,98899861196,dalbir38@hotmail.com,M,1984-11-17,Colleague,
PAS-13564,CLM-01169,Oliver,,Nagarajan,Oliver Nagarajan,VOTER-E427518,97899126701,oliver48@yahoo.com,M,2000-04-11,Unknown,
PAS-13565,CLM-01169,Ishanvi,,Raman,Ishanvi Raman,AADHAR-2313-6000-4448,99738197417,ishanvi92@outlook.co.in,F,1969-12-09,Colleague,
PAS-13566,CLM-00463,Aashi,,Samra,Aashi Samra,UID-640638869475,98612136679,aashi55@rediffmail.com,F,2005-01-31,Unknown,
PAS-13567,CLM-00463,Joshua,,Chakraborty,Joshua Chakraborty,UID-890016552099,99400954105,joshua68@live.com,M,1975-04-23,Daughter,MEM-12857
PAS-13568,CLM-00463,Dominic,,Roy,Dominic Roy,VOTER-E291909,98567208955,dominic19@outlook.co.in,M,1961-03-02,Friend,
PAS-13569,CLM-00298,Sanya,,Mannan,Sanya Mannan,UID-777639313576,99683186411,sanya71@outlook.co.in,F,1971-11-20,Relative,
PAS-13570,CLM-02805,Hritik,,Goswami,Hritik Goswami,VOTER-C756753,97418178476,hritik28@hotmail.com,M,1975-09-18,Colleague,
PAS-13571,CLM-02805,Onveer,,Trivedi,Onveer Trivedi,AADHAR-8313-4744-1959,97431306285,onveer30@hotmail.com,M,1969-05-06,Unknown,
PAS-13572,CLM-02805,Rajeshri,,Sharaf,Rajeshri Sharaf,UID-332485830536,97306006690,rajeshri65@yahoo.com,F,1989-01-31,Colleague,
PAS-13573,CLM-02083,Sachi,,Dar,Sachi Dar,VOTER-B152704,98956535596,sachi31@live.com,F,1956-04-16,Relative,
PAS-13574,CLM-02083,Aarini,,Gokhale,Aarini Gokhale,AADHAR-5663-1092-7054,99593999794,aarini68@live.com,F,1970-02-07,Friend,
PAS-13575,CLM-02083,Upkaar,,Bal,Upkaar Bal,UID-980474981122,99705364097,upkaar78@hotmail.com,M,1967-11-09,Colleague,
PAS-13576,CLM-02595,Ekalinga,,Korpal,Ekalinga Korpal,UID-897290616269,98549447425,ekalinga32@gmail.com,M,2020-08-21,Colleague,
PAS-13577,CLM-02595,Veda,,Palla,Veda Palla,AADHAR-5552-9637-8347,98847169031,veda57@hotmail.com,F,1967-02-23,Friend,
PAS-13578,CLM-02595,Daksh,,Das,Daksh Das,VOTER-D203188,98279395618,daksh87@yahoo.com,M,1993-05-24,Relative,
PAS-13579,CLM-02457,Shivani,,Bahri,Shivani Bahri,UID-119539101049,99898644412,shivani12@hotmail.com,F,1955-01-15,Relative,
PAS-13580,CLM-02457,Banjeet,,Baria,Banjeet Baria,UID-199678713025,98296333676,banjeet24@gmail.com,M,1976-10-22,Friend,MEM-12131
PAS-13581,CLM-02466,Avni,,Palla,Avni Palla,VOTER-E977391,99597392126,avni70@hotmail.com,F,1994-12-15,Spouse,MEM-12823
PAS-13582,CLM-02466,Zashil,,Shan,Zashil Shan,UID-346174779414,98381235979,zashil31@yahoo.com,M,2004-08-27,Friend,
PAS-13583,CLM-01814,Pratyush,,Bassi,Pratyush Bassi,AADHAR-6668-4820-5160,99495327101,pratyush42@live.com,M,1974-09-03,Friend,
PAS-13584,CLM-01814,Devika,,Krishna,Devika Krishna,VOTER-A357033,97871542127,devika81@hotmail.com,F,1999-09-02,Friend,
PAS-13585,CLM-01814,Manthan,,Ganesan,Manthan Ganesan,VOTER-A983409,99436279910,manthan60@hotmail.com,M,2016-04-19,Colleague,
PAS-13586,CLM-01814,Keya,,Sagar,Keya Sagar,UID-287338480515,99915341555,keya22@hotmail.com,F,2006-01-22,Relative,MEM-10630
PAS-13587,CLM-02487,Turvi,,Dash,Turvi Dash,UID-728292590819,98157433042,turvi57@outlook.co.in,F,1983-03-22,Colleague,
PAS-13588,CLM-02487,Samuel,,Gole,Samuel Gole,AADHAR-4594-9893-1771,97764167162,samuel63@rediffmail.com,M,1977-07-16,Spouse,MEM-12473
PAS-13589,CLM-01980,Charles,,Jha,Charles Jha,VOTER-D246754,97432520024,charles11@gmail.com,M,2015-05-16,Relative,
PAS-13590,CLM-00401,Rajata,,Dey,Rajata Dey,VOTER-A976661,98294020619,rajata24@outlook.co.in,F,2000-03-21,Daughter,MEM-10994
PAS-13591,CLM-00811,Upkaar,,Dutt,Upkaar Dutt,AADHAR-1214-7486-8791,99042898855,upkaar98@live.com,M,1998-08-19,Spouse,MEM-13398
PAS-13592,CLM-01355,Devika,,Saha,Devika Saha,AADHAR-4574-7156-6314,97949892359,devika57@gmail.com,F,1987-10-13,Unknown,
PAS-13593,CLM-01355,Xavier,,Ben,Xavier Ben,UID-185382199170,98987721422,xavier17@hotmail.com,M,1987-08-14,Son,MEM-10856
PAS-13594,CLM-01641,Umang,,Hayre,Umang Hayre,AADHAR-2364-6870-4036,99441168014,umang42@gmail.com,M,2007-08-10,Colleague,MEM-11768
PAS-13595,CLM-00347,Veer,,Kumar,Veer Kumar,AADHAR-2698-6726-2102,98711077888,veer38@live.com,M,1974-09-22,Son,MEM-12957
PAS-13596,CLM-00347,Kevin,,Ghose,Kevin Ghose,UID-320183671704,97027490779,kevin92@gmail.com,M,1984-11-17,Relative,
PAS-13597,CLM-00347,Zayan,,Nagy,Zayan Nagy,AADHAR-3251-1948-1952,97125004054,zayan22@rediffmail.com,M,1959-07-20,Colleague,
PAS-13598,CLM-02949,Urmi,,Ghosh,Urmi Ghosh,AADHAR-8159-5343-9022,99306139340,urmi45@yahoo.com,F,1968-10-06,Relative,MEM-12770
PAS-13599,CLM-02949,Ekta,,Ganguly,Ekta Ganguly,AADHAR-3194-7983-8450,98315723532,ekta64@live.com,F,1974-05-03,Unknown,
PAS-13600,CLM-02949,Dalaja,,Babu,Dalaja Babu,VOTER-C802712,99275839051,dalaja22@outlook.co.in,F,2011-11-21,Unknown,
PAS-13601,CLM-01851,Aashi,,Arora,Aashi Arora,AADHAR-3536-6857-9765,98291277038,aashi30@gmail.com,F,1972-07-18,Relative,MEM-10644
PAS-13602,CLM-01187,Jagdish,,Rattan,Jagdish Rattan,VOTER-B165775,99122821868,jagdish62@rediffmail.com,M,1973-04-16,Unknown,
PAS-13603,CLM-02505,Chandani,,Gera,Chandani Gera,UID-207517463907,98257175035,chandani79@outlook.co.in,F,1985-01-10,Son,MEM-12313
PAS-13604,CLM-02505,Vedhika,,Agrawal,Vedhika Agrawal,UID-140367495906,98867150599,vedhika13@gmail.com,F,1957-08-18,Colleague,
PAS-13605,CLM-01833,David,,Das,David Das,UID-892201736747,99709460266,david73@yahoo.com,M,1996-10-01,Relative,MEM-10136
PAS-13606,CLM-01833,Rachana,,Mangat,Rachana Mangat,VOTER-E218880,97948698241,rachana36@yahoo.com,F,1966-02-12,Friend,
PAS-13607,CLM-01833,Raagini,,Trivedi,Raagini Trivedi,AADHAR-8249-6111-3517,99376661994,raagini98@rediffmail.com,F,1992-02-04,Parent,MEM-12793
PAS-13608,CLM-01217,Ijaya,,Atwal,Ijaya Atwal,AADHAR-7534-2668-3371,97781956861,ijaya29@rediffmail.com,F,2004-07-26,Friend,MEM-10927
PAS-13609,CLM-01217,Matthew,,Puri,Matthew Puri,UID-470513048719,99043049056,matthew33@live.com,M,1964-09-20,Friend,
PAS-13610,CLM-00871,Hritik,,Om,Hritik Om,VOTER-C185428,99009279460,hritik34@yahoo.com,M,1979-07-06,Unknown,
PAS-13611,CLM-00871,Vansha,,Iyengar,Vansha Iyengar,VOTER-A191206,98625913736,vansha20@gmail.com,F,1995-11-29,Colleague,
PAS-13612,CLM-00871,Tarak,,Korpal,Tarak Korpal,VOTER-C288167,99647809727,tarak51@live.com,M,2008-07-18,Colleague,
PAS-13613,CLM-00871,Dalaja,,Rattan,Dalaja Rattan,UID-443046413606,98087910574,dalaja59@outlook.co.in,F,2011-07-01,Unknown,
PAS-13614,CLM-00225,Rehaan,,Dhingra,Rehaan Dhingra,UID-610823844259,97228029877,rehaan92@hotmail.com,M,1973-04-18,Relative,
PAS-13615,CLM-01765,Jonathan,,Din,Jonathan Din,AADHAR-1338-7401-3157,99657283188,jonathan20@hotmail.com,M,2001-10-05,Relative,
PAS-13616,CLM-01765,Quincy,,Munshi,Quincy Munshi,VOTER-B855798,97980079890,quincy78@gmail.com,M,1973-07-27,Son,MEM-12608
PAS-13617,CLM-01765,Vedant,,Narain,Vedant Narain,AADHAR-4522-5245-1811,98586122523,vedant16@yahoo.com,M,1961-01-02,Relative,MEM-10624
PAS-13618,CLM-01765,Kavya,,Halder,Kavya Halder,VOTER-A775403,97825654852,kavya59@live.com,F,1981-09-16,Unknown,
PAS-13619,CLM-00158,Kalpit,,Rai,Kalpit Rai,AADHAR-7583-6400-2050,98650923672,kalpit66@gmail.com,M,2016-01-18,Relative,
PAS-13620,CLM-00158,Netra,,Deshpande,Netra Deshpande,AADHAR-7558-9243-7672,98275077089,netra80@rediffmail.com,F,2012-03-28,Relative,
PAS-13621,CLM-00158,Gaurang,,Sami,Gaurang Sami,VOTER-C350120,97635024092,gaurang39@yahoo.com,M,1997-08-01,Son,MEM-10065
PAS-13622,CLM-00158,Daniel,,Modi,Daniel Modi,AADHAR-7413-9101-2949,98993471789,daniel95@live.com,M,1971-08-04,Unknown,
PAS-13623,CLM-01995,Kevin,,Oak,Kevin Oak,UID-876282184632,99277058109,kevin93@outlook.co.in,M,1992-02-04,Parent,MEM-12480
PAS-13624,CLM-01995,Vincent,,Tak,Vincent Tak,AADHAR-1175-7543-4823,98680135209,vincent51@outlook.co.in,M,2021-04-02,Unknown,
PAS-13625,CLM-00151,Wakeeta,,Mand,Wakeeta Mand,AADHAR-6070-7942-9223,97752800266,wakeeta90@outlook.co.in,F,1966-10-15,Colleague,
PAS-13626,CLM-00151,Vritti,,Devan,Vritti Devan,VOTER-E681418,98110860074,vritti77@yahoo.com,F,1974-01-29,Unknown,
PAS-13627,CLM-00151,Saanvi,,Doctor,Saanvi Doctor,VOTER-C454421,98781127653,saanvi87@yahoo.com,F,2002-10-06,Parent,MEM-12715
PAS-13628,CLM-02958,Omya,,Bala,Omya Bala,AADHAR-3605-9363-8798,97307601793,omya47@outlook.co.in,F,2011-07-13,Unknown,
PAS-13629,CLM-02958,Divya,,Saxena,Divya Saxena,AADHAR-7416-7322-4025,97957163575,divya14@live.com,F,1974-11-14,Friend,
PAS-13630,CLM-02318,Thomas,,Suresh,Thomas Suresh,VOTER-D489247,97663782624,thomas29@yahoo.com,M,1984-02-07,Unknown,
PAS-13631,CLM-02318,Ronith,,Salvi,Ronith Salvi,AADHAR-9760-6248-2764,99132870601,ronith48@live.com,M,1965-09-04,Friend,MEM-10946
PAS-13632,CLM-02318,Jyoti,,Nazareth,Jyoti Nazareth,VOTER-D674461,98101730474,jyoti88@yahoo.com,F,2003-12-16,Parent,MEM-11845
PAS-13633,CLM-01835,Aditya,,Ravel,Aditya Ravel,AADHAR-7025-7145-5770,98865929297,aditya51@yahoo.com,M,1974-02-04,Relative,
PAS-13634,CLM-00357,Yauvani,,Barman,Yauvani Barman,AADHAR-1047-3620-5323,98341255068,yauvani36@outlook.co.in,F,2023-05-02,Friend,
PAS-13635,CLM-00357,Dhriti,,Krishna,Dhriti Krishna,VOTER-C638152,97075049055,dhriti79@rediffmail.com,F,1985-06-19,Unknown,
PAS-13636,CLM-01696,Lakshmi,,Kara,Lakshmi Kara,UID-210272063971,97452576411,lakshmi53@yahoo.com,F,2004-10-23,Friend,
PAS-13637,CLM-01696,Dominic,,Barad,Dominic Barad,AADHAR-9611-7709-7440,98912682723,dominic32@live.com,M,2003-10-31,Parent,MEM-12766
PAS-13638,CLM-01696,Adya,,Borde,Adya Borde,AADHAR-4050-3882-2989,99830224909,adya69@live.com,F,1969-11-27,Friend,MEM-11143
PAS-13639,CLM-01696,Ojas,,Dixit,Ojas Dixit,UID-887478893453,98318687046,ojas32@outlook.co.in,M,1960-03-03,Colleague,
PAS-13640,CLM-00236,Ishaan,,Sunder,Ishaan Sunder,UID-933236072754,99558936942,ishaan71@outlook.co.in,M,1966-06-03,Colleague,
PAS-13641,CLM-00236,Wakeeta,,Bhavsar,Wakeeta Bhavsar,UID-298044743898,98701106353,wakeeta16@hotmail.com,F,2010-03-17,Friend,
PAS-13642,CLM-00236,Libni,,Keer,Libni Keer,UID-639791658398,99431711760,libni43@hotmail.com,F,2018-07-26,Unknown,
PAS-13643,CLM-00236,Alka,,Chander,Alka Chander,AADHAR-3232-7819-1441,98109807005,alka17@hotmail.com,F,1986-04-26,Relative,
PAS-13644,CLM-02461,Harinakshi,,Lal,Harinakshi Lal,UID-180598884782,97451119510,harinakshi84@outlook.co.in,F,1962-02-11,Friend,MEM-11633
PAS-13645,CLM-02461,Qadim,,Kumer,Qadim Kumer,AADHAR-9844-3643-8974,98979741146,qadim67@outlook.co.in,M,1998-05-24,Friend,
PAS-13646,CLM-02461,Vansha,,Mannan,Vansha Mannan,UID-640349281811,98457835905,vansha13@yahoo.com,F,2009-06-02,Unknown,
PAS-13647,CLM-00086,Tripti,,Sibal,Tripti Sibal,UID-660258212611,99654734108,tripti34@gmail.com,F,2001-06-20,Relative,
PAS-13648,CLM-02091,Neel,,Barman,Neel Barman,UID-538918390251,99868387118,neel89@live.com,M,1975-02-11,Son,MEM-10281
PAS-13649,CLM-02091,Chandran,,Sabharwal,Chandran Sabharwal,VOTER-C379341,98298890139,chandran72@gmail.com,M,1977-10-03,Unknown,
PAS-13650,CLM-02091,Bimala,,Chhabra,Bimala Chhabra,AADHAR-3357-5445-6967,98898667881,bimala54@outlook.co.in,F,1981-10-03,Unknown,
PAS-13651,CLM-00121,Michael,,Nadkarni,Michael Nadkarni,UID-408229228709,99795660440,michael85@rediffmail.com,M,1996-08-13,Unknown,
PAS-13652,CLM-00121,Lekha,,Sandal,Lekha Sandal,AADHAR-4451-2905-1941,99004264928,lekha94@gmail.com,F,1957-10-10,Friend,
PAS-13653,CLM-00121,Chaaya,,Datta,Chaaya Datta,AADHAR-1325-4304-7493,99119376708,chaaya18@rediffmail.com,F,2002-04-25,Colleague,MEM-13218
PAS-13654,CLM-00121,Indira,,Dayal,Indira Dayal,AADHAR-4602-3478-7511,99187910519,indira69@yahoo.com,F,1972-01-13,Relative,
PAS-13655,CLM-01858,Abdul,,Pal,Abdul Pal,UID-982644975443,99433544367,abdul33@yahoo.com,M,2023-09-22,Colleague,
PAS-13656,CLM-01858,Jack,,Patil,Jack Patil,VOTER-C637775,98001879197,jack87@hotmail.com,M,1962-03-27,Relative,MEM-12495
PAS-13657,CLM-01858,Adya,,Shan,Adya Shan,AADHAR-7735-6957-7600,97947553547,adya19@hotmail.com,F,1955-07-02,Colleague,
PAS-13658,CLM-02206,Karan,,Lad,Karan Lad,UID-393175571191,98862408813,karan56@gmail.com,M,2018-04-02,Friend,
PAS-13659,CLM-02206,Faqid,,Prabhu,Faqid Prabhu,VOTER-A449715,99823334996,faqid10@gmail.com,M,2015-10-21,Friend,
PAS-13660,CLM-02206,Isaac,,Badami,Isaac Badami,UID-368076282263,97314503760,isaac14@live.com,M,2000-11-23,Colleague,
PAS-13661,CLM-01439,Teerth,,Sinha,Teerth Sinha,AADHAR-1383-5956-9557,97038700599,teerth78@gmail.com,M,1968-03-19,Unknown,
PAS-13662,CLM-01439,Chandani,,Bains,Chandani Bains,VOTER-B201981,98193862150,chandani53@outlook.co.in,F,1984-04-05,Relative,
PAS-13663,CLM-01439,Idika,,Malhotra,Idika Malhotra,UID-450262063118,98118085881,idika20@outlook.co.in,F,1997-08-22,Colleague,
PAS-13664,CLM-01939,Udant,,Muni,Udant Muni,AADHAR-3490-5503-7139,98018129011,udant41@outlook.co.in,M,1988-11-12,Colleague,
PAS-13665,CLM-01939,David,,Apte,David Apte,VOTER-B575833,98441774381,david33@outlook.co.in,M,1964-03-25,Colleague,
PAS-13666,CLM-01939,Charita,,Choudhury,Charita Choudhury,AADHAR-6381-4914-8513,98902646619,charita78@gmail.com,F,2001-03-01,Colleague,
PAS-13667,CLM-02460,Yoshita,,Mohan,Yoshita Mohan,VOTER-E914151,98232681643,yoshita32@rediffmail.com,F,2020-06-07,Unknown,
PAS-13668,CLM-02177,Ishanvi,,Sahni,Ishanvi Sahni,UID-643499611602,99018569112,ishanvi42@gmail.com,F,1970-09-21,Unknown,
PAS-13669,CLM-02121,Widisha,,Soman,Widisha Soman,UID-326821189340,98192795923,widisha20@rediffmail.com,F,1974-02-07,Son,MEM-12796
PAS-13670,CLM-02121,Lajita,,Sidhu,Lajita Sidhu,UID-852450006987,98199964024,lajita52@outlook.co.in,F,1993-10-05,Relative,
PAS-13671,CLM-02121,Bachittar,,Vasa,Bachittar Vasa,AADHAR-1264-9918-3323,97376794790,bachittar97@rediffmail.com,M,1959-11-12,Friend,
PAS-13672,CLM-00206,Bishakha,,Tata,Bishakha Tata,UID-773607623328,99964208735,bishakha78@hotmail.com,F,2011-07-27,Unknown,
PAS-13673,CLM-00206,Yashvi,,Babu,Yashvi Babu,AADHAR-4697-5955-4619,99650931279,yashvi70@gmail.com,F,1961-11-14,Son,MEM-10679
PAS-13674,CLM-02638,Vansha,,Dara,Vansha Dara,AADHAR-5165-2321-3616,99013757767,vansha48@hotmail.com,F,1971-10-09,Unknown,
PAS-13675,CLM-02638,Aahana,,Koshy,Aahana Koshy,AADHAR-3669-1471-6086,98850342488,aahana47@hotmail.com,F,2021-08-18,Unknown,
PAS-13676,CLM-02638,Zarna,,Parsa,Zarna Parsa,VOTER-E696563,97563353641,zarna54@yahoo.com,F,2005-07-16,Colleague,MEM-13440
PAS-13677,CLM-01602,Rudra,,Bhatti,Rudra Bhatti,VOTER-A658185,97631772224,rudra96@hotmail.com,M,1999-07-23,Unknown,
PAS-13678,CLM-01602,Urmi,,Mahal,Urmi Mahal,UID-198514684424,98993856366,urmi80@outlook.co.in,F,1956-07-10,Colleague,
PAS-13679,CLM-02954,Urmi,,Kuruvilla,Urmi Kuruvilla,UID-806929114960,99231501596,urmi67@rediffmail.com,F,2008-12-14,Unknown,
PAS-13680,CLM-02954,Krishna,,Kuruvilla,Krishna Kuruvilla,UID-326987238326,97505569289,krishna16@gmail.com,M,1988-04-21,Colleague,
PAS-13681,CLM-02954,Aashi,,Bhardwaj,Aashi Bhardwaj,AADHAR-9493-9729-8144,98490304358,aashi91@gmail.com,F,1998-08-08,Relative,
PAS-13682,CLM-00380,Ranbir,,Sarkar,Ranbir Sarkar,UID-639020617619,98201173352,ranbir63@live.com,M,1975-09-22,Spouse,MEM-12053
PAS-13683,CLM-00380,Isaiah,,Gill,Isaiah Gill,UID-318172799364,98321566069,isaiah67@yahoo.com,M,2024-07-19,Colleague,
PAS-13684,CLM-00380,Ishita,,Batta,Ishita Batta,VOTER-A656465,99034344070,ishita12@rediffmail.com,F,1994-02-20,Unknown,
PAS-13685,CLM-00105,Yachana,,Bava,Yachana Bava,UID-871296458910,98407011463,yachana53@hotmail.com,F,2008-01-17,Friend,
PAS-13686,CLM-00105,Kai,,Keer,Kai Keer,UID-849377433486,98052651559,kai14@rediffmail.com,M,1963-06-21,Colleague,
PAS-13687,CLM-00105,Amaira,,Taneja,Amaira Taneja,AADHAR-8816-2210-9299,99792810363,amaira93@gmail.com,F,1979-09-24,Spouse,MEM-12275
PAS-13688,CLM-02021,Falan,,Tailor,Falan Tailor,AADHAR-3245-2452-1579,99837492663,falan92@yahoo.com,M,1991-12-10,Parent,MEM-12654
PAS-13689,CLM-02021,Ekbal,,Srivastava,Ekbal Srivastava,VOTER-A759918,99592851265,ekbal86@rediffmail.com,M,1964-02-21,Unknown,
PAS-13690,CLM-02021,Aarna,,Arya,Aarna Arya,UID-356506546041,98308161734,aarna40@yahoo.com,F,2001-03-06,Spouse,MEM-12465
PAS-13691,CLM-00899,Arya,,Sankar,Arya Sankar,UID-210375559740,99798516254,arya29@rediffmail.com,F,1988-08-26,Relative,
PAS-13692,CLM-00372,Baljiwan,,Suresh,Baljiwan Suresh,UID-151189661892,99510632877,baljiwan28@gmail.com,M,1961-09-15,Relative,MEM-12899
PAS-13693,CLM-00372,Unni,,Kari,Unni Kari,VOTER-E480949,99477227464,unni31@hotmail.com,F,1964-01-14,Colleague,
PAS-13694,CLM-02024,Qabil,,Munshi,Qabil Munshi,AADHAR-2774-8490-8503,98463242556,qabil14@gmail.com,M,1987-08-16,Relative,
PAS-13695,CLM-00334,Priya,,Korpal,Priya Korpal,AADHAR-2515-6469-5403,98621961631,priya43@outlook.co.in,F,2004-09-23,Colleague,MEM-11824
PAS-13696,CLM-00334,Urmi,,Uppal,Urmi Uppal,AADHAR-1069-6618-7002,99435197515,urmi83@hotmail.com,F,2005-02-27,Colleague,
PAS-13697,CLM-01619,Anmol,,Swamy,Anmol Swamy,VOTER-A543585,98902562365,anmol88@hotmail.com,M,1976-12-14,Colleague,
PAS-13698,CLM-01107,Amara,,Bedi,Amara Bedi,AADHAR-3398-3762-4052,97585608553,amara68@rediffmail.com,F,2003-11-08,Friend,
PAS-13699,CLM-01107,Veer,,Chaudhuri,Veer Chaudhuri,AADHAR-8902-7241-4377,99099746457,veer38@live.com,M,2000-12-13,Son,MEM-11364
PAS-13700,CLM-01107,Kashvi,,Chad,Kashvi Chad,AADHAR-2339-9828-2156,97884643247,kashvi63@hotmail.com,F,2012-12-18,Friend,
PAS-13701,CLM-01107,Triya,,Radhakrishnan,Triya Radhakrishnan,AADHAR-3899-8114-1672,97034392981,triya64@hotmail.com,F,2008-04-01,Friend,
PAS-13702,CLM-00838,Karan,,Mukherjee,Karan Mukherjee,UID-424445060127,99344630001,karan72@outlook.co.in,M,1990-10-11,Unknown,
PAS-13703,CLM-02078,Rajeshri,,Luthra,Rajeshri Luthra,UID-910613877304,97149281241,rajeshri39@live.com,F,2018-03-12,Unknown,
PAS-13704,CLM-01605,Aadi,,Raghavan,Aadi Raghavan,AADHAR-5968-2839-9481,97688526757,aadi61@live.com,M,1962-05-30,Daughter,MEM-12522
PAS-13705,CLM-01605,Abeer,,Sood,Abeer Sood,VOTER-D966543,98578792421,abeer85@outlook.co.in,M,2005-05-11,Relative,
PAS-13706,CLM-01605,Tara,,Dugar,Tara Dugar,AADHAR-9357-1010-5789,99640242622,tara35@rediffmail.com,F,1991-01-03,Colleague,
PAS-13707,CLM-01184,Anya,,Ravel,Anya Ravel,AADHAR-3619-1150-6928,99758698331,anya39@yahoo.com,F,1957-11-05,Unknown,
PAS-13708,CLM-01184,Frederick,,Vora,Frederick Vora,VOTER-B381688,98666209455,frederick52@outlook.co.in,M,1986-06-22,Colleague,
PAS-13709,CLM-02552,Siya,,Bath,Siya Bath,VOTER-E795286,97697175215,siya12@rediffmail.com,F,2006-12-30,Unknown,
PAS-13710,CLM-02552,Dalaja,,Bhattacharyya,Dalaja Bhattacharyya,AADHAR-7442-5745-3014,99945554977,dalaja88@gmail.com,F,2020-09-28,Friend,
PAS-13711,CLM-01671,Upma,,Iyer,Upma Iyer,AADHAR-6286-8235-7131,98243851978,upma52@rediffmail.com,F,1980-10-31,Colleague,
PAS-13712,CLM-01650,Girindra,,Pillay,Girindra Pillay,AADHAR-9106-2121-8698,97624287304,girindra45@gmail.com,M,2014-10-18,Friend,
PAS-13713,CLM-01650,Pavani,,Kuruvilla,Pavani Kuruvilla,VOTER-B324540,99443581376,pavani91@rediffmail.com,F,1977-02-21,Spouse,MEM-12397
PAS-13714,CLM-01650,Vritti,,Das,Vritti Das,UID-669028981136,97705998852,vritti99@rediffmail.com,F,1987-03-14,Unknown,
PAS-13715,CLM-01650,Pranit,,Tella,Pranit Tella,UID-985671221504,98635447580,pranit98@rediffmail.com,M,1978-09-29,Parent,MEM-10043
PAS-13716,CLM-01587,Qarin,,Bahri,Qarin Bahri,UID-182827320068,98622671965,qarin41@rediffmail.com,M,1973-07-10,Colleague,MEM-12277
PAS-13717,CLM-01756,Arunima,,Kade,Arunima Kade,UID-360696802079,99552660282,arunima34@rediffmail.com,F,2022-03-09,Friend,
PAS-13718,CLM-01756,Libni,,Master,Libni Master,UID-688547962900,99604988032,libni35@hotmail.com,F,2000-01-03,Son,MEM-12283
PAS-13719,CLM-00565,Om,,Chand,Om Chand,AADHAR-4367-7019-1456,99103395729,om77@yahoo.com,M,1980-02-21,Daughter,MEM-12394
PAS-13720,CLM-00565,Nicholas,,Keer,Nicholas Keer,UID-238509389470,98992728395,nicholas85@live.com,M,2007-06-26,Unknown,
PAS-13721,CLM-00565,Darpan,,Char,Darpan Char,AADHAR-2548-8196-2099,97757196317,darpan22@gmail.com,M,1998-02-12,Relative,
PAS-13722,CLM-00565,Mekhala,,Puri,Mekhala Puri,UID-769023259472,98105842129,mekhala70@rediffmail.com,F,2004-05-25,Relative,
PAS-13723,CLM-00919,Eiravati,,Sani,Eiravati Sani,AADHAR-2719-3702-5444,97245639030,eiravati14@outlook.co.in,F,1971-09-10,Relative,
PAS-13724,CLM-00919,Janaki,,Mand,Janaki Mand,VOTER-B222765,97494792824,janaki14@live.com,F,1975-02-04,Friend,
PAS-13725,CLM-00919,Chandresh,,Zachariah,Chandresh Zachariah,AADHAR-8597-7944-4743,97672212606,chandresh29@rediffmail.com,M,2010-05-15,Unknown,
PAS-13726,CLM-00919,Lakshmi,,Bhatt,Lakshmi Bhatt,AADHAR-2588-4273-4664,98037335664,lakshmi32@outlook.co.in,F,1961-02-24,Friend,
PAS-13727,CLM-01744,Manya,,Guha,Manya Guha,AADHAR-7407-9944-2545,97019243213,manya28@outlook.co.in,F,2007-07-03,Colleague,
PAS-13728,CLM-01744,Laksh,,Soman,Laksh Soman,VOTER-D536934,99207894794,laksh62@yahoo.com,M,1991-02-27,Unknown,
PAS-13729,CLM-01744,Vedika,,Badal,Vedika Badal,AADHAR-7319-5447-5490,98040463607,vedika55@yahoo.com,F,2014-09-07,Colleague,
PAS-13730,CLM-01744,Urishilla,,Rout,Urishilla Rout,VOTER-E345401,99363952059,urishilla13@gmail.com,F,1969-10-04,Colleague,
PAS-13731,CLM-02434,Qadim,,Dara,Qadim Dara,UID-888991329410,99025767115,qadim77@hotmail.com,M,2011-06-13,Colleague,
PAS-13732,CLM-02434,Jagvi,,Nazareth,Jagvi Nazareth,UID-230679989490,98140231070,jagvi42@yahoo.com,F,1994-11-08,Relative,
PAS-13733,CLM-02434,Bhavani,,Bakshi,Bhavani Bakshi,UID-576407121960,97520945821,bhavani96@rediffmail.com,F,2011-02-16,Colleague,
PAS-13734,CLM-02434,Aarav,,Saraf,Aarav Saraf,AADHAR-2466-9086-4484,98807641923,aarav97@gmail.com,M,1961-05-02,Friend,MEM-10761
PAS-13735,CLM-00291,Kavya,,Srinivasan,Kavya Srinivasan,VOTER-A200108,97476215939,kavya58@live.com,F,1964-08-01,Unknown,
PAS-13736,CLM-01342,Balhaar,,Jani,Balhaar Jani,AADHAR-5739-4173-2592,98807572650,balhaar23@hotmail.com,M,1960-03-17,Unknown,
PAS-13737,CLM-01342,Darika,,Pandya,Darika Pandya,UID-610356451458,99050101170,darika90@yahoo.com,F,1972-08-17,Unknown,
PAS-13738,CLM-01923,Mason,,Khare,Mason Khare,VOTER-C151698,99050869939,mason71@gmail.com,M,1999-04-10,Friend,
PAS-13739,CLM-01610,Damyanti,,Choudhury,Damyanti Choudhury,UID-279193144937,97153164285,damyanti94@outlook.co.in,F,1954-11-07,Friend,
PAS-13740,CLM-01610,Jack,,Loyal,Jack Loyal,UID-198122417170,97365142697,jack93@yahoo.com,M,2018-03-06,Colleague,
PAS-13741,CLM-00967,Yashoda,,Mani,Yashoda Mani,UID-946543209906,97067535082,yashoda40@outlook.co.in,F,1989-10-11,Unknown,
PAS-13742,CLM-00967,Dominic,,Bhattacharyya,Dominic Bhattacharyya,UID-757721349399,98801398698,dominic16@outlook.co.in,M,1984-05-31,Relative,
PAS-13743,CLM-00967,Widisha,,Jayaraman,Widisha Jayaraman,VOTER-A242251,98645684496,widisha10@hotmail.com,F,2009-12-08,Unknown,
PAS-13744,CLM-00967,Yashoda,,Srinivasan,Yashoda Srinivasan,VOTER-D587340,97397704692,yashoda85@rediffmail.com,F,1981-04-01,Colleague,MEM-10704
PAS-13745,CLM-01083,Viraj,,Dutta,Viraj Dutta,AADHAR-1033-2596-7764,97923909492,viraj42@yahoo.com,M,2024-05-29,Relative,
PAS-13746,CLM-01083,Nathaniel,,Ray,Nathaniel Ray,AADHAR-8147-6199-8691,98418232808,nathaniel99@hotmail.com,M,1965-08-15,Relative,
PAS-13747,CLM-02895,Mason,,Edwin,Mason Edwin,VOTER-B626333,99121430800,mason75@live.com,M,1996-11-14,Friend,
PAS-13748,CLM-02895,Amrita,,Taneja,Amrita Taneja,AADHAR-7809-7823-4299,97527214938,amrita95@outlook.co.in,F,2020-01-02,Friend,
PAS-13749,CLM-00026,Tanvi,,Ahuja,Tanvi Ahuja,VOTER-D168263,97065410566,tanvi54@live.com,F,1974-05-02,Colleague,
PAS-13750,CLM-00026,Yashvi,,Mani,Yashvi Mani,AADHAR-9799-3073-6718,99207649883,yashvi50@live.com,F,1961-03-26,Friend,MEM-11283
PAS-13751,CLM-01919,Kevin,,Bhagat,Kevin Bhagat,UID-521633427989,99735453597,kevin71@outlook.co.in,M,1959-11-07,Colleague,
PAS-13752,CLM-01919,Akshay,,Tiwari,Akshay Tiwari,UID-107380529201,99787486578,akshay54@gmail.com,M,1957-08-24,Colleague,
PAS-13753,CLM-01831,Caleb,,Chaudhry,Caleb Chaudhry,VOTER-B303646,97218982018,caleb40@gmail.com,M,1987-03-14,Friend,MEM-10673
PAS-13754,CLM-01831,Utkarsh,,Nagar,Utkarsh Nagar,AADHAR-7060-4817-1951,98727500523,utkarsh81@rediffmail.com,M,2012-02-01,Friend,
PAS-13755,CLM-01831,Tanish,,Chopra,Tanish Chopra,UID-876332205947,99105059736,tanish35@live.com,M,1975-11-09,Relative,
PAS-13756,CLM-01831,Thomas,,Modi,Thomas Modi,UID-378512456670,98401021099,thomas31@gmail.com,M,1957-07-26,Unknown,
PAS-13757,CLM-01697,Yashica,,Ganguly,Yashica Ganguly,UID-331444101553,98532282683,yashica31@hotmail.com,F,2022-03-24,Colleague,
PAS-13758,CLM-01697,Keya,,Kunda,Keya Kunda,AADHAR-2479-3455-2510,99471872040,keya75@yahoo.com,F,2000-02-22,Unknown,
PAS-13759,CLM-01649,Rishi,,Mammen,Rishi Mammen,AADHAR-3620-8772-1707,99844265343,rishi39@yahoo.com,M,1996-11-04,Unknown,
PAS-13760,CLM-01649,Bachittar,,Bora,Bachittar Bora,UID-184788200781,99283164342,bachittar31@outlook.co.in,M,1954-12-26,Unknown,
PAS-13761,CLM-01649,Lopa,,Warrior,Lopa Warrior,AADHAR-5372-9010-1686,99797172533,lopa98@rediffmail.com,F,1967-02-28,Spouse,MEM-10313
PAS-13762,CLM-02674,Frado,,Tandon,Frado Tandon,AADHAR-5227-6993-7777,98942970627,frado67@live.com,M,1998-01-26,Colleague,
PAS-13763,CLM-02674,Tara,,Shenoy,Tara Shenoy,UID-644120420150,98312359908,tara89@live.com,F,2001-11-22,Unknown,
PAS-13764,CLM-02674,Reyansh,,Kapur,Reyansh Kapur,UID-861043320085,97334915257,reyansh93@yahoo.com,M,1963-04-02,Relative,
PAS-13765,CLM-02674,Sara,,Krishnamurthy,Sara Krishnamurthy,AADHAR-3885-3032-2984,97901800302,sara28@hotmail.com,F,2007-12-08,Relative,
PAS-13766,CLM-02231,Peter,,Salvi,Peter Salvi,VOTER-A845528,97915262049,peter68@live.com,M,1968-03-30,Colleague,
PAS-13767,CLM-02231,Ekani,,Kanda,Ekani Kanda,AADHAR-1660-6911-7828,97955905470,ekani38@rediffmail.com,F,2006-01-07,Colleague,
PAS-13768,CLM-02231,Thomas,,Shetty,Thomas Shetty,AADHAR-1352-7695-1630,97458146561,thomas28@rediffmail.com,M,1974-03-03,Spouse,MEM-12834
PAS-13769,CLM-00937,Bakhshi,,Shenoy,Bakhshi Shenoy,UID-761016929420,97142232896,bakhshi40@gmail.com,M,2012-07-19,Colleague,
PAS-13770,CLM-00937,Ishaan,,Chawla,Ishaan Chawla,VOTER-B331932,97482121887,ishaan93@rediffmail.com,M,2006-01-25,Colleague,
PAS-13771,CLM-00937,Hemal,,Sarkar,Hemal Sarkar,VOTER-B838892,98156129915,hemal17@hotmail.com,F,1981-03-25,Colleague,
PAS-13772,CLM-01406,Varsha,,Sachdeva,Varsha Sachdeva,VOTER-B556941,98717192254,varsha68@gmail.com,F,2014-05-16,Unknown,
PAS-13773,CLM-02820,Quincy,,Luthra,Quincy Luthra,UID-207425147752,98531780825,quincy67@hotmail.com,M,1956-04-12,Colleague,
PAS-13774,CLM-00349,Deepa,,Mann,Deepa Mann,VOTER-E497178,99817574870,deepa48@live.com,F,1967-10-10,Relative,
PAS-13775,CLM-00349,Vrinda,,Pandit,Vrinda Pandit,VOTER-B508575,99256786672,vrinda58@gmail.com,F,2002-05-26,Friend,MEM-12378
PAS-13776,CLM-02280,Ishani,,Sachar,Ishani Sachar,AADHAR-5872-8944-8125,98512602393,ishani77@outlook.co.in,F,1993-10-04,Spouse,MEM-13100
PAS-13777,CLM-02280,Janya,,Ghose,Janya Ghose,VOTER-D143585,98982876778,janya22@hotmail.com,F,1958-02-27,Colleague,
PAS-13778,CLM-02280,Wriddhish,,Pant,Wriddhish Pant,AADHAR-8008-5163-4985,98038304949,wriddhish91@yahoo.com,M,1995-10-15,Relative,
PAS-13779,CLM-02280,Sudiksha,,Aggarwal,Sudiksha Aggarwal,VOTER-C513450,98990201327,sudiksha52@rediffmail.com,F,1970-03-05,Colleague,
PAS-13780,CLM-00353,Ojas,,Mistry,Ojas Mistry,AADHAR-8562-1241-3866,97127026604,ojas44@rediffmail.com,M,1984-10-07,Unknown,
PAS-13781,CLM-00934,Mitali,,Chandra,Mitali Chandra,VOTER-D177818,97033496827,mitali83@hotmail.com,F,1997-05-04,Relative,MEM-13323
PAS-13782,CLM-00934,Dayamai,,Varughese,Dayamai Varughese,AADHAR-7565-4669-2067,99218768261,dayamai80@gmail.com,F,2000-10-18,Unknown,
PAS-13783,CLM-00934,Prisha,,Shetty,Prisha Shetty,VOTER-B233062,97849592053,prisha85@rediffmail.com,F,1992-10-29,Colleague,
PAS-13784,CLM-00934,Panini,,Bhatia,Panini Bhatia,VOTER-C249806,99006098011,panini10@live.com,F,1964-12-17,Friend,
PAS-13785,CLM-01767,Faraj,,Cherian,Faraj Cherian,VOTER-A568458,99540198133,faraj41@outlook.co.in,M,1981-09-12,Spouse,MEM-13381
PAS-13786,CLM-01767,Bhavika,,Sabharwal,Bhavika Sabharwal,AADHAR-3603-4849-9013,99223138826,bhavika85@outlook.co.in,F,1985-11-21,Unknown,
PAS-13787,CLM-01767,Manan,,Thakkar,Manan Thakkar,VOTER-E576872,98557402873,manan90@gmail.com,M,2004-06-22,Parent,MEM-13066
PAS-13788,CLM-01767,Neelima,,Sandhu,Neelima Sandhu,AADHAR-4602-6802-2688,98154801457,neelima38@live.com,F,2018-02-08,Colleague,
PAS-13789,CLM-02433,Neha,,Dada,Neha Dada,AADHAR-6232-5439-1654,98966327821,neha57@live.com,F,2010-05-07,Friend,
PAS-13790,CLM-02433,Yauvani,,Sridhar,Yauvani Sridhar,UID-736047009895,97475856290,yauvani15@live.com,F,1985-10-28,Relative,
PAS-13791,CLM-02433,Kamya,,Srinivas,Kamya Srinivas,VOTER-C842547,97163309216,kamya32@outlook.co.in,F,1984-12-01,Friend,
PAS-13792,CLM-02433,Ucchal,,Mangal,Ucchal Mangal,AADHAR-6441-6020-1015,99281045646,ucchal53@live.com,F,1985-01-01,Unknown,
PAS-13793,CLM-00033,Urvi,,Goyal,Urvi Goyal,VOTER-C456510,97257989897,urvi31@rediffmail.com,F,1988-05-20,Relative,
PAS-13794,CLM-00033,Jhalak,,Hari,Jhalak Hari,AADHAR-4760-6897-9100,97843396132,jhalak88@live.com,F,1956-05-31,Unknown,
PAS-13795,CLM-00033,Shaurya,,Zachariah,Shaurya Zachariah,UID-798022490005,98832344628,shaurya59@hotmail.com,M,2017-02-14,Relative,
PAS-13796,CLM-02730,Anthony,,Gara,Anthony Gara,AADHAR-3557-6751-9093,97779027579,anthony91@hotmail.com,M,1974-06-05,Relative,
PAS-13797,CLM-00468,Anvi,,Sethi,Anvi Sethi,VOTER-A154076,97897001637,anvi12@yahoo.com,F,1975-08-16,Relative,
PAS-13798,CLM-00468,Noah,,Kunda,Noah Kunda,UID-719353910140,97688272363,noah17@gmail.com,M,1970-01-02,Colleague,
PAS-13799,CLM-00468,Ekansh,,Som,Ekansh Som,VOTER-E786391,97498582890,ekansh72@yahoo.com,M,2005-08-03,Relative,
PAS-13800,CLM-02609,Yachana,,Zachariah,Yachana Zachariah,AADHAR-1910-1467-4062,97618951874,yachana45@yahoo.com,F,1987-05-23,Friend,
PAS-13801,CLM-02609,Gopal,,Chokshi,Gopal Chokshi,AADHAR-4934-3763-2513,99181608887,gopal38@hotmail.com,M,2001-10-04,Relative,MEM-11988
PAS-13802,CLM-02609,Zilmil,,Reddy,Zilmil Reddy,AADHAR-8810-3527-8138,98671698282,zilmil50@yahoo.com,F,2004-02-20,Friend,MEM-11409
PAS-13803,CLM-02609,Praneel,,Rama,Praneel Rama,AADHAR-4855-1798-6839,99994622223,praneel21@hotmail.com,M,1973-05-21,Spouse,MEM-13029
PAS-13804,CLM-02661,Orinder,,Raja,Orinder Raja,UID-396348372201,99226533447,orinder97@hotmail.com,M,1993-05-17,Parent,MEM-13346
PAS-13805,CLM-02661,Gaurangi,,Chakraborty,Gaurangi Chakraborty,UID-634627180027,97496720691,gaurangi95@yahoo.com,F,1995-08-04,Friend,
PAS-13806,CLM-01165,Yatin,,Seth,Yatin Seth,UID-226555417291,99414890338,yatin84@yahoo.com,M,2007-07-17,Relative,
PAS-13807,CLM-01165,Bahadurjit,,Kothari,Bahadurjit Kothari,AADHAR-6107-5764-7930,97133846030,bahadurjit46@yahoo.com,M,1991-10-28,Relative,
PAS-13808,CLM-00837,Ekantika,,Sampath,Ekantika Sampath,AADHAR-8071-3385-1556,98400461909,ekantika48@live.com,F,2005-04-01,Spouse,MEM-10560
PAS-13809,CLM-00837,Onveer,,Chawla,Onveer Chawla,UID-328827453316,99695833382,onveer52@hotmail.com,M,1982-01-17,Relative,
PAS-13810,CLM-00837,Nidhi,,Baral,Nidhi Baral,UID-694511159883,99021195885,nidhi85@rediffmail.com,F,2021-07-27,Relative,
PAS-13811,CLM-00322,Ayaan,,Divan,Ayaan Divan,VOTER-D629842,97189461446,ayaan57@hotmail.com,M,1982-05-31,Daughter,MEM-13452
PAS-13812,CLM-00322,Nidra,,Nath,Nidra Nath,AADHAR-3672-6728-1605,99324253519,nidra52@hotmail.com,F,1976-01-26,Unknown,
PAS-13813,CLM-00992,Benjamin,,Sama,Benjamin Sama,VOTER-C132255,99370867186,benjamin93@hotmail.com,M,1991-06-23,Unknown,
PAS-13814,CLM-00992,Yashasvi,,Bora,Yashasvi Bora,AADHAR-1277-4525-9139,97265780498,yashasvi28@outlook.co.in,F,1990-11-21,Relative,
PAS-13815,CLM-00671,Ranveer,,Lala,Ranveer Lala,VOTER-D591378,97446035046,ranveer51@outlook.co.in,M,1967-03-29,Unknown,
PAS-13816,CLM-00671,Andrew,,Nanda,Andrew Nanda,UID-691678996419,98686169047,andrew83@live.com,M,1961-05-13,Colleague,
PAS-13817,CLM-00671,Wakeeta,,Dhar,Wakeeta Dhar,UID-930274935669,99300192558,wakeeta90@yahoo.com,F,1972-08-31,Friend,
PAS-13818,CLM-00671,Warjas,,Sampath,Warjas Sampath,UID-362172171992,99020921204,warjas67@live.com,M,1972-06-01,Daughter,MEM-11316
PAS-13819,CLM-00100,Aashi,,Gokhale,Aashi Gokhale,UID-703890171937,98043943941,aashi11@outlook.co.in,F,1981-06-11,Unknown,
PAS-13820,CLM-00100,Advaith,,Choudhary,Advaith Choudhary,UID-995228360740,98000161841,advaith80@hotmail.com,M,1967-11-14,Colleague,
PAS-13821,CLM-00102,Krisha,,Dube,Krisha Dube,VOTER-B480524,98577636909,krisha69@yahoo.com,F,1966-03-21,Friend,MEM-10101
PAS-13822,CLM-00102,Jeet,,Shroff,Jeet Shroff,VOTER-E961279,99302085835,jeet97@gmail.com,M,2004-09-14,Friend,
PAS-13823,CLM-00102,Jason,,Zachariah,Jason Zachariah,VOTER-B891654,97390676458,jason72@gmail.com,M,1984-04-10,Unknown,
PAS-13824,CLM-00102,Qarin,,Garg,Qarin Garg,UID-153804385600,98093161940,qarin18@yahoo.com,M,1955-11-08,Unknown,
PAS-13825,CLM-00687,Robert,,Mani,Robert Mani,AADHAR-1623-4235-7380,99809904483,robert37@yahoo.com,M,1961-01-13,Relative,MEM-10266
PAS-13826,CLM-00687,Oviya,,Kar,Oviya Kar,UID-630490288487,97990504311,oviya66@rediffmail.com,F,1994-05-30,Relative,MEM-10941
PAS-13827,CLM-00687,Balveer,,Chaudhary,Balveer Chaudhary,VOTER-A949837,99823379691,balveer21@gmail.com,M,2014-11-12,Unknown,
PAS-13828,CLM-00162,Qushi,,Sarkar,Qushi Sarkar,UID-291994463442,99971493624,qushi58@live.com,F,1971-08-25,Son,MEM-10458
PAS-13829,CLM-00162,Maya,,Ramesh,Maya Ramesh,UID-574682166315,97994069344,maya30@yahoo.com,F,1977-02-15,Friend,
PAS-13830,CLM-00162,Teerth,,Nori,Teerth Nori,VOTER-D284785,98750070536,teerth76@gmail.com,M,2015-10-31,Friend,
PAS-13831,CLM-00162,Jackson,,Joshi,Jackson Joshi,AADHAR-9491-5718-4986,98956597883,jackson33@yahoo.com,M,1965-07-26,Unknown,
PAS-13832,CLM-01047,Ekta,,Badami,Ekta Badami,VOTER-D146130,97179218358,ekta91@outlook.co.in,F,2016-10-13,Colleague,
PAS-13833,CLM-01047,Oviya,,Nair,Oviya Nair,UID-773259468749,99596772385,oviya50@gmail.com,F,2003-10-20,Colleague,
PAS-13834,CLM-00855,Quincy,,Chopra,Quincy Chopra,VOTER-D985105,98158224449,quincy80@outlook.co.in,M,2008-12-03,Colleague,
PAS-13835,CLM-00855,Luke,,Goda,Luke Goda,UID-796402569747,97761571176,luke43@yahoo.com,M,1981-03-04,Relative,
PAS-13836,CLM-00855,Upkaar,,Sachdev,Upkaar Sachdev,AADHAR-6427-4763-1404,98307415133,upkaar97@yahoo.com,M,1968-10-25,Unknown,
PAS-13837,CLM-00855,Urishilla,,Uppal,Urishilla Uppal,UID-911884283271,97671003643,urishilla82@live.com,F,2005-03-20,Colleague,
PAS-13838,CLM-00637,Nandini,,Balan,Nandini Balan,UID-854271016315,98466839302,nandini62@outlook.co.in,F,1976-11-26,Daughter,MEM-11252
PAS-13839,CLM-00637,Nidhi,,Patla,Nidhi Patla,AADHAR-8992-3129-8830,98361201219,nidhi23@gmail.com,F,1971-06-09,Colleague,
PAS-13840,CLM-00676,Nidhi,,Sandhu,Nidhi Sandhu,VOTER-C405545,99098346151,nidhi40@hotmail.com,F,1997-04-05,Unknown,
PAS-13841,CLM-00676,Yashvi,,Naik,Yashvi Naik,VOTER-E731320,99146515505,yashvi26@outlook.co.in,F,1958-06-14,Unknown,
PAS-13842,CLM-02627,Omaja,,Hayer,Omaja Hayer,UID-341484694395,99248155393,omaja56@yahoo.com,F,1994-12-17,Colleague,
PAS-13843,CLM-02627,Ekta,,Ravel,Ekta Ravel,AADHAR-3114-4217-5683,97626863771,ekta19@yahoo.com,F,1958-02-03,Colleague,
PAS-13844,CLM-02627,Yamini,,Prashad,Yamini Prashad,UID-534871173399,98337159645,yamini42@live.com,F,2005-01-30,Unknown,
PAS-13845,CLM-02900,Lakshit,,Pandey,Lakshit Pandey,AADHAR-3609-7830-9735,97665777057,lakshit56@rediffmail.com,M,2004-07-19,Colleague,
PAS-13846,CLM-02900,Radha,,Chacko,Radha Chacko,AADHAR-5071-5048-3587,99905310462,radha18@gmail.com,F,1993-07-02,Colleague,MEM-10477
PAS-13847,CLM-02900,Logan,,Lala,Logan Lala,UID-684278330913,98592661255,logan98@hotmail.com,M,1990-10-15,Colleague,MEM-11420
PAS-13848,CLM-02900,Advay,,Naik,Advay Naik,UID-126467214908,97510765161,advay45@live.com,M,1979-03-19,Son,MEM-10890
PAS-13849,CLM-02221,Anusha,,Butala,Anusha Butala,AADHAR-6332-9326-4450,98335387367,anusha14@gmail.com,F,2013-05-05,Colleague,
PAS-13850,CLM-02221,Abhimanyu,,Babu,Abhimanyu Babu,AADHAR-3255-1105-1900,99670179521,abhimanyu89@hotmail.com,M,1995-01-26,Relative,
PAS-13851,CLM-02221,Damini,,Borra,Damini Borra,VOTER-E789607,99162111001,damini45@outlook.co.in,F,2003-07-04,Relative,
PAS-13852,CLM-00344,Upma,,Baria,Upma Baria,AADHAR-8350-8885-8645,97026238337,upma48@outlook.co.in,F,1964-07-06,Spouse,MEM-10670
PAS-13853,CLM-00344,Vihaan,,Samra,Vihaan Samra,VOTER-A158637,97818241363,vihaan47@gmail.com,M,1988-01-25,Relative,MEM-10782
PAS-13854,CLM-00344,Yashica,,D’Alia,Yashica D’Alia,UID-747437691333,99595737787,yashica99@hotmail.com,F,1965-09-08,Relative,MEM-12933
PAS-13855,CLM-00344,Chanchal,,Karan,Chanchal Karan,AADHAR-6082-2857-9066,97022031630,chanchal48@outlook.co.in,F,1991-08-25,Relative,
PAS-13856,CLM-01825,Daksha,,Jain,Daksha Jain,AADHAR-2144-4025-6275,98673244743,daksha50@rediffmail.com,F,1961-01-30,Colleague,MEM-11251
PAS-13857,CLM-01825,Theodore,,Chakrabarti,Theodore Chakrabarti,UID-392173470076,98926232948,theodore21@outlook.co.in,M,1955-08-29,Colleague,
PAS-13858,CLM-02277,Nathaniel,,Pillay,Nathaniel Pillay,UID-601784419813,99240591770,nathaniel30@yahoo.com,M,1985-05-27,Relative,
PAS-13859,CLM-02277,Anita,,Chanda,Anita Chanda,UID-984477337316,99175126292,anita59@outlook.co.in,F,1980-05-24,Colleague,
PAS-13860,CLM-02358,Lohit,,Kanda,Lohit Kanda,VOTER-D359123,99618313601,lohit42@gmail.com,M,1965-02-19,Friend,
PAS-13861,CLM-01322,Anita,,Chahal,Anita Chahal,VOTER-D822916,98912585618,anita38@live.com,F,1991-10-19,Spouse,MEM-13067
PAS-13862,CLM-00946,Barkha,,Mittal,Barkha Mittal,UID-301097836166,99698602383,barkha30@yahoo.com,F,1978-01-14,Spouse,MEM-13442
PAS-13863,CLM-02370,Osha,,Jaggi,Osha Jaggi,UID-402192179290,98200689367,osha94@gmail.com,F,1963-01-26,Unknown,
PAS-13864,CLM-02370,Arin,,Nagi,Arin Nagi,VOTER-C756243,97233218445,arin76@live.com,M,1998-11-10,Colleague,
PAS-13865,CLM-02370,Gautam,,Sarraf,Gautam Sarraf,UID-975973137496,98677567746,gautam31@rediffmail.com,M,1975-02-12,Friend,
PAS-13866,CLM-02370,Mitali,,Mittal,Mitali Mittal,VOTER-E936547,97445780775,mitali71@gmail.com,F,2008-08-26,Friend,
PAS-13867,CLM-00144,Edhitha,,Dhar,Edhitha Dhar,UID-341711343368,99058225230,edhitha80@rediffmail.com,F,1981-04-07,Spouse,MEM-11672
PAS-13868,CLM-02682,David,,Manne,David Manne,UID-777712391010,97463561728,david89@outlook.co.in,M,2005-07-25,Son,MEM-10360
PAS-13869,CLM-02682,Andrew,,Natarajan,Andrew Natarajan,AADHAR-2543-8938-8255,99311410668,andrew63@hotmail.com,M,1966-06-21,Colleague,MEM-12172
PAS-13870,CLM-02682,Nandini,,Gulati,Nandini Gulati,VOTER-E100776,97381715922,nandini40@hotmail.com,F,1997-01-08,Friend,
PAS-13871,CLM-02272,Hritik,,Gara,Hritik Gara,AADHAR-6960-3112-5071,97206811349,hritik71@hotmail.com,M,2007-04-18,Spouse,MEM-11555
PAS-13872,CLM-02272,Gautami,,Patla,Gautami Patla,UID-663525192427,98375745561,gautami55@hotmail.com,F,1970-08-30,Colleague,MEM-10763
PAS-13873,CLM-02920,Chakradev,,Anand,Chakradev Anand,AADHAR-3985-5991-2559,97709040293,chakradev93@outlook.co.in,M,1986-02-20,Unknown,
PAS-13874,CLM-02920,Maya,,Banerjee,Maya Banerjee,VOTER-C610969,97929759451,maya83@outlook.co.in,F,2001-01-06,Unknown,
PAS-13875,CLM-02920,Kavya,,Majumdar,Kavya Majumdar,AADHAR-8808-1141-7338,99991491429,kavya59@outlook.co.in,F,2013-05-07,Friend,
PAS-13876,CLM-02920,Ishanvi,,Dani,Ishanvi Dani,UID-289472296120,97324252506,ishanvi14@outlook.co.in,F,1992-09-14,Unknown,
PAS-13877,CLM-02080,Nisha,,Kuruvilla,Nisha Kuruvilla,AADHAR-8544-8778-5623,98690424221,nisha94@gmail.com,F,1958-03-19,Colleague,
PAS-13878,CLM-02080,Anya,,Karpe,Anya Karpe,UID-175932971603,99535267717,anya55@gmail.com,F,1984-06-13,Relative,
PAS-13879,CLM-00109,Anvi,,Nayak,Anvi Nayak,UID-850650275870,98115365525,anvi70@outlook.co.in,F,1998-09-21,Relative,
PAS-13880,CLM-00109,Nidhi,,Deep,Nidhi Deep,VOTER-A228137,99782946053,nidhi98@live.com,F,1998-07-24,Colleague,
PAS-13881,CLM-00041,Nihal,,Shukla,Nihal Shukla,VOTER-B395725,98136043522,nihal82@hotmail.com,M,1981-06-26,Colleague,
PAS-13882,CLM-00041,Vrinda,,Pandit,Vrinda Pandit,AADHAR-4193-9404-1468,99256786672,vrinda58@gmail.com,F,2002-05-26,Colleague,MEM-12378
PAS-13883,CLM-00041,Charan,,Bhakta,Charan Bhakta,VOTER-C637637,99336419525,charan28@outlook.co.in,M,1957-08-10,Unknown,
PAS-13884,CLM-01132,Mitali,,Batra,Mitali Batra,AADHAR-3782-3319-9603,97698167254,mitali48@rediffmail.com,F,1967-03-27,Friend,
PAS-13885,CLM-01132,Chakradhar,,Chauhan,Chakradhar Chauhan,UID-573866119808,99128085499,chakradhar81@live.com,M,1969-07-09,Relative,
PAS-13886,CLM-00803,Alexander,,Kurian,Alexander Kurian,AADHAR-3969-9120-6611,97763205143,alexander28@yahoo.com,M,1958-05-10,Friend,
PAS-13887,CLM-00803,Ekani,,Behl,Ekani Behl,UID-655837243992,98269188705,ekani92@rediffmail.com,F,1984-08-27,Friend,MEM-12348
PAS-13888,CLM-00803,Omisha,,Wable,Omisha Wable,AADHAR-4928-2849-4418,98904322311,omisha53@gmail.com,F,1994-11-24,Colleague,MEM-10732
PAS-13889,CLM-00803,Bimala,,Kalla,Bimala Kalla,AADHAR-2098-1434-1529,99344068166,bimala86@hotmail.com,F,1992-08-11,Colleague,
PAS-13890,CLM-01378,Jeevika,,Kashyap,Jeevika Kashyap,AADHAR-9739-6323-1872,99432335268,jeevika16@yahoo.com,F,1960-07-21,Colleague,
PAS-13891,CLM-01378,Hemang,,Gour,Hemang Gour,AADHAR-1886-7831-1547,99784532452,hemang12@gmail.com,M,2014-03-27,Relative,
PAS-13892,CLM-01378,Nimrat,,Basak,Nimrat Basak,VOTER-D780400,98573585244,nimrat81@gmail.com,F,1970-11-04,Colleague,
PAS-13893,CLM-02637,Devika,,Chander,Devika Chander,UID-644594458711,97161853661,devika41@live.com,F,2009-04-28,Relative,
PAS-13894,CLM-02637,Radha,,Dara,Radha Dara,UID-747528937602,97584885516,radha13@yahoo.com,F,2018-07-04,Relative,
PAS-13895,CLM-02637,Diya,,Pandya,Diya Pandya,UID-567391578285,97178295560,diya75@outlook.co.in,F,2019-06-10,Unknown,
PAS-13896,CLM-01766,Leela,,Kibe,Leela Kibe,VOTER-B870896,99874232676,leela54@rediffmail.com,F,1979-12-06,Friend,MEM-10864
PAS-13897,CLM-01766,Vinaya,,Sabharwal,Vinaya Sabharwal,UID-659089585877,98894198103,vinaya99@rediffmail.com,F,1972-07-25,Daughter,MEM-12959
PAS-13898,CLM-01984,Charles,,Bhandari,Charles Bhandari,UID-160696924259,99740717675,charles61@live.com,M,1963-06-15,Unknown,
PAS-13899,CLM-01984,William,,Hora,William Hora,AADHAR-8916-3540-3981,99443780550,william15@live.com,M,1967-06-23,Relative,
PAS-13900,CLM-01984,Vrinda,,Bhatt,Vrinda Bhatt,AADHAR-9856-4600-4194,99812838262,vrinda80@rediffmail.com,F,2005-08-26,Colleague,
PAS-13901,CLM-01984,Benjamin,,Muni,Benjamin Muni,AADHAR-4610-5846-6608,99871047052,benjamin96@yahoo.com,M,1980-10-25,Colleague,
PAS-13902,CLM-02744,Dipta,,Butala,Dipta Butala,AADHAR-3658-9750-1664,97246202557,dipta30@live.com,F,1975-03-03,Relative,
PAS-13903,CLM-02744,Isaiah,,Kapadia,Isaiah Kapadia,VOTER-B433769,98189109582,isaiah41@gmail.com,M,1967-09-14,Spouse,MEM-10593
PAS-13904,CLM-02744,Saksham,,Chand,Saksham Chand,AADHAR-8682-4619-4285,97839035976,saksham52@live.com,M,1960-01-03,Relative,
PAS-13905,CLM-02744,Dalaja,,Khurana,Dalaja Khurana,UID-787406333941,98859490318,dalaja93@outlook.co.in,F,2011-08-20,Unknown,
PAS-13906,CLM-01125,Chaitaly,,Kannan,Chaitaly Kannan,UID-841524147160,99160329685,chaitaly61@outlook.co.in,F,1993-09-27,Relative,
PAS-13907,CLM-01125,Advik,,Prabhakar,Advik Prabhakar,AADHAR-9226-8078-8328,99002585486,advik79@outlook.co.in,M,1992-09-30,Colleague,
PAS-13908,CLM-01125,Jonathan,,Merchant,Jonathan Merchant,UID-784676872081,97565955381,jonathan74@hotmail.com,M,2000-01-15,Friend,
PAS-13909,CLM-01125,Triveni,,Jha,Triveni Jha,UID-643913520215,99235025749,triveni45@outlook.co.in,F,1991-03-11,Colleague,MEM-10958
PAS-13910,CLM-02759,Chaaya,,Roy,Chaaya Roy,UID-858242888677,97258465162,chaaya83@outlook.co.in,F,1993-12-11,Unknown,
PAS-13911,CLM-02759,Rishi,,Thaman,Rishi Thaman,UID-934706324799,99963944769,rishi74@gmail.com,M,1983-03-31,Unknown,
PAS-13912,CLM-01784,Leela,,Mander,Leela Mander,UID-830162437695,99080354709,leela12@rediffmail.com,F,1983-10-14,Friend,
PAS-13913,CLM-00825,Gaurang,,Merchant,Gaurang Merchant,UID-534713240877,99311461064,gaurang54@live.com,M,1962-11-27,Friend,
PAS-13914,CLM-00825,Mitali,,D’Alia,Mitali D’Alia,VOTER-A319565,99689507050,mitali75@outlook.co.in,F,1970-10-16,Spouse,MEM-11199
PAS-13915,CLM-00825,Baljiwan,,Prakash,Baljiwan Prakash,AADHAR-3019-8576-2402,99197731835,baljiwan48@live.com,M,1972-08-29,Spouse,MEM-13127
PAS-13916,CLM-02536,Siya,,Yadav,Siya Yadav,UID-596397838172,99442273301,siya65@hotmail.com,F,1979-08-31,Colleague,
PAS-13917,CLM-02536,Bimala,,Kohli,Bimala Kohli,AADHAR-1042-5317-5955,97480290956,bimala75@live.com,F,2015-05-29,Colleague,
PAS-13918,CLM-02536,Saanvi,,Batta,Saanvi Batta,UID-497844762545,99589912640,saanvi78@live.com,F,2002-03-29,Daughter,MEM-12145
PAS-13919,CLM-01301,Lohit,,Chad,Lohit Chad,AADHAR-3973-5661-3440,97960648578,lohit15@live.com,M,1957-04-27,Friend,
PAS-13920,CLM-00430,Thomas,,Biswas,Thomas Biswas,VOTER-B237228,97294343599,thomas65@yahoo.com,M,1985-06-15,Unknown,
PAS-13921,CLM-00430,Avni,,Varughese,Avni Varughese,AADHAR-3262-5694-5984,98056800086,avni54@outlook.co.in,F,1965-03-10,Parent,MEM-10434
PAS-13922,CLM-00430,Wyatt,,Gola,Wyatt Gola,VOTER-B403565,97860265254,wyatt79@outlook.co.in,M,1967-07-23,Relative,
PAS-13923,CLM-01158,Lopa,,Agate,Lopa Agate,UID-999584691452,97047060322,lopa37@outlook.co.in,F,1996-09-29,Relative,
PAS-13924,CLM-01158,Aarna,,Menon,Aarna Menon,UID-598677956505,98958605724,aarna24@live.com,F,1974-11-03,Friend,
PAS-13925,CLM-01158,Ucchal,,Sachar,Ucchal Sachar,VOTER-B112564,98778704527,ucchal14@outlook.co.in,F,1967-10-23,Friend,
PAS-13926,CLM-00936,Qarin,,Bains,Qarin Bains,UID-781655085415,98538761703,qarin12@rediffmail.com,M,2001-05-15,Relative,
PAS-13927,CLM-00936,Raagini,,Guha,Raagini Guha,VOTER-A811005,99557100271,raagini34@hotmail.com,F,2013-05-17,Colleague,
PAS-13928,CLM-00936,Vedhika,,Oak,Vedhika Oak,VOTER-C321850,98140366944,vedhika67@live.com,F,1989-12-20,Colleague,
PAS-13929,CLM-01004,Osha,,Goswami,Osha Goswami,AADHAR-8045-1889-8362,99764060788,osha29@gmail.com,F,1994-01-27,Daughter,MEM-10886
PAS-13930,CLM-01004,Pavani,,Kale,Pavani Kale,AADHAR-6224-3054-3759,97984440855,pavani35@yahoo.com,F,2017-08-01,Friend,
PAS-13931,CLM-00997,Kamala,,Lad,Kamala Lad,VOTER-E894406,98855096339,kamala30@live.com,F,1992-08-08,Relative,
PAS-13932,CLM-00849,Ansh,,Chana,Ansh Chana,UID-156752024149,98339804307,ansh14@hotmail.com,M,1964-04-16,Relative,
PAS-13933,CLM-00849,Advik,,Ramachandran,Advik Ramachandran,VOTER-B932340,99696701757,advik49@outlook.co.in,M,1995-03-06,Unknown,
PAS-13934,CLM-02594,Mitesh,,Agate,Mitesh Agate,VOTER-D824542,97898480906,mitesh60@outlook.co.in,M,2005-03-16,Relative,MEM-10505
PAS-13935,CLM-02594,Shaurya,,Bala,Shaurya Bala,UID-763137497158,99702956767,shaurya24@live.com,M,1984-10-22,Unknown,
PAS-13936,CLM-02594,Yoshita,,Kata,Yoshita Kata,UID-754731120554,98341603674,yoshita93@live.com,F,1999-12-11,Colleague,
PAS-13937,CLM-02594,Anya,,Roy,Anya Roy,AADHAR-6162-1043-5189,97023642452,anya69@yahoo.com,F,1986-07-26,Colleague,
PAS-13938,CLM-00396,Saanvi,,Keer,Saanvi Keer,VOTER-A351141,98809523972,saanvi99@gmail.com,F,2009-02-26,Colleague,
PAS-13939,CLM-00396,Nirja,,Natt,Nirja Natt,AADHAR-2908-9390-5787,97373381483,nirja20@hotmail.com,F,2019-05-21,Relative,
PAS-13940,CLM-00396,Fiyaz,,Chahal,Fiyaz Chahal,VOTER-E756691,98416914365,fiyaz53@yahoo.com,M,2008-07-17,Unknown,
PAS-13941,CLM-00396,Oscar,,Goswami,Oscar Goswami,AADHAR-4339-2910-4444,97119011141,oscar40@outlook.co.in,M,1987-03-28,Relative,
PAS-13942,CLM-02819,Nidra,,Deo,Nidra Deo,AADHAR-1202-1070-5148,99494685424,nidra81@rediffmail.com,F,1979-08-12,Relative,
PAS-13943,CLM-02819,Ladli,,Dhillon,Ladli Dhillon,UID-495205300681,98673714144,ladli32@live.com,F,1974-05-31,Colleague,
PAS-13944,CLM-02819,Nakul,,Jha,Nakul Jha,UID-495367470319,98333745273,nakul21@rediffmail.com,M,1966-02-09,Unknown,
PAS-13945,CLM-02819,Aarnav,,Soni,Aarnav Soni,UID-518669277195,97092010516,aarnav28@live.com,M,1961-04-23,Friend,
PAS-13946,CLM-02699,Xiti,,Gola,Xiti Gola,AADHAR-8322-7475-3089,99758005935,xiti16@yahoo.com,F,2001-12-18,Daughter,MEM-10022
PAS-13947,CLM-02699,Parth,,Loyal,Parth Loyal,AADHAR-7014-2731-7095,98317620112,parth69@gmail.com,M,1999-01-17,Friend,
PAS-13948,CLM-02699,Divya,,Kade,Divya Kade,UID-898722251102,99040272286,divya50@outlook.co.in,F,1971-07-24,Colleague,
PAS-13949,CLM-01121,Ishita,,Sem,Ishita Sem,UID-811338055151,99392522410,ishita57@yahoo.com,F,1956-06-09,Friend,
PAS-13950,CLM-01121,Chaaya,,Pillay,Chaaya Pillay,VOTER-C864944,97862621015,chaaya70@outlook.co.in,F,1961-01-22,Unknown,
PAS-13951,CLM-01121,Wahab,,Bhatnagar,Wahab Bhatnagar,UID-802239387970,97885035839,wahab71@live.com,M,1968-05-13,Parent,MEM-10271
PAS-13952,CLM-00680,Charita,,Raju,Charita Raju,AADHAR-6854-2615-4010,98700021152,charita88@rediffmail.com,F,2002-02-26,Friend,
PAS-13953,CLM-01868,Abhiram,,Kibe,Abhiram Kibe,AADHAR-3364-5985-8720,97322309276,abhiram86@outlook.co.in,M,2016-07-25,Friend,
PAS-13954,CLM-00584,Falguni,,Srinivas,Falguni Srinivas,UID-112016587464,99391849583,falguni99@rediffmail.com,F,1989-08-09,Daughter,MEM-10258
PAS-13955,CLM-02480,Timothy,,Pradhan,Timothy Pradhan,VOTER-D834248,98125196137,timothy82@live.com,M,1968-06-06,Friend,
PAS-13956,CLM-02480,Liam,,Zachariah,Liam Zachariah,AADHAR-8730-4520-5595,98061409912,liam57@live.com,M,1983-06-24,Relative,
PAS-13957,CLM-00619,Timothy,,Sachdeva,Timothy Sachdeva,VOTER-B774260,99990260399,timothy39@outlook.co.in,M,1965-12-12,Friend,
PAS-13958,CLM-00619,Nachiket,,Wason,Nachiket Wason,UID-178578582197,99872197676,nachiket32@outlook.co.in,M,2018-04-15,Friend,
PAS-13959,CLM-00619,Samar,,Khalsa,Samar Khalsa,AADHAR-5879-2648-9625,97993082178,samar11@yahoo.com,M,2013-09-28,Unknown,
PAS-13960,CLM-00619,Sudiksha,,Sethi,Sudiksha Sethi,UID-662838360838,98013229724,sudiksha96@outlook.co.in,F,1985-07-08,Relative,MEM-10832
PAS-13961,CLM-00385,Dominic,,Roy,Dominic Roy,VOTER-D865916,97866476730,dominic29@outlook.co.in,M,2011-10-12,Colleague,
PAS-13962,CLM-00385,Alexander,,Zacharia,Alexander Zacharia,UID-375228802529,99934650636,alexander19@live.com,M,1983-05-18,Relative,
PAS-13963,CLM-01552,Hredhaan,,Sarraf,Hredhaan Sarraf,VOTER-E408801,98277116479,hredhaan53@rediffmail.com,M,2018-09-11,Colleague,
PAS-13964,CLM-01552,Upma,,Chokshi,Upma Chokshi,VOTER-E869183,98863459875,upma76@hotmail.com,F,1985-10-17,Relative,
PAS-13965,CLM-01552,Saanvi,,Dara,Saanvi Dara,UID-153354158719,98287577862,saanvi21@gmail.com,F,1958-05-14,Unknown,
PAS-13966,CLM-00354,Upadhriti,,Mane,Upadhriti Mane,AADHAR-7961-7263-3329,99741661818,upadhriti28@hotmail.com,F,1988-12-25,Parent,MEM-10989
PAS-13967,CLM-00354,Mohini,,Reddy,Mohini Reddy,UID-752080344775,99996905310,mohini88@rediffmail.com,F,1966-01-02,Colleague,
PAS-13968,CLM-00354,Mason,,Dey,Mason Dey,VOTER-B239376,97377465233,mason27@gmail.com,M,1982-08-12,Daughter,MEM-11934
PAS-13969,CLM-02346,Anmol,,Chaudhary,Anmol Chaudhary,UID-606170767912,99329604026,anmol11@yahoo.com,M,1970-02-19,Friend,
PAS-13970,CLM-02346,Anamika,,Bumb,Anamika Bumb,AADHAR-3996-4957-4657,99969590521,anamika96@yahoo.com,F,1974-12-30,Colleague,
PAS-13971,CLM-02346,Adya,,Borde,Adya Borde,VOTER-E268750,99830224909,adya69@live.com,F,1969-11-27,Friend,MEM-11143
PAS-13972,CLM-01428,Bachittar,,Bava,Bachittar Bava,AADHAR-9103-8289-3446,99647239957,bachittar85@hotmail.com,M,1990-08-11,Friend,
PAS-13973,CLM-01428,Tanish,,Bail,Tanish Bail,UID-801536694740,98960475983,tanish33@live.com,M,1968-02-15,Colleague,MEM-11196
PAS-13974,CLM-01319,Jagvi,,Saini,Jagvi Saini,UID-677039009606,97645015518,jagvi73@hotmail.com,F,1982-05-16,Spouse,MEM-11223
PAS-13975,CLM-01319,Vrinda,,Gola,Vrinda Gola,AADHAR-9580-8738-7498,97555052631,vrinda82@outlook.co.in,F,1972-08-11,Friend,
PAS-13976,CLM-01319,Panini,,Ramanathan,Panini Ramanathan,AADHAR-9126-6979-6444,98748943323,panini60@hotmail.com,F,1968-04-12,Spouse,MEM-13191
PAS-13977,CLM-01319,Rohan,,Hans,Rohan Hans,AADHAR-7160-5064-2267,99312623014,rohan37@rediffmail.com,M,2022-02-18,Unknown,
PAS-13978,CLM-02629,Gayathri,,Gupta,Gayathri Gupta,AADHAR-7551-4731-5199,98978207148,gayathri10@hotmail.com,F,1978-03-11,Relative,
PAS-13979,CLM-02629,Aarnav,,Narayanan,Aarnav Narayanan,VOTER-E701412,97058799926,aarnav27@hotmail.com,M,1994-05-10,Relative,
PAS-13980,CLM-02472,Xiti,,Kapadia,Xiti Kapadia,VOTER-A876735,97065528656,xiti26@live.com,F,2006-04-24,Colleague,MEM-11417
PAS-13981,CLM-02472,Dipta,,Hora,Dipta Hora,VOTER-C836931,97184089853,dipta86@yahoo.com,F,1991-10-10,Parent,MEM-10818
PAS-13982,CLM-02472,Vidhi,,Issac,Vidhi Issac,AADHAR-5128-7997-8402,98335888362,vidhi17@gmail.com,F,1972-08-10,Relative,
PAS-13983,CLM-02256,Mitesh,,Roy,Mitesh Roy,UID-651478008724,97801813593,mitesh84@yahoo.com,M,1957-08-12,Colleague,
PAS-13984,CLM-00595,Pahal,,Lall,Pahal Lall,VOTER-D583586,99943410235,pahal41@hotmail.com,F,2003-05-12,Unknown,
PAS-13985,CLM-00595,Charles,,Mander,Charles Mander,VOTER-D559543,98223990102,charles14@live.com,M,2003-12-18,Relative,MEM-10537
PAS-13986,CLM-01367,Peter,,Gera,Peter Gera,UID-988630695300,97791748696,peter56@hotmail.com,M,1957-10-08,Unknown,
PAS-13987,CLM-00339,Mitesh,,Edwin,Mitesh Edwin,AADHAR-7553-1574-9183,97931658091,mitesh33@outlook.co.in,M,1968-10-30,Unknown,
PAS-13988,CLM-00339,Neha,,Amble,Neha Amble,UID-129798093369,98166619059,neha20@hotmail.com,F,2018-11-01,Colleague,
PAS-13989,CLM-01941,Indali,,Som,Indali Som,AADHAR-6642-9142-7671,99481953264,indali70@hotmail.com,F,2018-01-30,Relative,
PAS-13990,CLM-01941,Ria,,Walla,Ria Walla,VOTER-E129563,99098175998,ria12@outlook.co.in,F,1957-01-26,Friend,
PAS-13991,CLM-01321,Yauvani,,D’Alia,Yauvani D’Alia,VOTER-E128553,99317704813,yauvani14@hotmail.com,F,1984-09-17,Relative,MEM-10072
PAS-13992,CLM-01840,Gaurangi,,Hora,Gaurangi Hora,VOTER-A598954,99439717755,gaurangi31@gmail.com,F,2006-08-09,Parent,MEM-13492
PAS-13993,CLM-01840,Jagdish,,Bali,Jagdish Bali,AADHAR-1582-9584-4277,97577417505,jagdish69@live.com,M,1984-01-22,Colleague,
PAS-13994,CLM-00771,Owen,,Suresh,Owen Suresh,UID-213580174368,99967128841,owen53@gmail.com,M,2015-06-24,Unknown,
PAS-13995,CLM-00771,Vrinda,,Mohan,Vrinda Mohan,VOTER-C682096,98544543115,vrinda63@live.com,F,2015-05-01,Friend,
PAS-13996,CLM-00771,Rudra,,Khatri,Rudra Khatri,AADHAR-6030-5549-9181,98163341302,rudra31@yahoo.com,M,1959-04-06,Unknown,
PAS-13997,CLM-00771,Gaurav,,Sharma,Gaurav Sharma,VOTER-B185337,99689013369,gaurav23@yahoo.com,M,2023-11-07,Colleague,
PAS-13998,CLM-02339,Ranveer,,Parekh,Ranveer Parekh,AADHAR-7720-7744-6877,97670771209,ranveer60@live.com,M,1992-04-27,Colleague,MEM-11204
PAS-13999,CLM-01562,Kritika,,Varghese,Kritika Varghese,UID-760482429833,97272926396,kritika64@gmail.com,F,1967-04-05,Colleague,MEM-12977
PAS-14000,CLM-01354,Faras,,Narain,Faras Narain,VOTER-B434175,98333032386,faras44@gmail.com,M,1963-08-02,Colleague,MEM-11705
PAS-14001,CLM-00402,Xiti,,Agarwal,Xiti Agarwal,AADHAR-4217-5071-1724,99518705922,xiti34@rediffmail.com,F,2024-05-16,Colleague,
PAS-14002,CLM-00402,Kamala,,Chandran,Kamala Chandran,AADHAR-9594-4028-8872,98425854603,kamala17@live.com,F,2000-08-05,Spouse,MEM-12882
PAS-14003,CLM-02412,Sneha,,Chacko,Sneha Chacko,AADHAR-4700-6704-7991,98420779656,sneha98@outlook.co.in,F,1971-04-23,Relative,
PAS-14004,CLM-02412,Zayyan,,Dhawan,Zayyan Dhawan,AADHAR-6149-7460-2642,99002730635,zayyan16@rediffmail.com,M,1997-01-26,Unknown,
PAS-14005,CLM-02412,Meera,,Kumer,Meera Kumer,VOTER-D940376,97624163622,meera17@rediffmail.com,F,1963-01-12,Colleague,
PAS-14006,CLM-02412,Wyatt,,Kaul,Wyatt Kaul,UID-694192008971,97030854241,wyatt14@outlook.co.in,M,1989-12-13,Spouse,MEM-11910
PAS-14007,CLM-02292,Priya,,Bhalla,Priya Bhalla,UID-738145685021,97236127414,priya98@rediffmail.com,F,2020-03-21,Friend,
PAS-14008,CLM-02292,Harsh,,Radhakrishnan,Harsh Radhakrishnan,AADHAR-5512-7441-3573,99846876920,harsh48@gmail.com,M,1991-01-06,Friend,
PAS-14009,CLM-02292,Frado,,Rajan,Frado Rajan,AADHAR-3729-7631-8330,99171438040,frado93@yahoo.com,M,2014-02-22,Unknown,
PAS-14010,CLM-02405,Nathan,,Bhatia,Nathan Bhatia,UID-384732981885,98703651942,nathan42@gmail.com,M,1989-12-09,Colleague,
PAS-14011,CLM-02405,Deepa,,Tella,Deepa Tella,AADHAR-5513-6250-9442,99564490669,deepa98@outlook.co.in,F,1999-09-11,Unknown,
PAS-14012,CLM-02405,Warjas,,Chauhan,Warjas Chauhan,UID-277795609949,97764697176,warjas44@gmail.com,M,2000-03-08,Unknown,
PAS-14013,CLM-01773,Upkaar,,Devan,Upkaar Devan,VOTER-A827356,97428706005,upkaar23@hotmail.com,M,1990-08-06,Unknown,
PAS-14014,CLM-01773,Vasatika,,Krishna,Vasatika Krishna,UID-686334814624,97818434995,vasatika98@hotmail.com,F,1969-01-08,Unknown,
PAS-14015,CLM-01773,Megha,,Natt,Megha Natt,AADHAR-6475-8566-6382,99262553762,megha47@live.com,F,2023-04-26,Relative,
PAS-14016,CLM-01773,Adweta,,D’Alia,Adweta D’Alia,UID-698349094219,98571834814,adweta55@outlook.co.in,F,1984-09-06,Unknown,
PAS-14017,CLM-02543,Yasti,,Shan,Yasti Shan,UID-454656877822,99396097741,yasti81@yahoo.com,F,1987-08-04,Son,MEM-11854
PAS-14018,CLM-02543,Gautami,,Gole,Gautami Gole,UID-498272188178,97510631455,gautami67@yahoo.com,F,2014-10-03,Colleague,
PAS-14019,CLM-02543,Farhan,,Suresh,Farhan Suresh,AADHAR-5712-2916-3194,99968319198,farhan10@yahoo.com,M,2016-11-30,Colleague,
PAS-14020,CLM-01689,Arjun,,Sarma,Arjun Sarma,UID-249047429917,99847139511,arjun17@live.com,M,2023-02-21,Unknown,
PAS-14021,CLM-01689,Christopher,,Kaul,Christopher Kaul,VOTER-C592903,97112377468,christopher31@gmail.com,M,1972-06-05,Relative,
PAS-14022,CLM-01689,Samesh,,Sanghvi,Samesh Sanghvi,VOTER-B842812,97098491269,samesh91@yahoo.com,M,2008-07-27,Relative,
PAS-14023,CLM-02452,Aarna,,Bandi,Aarna Bandi,VOTER-D414175,98655740544,aarna42@hotmail.com,F,1978-02-27,Unknown,
PAS-14024,CLM-02452,Omya,,Kurian,Omya Kurian,AADHAR-3893-3050-6661,99980008665,omya12@yahoo.com,F,2003-10-31,Relative,MEM-13224
PAS-14025,CLM-02452,Yadavi,,Manda,Yadavi Manda,VOTER-A879195,99545440537,yadavi28@gmail.com,F,1956-08-11,Colleague,
PAS-14026,CLM-01240,Ishani,,Saran,Ishani Saran,AADHAR-3339-4188-8119,97574887270,ishani53@outlook.co.in,F,1966-10-29,Friend,
PAS-14027,CLM-01240,Ishwar,,Parsa,Ishwar Parsa,AADHAR-8562-9627-4665,98343461339,ishwar81@hotmail.com,M,1995-08-17,Unknown,
PAS-14028,CLM-01240,Harish,,Pant,Harish Pant,UID-640375560357,97700381094,harish18@rediffmail.com,M,1998-09-20,Colleague,
PAS-14029,CLM-01240,Lila,,Shere,Lila Shere,AADHAR-4558-1494-5662,97087139152,lila57@yahoo.com,F,2017-02-26,Friend,
PAS-14030,CLM-00693,Tara,,Mand,Tara Mand,UID-937966466466,97248783174,tara22@yahoo.com,F,1963-08-25,Colleague,
PAS-14031,CLM-00693,Balhaar,,Walia,Balhaar Walia,AADHAR-9558-4357-7854,97938255921,balhaar86@outlook.co.in,M,1999-04-10,Friend,
PAS-14032,CLM-00693,Warda,,Khatri,Warda Khatri,UID-569031877760,97194692339,warda48@outlook.co.in,F,1970-08-09,Colleague,
PAS-14033,CLM-00693,Jacob,,Jani,Jacob Jani,AADHAR-4180-9009-3634,98442053505,jacob64@outlook.co.in,M,1994-05-12,Relative,MEM-10689
PAS-14034,CLM-01931,Omaja,,Malhotra,Omaja Malhotra,AADHAR-3089-7056-6092,98538545603,omaja69@outlook.co.in,F,1994-04-18,Unknown,
PAS-14035,CLM-01931,Jonathan,,Dubey,Jonathan Dubey,UID-912498305952,97730029220,jonathan33@gmail.com,M,1979-09-28,Unknown,
PAS-14036,CLM-02450,Abha,,Hari,Abha Hari,AADHAR-7938-4540-8323,98155777546,abha74@yahoo.com,F,1991-03-27,Friend,
PAS-14037,CLM-02450,Chaaya,,Sandhu,Chaaya Sandhu,AADHAR-6898-2087-4171,97197618478,chaaya35@rediffmail.com,F,2022-01-12,Colleague,
PAS-14038,CLM-02450,Yashodhara,,Vaidya,Yashodhara Vaidya,UID-512853033420,98738635781,yashodhara58@rediffmail.com,F,1992-07-24,Unknown,
PAS-14039,CLM-02450,Yashica,,Lalla,Yashica Lalla,AADHAR-5428-2254-9999,97482694856,yashica49@gmail.com,F,2024-09-19,Colleague,
PAS-14040,CLM-00731,Leela,,Raja,Leela Raja,UID-345554300245,97691623197,leela83@yahoo.com,F,1959-05-09,Unknown,
PAS-14041,CLM-00438,Bhavani,,Verma,Bhavani Verma,AADHAR-7005-5037-8250,97654498103,bhavani44@rediffmail.com,F,1963-03-22,Relative,
PAS-14042,CLM-00438,Vrinda,,Ratta,Vrinda Ratta,VOTER-B689943,97835665128,vrinda31@live.com,F,2023-07-06,Relative,
PAS-14043,CLM-01958,Gaurangi,,Srivastava,Gaurangi Srivastava,AADHAR-7840-4990-4735,98914480627,gaurangi54@hotmail.com,F,1966-03-10,Relative,MEM-10489
PAS-14044,CLM-01958,Wishi,,Tandon,Wishi Tandon,VOTER-E755306,99147901695,wishi33@live.com,F,2010-09-20,Unknown,
PAS-14045,CLM-01958,Chameli,,Dewan,Chameli Dewan,VOTER-E688468,99020537820,chameli84@outlook.co.in,F,1981-03-01,Friend,
PAS-14046,CLM-02350,Chakradhar,,Datta,Chakradhar Datta,AADHAR-2584-4905-6196,99193299769,chakradhar29@live.com,M,1973-08-15,Unknown,
PAS-14047,CLM-02350,Lavanya,,Ram,Lavanya Ram,UID-450123868407,98755846483,lavanya39@hotmail.com,F,2000-02-14,Daughter,MEM-12003
PAS-14048,CLM-02350,Gabriel,,Grover,Gabriel Grover,VOTER-C306579,97444308588,gabriel28@yahoo.com,M,2007-12-31,Unknown,
PAS-14049,CLM-02350,Oeshi,,Shetty,Oeshi Shetty,UID-998446597078,98940280224,oeshi33@rediffmail.com,F,2015-06-02,Friend,
PAS-14050,CLM-00550,Aradhana,,Sidhu,Aradhana Sidhu,UID-671236347218,98867071296,aradhana27@rediffmail.com,F,1966-10-16,Relative,
PAS-14051,CLM-00550,Lila,,Samra,Lila Samra,AADHAR-9954-5226-3716,98239966111,lila43@yahoo.com,F,1977-05-15,Colleague,
PAS-14052,CLM-00470,Anvi,,Nagy,Anvi Nagy,VOTER-C767685,97158632929,anvi35@rediffmail.com,F,1991-11-13,Relative,
PAS-14053,CLM-00470,Oni,,Gole,Oni Gole,UID-253623907508,98485300848,oni76@yahoo.com,F,1986-08-21,Relative,
PAS-14054,CLM-00470,Gaurav,,Kakar,Gaurav Kakar,VOTER-A274832,98210716927,gaurav91@gmail.com,M,1977-03-26,Relative,
PAS-14055,CLM-00470,Ishita,,Goda,Ishita Goda,UID-218897410115,99075861751,ishita11@live.com,F,1961-09-26,Friend,
PAS-14056,CLM-02398,Banjeet,,Ramesh,Banjeet Ramesh,UID-816147063662,98299119143,banjeet10@gmail.com,M,1974-06-03,Friend,
PAS-14057,CLM-02398,Chakrika,,Puri,Chakrika Puri,UID-559202025835,97271319320,chakrika39@outlook.co.in,F,1964-11-22,Relative,MEM-13126
PAS-14058,CLM-02398,Anirudh,,Karan,Anirudh Karan,VOTER-D216383,97794657406,anirudh40@live.com,M,1972-09-02,Relative,
PAS-14059,CLM-02175,Wyatt,,Dalal,Wyatt Dalal,UID-785466564494,97165123577,wyatt53@rediffmail.com,M,1985-04-08,Unknown,
PAS-14060,CLM-02175,Pushti,,De,Pushti De,UID-333031716470,97752564138,pushti88@outlook.co.in,F,1964-05-04,Son,MEM-12420
PAS-14061,CLM-02175,Chatresh,,Iyer,Chatresh Iyer,UID-337736724102,99090490589,chatresh47@yahoo.com,M,2002-12-22,Relative,
PAS-14062,CLM-02175,Lakshit,,Uppal,Lakshit Uppal,AADHAR-6575-2417-6921,98890570811,lakshit34@live.com,M,2004-10-22,Unknown,
PAS-14063,CLM-01946,Rishi,,Shankar,Rishi Shankar,VOTER-A216357,99918874724,rishi12@hotmail.com,M,2023-08-25,Friend,
PAS-14064,CLM-01946,Zashil,,Dua,Zashil Dua,VOTER-B498963,97118481960,zashil44@live.com,M,1980-04-19,Unknown,
PAS-14065,CLM-01946,Sathvik,,Aggarwal,Sathvik Aggarwal,AADHAR-5650-2637-4014,97974452079,sathvik50@yahoo.com,M,1975-07-26,Colleague,MEM-11520
PAS-14066,CLM-01946,Bishakha,,Raman,Bishakha Raman,VOTER-B910806,98567725920,bishakha22@outlook.co.in,F,2002-11-19,Parent,MEM-11103
PAS-14067,CLM-01035,Vansha,,Warrior,Vansha Warrior,UID-286378723704,99387803349,vansha64@outlook.co.in,F,1957-03-31,Unknown,
PAS-14068,CLM-01035,Lakshit,,Pillai,Lakshit Pillai,AADHAR-5364-5121-7788,97793265738,lakshit98@yahoo.com,M,2001-03-30,Unknown,
PAS-14069,CLM-01035,Pavani,,Narayan,Pavani Narayan,VOTER-D847693,98451413536,pavani41@rediffmail.com,F,1973-02-05,Relative,
PAS-14070,CLM-00365,Anamika,,Dey,Anamika Dey,AADHAR-5918-7206-6455,98844998304,anamika10@outlook.co.in,F,2019-06-27,Relative,
PAS-14071,CLM-00365,Sathvik,,Purohit,Sathvik Purohit,VOTER-B782980,98978734251,sathvik53@yahoo.com,M,2024-08-08,Relative,
PAS-14072,CLM-00365,Victor,,Char,Victor Char,UID-894278330429,99112164881,victor71@live.com,M,1991-12-16,Colleague,
PAS-14073,CLM-00365,Amara,,Brar,Amara Brar,UID-715182375023,99741587005,amara13@outlook.co.in,F,1961-01-25,Friend,MEM-13292
PAS-14074,CLM-02211,Aarna,,Dixit,Aarna Dixit,UID-542455564229,97557932734,aarna11@outlook.co.in,F,1985-11-25,Colleague,
PAS-14075,CLM-02211,Vedhika,,Dugar,Vedhika Dugar,AADHAR-4536-7596-7563,98308208819,vedhika35@hotmail.com,F,1981-05-18,Unknown,
PAS-14076,CLM-02300,Liam,,Kuruvilla,Liam Kuruvilla,UID-760641966265,99295403042,liam24@gmail.com,M,2013-10-12,Relative,
PAS-14077,CLM-02300,Amruta,,Dhillon,Amruta Dhillon,UID-614220637060,98278079498,amruta31@outlook.co.in,F,1969-07-26,Unknown,
PAS-14078,CLM-01719,Siya,,Nigam,Siya Nigam,VOTER-D700888,99457586081,siya55@yahoo.com,F,1995-10-10,Unknown,
PAS-14079,CLM-01719,Harsh,,Hayer,Harsh Hayer,VOTER-A401395,97684303294,harsh96@outlook.co.in,M,2018-05-24,Friend,
PAS-14080,CLM-02615,Urvi,,Buch,Urvi Buch,VOTER-D580419,99920587244,urvi37@outlook.co.in,F,2001-04-23,Friend,
PAS-14081,CLM-02615,Oliver,,Ganesh,Oliver Ganesh,AADHAR-3704-7407-2265,97393992191,oliver36@hotmail.com,M,1967-10-30,Unknown,
PAS-14082,CLM-02659,Jairaj,,Bhasin,Jairaj Bhasin,AADHAR-8176-8633-7055,97696656097,jairaj40@gmail.com,M,2005-05-25,Friend,
PAS-14083,CLM-02647,Kai,,Chopra,Kai Chopra,UID-339138800707,99032246272,kai66@outlook.co.in,M,1999-06-09,Friend,
PAS-14084,CLM-02647,Upadhriti,,Biswas,Upadhriti Biswas,UID-672461399187,97600383634,upadhriti87@live.com,F,2008-12-04,Relative,
PAS-14085,CLM-02647,Xalak,,Divan,Xalak Divan,VOTER-C388828,97336177095,xalak53@gmail.com,F,2001-01-14,Unknown,
PAS-14086,CLM-01734,Pushti,,Dave,Pushti Dave,AADHAR-5057-9770-4905,99415096636,pushti17@rediffmail.com,F,1955-02-13,Unknown,
PAS-14087,CLM-01734,Vritti,,Sunder,Vritti Sunder,UID-188560144530,97876285018,vritti74@gmail.com,F,1996-10-09,Colleague,
PAS-14088,CLM-01734,Anay,,Bhatia,Anay Bhatia,AADHAR-8347-2672-4741,99272953332,anay26@gmail.com,M,2022-03-11,Friend,
PAS-14089,CLM-01699,Maanas,,Khosla,Maanas Khosla,VOTER-B496872,97240483048,maanas74@outlook.co.in,M,1966-07-20,Colleague,
PAS-14090,CLM-01699,Patrick,,Ghosh,Patrick Ghosh,AADHAR-6555-5966-1370,98344027106,patrick30@outlook.co.in,M,1989-08-19,Relative,
PAS-14091,CLM-01699,Garima,,Mane,Garima Mane,UID-983828277855,98747203346,garima56@rediffmail.com,F,2021-02-15,Unknown,
PAS-14092,CLM-01316,Gautam,,Khurana,Gautam Khurana,VOTER-B379703,97148901575,gautam37@hotmail.com,M,1982-09-28,Relative,
PAS-14093,CLM-01316,Peter,,Biswas,Peter Biswas,UID-261884503399,99580205282,peter63@gmail.com,M,1973-01-13,Colleague,
PAS-14094,CLM-01316,Umang,,Mukhopadhyay,Umang Mukhopadhyay,AADHAR-1016-2058-3585,98731546551,umang92@live.com,M,2008-09-01,Colleague,
PAS-14095,CLM-01071,Maanav,,Khanna,Maanav Khanna,UID-950468051556,97574270702,maanav15@gmail.com,M,1960-07-20,Unknown,
PAS-14096,CLM-01071,Amara,,Contractor,Amara Contractor,AADHAR-2682-1408-1443,99941158329,amara64@live.com,F,2005-12-14,Relative,
PAS-14097,CLM-01071,Jeevika,,Rama,Jeevika Rama,VOTER-A126282,97434967107,jeevika45@rediffmail.com,F,1959-09-11,Unknown,
PAS-14098,CLM-01944,Veda,,Bava,Veda Bava,UID-442681172450,99329125433,veda50@live.com,F,1996-07-30,Spouse,MEM-12790
PAS-14099,CLM-01553,Idika,,Bath,Idika Bath,AADHAR-3459-8736-1667,99579559920,idika88@live.com,F,1994-08-26,Unknown,
PAS-14100,CLM-01553,Arunima,,Shah,Arunima Shah,VOTER-E792830,99023314499,arunima74@yahoo.com,F,1990-02-03,Relative,
PAS-14101,CLM-00702,Pranav,,Puri,Pranav Puri,AADHAR-6829-5007-2665,97835379048,pranav77@live.com,M,1969-08-11,Friend,
PAS-14102,CLM-00702,Daksh,,Mangat,Daksh Mangat,AADHAR-8922-9822-1359,97186414821,daksh58@rediffmail.com,M,1976-01-11,Colleague,
PAS-14103,CLM-00702,Yashawini,,Sekhon,Yashawini Sekhon,VOTER-B903631,97911800263,yashawini20@yahoo.com,F,1997-04-20,Colleague,
PAS-14104,CLM-00702,Krishna,,Ahuja,Krishna Ahuja,VOTER-D305061,97889849555,krishna54@live.com,F,1969-10-06,Relative,
PAS-14105,CLM-00622,Harrison,,Chaudhari,Harrison Chaudhari,UID-894064961180,97856861405,harrison38@hotmail.com,M,2000-09-22,Son,MEM-11181
PAS-14106,CLM-00622,Azaan,,Nayak,Azaan Nayak,AADHAR-1201-6518-6414,99858908159,azaan90@live.com,M,2006-01-21,Colleague,
PAS-14107,CLM-00622,Yashodhara,,Bail,Yashodhara Bail,AADHAR-2587-9734-7148,97014221245,yashodhara28@gmail.com,F,1984-06-16,Son,MEM-10348
PAS-14108,CLM-00622,Samarth,,Goel,Samarth Goel,UID-129594185486,98511383125,samarth86@gmail.com,M,1990-09-14,Relative,
PAS-14109,CLM-02650,Vihaan,,Desai,Vihaan Desai,UID-679930900798,98986375878,vihaan92@live.com,M,2020-03-15,Relative,
PAS-14110,CLM-02650,Riya,,Kant,Riya Kant,VOTER-C483066,98396736234,riya66@live.com,F,1958-08-27,Friend,
PAS-14111,CLM-01096,Sarthak,,Kapadia,Sarthak Kapadia,AADHAR-7564-7291-1213,97057112101,sarthak27@rediffmail.com,M,2020-04-08,Colleague,
PAS-14112,CLM-01096,Sudiksha,,Kumer,Sudiksha Kumer,AADHAR-3530-5699-9872,99498557195,sudiksha80@gmail.com,F,1979-05-15,Spouse,MEM-11663
PAS-14113,CLM-01096,Rishi,,Mand,Rishi Mand,UID-728743678908,98678690135,rishi17@yahoo.com,M,2009-12-19,Relative,
PAS-14114,CLM-01096,Aarnav,,Upadhyay,Aarnav Upadhyay,AADHAR-1921-2685-4218,97124714321,aarnav10@rediffmail.com,M,2024-03-20,Colleague,
PAS-14115,CLM-00133,Warjas,,Issac,Warjas Issac,AADHAR-4917-7669-6356,98188562703,warjas20@hotmail.com,M,1966-01-26,Unknown,
PAS-14116,CLM-00133,Samaksh,,Kari,Samaksh Kari,UID-507754918353,99518879197,samaksh69@yahoo.com,M,1954-12-11,Colleague,
PAS-14117,CLM-00133,Rajeshri,,Walla,Rajeshri Walla,AADHAR-6135-6773-7943,98470982730,rajeshri20@hotmail.com,F,2015-09-30,Unknown,
PAS-14118,CLM-01247,Bhavna,,Ratti,Bhavna Ratti,UID-882718515992,98530964913,bhavna45@gmail.com,F,2024-09-20,Unknown,
PAS-14119,CLM-01554,Yutika,,Khatri,Yutika Khatri,AADHAR-1131-3330-5694,97812116964,yutika92@rediffmail.com,F,1960-06-26,Son,MEM-12404
PAS-14120,CLM-00728,Yash,,Golla,Yash Golla,UID-115230066339,97510328022,yash15@hotmail.com,M,2009-02-12,Friend,
PAS-14121,CLM-00728,Vasatika,,Bajwa,Vasatika Bajwa,VOTER-E875269,98459596348,vasatika46@yahoo.com,F,1991-04-07,Friend,
PAS-14122,CLM-01334,Imaran,,Narayan,Imaran Narayan,VOTER-E273016,97508652954,imaran21@yahoo.com,M,1967-11-02,Unknown,
PAS-14123,CLM-01334,Guneet,,Dar,Guneet Dar,AADHAR-3262-4518-5532,99593577019,guneet62@live.com,M,1973-05-31,Relative,
PAS-14124,CLM-01334,Chanakya,,Biswas,Chanakya Biswas,AADHAR-1185-7852-8459,99217714461,chanakya39@outlook.co.in,M,1959-05-20,Colleague,
PAS-14125,CLM-01334,Arya,,Tara,Arya Tara,AADHAR-1665-2860-1955,98015371856,arya44@gmail.com,F,1996-10-25,Parent,MEM-10564
PAS-14126,CLM-02219,Nisha,,Wagle,Nisha Wagle,VOTER-E197359,97921121076,nisha69@live.com,F,2006-09-19,Relative,
PAS-14127,CLM-02219,Laksh,,Ravi,Laksh Ravi,VOTER-A549593,99770558683,laksh94@hotmail.com,M,2021-03-22,Colleague,
PAS-14128,CLM-02219,Arya,,Jayaraman,Arya Jayaraman,AADHAR-6222-8681-8080,99755900515,arya72@rediffmail.com,F,1996-01-31,Relative,
PAS-14129,CLM-01180,Vritti,,Nair,Vritti Nair,UID-398010994018,97143906424,vritti95@gmail.com,F,1976-01-30,Friend,MEM-10417
PAS-14130,CLM-01180,Harita,,Kibe,Harita Kibe,UID-798959325218,97849750719,harita80@live.com,F,1986-11-01,Colleague,
PAS-14131,CLM-01180,Lopa,,Mandal,Lopa Mandal,VOTER-B933643,98658160503,lopa37@rediffmail.com,F,2022-04-07,Relative,
PAS-14132,CLM-01180,Gauri,,Balasubramanian,Gauri Balasubramanian,AADHAR-6568-1793-1954,98567305125,gauri41@hotmail.com,F,1982-08-02,Parent,MEM-12381
PAS-14133,CLM-02999,Leela,,Dhaliwal,Leela Dhaliwal,UID-454825845498,97201003854,leela16@gmail.com,F,1998-01-14,Friend,MEM-11086
PAS-14134,CLM-02999,Bina,,Rajan,Bina Rajan,AADHAR-8369-8683-2624,97900076277,bina73@outlook.co.in,F,2020-07-02,Relative,
PAS-14135,CLM-02999,Arjun,,Parekh,Arjun Parekh,VOTER-B495268,98712448488,arjun35@yahoo.com,M,2009-01-05,Unknown,
PAS-14136,CLM-02999,Rajata,,Kade,Rajata Kade,UID-276900237080,97680373021,rajata20@hotmail.com,F,1955-02-07,Friend,
PAS-14137,CLM-00665,Jalsa,,Shroff,Jalsa Shroff,VOTER-C806151,98689261529,jalsa86@rediffmail.com,F,1968-05-05,Unknown,
PAS-14138,CLM-00686,Advay,,Sood,Advay Sood,UID-892628353341,97597224634,advay99@hotmail.com,M,1982-12-15,Colleague,
PAS-14139,CLM-00686,Dalaja,,Lal,Dalaja Lal,UID-998018943459,97687742994,dalaja77@outlook.co.in,F,1989-09-28,Son,MEM-10074
PAS-14140,CLM-00686,Harrison,,Sharma,Harrison Sharma,UID-989197275074,98120334320,harrison19@outlook.co.in,M,1996-05-26,Relative,MEM-12511
PAS-14141,CLM-00686,Noah,,Muni,Noah Muni,AADHAR-6186-2547-7756,99788252993,noah66@live.com,M,1998-01-31,Colleague,MEM-12760
PAS-14142,CLM-00147,Harshil,,Saxena,Harshil Saxena,VOTER-D326683,98580988217,harshil38@live.com,M,1980-09-01,Friend,
PAS-14143,CLM-00147,Anya,,Sabharwal,Anya Sabharwal,VOTER-C301212,97307356951,anya74@live.com,F,1998-03-13,Colleague,
PAS-14144,CLM-02013,Rayaan,,Saha,Rayaan Saha,VOTER-E524890,97518661490,rayaan76@rediffmail.com,M,1985-01-27,Colleague,
PAS-14145,CLM-02013,Veda,,Borde,Veda Borde,UID-635403675831,99023779950,veda69@live.com,F,1958-02-28,Friend,
PAS-14146,CLM-02067,Divya,,Seshadri,Divya Seshadri,AADHAR-8394-7358-7658,97869081879,divya53@yahoo.com,F,1960-10-23,Colleague,
PAS-14147,CLM-02067,Ekanta,,Mammen,Ekanta Mammen,UID-918295307568,97930206330,ekanta54@live.com,F,2001-05-15,Colleague,
PAS-14148,CLM-00006,Ayush,,Sur,Ayush Sur,AADHAR-7516-1722-8812,97559618626,ayush50@gmail.com,M,2001-01-14,Unknown,
PAS-14149,CLM-00006,Chaman,,Saraf,Chaman Saraf,VOTER-B435242,97941866975,chaman21@hotmail.com,F,1976-04-16,Parent,MEM-11155
PAS-14150,CLM-00006,Girindra,,Kashyap,Girindra Kashyap,AADHAR-8295-3199-1129,99432182386,girindra84@gmail.com,M,1996-09-10,Son,MEM-11937
PAS-14151,CLM-02705,Faris,,Vasa,Faris Vasa,AADHAR-6305-9265-3080,99712553616,faris36@rediffmail.com,M,1999-05-07,Friend,
PAS-14152,CLM-02705,Samarth,,Raghavan,Samarth Raghavan,AADHAR-2799-6395-1597,97519781862,samarth88@gmail.com,M,1978-03-31,Friend,
PAS-14153,CLM-02705,Ekalinga,,Kurian,Ekalinga Kurian,VOTER-D149409,97266445375,ekalinga53@yahoo.com,M,2012-03-29,Unknown,
PAS-14154,CLM-02705,Tripti,,Bedi,Tripti Bedi,UID-960754198930,98957605181,tripti67@gmail.com,F,2014-10-12,Colleague,
PAS-14155,CLM-01801,Onveer,,Verma,Onveer Verma,VOTER-E218828,97655040846,onveer25@rediffmail.com,M,1993-02-08,Unknown,
PAS-14156,CLM-01801,Forum,,Bhalla,Forum Bhalla,VOTER-A736027,98084118362,forum52@rediffmail.com,F,1956-06-26,Friend,
PAS-14157,CLM-01532,Sarthak,,Char,Sarthak Char,VOTER-D564945,97848785335,sarthak45@gmail.com,M,1970-01-30,Friend,MEM-10003
PAS-14158,CLM-01532,Daksha,,Lal,Daksha Lal,AADHAR-7739-3646-1829,97281474271,daksha84@gmail.com,F,1982-03-30,Relative,MEM-12640
PAS-14159,CLM-01981,Unnati,,Loyal,Unnati Loyal,AADHAR-8686-7745-1078,98247295620,unnati41@live.com,F,1991-09-16,Friend,
PAS-14160,CLM-01981,Gaurika,,Shukla,Gaurika Shukla,VOTER-A830407,99038997279,gaurika16@live.com,F,1976-05-24,Colleague,
PAS-14161,CLM-01981,Triveni,,Chadha,Triveni Chadha,AADHAR-4478-8954-3426,97922694190,triveni79@outlook.co.in,F,2007-03-09,Unknown,
PAS-14162,CLM-01981,Gautami,,Sanghvi,Gautami Sanghvi,UID-637340697129,97741140729,gautami37@outlook.co.in,F,2016-09-30,Friend,
PAS-14163,CLM-00096,Abhiram,,Gour,Abhiram Gour,UID-436588692410,99906781451,abhiram98@live.com,M,1967-03-26,Colleague,
PAS-14164,CLM-00096,Faqid,,Samra,Faqid Samra,AADHAR-6127-1004-3165,98488866784,faqid33@rediffmail.com,M,2013-12-07,Friend,
PAS-14165,CLM-00096,Noah,,Khatri,Noah Khatri,UID-117581226014,98494587564,noah81@yahoo.com,M,1992-03-02,Relative,
PAS-14166,CLM-00096,Anjali,,Buch,Anjali Buch,UID-957183423174,98946966041,anjali20@live.com,F,2013-10-09,Relative,
PAS-14167,CLM-01248,Warinder,,Bora,Warinder Bora,UID-245748909024,97894659791,warinder52@gmail.com,M,1997-07-03,Relative,
PAS-14168,CLM-01248,Eesha,,Mahal,Eesha Mahal,VOTER-C436768,99238541355,eesha52@yahoo.com,F,1963-07-23,Spouse,MEM-11112
PAS-14169,CLM-01248,Damini,,Koshy,Damini Koshy,UID-572745380442,97441337964,damini26@yahoo.com,F,1975-03-10,Friend,
PAS-14170,CLM-01594,Adya,,Sur,Adya Sur,AADHAR-2019-8434-6803,98788471691,adya14@gmail.com,F,2010-08-08,Relative,
PAS-14171,CLM-01594,Netra,,Doshi,Netra Doshi,AADHAR-1398-2590-2901,99353080479,netra29@outlook.co.in,F,1971-10-05,Friend,
PAS-14172,CLM-01594,Kamya,,Dar,Kamya Dar,VOTER-A695670,97714123948,kamya77@live.com,F,2001-06-08,Friend,
PAS-14173,CLM-01075,Gaurangi,,Arya,Gaurangi Arya,VOTER-D688268,99386632218,gaurangi59@yahoo.com,F,2011-07-06,Relative,
PAS-14174,CLM-01075,Gavin,,Om,Gavin Om,AADHAR-7623-7787-9572,99884068676,gavin45@live.com,M,1970-01-02,Relative,
PAS-14175,CLM-01075,Vansha,,Mitter,Vansha Mitter,VOTER-D680495,97215661406,vansha56@yahoo.com,F,1967-05-30,Relative,
PAS-14176,CLM-01075,Udarsh,,Rau,Udarsh Rau,UID-837666137749,99356866119,udarsh50@live.com,M,2023-10-26,Colleague,
PAS-14177,CLM-00537,Zinal,,Panchal,Zinal Panchal,UID-584724255124,97139801453,zinal83@live.com,F,1977-06-17,Friend,
PAS-14178,CLM-00537,Pranav,,Krishna,Pranav Krishna,UID-853742491296,98264053316,pranav84@outlook.co.in,M,2015-03-28,Unknown,
PAS-14179,CLM-00537,Sara,,Shenoy,Sara Shenoy,UID-379496373490,99511726100,sara36@gmail.com,F,1974-10-21,Relative,
PAS-14180,CLM-01250,Abdul,,Vasa,Abdul Vasa,UID-623472683873,97326367689,abdul79@hotmail.com,M,1991-12-03,Parent,MEM-10780
PAS-14181,CLM-01250,Abha,,Golla,Abha Golla,VOTER-E320428,97108004266,abha11@rediffmail.com,F,1975-01-19,Daughter,MEM-10191
PAS-14182,CLM-00869,Mugdha,,Muni,Mugdha Muni,AADHAR-9517-7161-5296,99940948417,mugdha16@rediffmail.com,F,1990-08-27,Friend,
PAS-14183,CLM-00869,Pratyush,,Dani,Pratyush Dani,UID-150939882328,97529933543,pratyush94@live.com,M,2006-08-09,Colleague,
PAS-14184,CLM-00869,Arin,,Rout,Arin Rout,AADHAR-6718-2122-9788,98099628979,arin94@gmail.com,M,2000-10-05,Friend,MEM-10148
PAS-14185,CLM-00869,Matthew,,Yadav,Matthew Yadav,VOTER-B480978,98490847833,matthew29@rediffmail.com,M,1995-07-04,Colleague,
PAS-14186,CLM-01475,Avni,,Nagar,Avni Nagar,AADHAR-3933-4582-6368,97049394446,avni15@hotmail.com,F,2008-03-27,Friend,
PAS-14187,CLM-01475,Amol,,Ramachandran,Amol Ramachandran,VOTER-C645191,97246506870,amol23@hotmail.com,M,1981-02-08,Relative,MEM-13485
PAS-14188,CLM-01475,Omkaar,,Khurana,Omkaar Khurana,AADHAR-3110-6326-7443,98434003552,omkaar77@hotmail.com,M,2018-04-05,Friend,
PAS-14189,CLM-00084,Lila,,Yohannan,Lila Yohannan,UID-587484817677,98624154462,lila64@live.com,F,1975-05-17,Friend,
PAS-14190,CLM-02034,Krish,,Bhalla,Krish Bhalla,VOTER-B238472,98549343474,krish50@rediffmail.com,M,2014-11-04,Friend,
PAS-14191,CLM-02229,Vedika,,Manda,Vedika Manda,VOTER-D838678,97661067901,vedika75@gmail.com,F,2006-03-27,Colleague,
PAS-14192,CLM-02229,Vrishti,,Patel,Vrishti Patel,VOTER-D171307,97629031273,vrishti48@live.com,F,2003-06-27,Unknown,
PAS-14193,CLM-02841,Farhan,,Sule,Farhan Sule,UID-524430786555,99638487791,farhan22@yahoo.com,M,1965-01-12,Colleague,
PAS-14194,CLM-02841,Rajata,,Om,Rajata Om,VOTER-C178581,99682632235,rajata60@outlook.co.in,F,2015-06-12,Relative,
PAS-14195,CLM-00073,Eiravati,,Divan,Eiravati Divan,UID-562989544272,99224034660,eiravati68@live.com,F,1989-12-24,Friend,
PAS-14196,CLM-00073,Radhika,,Rao,Radhika Rao,VOTER-E654975,97073807814,radhika15@hotmail.com,F,1968-12-13,Son,MEM-11501
PAS-14197,CLM-00073,Forum,,Seth,Forum Seth,UID-773179131766,98859631739,forum26@gmail.com,F,1995-10-06,Unknown,
PAS-14198,CLM-01693,Janaki,,Saxena,Janaki Saxena,UID-517144626489,98766660461,janaki72@live.com,F,2001-04-24,Unknown,
PAS-14199,CLM-01212,Riya,,Subramanian,Riya Subramanian,AADHAR-8088-2944-8894,98777610161,riya81@yahoo.com,F,1972-01-19,Colleague,
PAS-14200,CLM-01212,Jalsa,,Saran,Jalsa Saran,UID-131441057585,97673877647,jalsa56@yahoo.com,F,2015-05-08,Relative,
PAS-14201,CLM-01212,Onveer,,Lad,Onveer Lad,UID-613727922377,98032568162,onveer81@rediffmail.com,M,1971-06-11,Colleague,
PAS-14202,CLM-00721,Omaja,,Dugal,Omaja Dugal,UID-408319390426,99259939971,omaja90@yahoo.com,F,1957-07-01,Friend,
PAS-14203,CLM-00721,Janani,,Kade,Janani Kade,AADHAR-6516-1094-5833,99133742342,janani16@hotmail.com,F,2023-10-10,Colleague,
PAS-14204,CLM-00721,Aarnav,,Mohan,Aarnav Mohan,AADHAR-8167-7213-6096,99367890182,aarnav31@rediffmail.com,M,1996-03-15,Relative,
PAS-14205,CLM-00721,Niharika,,Subramaniam,Niharika Subramaniam,UID-389625588326,98319493717,niharika90@live.com,F,2004-03-05,Friend,
PAS-14206,CLM-00270,Kavya,,Dave,Kavya Dave,AADHAR-8735-6044-9812,97902634271,kavya34@hotmail.com,F,2004-01-14,Unknown,
PAS-14207,CLM-00270,Jacob,,Kaur,Jacob Kaur,VOTER-A960150,97357555071,jacob53@live.com,M,2008-08-13,Colleague,
PAS-14208,CLM-01202,Udyati,,Pathak,Udyati Pathak,AADHAR-4511-1735-8067,99961984239,udyati93@hotmail.com,F,1997-02-27,Colleague,
PAS-14209,CLM-01202,Yasti,,Nagar,Yasti Nagar,VOTER-C166638,99619676047,yasti61@gmail.com,F,2008-06-09,Relative,
PAS-14210,CLM-01202,Ridhi,,Mody,Ridhi Mody,AADHAR-1648-2563-9117,98811348375,ridhi77@live.com,F,2001-12-13,Unknown,
PAS-14211,CLM-02537,Vritti,,Upadhyay,Vritti Upadhyay,VOTER-B337174,99044362630,vritti73@gmail.com,F,1978-06-03,Friend,MEM-12087
PAS-14212,CLM-02537,Yasti,,Samra,Yasti Samra,UID-604433378231,97369698263,yasti77@yahoo.com,F,1965-09-01,Friend,
PAS-14213,CLM-00024,Jasmit,,Kaur,Jasmit Kaur,AADHAR-2691-3964-3480,98629767001,jasmit25@hotmail.com,F,1968-05-20,Colleague,MEM-10048
PAS-14214,CLM-00024,Upasna,,Vora,Upasna Vora,VOTER-B229332,99759998499,upasna40@gmail.com,F,1971-08-10,Colleague,
PAS-14215,CLM-00318,Vincent,,Wable,Vincent Wable,VOTER-C743840,97645039158,vincent96@live.com,M,1994-04-13,Colleague,MEM-10858
PAS-14216,CLM-00318,Isaiah,,Kapadia,Isaiah Kapadia,AADHAR-5716-5831-4580,98189109582,isaiah41@gmail.com,M,1967-09-14,Relative,MEM-10593
PAS-14217,CLM-00318,Nidra,,Atwal,Nidra Atwal,VOTER-C399281,97034668962,nidra55@yahoo.com,F,1997-05-12,Parent,MEM-12582
PAS-14218,CLM-00318,Anmol,,Handa,Anmol Handa,AADHAR-4233-2920-9101,98896386206,anmol10@live.com,M,1999-04-06,Relative,
PAS-14219,CLM-01076,Yuvraj,,Naik,Yuvraj Naik,UID-177993588559,98963243300,yuvraj24@yahoo.com,M,1981-12-15,Colleague,MEM-12239
PAS-14220,CLM-01076,Yatan,,Sant,Yatan Sant,AADHAR-4928-9653-6291,99346648400,yatan49@yahoo.com,M,2009-08-20,Unknown,
PAS-14221,CLM-01076,Suhani,,Mittal,Suhani Mittal,VOTER-C206519,98734963126,suhani80@gmail.com,F,1961-01-02,Parent,MEM-13026
PAS-14222,CLM-01076,Sai,,Choudhary,Sai Choudhary,UID-643670298826,98429211938,sai76@gmail.com,F,1963-02-22,Parent,MEM-11381
PAS-14223,CLM-00760,Nitesh,,Mallick,Nitesh Mallick,UID-192901203889,97960072867,nitesh87@rediffmail.com,M,2004-10-19,Unknown,
PAS-14224,CLM-00760,Qasim,,Balasubramanian,Qasim Balasubramanian,VOTER-E323372,98782590077,qasim49@yahoo.com,M,1974-08-31,Daughter,MEM-11358
PAS-14225,CLM-00268,Gaurika,,Talwar,Gaurika Talwar,VOTER-C363640,99223907771,gaurika84@rediffmail.com,F,2005-07-31,Relative,MEM-11101
PAS-14226,CLM-00268,Nihal,,Memon,Nihal Memon,AADHAR-6426-1542-5156,98047349230,nihal90@live.com,M,1959-11-07,Relative,
PAS-14227,CLM-00268,Pavani,,Raval,Pavani Raval,AADHAR-2162-8047-4092,99731868613,pavani19@rediffmail.com,F,2000-03-23,Friend,MEM-12761
PAS-14228,CLM-02528,Anay,,Sachar,Anay Sachar,UID-591562612542,98216865410,anay50@rediffmail.com,M,1986-03-15,Colleague,MEM-13243
PAS-14229,CLM-02528,Triveni,,Soni,Triveni Soni,UID-831824585298,99957892153,triveni85@rediffmail.com,F,1982-08-30,Relative,
PAS-14230,CLM-02709,Nakul,,Din,Nakul Din,VOTER-B320705,98343833743,nakul18@yahoo.com,M,1995-03-21,Unknown,
PAS-14231,CLM-02709,Raksha,,Sarin,Raksha Sarin,AADHAR-8703-2158-7204,99932656409,raksha75@live.com,F,1978-11-04,Relative,
PAS-14232,CLM-02709,Rohan,,Hans,Rohan Hans,AADHAR-9739-6671-7263,97579317718,rohan13@outlook.co.in,M,2023-08-07,Unknown,
PAS-14233,CLM-01152,Chanchal,,Karnik,Chanchal Karnik,AADHAR-3318-9075-4004,97730504477,chanchal69@hotmail.com,F,2023-09-29,Friend,
PAS-14234,CLM-01152,Balveer,,Kurian,Balveer Kurian,UID-606306964979,98020688693,balveer45@outlook.co.in,M,1985-11-06,Colleague,
PAS-14235,CLM-01152,Aashi,,Parekh,Aashi Parekh,VOTER-A959686,97169515789,aashi95@gmail.com,F,1967-05-06,Unknown,
PAS-14236,CLM-01644,Parth,,Shankar,Parth Shankar,VOTER-A279909,98029795906,parth75@hotmail.com,M,2019-02-27,Friend,
PAS-14237,CLM-01644,Kiaan,,Mital,Kiaan Mital,UID-298988065321,97604941080,kiaan71@hotmail.com,M,2015-04-07,Unknown,
PAS-14238,CLM-02025,Samar,,Joshi,Samar Joshi,VOTER-E537710,99686251351,samar19@yahoo.com,M,1980-08-03,Colleague,
PAS-14239,CLM-02025,Kala,,Nazareth,Kala Nazareth,UID-492385217353,98679505120,kala30@yahoo.com,F,1986-11-07,Friend,MEM-11947
PAS-14240,CLM-02025,Harrison,,Maharaj,Harrison Maharaj,UID-640037909711,99215914897,harrison77@live.com,M,2016-08-02,Colleague,
PAS-14241,CLM-01396,Oscar,,Narain,Oscar Narain,AADHAR-2197-9480-6190,97338994080,oscar47@rediffmail.com,M,2012-06-27,Friend,
PAS-14242,CLM-01396,Robert,,Madan,Robert Madan,VOTER-A122933,97227330165,robert35@rediffmail.com,M,1976-02-10,Relative,
PAS-14243,CLM-00009,Bhavna,,Dhillon,Bhavna Dhillon,AADHAR-5885-2353-4806,97796709820,bhavna20@yahoo.com,F,2003-04-05,Relative,
PAS-14244,CLM-00009,Victor,,Sandhu,Victor Sandhu,VOTER-A893822,97693526588,victor72@live.com,M,2018-07-11,Colleague,
PAS-14245,CLM-00009,Joshua,,Chakraborty,Joshua Chakraborty,UID-174819434623,99400954105,joshua68@live.com,M,1975-04-23,Daughter,MEM-12857
PAS-14246,CLM-00726,Amruta,,Narang,Amruta Narang,UID-278662573006,98907390411,amruta31@outlook.co.in,F,1989-10-02,Relative,
PAS-14247,CLM-00726,Vansha,,Dass,Vansha Dass,VOTER-E649643,99914012471,vansha86@rediffmail.com,F,1961-01-03,Unknown,
PAS-14248,CLM-00726,Saumya,,Garg,Saumya Garg,VOTER-D567158,97695172541,saumya33@yahoo.com,F,1973-09-25,Friend,
PAS-14249,CLM-00726,Diya,,Nath,Diya Nath,UID-153848006181,99499387698,diya24@rediffmail.com,F,1973-08-06,Colleague,
PAS-14250,CLM-01088,Jonathan,,Oak,Jonathan Oak,VOTER-D223436,97661158500,jonathan66@gmail.com,M,1992-08-17,Relative,
PAS-14251,CLM-01088,Nandini,,Modi,Nandini Modi,VOTER-E793067,99686839900,nandini57@hotmail.com,F,2014-06-01,Colleague,
PAS-14252,CLM-01088,Balhaar,,Dhawan,Balhaar Dhawan,UID-487710427632,97449070469,balhaar56@yahoo.com,M,1956-11-05,Colleague,
PAS-14253,CLM-01088,Dhriti,,Baral,Dhriti Baral,UID-803994753981,97389208496,dhriti37@hotmail.com,F,2021-05-20,Unknown,
PAS-14254,CLM-01703,Libni,,Mand,Libni Mand,AADHAR-7396-2971-9856,99198837553,libni59@rediffmail.com,F,1957-06-15,Colleague,
PAS-14255,CLM-02910,Zaid,,Atwal,Zaid Atwal,VOTER-B597075,98848822617,zaid53@yahoo.com,M,1964-02-02,Daughter,MEM-12483
PAS-14256,CLM-02910,Daniel,,Jaggi,Daniel Jaggi,AADHAR-4195-5089-2380,97850189352,daniel99@rediffmail.com,M,2005-03-01,Unknown,
PAS-14257,CLM-02910,Jasmit,,Sachdeva,Jasmit Sachdeva,VOTER-E136520,97392037281,jasmit11@gmail.com,F,1964-10-10,Colleague,
PAS-14258,CLM-02910,Damyanti,,Bose,Damyanti Bose,AADHAR-6629-4254-8172,97545043300,damyanti10@outlook.co.in,F,1996-02-10,Relative,
PAS-14259,CLM-00823,Jatin,,Karnik,Jatin Karnik,UID-248326468577,98110927817,jatin46@outlook.co.in,M,2022-08-24,Colleague,
PAS-14260,CLM-00099,Diya,,Sekhon,Diya Sekhon,VOTER-A750956,99884806924,diya17@hotmail.com,F,1997-02-16,Unknown,
PAS-14261,CLM-00099,Bhavya,,Gandhi,Bhavya Gandhi,AADHAR-3458-4886-7700,98133169920,bhavya58@yahoo.com,F,1989-01-04,Relative,
PAS-14262,CLM-00099,Wyatt,,Kaur,Wyatt Kaur,AADHAR-8351-6564-1452,99796572471,wyatt27@live.com,M,1993-12-18,Unknown,
PAS-14263,CLM-00099,Kevin,,Jayaraman,Kevin Jayaraman,AADHAR-7433-9868-9918,99418487727,kevin92@live.com,M,2000-05-10,Unknown,
PAS-14264,CLM-02325,Chatresh,,Radhakrishnan,Chatresh Radhakrishnan,AADHAR-9733-9574-1691,98376371530,chatresh43@gmail.com,M,1968-11-20,Friend,
PAS-14265,CLM-02325,Logan,,Chaudhary,Logan Chaudhary,AADHAR-8771-2352-6235,99153744874,logan14@rediffmail.com,M,1986-01-01,Friend,
PAS-14266,CLM-02325,Qushi,,Mammen,Qushi Mammen,AADHAR-6729-1020-3324,98321979228,qushi50@yahoo.com,F,2009-05-07,Friend,
PAS-14267,CLM-00025,Omisha,,Raju,Omisha Raju,UID-845710722182,98445316916,omisha80@outlook.co.in,F,2010-03-14,Friend,
PAS-14268,CLM-00025,Chaitanya,,Kadakia,Chaitanya Kadakia,VOTER-C293140,99652181715,chaitanya63@live.com,M,2008-05-14,Friend,
PAS-14269,CLM-00025,Isaac,,Bawa,Isaac Bawa,UID-459492383496,99459833092,isaac54@gmail.com,M,1969-02-24,Relative,
PAS-14270,CLM-00025,Harini,,Shenoy,Harini Shenoy,VOTER-B425396,99076992713,harini47@hotmail.com,F,1976-03-21,Colleague,
PAS-14271,CLM-00724,Oni,,Hegde,Oni Hegde,UID-498820323619,97305349663,oni13@yahoo.com,F,1996-01-14,Friend,
PAS-14272,CLM-00724,Nidra,,Sarraf,Nidra Sarraf,AADHAR-4454-1588-6069,99813088667,nidra43@live.com,F,1983-07-31,Colleague,MEM-10418
PAS-14273,CLM-00724,Nathaniel,,Venkataraman,Nathaniel Venkataraman,AADHAR-6683-6399-9968,97323737307,nathaniel74@gmail.com,M,2003-02-02,Colleague,
PAS-14274,CLM-00724,Bhavna,,Chanda,Bhavna Chanda,VOTER-D689280,97218310736,bhavna76@rediffmail.com,F,1958-03-03,Unknown,
PAS-14275,CLM-01231,Bachittar,,Ganesan,Bachittar Ganesan,UID-953807731676,97107245218,bachittar94@outlook.co.in,M,1992-11-25,Relative,
PAS-14276,CLM-01231,Pranav,,Tiwari,Pranav Tiwari,VOTER-D654222,98981229551,pranav81@yahoo.com,M,1989-12-26,Unknown,
PAS-14277,CLM-01231,Krish,,Saraf,Krish Saraf,UID-251429865381,99539848577,krish46@live.com,M,2013-09-14,Unknown,
PAS-14278,CLM-02458,Varenya,,Varughese,Varenya Varughese,AADHAR-9707-6651-7854,97910661122,varenya42@hotmail.com,F,1970-11-23,Relative,
PAS-14279,CLM-02458,Urmi,,Aurora,Urmi Aurora,UID-882164631961,97955698507,urmi15@gmail.com,F,2005-10-27,Unknown,
PAS-14280,CLM-02458,Balendra,,Sule,Balendra Sule,AADHAR-4470-2933-7526,99152847451,balendra79@gmail.com,M,1956-08-16,Colleague,
PAS-14281,CLM-00387,Shaurya,,Bedi,Shaurya Bedi,UID-825202775253,98900208311,shaurya62@gmail.com,M,1969-03-13,Relative,
PAS-14282,CLM-01961,Eta,,Palan,Eta Palan,AADHAR-2387-4731-2835,99961931101,eta17@rediffmail.com,F,2007-03-01,Parent,MEM-10139
PAS-14283,CLM-01961,Mohammed,,Dass,Mohammed Dass,AADHAR-8892-5274-3404,98442384216,mohammed48@hotmail.com,M,1990-11-25,Unknown,
PAS-14284,CLM-00870,Eesha,,Varkey,Eesha Varkey,VOTER-E568616,97828270386,eesha43@yahoo.com,F,1966-11-20,Colleague,MEM-12485
PAS-14285,CLM-00870,Nicholas,,Karnik,Nicholas Karnik,UID-568650581396,98083272247,nicholas16@rediffmail.com,M,1961-03-02,Colleague,MEM-11429
PAS-14286,CLM-02586,Chaitanya,,Narayan,Chaitanya Narayan,AADHAR-9885-4224-7045,99710898467,chaitanya85@hotmail.com,M,1988-02-19,Unknown,
PAS-14287,CLM-02625,Chavvi,,Bahl,Chavvi Bahl,VOTER-E464898,98977157455,chavvi79@outlook.co.in,F,2000-11-15,Relative,
PAS-14288,CLM-02625,Pavani,,Loke,Pavani Loke,UID-435952700543,99629840950,pavani73@gmail.com,F,1962-02-12,Relative,
PAS-14289,CLM-02625,Balendra,,Parmar,Balendra Parmar,UID-391415312910,98101996183,balendra71@outlook.co.in,M,1980-02-11,Colleague,
PAS-14290,CLM-02625,Yug,,Chadha,Yug Chadha,AADHAR-8736-7688-6830,97010144181,yug43@hotmail.com,M,1986-09-30,Unknown,
PAS-14291,CLM-00175,Vinaya,,Anand,Vinaya Anand,AADHAR-8743-8804-3903,98743663326,vinaya15@hotmail.com,F,2017-08-26,Friend,
PAS-14292,CLM-02075,Rehaan,,Aurora,Rehaan Aurora,VOTER-B973745,99234327937,rehaan66@gmail.com,M,1993-09-27,Friend,
PAS-14293,CLM-02075,Jeet,,Baral,Jeet Baral,UID-381946975992,97888982882,jeet30@hotmail.com,M,1997-04-09,Spouse,MEM-10410
PAS-14294,CLM-01401,Vidhi,,Dayal,Vidhi Dayal,AADHAR-2958-2797-4678,99717867702,vidhi99@live.com,F,1964-10-25,Unknown,
PAS-14295,CLM-01401,Darpan,,Grover,Darpan Grover,VOTER-A663768,97363447190,darpan65@live.com,M,1957-08-30,Unknown,
PAS-14296,CLM-01401,Omya,,Doshi,Omya Doshi,VOTER-B329537,99957183184,omya81@live.com,F,1982-10-01,Friend,
PAS-14297,CLM-01401,Dayamai,,Dua,Dayamai Dua,VOTER-D563168,99567651999,dayamai71@gmail.com,F,1956-07-25,Unknown,
PAS-14298,CLM-02286,Liam,,Jhaveri,Liam Jhaveri,AADHAR-4491-6109-8762,99375286322,liam19@outlook.co.in,M,1972-02-15,Spouse,MEM-12716
PAS-14299,CLM-00525,Yamini,,Narayanan,Yamini Narayanan,AADHAR-5686-7054-7549,99801145699,yamini95@yahoo.com,F,2003-10-05,Colleague,
PAS-14300,CLM-00525,Shravya,,Parmer,Shravya Parmer,VOTER-C618887,99071525323,shravya23@hotmail.com,F,1965-12-07,Friend,
PAS-14301,CLM-00525,Hema,,Dhillon,Hema Dhillon,UID-222893619303,99617529631,hema55@yahoo.com,F,1968-03-01,Relative,
PAS-14302,CLM-00525,Omaja,,Cherian,Omaja Cherian,AADHAR-1818-1378-3101,99433194995,omaja64@rediffmail.com,F,1989-05-24,Unknown,
PAS-14303,CLM-02880,Garima,,Raju,Garima Raju,VOTER-B725606,98015985487,garima49@gmail.com,F,1999-03-23,Unknown,
PAS-14304,CLM-01872,Balhaar,,Borah,Balhaar Borah,AADHAR-8956-3159-8414,98607104305,balhaar52@rediffmail.com,M,2006-03-23,Unknown,
PAS-14305,CLM-01872,Kabir,,Chaudhry,Kabir Chaudhry,AADHAR-5444-9301-4763,99101496201,kabir84@yahoo.com,M,1956-03-11,Unknown,
PAS-14306,CLM-01872,Chatura,,Gokhale,Chatura Gokhale,AADHAR-7850-7597-9586,98144289269,chatura39@outlook.co.in,M,1962-03-31,Colleague,
PAS-14307,CLM-02164,Aradhana,,Bahri,Aradhana Bahri,UID-747883379222,97332462922,aradhana66@gmail.com,F,1999-12-12,Unknown,
PAS-14308,CLM-02164,Yashvi,,Sankaran,Yashvi Sankaran,UID-863258103509,98010170956,yashvi56@rediffmail.com,F,2018-03-21,Relative,
PAS-14309,CLM-02164,Qasim,,Dhar,Qasim Dhar,AADHAR-2227-5354-6892,97008210093,qasim57@gmail.com,M,1991-01-07,Friend,
PAS-14310,CLM-02164,Reva,,Setty,Reva Setty,VOTER-B703175,97747061106,reva76@live.com,F,1972-03-18,Colleague,MEM-10902
PAS-14311,CLM-00192,Urvi,,Sane,Urvi Sane,VOTER-A822091,99797310745,urvi71@gmail.com,F,1973-08-02,Friend,MEM-10320
PAS-14312,CLM-02758,Samuel,,Bandi,Samuel Bandi,AADHAR-7143-7146-2254,98348571424,samuel81@outlook.co.in,M,1966-02-12,Daughter,MEM-11194
PAS-14313,CLM-02555,Mugdha,,Dani,Mugdha Dani,VOTER-A627967,99491014172,mugdha83@rediffmail.com,F,1986-03-28,Relative,
PAS-14314,CLM-02555,Aarnav,,Mukherjee,Aarnav Mukherjee,VOTER-C434035,99922987778,aarnav33@live.com,M,2016-05-14,Relative,
PAS-14315,CLM-01494,George,,Goyal,George Goyal,UID-155885093211,99625157937,george47@yahoo.com,M,1971-09-02,Relative,MEM-10711
PAS-14316,CLM-01494,Frado,,Rajagopalan,Frado Rajagopalan,AADHAR-5663-5072-6126,99099207865,frado61@outlook.co.in,M,1991-01-04,Unknown,
PAS-14317,CLM-01494,Tripti,,Maharaj,Tripti Maharaj,UID-723403291930,99948838436,tripti70@yahoo.com,F,2003-03-18,Spouse,MEM-10157
PAS-14318,CLM-01494,Anirudh,,Tella,Anirudh Tella,AADHAR-9565-4795-5737,97672458973,anirudh70@outlook.co.in,M,1994-10-10,Relative,MEM-11270
PAS-14319,CLM-02203,Ethan,,Dora,Ethan Dora,UID-716978028822,98255981715,ethan14@live.com,M,2000-08-02,Colleague,
PAS-14320,CLM-02569,Maya,,Rajagopalan,Maya Rajagopalan,UID-182271137244,98744993339,maya49@gmail.com,F,1981-12-23,Daughter,MEM-10095
PAS-14321,CLM-02569,Gabriel,,Dutt,Gabriel Dutt,UID-576139022145,98589182925,gabriel18@rediffmail.com,M,1997-09-15,Colleague,
PAS-14322,CLM-02570,Kashish,,Chad,Kashish Chad,VOTER-C973295,98616231093,kashish42@gmail.com,F,1991-05-07,Unknown,
PAS-14323,CLM-00088,Jeremiah,,Rajagopal,Jeremiah Rajagopal,VOTER-B638324,99265792735,jeremiah35@gmail.com,M,1998-12-20,Friend,
PAS-14324,CLM-00088,Yatan,,Chawla,Yatan Chawla,VOTER-B423080,99529758856,yatan64@live.com,M,2020-01-05,Friend,
PAS-14325,CLM-01479,Janani,,Cherian,Janani Cherian,AADHAR-5009-7981-2518,99699071100,janani57@hotmail.com,F,2009-07-08,Unknown,
PAS-14326,CLM-01479,Anay,,Palla,Anay Palla,AADHAR-6409-9425-4117,97907053827,anay63@outlook.co.in,M,1974-05-01,Relative,
PAS-14327,CLM-01664,Warinder,,Ben,Warinder Ben,VOTER-A743129,97222761765,warinder59@rediffmail.com,M,2004-09-19,Friend,
PAS-14328,CLM-00452,Tanay,,Verma,Tanay Verma,AADHAR-2504-3999-4885,97941637261,tanay78@yahoo.com,M,2008-02-24,Relative,
PAS-14329,CLM-00452,Bhavya,,Anne,Bhavya Anne,VOTER-A471649,97152470320,bhavya33@gmail.com,F,2022-01-31,Relative,
PAS-14330,CLM-00452,Wriddhish,,Seshadri,Wriddhish Seshadri,VOTER-E448761,99998914711,wriddhish77@rediffmail.com,M,1986-08-16,Unknown,
PAS-14331,CLM-01842,Michael,,Buch,Michael Buch,UID-854014403811,99140189330,michael32@live.com,M,1998-03-17,Colleague,
PAS-14332,CLM-01842,Harinakshi,,Karan,Harinakshi Karan,AADHAR-2533-6465-5809,99490389733,harinakshi84@live.com,F,1955-01-30,Unknown,
PAS-14333,CLM-01842,Anirudh,,Munshi,Anirudh Munshi,AADHAR-8603-9044-1595,97110356608,anirudh19@rediffmail.com,M,1997-12-20,Unknown,
PAS-14334,CLM-00383,Shivani,,Dutt,Shivani Dutt,AADHAR-9187-2442-2447,97735525956,shivani12@gmail.com,F,1985-11-22,Friend,MEM-10160
PAS-14335,CLM-01055,Shivansh,,Virk,Shivansh Virk,AADHAR-4869-8780-9498,99465259369,shivansh26@hotmail.com,M,1987-05-03,Colleague,
PAS-14336,CLM-00164,Jeet,,Dave,Jeet Dave,AADHAR-5797-8484-3649,98592119347,jeet16@outlook.co.in,M,1958-01-18,Colleague,
PAS-14337,CLM-00164,Vivaan,,Setty,Vivaan Setty,AADHAR-1194-5826-2586,97972364704,vivaan75@yahoo.com,M,1989-07-30,Unknown,
PAS-14338,CLM-01655,Zaitra,,Bal,Zaitra Bal,AADHAR-9710-2661-9020,98230851067,zaitra94@rediffmail.com,F,1958-09-19,Relative,
PAS-14339,CLM-01655,Nachiket,,Chakraborty,Nachiket Chakraborty,VOTER-B320974,97753759652,nachiket42@rediffmail.com,M,2011-04-30,Friend,
PAS-14340,CLM-00981,Nandini,,Buch,Nandini Buch,AADHAR-4801-6044-8689,98883217926,nandini28@rediffmail.com,F,2005-09-19,Friend,MEM-10414
PAS-14341,CLM-00981,Guneet,,Kaul,Guneet Kaul,VOTER-D793976,99338011742,guneet84@gmail.com,M,1992-09-27,Friend,
PAS-14342,CLM-00981,Ridhi,,Oza,Ridhi Oza,VOTER-D698672,98582211549,ridhi11@hotmail.com,F,1999-02-26,Relative,
PAS-14343,CLM-01803,Eesha,,Patla,Eesha Patla,UID-729110203147,98892887372,eesha17@yahoo.com,F,1973-04-19,Colleague,
PAS-14344,CLM-01803,Wahab,,Sem,Wahab Sem,UID-554370029914,98332930816,wahab64@gmail.com,M,1968-08-19,Colleague,
PAS-14345,CLM-01803,Indali,,Vig,Indali Vig,UID-227534370510,97058278877,indali20@outlook.co.in,F,2015-05-29,Colleague,
PAS-14346,CLM-02288,Veer,,Sachdeva,Veer Sachdeva,AADHAR-2910-7254-6673,98291624052,veer94@yahoo.com,M,1986-05-28,Unknown,
PAS-14347,CLM-02288,Janani,,Dada,Janani Dada,VOTER-C822260,98232026886,janani97@live.com,F,1981-07-27,Unknown,
PAS-14348,CLM-01566,Ati,,Wason,Ati Wason,UID-753434371961,99550108858,ati86@yahoo.com,F,2024-02-29,Unknown,
PAS-14349,CLM-01566,Chandresh,,Rao,Chandresh Rao,UID-853694115311,99440994171,chandresh42@yahoo.com,M,1986-03-23,Friend,
PAS-14350,CLM-01934,Robert,,Aggarwal,Robert Aggarwal,VOTER-B543584,97658780266,robert12@gmail.com,M,2003-04-17,Friend,
PAS-14351,CLM-01934,Triveni,,Jha,Triveni Jha,UID-132410877310,97928561143,triveni41@rediffmail.com,F,1961-06-01,Friend,
PAS-14352,CLM-00674,Girik,,Sarma,Girik Sarma,UID-629803257802,97645627131,girik97@yahoo.com,M,2001-02-04,Son,MEM-12921
PAS-14353,CLM-00674,Anika,,Mukhopadhyay,Anika Mukhopadhyay,UID-795280074904,98026920818,anika33@gmail.com,F,1977-02-05,Unknown,
PAS-14354,CLM-01593,Vansha,,Srivastava,Vansha Srivastava,VOTER-A222810,99369580256,vansha69@yahoo.com,F,1982-05-25,Relative,
PAS-14355,CLM-01593,Azaan,,Sengupta,Azaan Sengupta,UID-644930411281,98112266348,azaan99@rediffmail.com,M,2016-01-05,Friend,
PAS-14356,CLM-02200,Sara,,Kuruvilla,Sara Kuruvilla,AADHAR-6632-5714-3993,97077287426,sara33@hotmail.com,F,1967-02-11,Colleague,MEM-13497
PAS-14357,CLM-02200,Vyanjana,,Sangha,Vyanjana Sangha,UID-359641939421,99772721944,vyanjana67@rediffmail.com,F,1986-07-12,Friend,
PAS-14358,CLM-02200,Geetika,,Ratti,Geetika Ratti,VOTER-D520397,99572650871,geetika45@outlook.co.in,F,1985-01-24,Friend,
PAS-14359,CLM-00533,Neha,,Agarwal,Neha Agarwal,VOTER-D602442,98985011513,neha21@yahoo.com,F,1983-05-12,Friend,
PAS-14360,CLM-00533,Darpan,,Prasad,Darpan Prasad,UID-738177186665,97490363665,darpan14@live.com,M,1999-03-18,Unknown,
PAS-14361,CLM-00533,Logan,,Mukhopadhyay,Logan Mukhopadhyay,VOTER-E986486,97586341020,logan41@live.com,M,1976-03-26,Friend,
PAS-14362,CLM-00533,Lila,,Chakrabarti,Lila Chakrabarti,VOTER-A475351,98164150162,lila51@yahoo.com,F,1989-08-29,Relative,
PAS-14363,CLM-02572,Atharv,,Wali,Atharv Wali,VOTER-A374203,97695521949,atharv41@hotmail.com,M,1992-02-19,Parent,MEM-13289
PAS-14364,CLM-02572,Wyatt,,Om,Wyatt Om,VOTER-A961946,97684780179,wyatt46@hotmail.com,M,2015-02-22,Colleague,
PAS-14365,CLM-02721,Aachal,,Kade,Aachal Kade,UID-717789634588,97220232027,aachal67@live.com,F,1974-04-21,Colleague,
PAS-14366,CLM-02721,Nidra,,Narayan,Nidra Narayan,UID-161060207358,97117244051,nidra67@hotmail.com,F,1969-12-22,Unknown,
PAS-14367,CLM-01678,Neelima,,Goswami,Neelima Goswami,UID-808213689407,98839487865,neelima27@gmail.com,F,1958-10-15,Relative,
PAS-14368,CLM-01678,Ekansh,,D’Alia,Ekansh D’Alia,VOTER-E119401,98609007369,ekansh21@rediffmail.com,M,1983-02-23,Daughter,MEM-13335
PAS-14369,CLM-01678,Garima,,Brahmbhatt,Garima Brahmbhatt,AADHAR-6084-7056-7979,97064650392,garima85@hotmail.com,F,1958-12-10,Relative,
PAS-14370,CLM-01678,Rajeshri,,Seshadri,Rajeshri Seshadri,AADHAR-5337-4819-4660,99983519956,rajeshri98@live.com,F,2004-01-02,Colleague,MEM-13088
PAS-14371,CLM-00781,Joshua,,Biswas,Joshua Biswas,VOTER-C253187,99181620801,joshua36@rediffmail.com,M,2019-08-18,Friend,
PAS-14372,CLM-00781,Lopa,,Oommen,Lopa Oommen,VOTER-C245662,98683938614,lopa88@hotmail.com,F,1994-10-21,Unknown,
PAS-14373,CLM-01348,Isaiah,,Bora,Isaiah Bora,UID-310549636973,99877264571,isaiah25@live.com,M,1989-08-24,Colleague,MEM-11281
PAS-14374,CLM-01348,Teerth,,Kohli,Teerth Kohli,UID-188502995626,98510063594,teerth70@hotmail.com,M,1968-11-28,Colleague,
PAS-14375,CLM-01348,Janaki,,Golla,Janaki Golla,AADHAR-6685-5630-7801,99853995008,janaki44@live.com,F,1984-03-06,Colleague,
PAS-14376,CLM-00177,Fiyaz,,Shukla,Fiyaz Shukla,AADHAR-3679-3878-7891,99225273822,fiyaz34@yahoo.com,M,2007-05-25,Unknown,
PAS-14377,CLM-00177,Liam,,Hans,Liam Hans,UID-543197498526,99212513996,liam69@outlook.co.in,M,1990-12-12,Colleague,
PAS-14378,CLM-00177,Devika,,Sachar,Devika Sachar,UID-590539484938,97688695598,devika98@hotmail.com,F,2024-01-12,Colleague,
PAS-14379,CLM-00177,David,,Iyer,David Iyer,AADHAR-6963-8562-6375,99567592038,david14@live.com,M,1960-09-22,Son,MEM-12934
PAS-14380,CLM-00439,Lakshmi,,Ahuja,Lakshmi Ahuja,VOTER-C388837,97863201522,lakshmi19@outlook.co.in,F,1967-10-25,Unknown,
PAS-14381,CLM-00439,Yashoda,,Wadhwa,Yashoda Wadhwa,AADHAR-4098-4097-5242,99250169069,yashoda93@hotmail.com,F,1987-04-14,Unknown,
PAS-14382,CLM-00439,Ati,,Dada,Ati Dada,UID-462504108997,99641589660,ati23@rediffmail.com,F,2006-06-13,Spouse,MEM-12863
PAS-14383,CLM-02101,Eta,,Ghosh,Eta Ghosh,UID-372474920740,97013639389,eta90@outlook.co.in,F,1964-04-20,Friend,
PAS-14384,CLM-02577,Vihaan,,Raval,Vihaan Raval,UID-134944552322,99046140925,vihaan81@rediffmail.com,M,2016-09-27,Relative,
PAS-14385,CLM-02577,Chavvi,,Nayar,Chavvi Nayar,UID-909456884525,98895153690,chavvi63@outlook.co.in,F,2004-10-09,Friend,
PAS-14386,CLM-02885,Gagan,,Hayre,Gagan Hayre,VOTER-B483172,99565394764,gagan18@gmail.com,M,1965-02-26,Relative,
PAS-14387,CLM-02885,Yashodhara,,Kumar,Yashodhara Kumar,UID-251168284760,97515494943,yashodhara20@yahoo.com,F,2017-08-27,Unknown,
PAS-14388,CLM-02885,Liam,,Minhas,Liam Minhas,AADHAR-8802-4465-1396,99714784415,liam75@live.com,M,2000-05-03,Relative,
PAS-14389,CLM-01572,Indali,,Suri,Indali Suri,UID-411048298328,99013156336,indali16@hotmail.com,F,1985-03-27,Unknown,
PAS-14390,CLM-01122,Umang,,Ganesan,Umang Ganesan,UID-566948857400,97184737626,umang28@rediffmail.com,M,1980-06-21,Friend,
PAS-14391,CLM-01122,Kamala,,Tata,Kamala Tata,UID-746118259140,98376529516,kamala83@hotmail.com,F,1956-02-03,Colleague,
PAS-14392,CLM-00428,Omya,,Divan,Omya Divan,VOTER-B446413,99502176859,omya69@gmail.com,F,1989-04-09,Colleague,
PAS-14393,CLM-00916,Samar,,Rout,Samar Rout,UID-484867223071,97919229180,samar35@live.com,M,1986-10-05,Unknown,
PAS-14394,CLM-00916,Umang,,Ratta,Umang Ratta,AADHAR-2942-6498-7989,98071296767,umang25@gmail.com,M,1971-09-07,Friend,
PAS-14395,CLM-00916,Deepa,,Maharaj,Deepa Maharaj,UID-677064078175,97681422850,deepa27@gmail.com,F,1981-02-27,Friend,MEM-10590
PAS-14396,CLM-00916,Suhani,,Bumb,Suhani Bumb,VOTER-C474283,99290772380,suhani96@live.com,F,1966-12-27,Friend,
PAS-14397,CLM-02549,Ira,,Gill,Ira Gill,UID-641847151211,97907867584,ira56@hotmail.com,F,2010-06-07,Friend,
PAS-14398,CLM-01614,Nirja,,Baral,Nirja Baral,AADHAR-6492-4211-7117,97435788102,nirja85@rediffmail.com,F,1995-10-08,Colleague,
PAS-14399,CLM-01614,Tripti,,Kurian,Tripti Kurian,VOTER-D887738,98707373352,tripti41@yahoo.com,F,1990-01-19,Colleague,
PAS-14400,CLM-01614,Aryan,,Lata,Aryan Lata,VOTER-D972769,98737124320,aryan61@hotmail.com,M,1991-10-11,Friend,
PAS-14401,CLM-02259,Sai,,Babu,Sai Babu,VOTER-D541600,97111225220,sai53@live.com,F,1981-10-27,Unknown,
PAS-14402,CLM-02051,Ojasvi,,Salvi,Ojasvi Salvi,UID-333440005632,98721381722,ojasvi18@hotmail.com,F,1987-09-08,Colleague,
PAS-14403,CLM-01640,Hema,,Badami,Hema Badami,AADHAR-5307-1051-6206,98689418257,hema82@live.com,F,1969-01-07,Spouse,MEM-10259
PAS-14404,CLM-01640,Nidhi,,Talwar,Nidhi Talwar,UID-735169990496,99589276622,nidhi15@outlook.co.in,F,2007-05-27,Friend,
PAS-14405,CLM-01640,Udyati,,Sani,Udyati Sani,AADHAR-9702-2407-2001,98434867249,udyati74@live.com,F,2019-06-18,Relative,
PAS-14406,CLM-01640,Chavvi,,Parikh,Chavvi Parikh,VOTER-A546127,98154948193,chavvi63@yahoo.com,F,2003-09-22,Colleague,
PAS-14407,CLM-02862,Nimrat,,Mander,Nimrat Mander,AADHAR-8475-1313-2473,98512442518,nimrat51@gmail.com,F,1971-02-14,Friend,
PAS-14408,CLM-02862,Jackson,,Tella,Jackson Tella,AADHAR-8220-6929-3424,97404772491,jackson78@rediffmail.com,M,1984-02-28,Unknown,
PAS-14409,CLM-00773,William,,Srinivasan,William Srinivasan,VOTER-D863136,98799338030,william31@outlook.co.in,M,1996-03-11,Unknown,
PAS-14410,CLM-00773,Charita,,Patla,Charita Patla,AADHAR-2020-8165-9941,98556266478,charita69@gmail.com,F,2004-01-28,Colleague,
PAS-14411,CLM-02565,Faras,,Guha,Faras Guha,AADHAR-8859-4904-1805,98779214625,faras64@hotmail.com,M,1977-04-01,Friend,MEM-10653
PAS-14412,CLM-02565,Orinder,,Pandey,Orinder Pandey,VOTER-C788376,97595229003,orinder62@hotmail.com,M,1958-06-07,Friend,
PAS-14413,CLM-02565,Alexander,,Kapur,Alexander Kapur,VOTER-B812870,98894359395,alexander44@yahoo.com,M,2006-01-23,Unknown,
PAS-14414,CLM-02565,Aishani,,Pal,Aishani Pal,UID-645955184356,97179271896,aishani84@yahoo.com,F,1970-11-07,Unknown,
PAS-14415,CLM-00985,Jacob,,Bhavsar,Jacob Bhavsar,UID-963155732332,98259255624,jacob60@hotmail.com,M,1971-10-14,Friend,
PAS-14416,CLM-00985,Lucky,,Subramaniam,Lucky Subramaniam,UID-411170842304,97878355819,lucky97@hotmail.com,M,1975-12-19,Colleague,
PAS-14417,CLM-00985,Aarna,,Goel,Aarna Goel,AADHAR-6472-1749-5358,99377135130,aarna86@gmail.com,F,2001-09-30,Relative,
PAS-14418,CLM-00259,Amaira,,Bhalla,Amaira Bhalla,AADHAR-7424-9658-4266,99941833996,amaira10@gmail.com,F,1962-07-01,Colleague,
PAS-14419,CLM-00259,Gaurangi,,Subramanian,Gaurangi Subramanian,AADHAR-2605-4143-5544,97323231392,gaurangi21@hotmail.com,F,2011-11-20,Unknown,
PAS-14420,CLM-00259,Deepa,,Brahmbhatt,Deepa Brahmbhatt,VOTER-D115052,99306780092,deepa42@outlook.co.in,F,1955-10-22,Colleague,
PAS-14421,CLM-00043,Balveer,,Sachdev,Balveer Sachdev,UID-194859604066,97744555406,balveer10@rediffmail.com,M,1963-03-21,Friend,
PAS-14422,CLM-00043,Indira,,Aggarwal,Indira Aggarwal,VOTER-D390691,98922260245,indira36@gmail.com,F,2017-07-08,Relative,
PAS-14423,CLM-00043,Hemang,,Chaudry,Hemang Chaudry,AADHAR-6427-1056-4866,98285437487,hemang86@yahoo.com,M,1961-02-14,Parent,MEM-11090
PAS-14424,CLM-02554,Wishi,,Hegde,Wishi Hegde,VOTER-E144630,99652443740,wishi71@yahoo.com,F,1963-07-04,Daughter,MEM-12622
PAS-14425,CLM-02554,Upkaar,,Doctor,Upkaar Doctor,UID-482519142705,99677448687,upkaar39@hotmail.com,M,1962-07-10,Relative,
PAS-14426,CLM-02077,Rayaan,,Dhawan,Rayaan Dhawan,VOTER-E308153,99704601144,rayaan12@rediffmail.com,M,1996-12-09,Colleague,MEM-12559
PAS-14427,CLM-02077,Lekha,,Mistry,Lekha Mistry,AADHAR-7338-7678-3950,99953156654,lekha11@live.com,F,1998-03-13,Colleague,
PAS-14428,CLM-02706,Isaiah,,Manda,Isaiah Manda,UID-359599480743,97401586730,isaiah33@rediffmail.com,M,1973-06-11,Relative,
PAS-14429,CLM-02706,Ekani,,Kar,Ekani Kar,UID-660339344940,99483119284,ekani12@live.com,F,1962-01-13,Unknown,
PAS-14430,CLM-02706,Indira,,Chaudhry,Indira Chaudhry,AADHAR-3351-9212-6954,97786003226,indira70@outlook.co.in,F,1967-01-07,Unknown,
PAS-14431,CLM-02706,Hemani,,Wason,Hemani Wason,UID-254324591456,97038725446,hemani57@outlook.co.in,F,1961-01-01,Relative,
PAS-14432,CLM-02696,Lila,,Rai,Lila Rai,VOTER-B608907,97188262493,lila89@hotmail.com,F,1964-02-25,Colleague,
PAS-14433,CLM-02696,Max,,Sathe,Max Sathe,UID-242475746294,98535280824,max30@yahoo.com,M,1967-10-20,Unknown,
PAS-14434,CLM-02696,Xiti,,Dayal,Xiti Dayal,VOTER-E212292,97543893398,xiti17@rediffmail.com,F,1996-12-18,Unknown,
PAS-14435,CLM-02319,Mitali,,Sangha,Mitali Sangha,AADHAR-4307-4065-5686,97904854758,mitali92@gmail.com,F,1989-07-20,Colleague,
PAS-14436,CLM-02319,Logan,,Barad,Logan Barad,UID-865980866852,97330427863,logan56@outlook.co.in,M,2013-06-21,Colleague,
PAS-14437,CLM-02319,Bhavani,,Shan,Bhavani Shan,UID-301278522083,98850794516,bhavani21@live.com,F,1998-11-24,Colleague,
PAS-14438,CLM-02319,Aadi,,Raghavan,Aadi Raghavan,VOTER-D252304,97688526757,aadi61@live.com,M,1962-05-30,Relative,MEM-12522
PAS-14439,CLM-00552,Vamakshi,,Ratti,Vamakshi Ratti,VOTER-E115888,99724077668,vamakshi60@rediffmail.com,F,1965-04-19,Son,MEM-11056
PAS-14440,CLM-00552,Vedant,,Arya,Vedant Arya,AADHAR-1373-6641-1093,98137183493,vedant44@yahoo.com,M,1984-05-04,Unknown,
PAS-14441,CLM-00552,Jackson,,Walia,Jackson Walia,VOTER-D743743,99713551316,jackson72@outlook.co.in,M,1982-06-04,Unknown,
PAS-14442,CLM-00552,Eshana,,Jayaraman,Eshana Jayaraman,AADHAR-6938-4119-8761,97472634799,eshana52@yahoo.com,F,2013-07-31,Colleague,
PAS-14443,CLM-01974,Andrew,,Patla,Andrew Patla,AADHAR-6987-9291-2059,99161182112,andrew20@gmail.com,M,1958-08-29,Colleague,
PAS-14444,CLM-01974,Anjali,,Minhas,Anjali Minhas,VOTER-C880112,98462254998,anjali40@rediffmail.com,F,1965-01-26,Relative,
PAS-14445,CLM-01974,Dayita,,Dhaliwal,Dayita Dhaliwal,AADHAR-8241-1893-5471,97080335588,dayita75@gmail.com,F,1961-11-25,Relative,
PAS-14446,CLM-01447,Agastya,,Dhaliwal,Agastya Dhaliwal,VOTER-A695969,97139532113,agastya56@yahoo.com,M,1980-06-18,Friend,
PAS-14447,CLM-02816,Alka,,Kannan,Alka Kannan,VOTER-B710581,98334902020,alka80@yahoo.com,F,1957-11-22,Friend,
PAS-14448,CLM-01222,Sudiksha,,Swaminathan,Sudiksha Swaminathan,UID-992532213350,99211337068,sudiksha48@gmail.com,F,1975-07-16,Unknown,
PAS-14449,CLM-02722,Ishanvi,,Wali,Ishanvi Wali,UID-796657010873,97831304523,ishanvi17@hotmail.com,F,1956-06-21,Unknown,
PAS-14450,CLM-02722,Waida,,Datta,Waida Datta,AADHAR-2035-9335-3240,99655397315,waida44@gmail.com,F,1991-12-16,Friend,
PAS-14451,CLM-02722,Yashoda,,Master,Yashoda Master,UID-536142407415,97754089321,yashoda21@outlook.co.in,F,1988-10-30,Friend,
PAS-14452,CLM-02722,Krishna,,Raman,Krishna Raman,AADHAR-7150-7298-7293,99566519460,krishna60@rediffmail.com,F,1960-08-20,Colleague,MEM-12956
PAS-14453,CLM-00964,Om,,Sampath,Om Sampath,VOTER-C973244,97149026313,om67@yahoo.com,M,1975-10-29,Friend,
PAS-14454,CLM-00964,Tara,,Jaggi,Tara Jaggi,VOTER-E141214,99421645730,tara71@yahoo.com,F,1955-09-24,Unknown,
PAS-14455,CLM-00964,Samar,,Halder,Samar Halder,UID-783432783293,98185241395,samar90@live.com,M,1975-06-28,Friend,
PAS-14456,CLM-00022,Faris,,Goel,Faris Goel,VOTER-B466834,97272422069,faris76@yahoo.com,M,1991-04-12,Colleague,
PAS-14457,CLM-00022,Triveni,,Sarkar,Triveni Sarkar,UID-493889165037,99327250627,triveni27@live.com,F,1987-09-29,Friend,
PAS-14458,CLM-00022,Udant,,Gade,Udant Gade,AADHAR-9300-7678-1625,97215169851,udant64@gmail.com,M,1998-04-29,Relative,
PAS-14459,CLM-01386,Jagat,,Kalita,Jagat Kalita,AADHAR-3037-7029-7753,98998214038,jagat12@gmail.com,M,2020-05-09,Friend,
PAS-14460,CLM-01386,Eshana,,Srinivas,Eshana Srinivas,UID-689444890178,97558948983,eshana87@outlook.co.in,F,1994-12-09,Colleague,
PAS-14461,CLM-01386,Warjas,,Ghose,Warjas Ghose,AADHAR-6407-9953-6604,97488932460,warjas88@gmail.com,M,2007-04-13,Spouse,MEM-11991
PAS-14462,CLM-01386,Girindra,,Samra,Girindra Samra,VOTER-E872740,97760407944,girindra92@live.com,M,1994-02-11,Friend,
PAS-14463,CLM-02787,Damini,,Bath,Damini Bath,AADHAR-6954-1376-7297,97603731146,damini68@rediffmail.com,F,2018-07-12,Relative,
PAS-14464,CLM-02787,Anthony,,Doshi,Anthony Doshi,UID-425813854654,97785737289,anthony82@yahoo.com,M,1985-08-23,Unknown,
PAS-14465,CLM-02787,Kashish,,Viswanathan,Kashish Viswanathan,VOTER-A611862,99006249511,kashish70@hotmail.com,F,2018-11-25,Relative,
PAS-14466,CLM-02993,Lipika,,Kaul,Lipika Kaul,VOTER-A592779,99162624301,lipika14@hotmail.com,F,2001-04-05,Unknown,
PAS-14467,CLM-01994,Reyansh,,Bhagat,Reyansh Bhagat,UID-164211042412,99062675105,reyansh85@rediffmail.com,M,2011-06-18,Relative,
PAS-14468,CLM-01994,Krish,,Pai,Krish Pai,UID-695097022031,98113333743,krish38@hotmail.com,M,1973-03-12,Relative,MEM-12530
PAS-14469,CLM-01994,Barkha,,Arya,Barkha Arya,VOTER-E622804,98516983740,barkha54@gmail.com,F,1997-09-20,Relative,
PAS-14470,CLM-01994,Tristan,,Suri,Tristan Suri,VOTER-A904579,97364766859,tristan71@hotmail.com,M,1987-03-05,Friend,MEM-12786
PAS-14471,CLM-00898,Zaid,,Ahluwalia,Zaid Ahluwalia,VOTER-A730283,97613945179,zaid35@hotmail.com,M,2018-02-05,Relative,
PAS-14472,CLM-00898,Raagini,,Shenoy,Raagini Shenoy,UID-765317725081,97828885315,raagini78@outlook.co.in,F,1970-10-18,Spouse,MEM-10200
PAS-14473,CLM-02968,Xiti,,Narayanan,Xiti Narayanan,UID-181016019663,97555251711,xiti73@hotmail.com,F,1967-12-30,Colleague,
PAS-14474,CLM-02968,Maanav,,Oak,Maanav Oak,UID-614768632635,99157798255,maanav69@rediffmail.com,M,2004-01-01,Colleague,MEM-13294
PAS-14475,CLM-02968,Brijesh,,Sheth,Brijesh Sheth,VOTER-A394690,98851552951,brijesh23@rediffmail.com,M,1960-05-12,Friend,
PAS-14476,CLM-00489,Meghana,,Mohan,Meghana Mohan,VOTER-A500941,98509496237,meghana57@rediffmail.com,F,1984-09-09,Relative,MEM-10794
PAS-14477,CLM-00489,Upasna,,Jayaraman,Upasna Jayaraman,VOTER-A698573,97534734445,upasna47@outlook.co.in,F,1974-07-03,Colleague,
PAS-14478,CLM-00403,Lakshmi,,Bhargava,Lakshmi Bhargava,VOTER-E590100,99743647268,lakshmi76@yahoo.com,F,1973-01-20,Daughter,MEM-12840
PAS-14479,CLM-00403,Niharika,,Kala,Niharika Kala,VOTER-A484447,99147475545,niharika12@outlook.co.in,F,1982-12-01,Relative,
PAS-14480,CLM-02030,Upma,,Das,Upma Das,UID-792478251674,97159185029,upma81@yahoo.com,F,1985-05-29,Relative,
PAS-14481,CLM-02205,Zaitra,,Chakraborty,Zaitra Chakraborty,UID-906228276739,98093842152,zaitra10@live.com,F,1992-04-20,Colleague,
PAS-14482,CLM-02205,Vinaya,,Sabharwal,Vinaya Sabharwal,UID-186078123878,98894198103,vinaya99@rediffmail.com,F,1972-07-25,Spouse,MEM-12959
PAS-14483,CLM-02205,Laksh,,Ramanathan,Laksh Ramanathan,UID-343791946854,99887444298,laksh62@yahoo.com,M,1987-08-29,Colleague,
PAS-14484,CLM-01991,Omya,,Dhar,Omya Dhar,VOTER-A686968,99264529246,omya74@hotmail.com,F,1957-02-13,Friend,
PAS-14485,CLM-01991,Tanish,,Kadakia,Tanish Kadakia,AADHAR-2227-6055-7095,97875882746,tanish70@outlook.co.in,M,1955-08-15,Colleague,
PAS-14486,CLM-01991,Urmi,,Hayre,Urmi Hayre,UID-688211105705,97071762590,urmi85@gmail.com,F,1982-02-11,Colleague,
PAS-14487,CLM-02642,Waida,,Ganesan,Waida Ganesan,VOTER-D789257,97456505744,waida62@gmail.com,F,1977-11-16,Relative,
PAS-14488,CLM-02642,Janaki,,Contractor,Janaki Contractor,UID-800368709968,98843480157,janaki32@yahoo.com,F,1984-09-22,Friend,
PAS-14489,CLM-01638,Lakshit,,Pal,Lakshit Pal,AADHAR-9065-1289-3749,98964909870,lakshit78@hotmail.com,M,2003-10-13,Unknown,
PAS-14490,CLM-00909,Radha,,Malhotra,Radha Malhotra,UID-519405286514,99143489005,radha66@hotmail.com,F,1987-08-06,Relative,
PAS-14491,CLM-00254,Anirudh,,Mannan,Anirudh Mannan,UID-708145872205,99756883716,anirudh62@yahoo.com,M,1974-03-19,Friend,
PAS-14492,CLM-00254,Zashil,,Ratti,Zashil Ratti,UID-748102741869,98934726850,zashil80@gmail.com,M,2015-03-06,Friend,
PAS-14493,CLM-00254,Dhruv,,Kibe,Dhruv Kibe,VOTER-C607735,97325607815,dhruv13@live.com,M,1997-11-26,Friend,MEM-11807
PAS-14494,CLM-01140,Aradhana,,Keer,Aradhana Keer,UID-828014920542,98403285165,aradhana62@hotmail.com,F,1965-11-20,Friend,
PAS-14495,CLM-01140,Arjun,,Dhingra,Arjun Dhingra,VOTER-A542276,97561495071,arjun15@gmail.com,M,1984-08-09,Unknown,
PAS-14496,CLM-01140,Andrew,,Salvi,Andrew Salvi,AADHAR-2703-9698-7267,99707837160,andrew93@gmail.com,M,1987-09-11,Unknown,
PAS-14497,CLM-00851,Gaurika,,Rajagopal,Gaurika Rajagopal,VOTER-B616043,97610321538,gaurika50@live.com,F,2009-09-07,Colleague,
PAS-14498,CLM-02824,Netra,,Dube,Netra Dube,UID-614747760631,99095127174,netra93@outlook.co.in,F,1993-07-06,Colleague,
PAS-14499,CLM-01487,Vincent,,Chadha,Vincent Chadha,UID-630241976098,99601112510,vincent85@live.com,M,1974-08-16,Friend,
PAS-14500,CLM-01487,Matthew,,Lad,Matthew Lad,AADHAR-1863-5196-8283,98676787332,matthew52@yahoo.com,M,2001-09-19,Relative,MEM-13404
PAS-14501,CLM-01487,Pratyush,,Lad,Pratyush Lad,VOTER-B111444,99584068559,pratyush71@hotmail.com,M,1965-03-21,Colleague,
PAS-14502,CLM-00374,Faras,,Ram,Faras Ram,VOTER-A979562,98809659256,faras39@rediffmail.com,M,2018-09-17,Relative,
PAS-14503,CLM-00374,Eiravati,,Majumdar,Eiravati Majumdar,UID-363076503266,97216541909,eiravati17@yahoo.com,F,1992-04-01,Friend,
PAS-14504,CLM-00374,Christopher,,Gulati,Christopher Gulati,AADHAR-1210-5465-1171,97409139161,christopher13@outlook.co.in,M,1994-07-22,Relative,
PAS-14505,CLM-01046,Nachiket,,Deshmukh,Nachiket Deshmukh,AADHAR-8192-1887-1994,97834769329,nachiket46@rediffmail.com,M,1999-10-13,Friend,
PAS-14506,CLM-01046,Jagat,,Oak,Jagat Oak,AADHAR-9543-2286-4133,97822495795,jagat12@rediffmail.com,M,1959-09-24,Unknown,
PAS-14507,CLM-01046,Nitesh,,Mall,Nitesh Mall,AADHAR-9718-7316-3894,97886414609,nitesh51@gmail.com,M,2011-03-24,Unknown,
PAS-14508,CLM-01046,Aarav,,Dayal,Aarav Dayal,UID-440723480588,99211497027,aarav46@live.com,M,1992-10-31,Friend,
PAS-14509,CLM-02181,Ikbal,,Verma,Ikbal Verma,AADHAR-4327-3813-4857,97287743779,ikbal42@rediffmail.com,M,1966-06-20,Friend,
PAS-14510,CLM-02529,Chaitanya,,Seshadri,Chaitanya Seshadri,VOTER-A358820,98805988392,chaitanya36@outlook.co.in,M,1977-05-05,Friend,
PAS-14511,CLM-02965,Rayaan,,Dhawan,Rayaan Dhawan,VOTER-C346071,99704601144,rayaan12@rediffmail.com,M,1996-12-09,Son,MEM-12559
PAS-14512,CLM-00679,Mohini,,Rajagopal,Mohini Rajagopal,VOTER-B837402,98530147171,mohini62@hotmail.com,F,1977-10-11,Relative,
PAS-14513,CLM-00679,Agastya,,Jha,Agastya Jha,UID-227632523908,99960862142,agastya58@outlook.co.in,M,1989-08-15,Friend,
PAS-14514,CLM-02060,Manthan,,Datta,Manthan Datta,AADHAR-6007-7129-8064,98108277515,manthan71@yahoo.com,M,2013-03-17,Unknown,
PAS-14515,CLM-00258,Ekansh,,Bhasin,Ekansh Bhasin,VOTER-C256989,97215537621,ekansh42@hotmail.com,M,1990-06-27,Friend,MEM-11268
PAS-14516,CLM-00258,Noah,,Dixit,Noah Dixit,UID-457732572938,97857154391,noah39@gmail.com,M,1992-06-25,Relative,
PAS-14517,CLM-00350,Timothy,,Shankar,Timothy Shankar,VOTER-B817678,98701235562,timothy78@hotmail.com,M,2001-02-12,Unknown,
