vehicle_id,vin_code,registration_id,vehicle_make,vehicle_model,vehicle_variant,vehicle_valuation,vehicle_age,vehicle_mfg_year,vehicle_reg_date,rto_details,vehicle_body_type,vehicle_engine_fuel_type,vehicle_engine_capacity,safety_flag_driver_airbag,safety_flag_passenger_airbag,safety_flag_side_airbag,safety_flag_abs,security_features_flag,kilometers_driven,usage_type,prev_damage_desc,modification_desc,vehicle_transfer_date
VEH-10000,ZJV73A73F265169764,KA47D4141,MARUTI,ALTO 800,LXI,227520.04,11,2014,2014-04-19,Ka-MYS,Hatchback,Petrol,796,0,0,0,1,0,99861,Private,Minor scratches,,
VEH-10001,MEW17E26L804581002,GJ54A1638,HYUNDAI,VENUE,1.2 S PETROL,535712.0,9,2016,2016-10-19,Ma-MUM,SUV,Petrol,1197,1,0,0,1,0,118513,Private,Dent on door,Alloy wheels,
VEH-10002,XJY14D44Z129000531,WB28A6407,MARUTI,SWIFT,VXI,464394.3,8,2017,2017-11-01,Ma-MUM,Hatchback,Petrol,1197,0,0,0,1,0,10918,Private,Minor scratches,,2019-11-27
VEH-10003,OXG55A56T867669254,RJ14D9406,MARUTI,ERTIGA,1.5 VXI CNG,851159.03,5,2020,2020-03-22,Ka-MYS,MUV,CNG,1462,1,0,0,1,0,126092,Private,,,
VEH-10004,XHN97T69O192855004,MH60D9708,MARUTI,SWIFT,VXI,514564.32,6,2019,2019-10-25,Ka-MYS,Hatchback,Petrol,1197,0,1,0,0,0,39283,Private,Dent on door,Alloy wheels,
VEH-10005,EJQ51S53X069360578,RJ67B2184,HYUNDAI,GRAND I10,SPORTZ 1.2 KAPPA VTVT,403359.62,9,2016,2016-10-10,Ma-PUN,Hatchback,Petrol,1197,0,1,0,1,0,135019,Private,,,
VEH-10006,WUV25L19G246354179,WB18C2596,MARUTI,SWIFT DZIRE,VDI,657713.8,5,2020,2020-06-04,We-KOL,Sedan,Diesel,1248,1,1,1,1,1,36818,Commercial,,,
VEH-10007,MVX84U92S659540287,RJ70D3836,MARUTI,ERTIGA,1.5 VXI CNG,564676.29,13,2012,2012-09-01,We-KOL,MUV,CNG,1462,0,1,1,1,0,122207,Private,Minor scratches,Body kit,2014-08-16
VEH-10008,XSQ60U10S754757260,GJ36D7226,MARUTI,DZIRE,VXI,619024.75,5,2020,2020-11-09,Ta-COI,Sedan,Petrol,1197,1,0,0,1,0,144610,Private,,,
VEH-10009,SVT10O27I395774336,GJ46B8721,MARUTI,SWIFT,VXI,514564.32,6,2019,2019-11-03,Ma-MUM,Hatchback,Petrol,1197,0,1,1,0,0,27211,Private,,,
VEH-10010,BAF15K84T871452685,MH43C5627,HONDA,AMAZE,VX PETROL,931000.0,1,2024,2024-11-11,Ma-PUN,Sedan,Petrol,1199,0,0,0,1,0,76147,Private,,,
VEH-10011,HMO91X10R514951057,MH95D7183,MARUTI,DZIRE,VXI,478989.55,10,2015,2015-01-16,Ta-CHE,Sedan,Petrol,1197,0,1,1,1,0,36582,Private,,Body kit,2017-01-06
VEH-10012,GDB62Y19T711733052,TN10C7450,MARUTI,ALTO,K10 VXI,364881.24,8,2017,2017-06-19,Ma-MUM,Hatchback,Petrol,998,0,1,0,1,1,10010,Private,,,
VEH-10013,YNF89V03N617757650,WB80C1923,MARUTI,BALENO HATCHBACK,Delta 1.2,760000.0,1,2024,2024-12-27,Ta-MAD,Hatchback,Petrol,1197,1,0,1,0,0,65477,Private,Minor scratches,,
VEH-10014,UVP02B12U470867747,WB03A4920,HONDA,AMAZE,1.2 VXMT i-VTEC,931000.0,1,2024,2024-12-05,De-NOI,Sedan,Petrol,1199,1,1,1,1,1,86556,Private,Minor scratches,,2026-10-29
VEH-10015,MRP29A71E882874572,KA41A8849,MARUTI,DZIRE,VXI,432288.07,12,2013,2013-10-04,Ka-BAN,Sedan,Petrol,1197,1,1,1,1,0,81014,Private,Minor scratches,Body kit,
VEH-10016,WDX78L84L213278956,TN09B5510,MARUTI,VITARA BREZZA,ZDI PLUS,555949.48,15,2010,2010-12-09,De-NOI,SUV,Diesel,1248,1,1,0,1,0,75044,Private,,Alloy wheels,2012-05-08
VEH-10017,YVI16S70X564814430,DL21B9157,MARUTI,BALENO HATCHBACK,Delta 1.2,760000.0,1,2024,2024-04-19,Ka-MYS,Hatchback,Petrol,1197,0,1,0,0,0,118141,Private,,,
VEH-10018,LFO51D95T220566118,DL79C7019,HYUNDAI,GRAND I10 NIOS,SPORTZ 1.2 KAPPA VTVT,541646.66,5,2020,2020-03-07,Ta-MAD,Hatchback,Petrol,1197,1,1,1,1,1,94358,Private,,Alloy wheels,
VEH-10019,AWH48S31W551541364,TN44B9837,MARUTI,WAGON R,1.0 LXI CNG,502957.61,5,2020,2020-02-09,Ka-MYS,Hatchback,CNG,998,0,0,0,1,0,64709,Private,Dent on door,Body kit,
VEH-10020,NYO33K53C241816681,GJ29A8111,MARUTI,VITARA BREZZA,ZDI PLUS,796104.52,8,2017,2017-07-14,We-KOL,SUV,Diesel,1248,1,0,0,0,1,148026,Commercial,Minor scratches,,2019-08-27
VEH-10021,MOW82Y15B569158923,RJ18C6104,MARUTI,VITARA BREZZA,ZDI PLUS,555949.48,15,2010,2010-01-18,Ta-MAD,SUV,Diesel,1248,1,1,1,1,0,23404,Private,Dent on door,,
VEH-10022,MIT11B43K935359660,GJ43A5189,MARUTI,ALTO,K10 VXI,312840.05,11,2014,2014-05-12,Ta-MAD,Hatchback,Petrol,998,1,0,1,0,0,104535,Private,,Alloy wheels,
VEH-10023,WVH67D57Q009154891,KA77A9602,MARUTI,ALTO 800,LXI,265368.17,8,2017,2017-11-25,Ka-BAN,Hatchback,Petrol,796,0,1,0,1,0,3383,Private,,Body kit,
VEH-10024,TSK37E55P583114145,UP67C7545,MAHINDRA,SCORPIO,S9 2WD 7STR,910080.15,11,2014,2014-09-16,We-HOW,SUV,Diesel,2184,1,1,1,1,0,149078,Private,,,
VEH-10025,NTS62O86W699679547,MH52D7634,HONDA,AMAZE,1.2 VXMT i-VTEC,503075.24,13,2012,2012-02-05,We-HOW,Sedan,Petrol,1199,0,0,1,1,0,136034,Private,Dent on door,Body kit,
VEH-10026,KCW53M02K510247795,WB86B8133,HONDA,AMAZE,1.5 SMT i-DTEC,483480.08,11,2014,2014-11-20,De-GUR,Sedan,Diesel,1498,0,0,0,0,1,59341,Private,Dent on door,Body kit,
VEH-10027,YAJ22Q17R167949274,MH83C4339,MARUTI,WAGON R,1.0 LXI CNG,301139.3,15,2010,2010-09-15,Ma-PUN,Hatchback,CNG,998,0,1,0,0,0,117919,Private,,,
VEH-10028,CAV81K76W970901501,UP82D7799,MARUTI,BALENO HATCHBACK,Delta 1.2,370632.98,15,2010,2010-02-12,We-HOW,Hatchback,Petrol,1197,0,0,1,1,1,31503,Private,Dent on door,,
VEH-10029,LXX16T13O119912112,DL52A7952,MARUTI,WAGON R,1.0 LXI CNG,301139.3,15,2010,2010-04-13,We-HOW,Hatchback,CNG,998,0,0,1,0,0,80260,Private,,,
VEH-10030,DHT85T53Q615426021,UP41D3651,MARUTI,SWIFT,1.2 VXi BS IV,529429.06,4,2021,2021-01-23,We-KOL,Hatchback,Petrol,1197,1,1,1,1,1,134176,Private,,,
VEH-10031,PSK52O48V852436720,GJ88A2215,MARUTI,WAGON R,1.0 LXI CNG,333672.35,13,2012,2012-05-05,We-HOW,Hatchback,CNG,998,1,1,0,1,1,115785,Private,Dent on door,,
VEH-10032,FKX45F25G174454930,UP24A3804,MARUTI,SWIFT,1.2 VXi BS IV,617500.0,1,2024,2024-05-12,Ma-PUN,Hatchback,Petrol,1197,0,1,0,1,1,21802,Private,Minor scratches,,
VEH-10033,JIG28G74D237911462,MH11D5677,HYUNDAI,CRETA,1.5 E DIESEL,631410.76,13,2012,2012-06-21,Ma-MUM,SUV,Diesel,1493,1,0,0,1,1,29944,Private,Minor scratches,,
VEH-10034,KVZ05H57F275932347,MH84B3043,MARUTI,BALENO HATCHBACK,Delta 1.2,390139.98,14,2011,2011-08-18,De-GUR,Hatchback,Petrol,1197,0,1,0,1,1,109191,Private,,Body kit,
VEH-10035,SXE37U59A482821168,UP30B3618,MARUTI,ALTO,K10 VXI,550000.0,0,2025,2025-07-28,We-HOW,Hatchback,Petrol,998,0,0,0,1,1,149456,Private,,Alloy wheels,
VEH-10036,JWF92P62T677895067,GJ51A3556,HONDA,CITY,1.5 V MT,981862.24,8,2017,2017-11-10,Ka-BAN,Sedan,Petrol,1498,1,1,0,1,1,58051,Private,,Alloy wheels,
VEH-10037,ZFC83R42I997935818,UP23A2800,MARUTI,ALTO 800,LXI,205336.83,13,2012,2012-08-14,Ta-CHE,Hatchback,Petrol,796,0,0,0,1,1,69838,Private,,,
VEH-10038,OMR24M45C372224871,UP93A1856,MARUTI,SWIFT,1.2 VXi BS IV,453919.24,7,2018,2018-02-15,Ta-MAD,Hatchback,Petrol,1197,0,1,0,1,1,87270,Private,,Alloy wheels,
VEH-10039,JPB49R36A236060975,MH09A5283,MARUTI,BALENO HATCHBACK,Zeta 1.2,628503.57,7,2018,2018-01-17,Ta-MAD,Hatchback,Petrol,1197,0,1,1,1,1,7940,Private,Dent on door,,
VEH-10040,APT73M98I168968327,GJ72C1723,MARUTI,ERTIGA,1.5 VXI CNG,895956.87,4,2021,2021-12-25,Ma-PUN,MUV,CNG,1462,0,1,1,1,0,46896,Private,Dent on door,,
VEH-10041,WZJ74X34L207251419,DL40B6863,HYUNDAI,CRETA,1.4 E Plus,1235000.0,1,2024,2024-04-06,Ta-MAD,SUV,Diesel,1582,1,0,0,1,1,72770,Private,Dent on door,,
VEH-10042,WIO77N97B225396726,MH99D8069,MARUTI,DZIRE,VXI,478989.55,10,2015,2015-10-22,Ka-BAN,Sedan,Petrol,1197,0,1,0,0,0,79363,Private,Minor scratches,,2018-01-20
VEH-10043,SHR66Z42T195294121,TN09D4435,MARUTI,ALTO 800,LXI,342950.0,3,2022,2022-12-19,Ma-NAG,Hatchback,Petrol,796,0,0,0,0,1,89069,Private,,Alloy wheels,
VEH-10044,DPO41A87S422832551,GJ13B4723,MARUTI,VITARA BREZZA,VXI,487674.98,14,2011,2011-04-26,Ka-MYS,SUV,Petrol,1462,0,1,1,1,1,98558,Private,,Body kit,
VEH-10045,NOE21P19D109386668,UP28A4379,MARUTI,ERTIGA,1.5 VXI CNG,536442.48,14,2011,2011-06-07,Ma-PUN,MUV,CNG,1462,1,0,1,1,1,116400,Private,Minor scratches,Body kit,2013-08-14
VEH-10046,DHJ04G37O821819283,MH20A4845,MARUTI,SWIFT,1.2 VXi BS IV,333672.35,13,2012,2012-10-20,Ma-PUN,Hatchback,Petrol,1197,1,1,1,1,1,61901,Private,Dent on door,Alloy wheels,
VEH-10047,FEU41Q09V198244830,KA72B6312,MARUTI,BALENO HATCHBACK,Zeta 1.2,567224.47,9,2016,2016-09-28,We-KOL,Hatchback,Petrol,1197,1,0,0,0,0,25413,Private,Dent on door,,
VEH-10048,GBW80S79D445366363,WB91B8987,MARUTI,SWIFT,VXI,324303.86,15,2010,2010-04-24,Ma-MUM,Hatchback,Petrol,1197,1,0,1,0,1,99171,Private,Dent on door,Body kit,
VEH-10049,KXB44B86P866846588,UP22C7424,MARUTI,VITARA BREZZA,VDI,597240.1,11,2014,2014-04-25,Ka-BAN,SUV,Diesel,1248,1,1,0,1,0,81887,Private,Minor scratches,,
VEH-10050,JOG23I08C931333895,DL23B3523,MARUTI,BALENO HATCHBACK,Delta 1.2,651605.0,4,2021,2021-10-23,We-HOW,Hatchback,Petrol,1197,0,1,1,1,0,18006,Commercial,,,
VEH-10051,UFA99T45L168959808,RJ80C8054,MARUTI,VITARA BREZZA,VXI,540360.09,12,2013,2013-04-03,We-HOW,SUV,Petrol,1462,0,0,1,0,0,78192,Private,,,
VEH-10052,COA25K09H186186161,DL72B6980,MARUTI,ALTO,K10 VXI,404300.54,6,2019,2019-11-27,Ma-NAG,Hatchback,Petrol,998,0,1,0,1,1,2986,Private,,Body kit,
VEH-10053,GIH47U40D376134645,RJ95B9294,MARUTI,SWIFT,1.2 VXi BS IV,409662.12,9,2016,2016-05-13,De-NEW,Hatchback,Petrol,1197,1,0,0,0,1,46213,Private,Dent on door,,
VEH-10054,CJU04K09N722609667,RJ51C5799,MARUTI,SWIFT,VXI,398160.06,11,2014,2014-04-09,Ta-COI,Hatchback,Petrol,1197,0,0,1,1,1,130207,Private,,Alloy wheels,
VEH-10055,YUF91H85X211315016,UP56A5331,MARUTI,SWIFT DZIRE,VDI,535712.0,9,2016,2016-09-27,Ka-MYS,Sedan,Diesel,1248,1,0,0,1,0,73050,Private,Minor scratches,Body kit,
VEH-10056,PZZ16E67N381637418,UP97B9696,MARUTI,VITARA BREZZA,ZDI PLUS,977407.5,4,2021,2021-11-19,Ma-NAG,SUV,Diesel,1248,0,1,0,1,1,50168,Private,Dent on door,Alloy wheels,
VEH-10057,BGT03P22S830818287,UP77C3685,MARUTI,BALENO HATCHBACK,Delta 1.2,558669.84,7,2018,2018-03-16,We-HOW,Hatchback,Petrol,1197,0,0,1,1,0,28964,Private,,Body kit,
VEH-10058,JYQ82M53Z606765236,DL70B5891,MARUTI,SWIFT,1.2 VXi BS IV,431223.28,8,2017,2017-06-03,Ta-MAD,Hatchback,Petrol,1197,0,1,1,0,1,18339,Private,,Body kit,
VEH-10059,CKI99D26Q447549909,MH84A6509,MARUTI,DZIRE,VXI,722000.0,2,2023,2023-03-25,Ma-MUM,Sedan,Petrol,1197,1,1,0,1,1,102795,Private,,,
VEH-10060,SCM18A08V265449557,UP90B5504,MARUTI,ERTIGA,1.5 VXI CNG,808601.08,6,2019,2019-05-17,Ta-COI,MUV,CNG,1462,0,1,0,0,0,81651,Private,,,2021-12-02
VEH-10061,DQM81R54E750490759,RJ51C7067,TOYOTA KIRLOSKAR,INNOVA CRYSTA,2.4 V 8S,1024117.46,14,2011,2011-09-20,Ma-PUN,MUV,Diesel,2393,0,1,0,1,1,110995,Private,,,2014-01-09
VEH-10062,WJU85J26I417883425,RJ82A5952,TOYOTA KIRLOSKAR,INNOVA CRYSTA,2.8 GX AT 7 STR,1065569.83,15,2010,2010-12-20,Ka-BAN,MUV,Diesel,2755,1,1,1,1,1,101830,Private,,,
VEH-10063,YAK99M95J008961404,DL60A1112,MARUTI,BALENO HATCHBACK,Zeta 1.2,538863.25,10,2015,2015-02-11,De-GUR,Hatchback,Petrol,1197,1,1,1,1,1,129807,Private,Dent on door,,
VEH-10064,MTF45W96Q552811701,KA87D8161,TOYOTA KIRLOSKAR,INNOVA CRYSTA,2.8 GX AT 7 STR,1525866.99,8,2017,2017-06-28,Ta-COI,MUV,Diesel,2755,1,0,1,1,0,147524,Private,Dent on door,Alloy wheels,
VEH-10065,IHA68F02P441858229,KA10D2071,MARUTI,SWIFT,1.2 VXi BS IV,557293.75,3,2022,2022-03-07,Ta-CHE,Hatchback,Petrol,1197,0,1,0,1,0,87251,Private,,Body kit,
VEH-10066,KUO09D43P324839892,UP63B2776,MARUTI,VITARA BREZZA,VXI,814506.25,4,2021,2021-11-28,Ta-CHE,SUV,Petrol,1462,1,0,0,1,1,82500,Private,Dent on door,Alloy wheels,
VEH-10067,EWO60V69K192334855,RJ10B2184,MARUTI,SWIFT,1.2 VXi BS IV,557293.75,3,2022,2022-06-22,Ma-MUM,Hatchback,Petrol,1197,0,0,0,1,0,3832,Private,Dent on door,,
VEH-10068,VOO46K54F064613247,WB42C3614,MARUTI,SWIFT,1.2 VXi BS IV,409662.12,9,2016,2016-09-22,Ma-PUN,Hatchback,Petrol,1197,1,1,1,0,1,74129,Private,,,
VEH-10069,YDW26N77U945273434,TN51B7537,MARUTI,BALENO HATCHBACK,Delta 1.2,722000.0,2,2023,2023-04-28,We-HOW,Hatchback,Petrol,1197,1,0,0,0,1,39504,Private,,Alloy wheels,2024-11-17
VEH-10070,HRZ61X84A486187952,KA39D1551,MARUTI,VITARA BREZZA,VXI,735091.89,6,2019,2019-02-17,Ka-MYS,SUV,Petrol,1462,1,1,1,0,1,119330,Private,Minor scratches,,
VEH-10071,HTI74J16V110006980,UP23C6399,HYUNDAI,GRAND I10 NIOS,SPORTZ 1.2 KAPPA VTVT,665000.0,1,2024,2024-05-25,We-HOW,Hatchback,Petrol,1197,1,1,0,1,1,106113,Private,,,
VEH-10072,ZCL27X87H606800040,MH46D4618,MARUTI,WAGON R,1.0 LXI CNG,529429.06,4,2021,2021-02-27,Ta-MAD,Hatchback,CNG,998,1,0,0,0,0,29080,Private,,Alloy wheels,2023-10-10
VEH-10073,CGJ96H52A674236061,MH69A2532,MARUTI,ALTO 800,LXI,380000.0,1,2024,2024-11-23,Ma-PUN,Hatchback,Petrol,796,0,1,1,1,1,19663,Private,,Alloy wheels,
VEH-10074,JZE33J70O081154797,GJ31D3373,MARUTI,ALTO 800,LXI,380000.0,1,2024,2024-01-11,De-GUR,Hatchback,Petrol,796,0,1,0,1,1,47590,Private,,,
VEH-10075,QAM40I19K239493693,GJ33C7270,HYUNDAI,CRETA,1.4 E Plus,778358.02,10,2015,2015-05-14,De-NOI,SUV,Diesel,1582,0,0,0,1,1,91341,Private,Dent on door,Alloy wheels,
VEH-10076,UJF29C49H708110891,TN53B5300,MARUTI,SWIFT,VXI,700000.0,0,2025,2025-06-16,Ka-MYS,Hatchback,Petrol,1197,1,1,0,0,0,24338,Private,Minor scratches,,
VEH-10077,MMC65P63A016958168,RJ92B5383,HONDA,AMAZE,VX PETROL,650152.02,8,2017,2017-11-21,De-GUR,Sedan,Petrol,1199,0,0,0,0,0,129554,Private,Dent on door,Body kit,
VEH-10078,NXA60R54U024658618,DL84C4173,HONDA,AMAZE,1.2 SMT i-VTEC,631750.0,2,2023,2023-08-21,Ka-MYS,Sedan,Petrol,1199,1,1,0,1,1,77746,Private,,,2024-10-23
VEH-10079,OLS83H49R132530011,RJ94D2506,MARUTI,BALENO HATCHBACK,Zeta 1.2,462007.87,13,2012,2012-03-20,Ta-MAD,Hatchback,Petrol,1197,1,1,0,0,1,121219,Private,Dent on door,,2014-04-12
VEH-10080,HUD45R06J686059306,UP65B3447,TOYOTA KIRLOSKAR,INNOVA CRYSTA,2.8 GX AT 7 STR,1180686.79,13,2012,2012-02-19,De-GUR,MUV,Diesel,2755,1,1,1,1,0,140164,Private,Dent on door,,
VEH-10081,OWK73Z13V907408374,RJ07D8683,MARUTI,ERTIGA,1.5 VXI CNG,895956.87,4,2021,2021-09-11,Ma-PUN,MUV,CNG,1462,1,1,1,0,0,35236,Private,Dent on door,,
VEH-10082,ZUZ64B22F591803631,UP40B7899,MARUTI,DZIRE,VXI,760000.0,1,2024,2024-02-09,Ta-CHE,Sedan,Petrol,1197,0,0,0,0,0,66842,Private,,Alloy wheels,
VEH-10083,HCX55W03T032588978,RJ21B8083,MARUTI,ALTO,K10 VXI,254810.18,15,2010,2010-04-24,Ma-MUM,Hatchback,Petrol,998,1,1,0,0,1,100850,Private,Minor scratches,Body kit,
VEH-10084,FLI83V15C880644731,WB60D9778,MARUTI,WAGON R,1.0 LXI CNG,369720.06,11,2014,2014-02-18,Ta-MAD,Hatchback,CNG,998,0,1,0,0,0,5824,Private,Minor scratches,Body kit,2015-05-15
VEH-10085,CKP85R92U795540142,TN28D9380,MARUTI,SWIFT,VXI,341372.49,14,2011,2011-02-05,Ka-BAN,Hatchback,Petrol,1197,1,0,1,0,0,8360,Private,Dent on door,Alloy wheels,2012-09-27
VEH-10086,ENM56E27X536613017,GJ73D6317,MARUTI,DZIRE,VXI,800000.0,0,2025,2025-09-06,Ta-MAD,Sedan,Petrol,1197,1,0,0,1,0,57715,Private,,Alloy wheels,2027-03-22
VEH-10087,YWP03V29O358755607,WB82B5743,MARUTI,ALTO 800,LXI,342950.0,3,2022,2022-04-14,Ma-NAG,Hatchback,Petrol,796,0,0,1,1,1,108175,Private,,Alloy wheels,
VEH-10088,DCQ88O63L393839098,MH03B4757,MARUTI,WAGON R,1.0 VXI,464268.56,5,2020,2020-07-19,We-KOL,Hatchback,Petrol,998,1,0,0,1,1,56539,Private,Minor scratches,,
VEH-10089,CKZ43P51N680502388,MH84A4526,MARUTI,SWIFT,VXI,570154.37,4,2021,2021-03-22,Ta-COI,Hatchback,Petrol,1197,0,1,1,1,0,63123,Private,,,
VEH-10090,OCR25T48D006087533,GJ01D9210,MARUTI,DZIRE,VXI,651605.0,4,2021,2021-12-11,De-GUR,Sedan,Petrol,1197,0,0,1,1,0,66291,Private,,Alloy wheels,
VEH-10091,FLM27N79R386097080,UP20C3014,MARUTI,VITARA BREZZA,VDI,486455.79,15,2010,2010-01-26,Ma-PUN,SUV,Diesel,1248,0,1,0,1,1,146921,Private,Dent on door,Body kit,2011-10-24
VEH-10092,GOX66J89I420961413,WB76D3339,MARUTI,SWIFT,1.2 VXi BS IV,301139.3,15,2010,2010-08-12,Ma-MUM,Hatchback,Petrol,1197,0,0,1,1,0,66802,Private,Minor scratches,Body kit,2012-01-20
VEH-10093,IQT75E83B898893942,GJ96B5368,HONDA,AMAZE,1.2 SMT i-VTEC,700000.0,0,2025,2025-07-13,Ta-MAD,Sedan,Petrol,1199,1,0,0,1,1,39146,Private,Minor scratches,,
VEH-10094,BQG30E95M711336365,KA82D1194,MARUTI,SWIFT,VXI,378252.06,12,2013,2013-02-07,Ma-PUN,Hatchback,Petrol,1197,1,0,1,1,0,32147,Private,Dent on door,Alloy wheels,2015-08-03
VEH-10095,XCE67I40K427368523,UP10D7407,MAHINDRA,SCORPIO,S11 2WD 7STR,1257007.13,7,2018,2018-02-08,De-NEW,SUV,Diesel,2184,0,0,0,0,0,19043,Private,,Alloy wheels,
VEH-10096,EOR84W77M356661575,UP85A1955,MARUTI,DZIRE,VXI,410673.67,13,2012,2012-07-24,Ma-PUN,Sedan,Petrol,1197,0,1,0,1,0,123273,Private,Dent on door,Alloy wheels,
VEH-10097,PAF47R41Z919176633,DL33B1900,MARUTI,SWIFT,VDI (DIESEL),651605.0,4,2021,2021-12-21,Ta-COI,Hatchback,Diesel,1248,0,0,1,0,0,75877,Private,,Alloy wheels,
VEH-10098,SPH76C73J790855928,DL21A7527,MARUTI,SWIFT,VDI (DIESEL),760000.0,1,2024,2024-01-05,De-NOI,Hatchback,Diesel,1248,1,0,0,1,1,2794,Private,Minor scratches,Alloy wheels,
VEH-10099,YRJ43B04B777923771,TN08C4340,HYUNDAI,VENUE,1.2 S PETROL,393797.55,15,2010,2010-02-09,Ma-PUN,SUV,Petrol,1197,0,1,0,1,0,55380,Private,,,
VEH-10100,GEG70U44R918249750,GJ20D4429,MARUTI,ERTIGA,1.5 VXI CNG,658610.63,10,2015,2015-05-15,De-GUR,MUV,CNG,1462,1,1,0,1,1,92971,Private,,Body kit,
VEH-10101,LDG32N13P265755972,KA63A3448,HYUNDAI,CRETA,1.5 E DIESEL,816007.13,8,2017,2017-03-23,De-NEW,SUV,Diesel,1493,1,0,0,1,1,139359,Private,,Body kit,2019-07-10
VEH-10102,JPD72W43Y882665042,WB20C2235,MARUTI,SWIFT,VDI (DIESEL),722000.0,2,2023,2023-07-08,De-NEW,Hatchback,Diesel,1248,1,0,0,0,0,92150,Private,Dent on door,,
VEH-10103,QBK20S86T555042299,GJ31D7797,MARUTI,ALTO,K10 VXI,268221.24,14,2011,2011-01-12,Ma-NAG,Hatchback,Petrol,998,0,0,1,1,0,4451,Private,Minor scratches,Alloy wheels,
VEH-10104,HEN98S56U925232498,TN51D8609,MARUTI,SWIFT DZIRE,VDI,508926.4,10,2015,2015-08-06,Ma-MUM,Sedan,Diesel,1248,0,1,0,1,1,76520,Private,,,2018-03-12
VEH-10105,CYZ17H20D746562571,DL60D3522,MAHINDRA,SCORPIO,S5 2WD 7STR,945374.11,9,2016,2016-10-24,Ka-MYS,SUV,Diesel,2184,1,1,1,0,0,71115,Commercial,Minor scratches,Body kit,2018-12-04
VEH-10106,WGX53B84R878657566,KA19A9482,MARUTI,SWIFT,1.2 VXi BS IV,557293.75,3,2022,2022-03-01,Ma-PUN,Hatchback,Petrol,1197,0,0,0,0,1,67705,Private,,,
VEH-10107,DKA81S59Z211678657,GJ27C3869,TOYOTA KIRLOSKAR,INNOVA CRYSTA,2.4 V 8S,1024117.46,14,2011,2011-02-04,Ka-MYS,MUV,Diesel,2393,1,0,0,0,1,142714,Private,Dent on door,,2012-06-03
VEH-10108,SMU51J29B419099286,MH97C8381,HONDA,AMAZE,1.2 VXMT i-VTEC,980000.0,0,2025,2025-10-08,Ka-MYS,Sedan,Petrol,1199,0,0,0,1,1,21352,Private,,Body kit,
VEH-10109,SXH78J96P920086924,RJ06D8900,TOYOTA KIRLOSKAR,INNOVA CRYSTA,2.8 Z 7 STR,1219187.45,14,2011,2011-12-12,We-KOL,MUV,Diesel,2755,0,1,0,0,0,123593,Private,Minor scratches,Alloy wheels,
VEH-10110,AGN78N33W522792337,MH71A7280,MARUTI,DZIRE,VXI,478989.55,10,2015,2015-02-14,Ma-PUN,Sedan,Petrol,1197,0,0,1,1,1,57347,Private,Minor scratches,Body kit,
VEH-10111,HKT35T90Z067397871,TN55D2741,HONDA,AMAZE,1.2 VXMT i-VTEC,617644.42,9,2016,2016-03-23,Ka-MYS,Sedan,Petrol,1199,1,0,0,1,0,34154,Private,,Alloy wheels,
VEH-10112,IQS54M70R265450500,MH52D5917,HONDA,AMAZE,1.2 SMT i-VTEC,441174.59,9,2016,2016-03-15,Ma-MUM,Sedan,Petrol,1199,0,0,0,1,0,130960,Private,,,
VEH-10113,JSF27D89G376063386,GJ80D5860,MARUTI,ALTO,K10 VXI,346637.18,9,2016,2016-11-18,Ma-MUM,Hatchback,Petrol,998,1,1,0,1,0,56710,Private,Minor scratches,,
VEH-10114,IIG67N36J568832609,TN05A5510,MARUTI,SWIFT,VXI,514564.32,6,2019,2019-09-24,De-NEW,Hatchback,Petrol,1197,1,0,0,1,0,99261,Private,,,
VEH-10115,EUU45Z05Z131511259,RJ96C6761,MARUTI,ALTO,K10 VXI,425579.52,5,2020,2020-08-04,Ta-CHE,Hatchback,Petrol,998,0,0,1,1,1,6983,Commercial,,Body kit,
VEH-10116,DXM41W87A758841084,TN33D1909,MARUTI,SWIFT,1.2 VXi BS IV,453919.24,7,2018,2018-09-01,Ma-MUM,Hatchback,Petrol,1197,0,1,0,0,0,116533,Private,,Body kit,
VEH-10117,ITP81A77J161778214,WB96D6070,MARUTI,SWIFT,VXI,359339.46,13,2012,2012-06-22,We-HOW,Hatchback,Petrol,1197,0,0,0,0,1,147566,Private,,,2014-11-02
VEH-10118,WLY55B88L045290101,DL78B6105,MARUTI,WAGON R,1.0 LXI CNG,389179.01,10,2015,2015-09-04,Ta-CHE,Hatchback,CNG,998,1,1,0,1,0,116092,Private,,Body kit,
VEH-10119,NYL63I59I597885977,GJ55C9479,HONDA,AMAZE,VX PETROL,529552.89,12,2013,2013-01-10,Ka-BAN,Sedan,Petrol,1199,1,0,0,0,0,139734,Private,,Alloy wheels,
VEH-10120,MDC75Y47W496524744,DL59D2202,TOYOTA KIRLOSKAR,INNOVA CRYSTA,2.4 V 8S,1624939.97,5,2020,2020-07-24,Ta-MAD,MUV,Diesel,2393,0,0,0,0,1,106398,Private,,,2022-09-11
VEH-10121,CWX36I34W257812092,GJ01B8433,HYUNDAI,GRAND I10 NIOS,SPORTZ 1.2 KAPPA VTVT,541646.66,5,2020,2020-07-03,Ka-MYS,Hatchback,Petrol,1197,1,1,0,1,1,108558,Private,Dent on door,,2022-09-30
VEH-10122,HFV60F13V054589754,WB94A8807,HYUNDAI,GRAND I10,SPORTZ 1.2 KAPPA VTVT,403359.62,9,2016,2016-11-07,Ma-MUM,Hatchback,Petrol,1197,0,1,1,1,0,53805,Private,Minor scratches,,
VEH-10123,IMH23F06C304960160,WB21C3469,MARUTI,VITARA BREZZA,VXI,857375.0,3,2022,2022-06-04,Ma-NAG,SUV,Petrol,1462,0,1,0,1,1,60399,Commercial,Minor scratches,,
VEH-10124,ZCI79Q10S117315378,KA83A9424,MARUTI,BALENO HATCHBACK,Zeta 1.2,567224.47,9,2016,2016-05-04,Ta-CHE,Hatchback,Petrol,1197,1,0,0,0,0,92549,Private,Dent on door,,
VEH-10125,WRY78I34A546712711,RJ76B4840,MARUTI,ERTIGA,1.5 VXI CNG,729762.47,8,2017,2017-06-10,Ma-NAG,MUV,CNG,1462,1,0,0,0,1,115329,Private,Minor scratches,Alloy wheels,
VEH-10126,TNI88C55X840421755,RJ79C8594,MARUTI,ALTO 800,LXI,239494.78,10,2015,2015-08-10,Ka-BAN,Hatchback,Petrol,796,0,0,0,1,1,140132,Private,,Alloy wheels,
VEH-10127,OFK55N06G555577068,GJ48C3185,HONDA,AMAZE,VX PETROL,529552.89,12,2013,2013-01-19,De-GUR,Sedan,Petrol,1199,0,0,0,0,0,65504,Private,Dent on door,,
VEH-10128,KAR64J88Y311258674,MH10A2521,MARUTI,WAGON R,1.0 VXI,292604.99,14,2011,2011-08-25,Ma-PUN,Hatchback,Petrol,998,0,0,0,1,0,15179,Private,,,
VEH-10129,LHW64T38X836912575,WB89C9532,HONDA,AMAZE,1.2 SMT i-VTEC,514564.32,6,2019,2019-03-23,Ta-MAD,Sedan,Petrol,1199,0,0,0,0,0,88276,Private,,Alloy wheels,
VEH-10130,LJS37C82J752803998,WB76B8617,HONDA,AMAZE,1.5 SMT i-DTEC,508926.4,10,2015,2015-06-10,Ta-COI,Sedan,Diesel,1498,0,0,0,0,1,61844,Private,,Alloy wheels,
VEH-10131,NMK85U28S128934665,DL38B6222,MARUTI,SWIFT,1.2 VXi BS IV,431223.28,8,2017,2017-12-16,Ka-MYS,Hatchback,Petrol,1197,1,1,0,1,0,117052,Private,Dent on door,,
VEH-10132,BXO36D86L183676035,UP50B3799,MARUTI,ALTO,K10 VXI,550000.0,0,2025,2025-12-20,Ka-MYS,Hatchback,Petrol,998,0,0,0,0,1,62189,Private,,,
VEH-10133,NQZ65K54Z143692763,WB94C5979,MARUTI,BALENO HATCHBACK,Delta 1.2,410673.67,13,2012,2012-03-26,Ta-MAD,Hatchback,Petrol,1197,1,1,1,1,1,141898,Private,Dent on door,,
VEH-10134,KTK08O80V268513506,UP64C1378,MAHINDRA,SCORPIO,S11 2WD 7STR,924015.75,13,2012,2012-06-26,Ta-MAD,SUV,Diesel,2184,0,1,0,1,0,139981,Private,Dent on door,Alloy wheels,2013-07-28
VEH-10135,ERH00X88P414958265,TN80C8566,HYUNDAI,CRETA,1.5 E DIESEL,1054571.25,3,2022,2022-07-16,We-KOL,SUV,Diesel,1493,1,1,0,1,0,19121,Commercial,Dent on door,,
VEH-10136,CRC12X25H853031371,RJ76B3877,MARUTI,BALENO HATCHBACK,Delta 1.2,530736.35,8,2017,2017-03-28,Ta-MAD,Hatchback,Petrol,1197,0,1,0,1,1,47636,Private,,Body kit,
VEH-10137,UPI32G54T098352885,DL45A8366,MARUTI,ERTIGA,1.5 VXI CNG,509620.35,15,2010,2010-04-15,Ta-CHE,MUV,CNG,1462,0,0,0,1,0,93595,Private,,Body kit,
VEH-10138,CBQ00Y71E271897902,KA04B6310,HONDA,AMAZE,1.2 SMT i-VTEC,341372.49,14,2011,2011-07-28,Ta-COI,Sedan,Petrol,1199,1,0,1,0,1,86564,Private,Minor scratches,Alloy wheels,
VEH-10139,RSI68P69F584531647,TN64C3234,MARUTI,ERTIGA,1.5 VXI CNG,693274.35,9,2016,2016-05-27,De-GUR,MUV,CNG,1462,0,0,0,1,0,149152,Private,,Body kit,2019-02-07
VEH-10140,GHL49B52C829439629,DL27A9709,MARUTI,DZIRE,VXI,370632.98,15,2010,2010-09-27,De-NEW,Sedan,Petrol,1197,1,0,0,0,0,34179,Private,,Body kit,
VEH-10141,FZT33U05C305136314,UP99A6707,MARUTI,WAGON R,1.0 LXI CNG,502957.61,5,2020,2020-05-14,Ma-PUN,Hatchback,CNG,998,0,1,1,1,1,71273,Private,Dent on door,Body kit,2022-12-17
VEH-10142,XDG08D19D385045819,UP67D8366,MARUTI,ALTO,K10 VXI,522500.0,1,2024,2024-08-19,De-NOI,Hatchback,Petrol,998,1,0,0,1,1,134720,Private,Minor scratches,Body kit,
VEH-10143,EVF16R07V475494256,WB95B5604,HYUNDAI,GRAND I10 NIOS,SPORTZ 1.2 KAPPA VTVT,419115.86,10,2015,2015-07-05,Ta-COI,Hatchback,Petrol,1197,0,0,0,0,0,82909,Private,Minor scratches,,
VEH-10144,FRL76C42A957741800,UP91C2479,MARUTI,SWIFT DZIRE,VDI,436340.77,13,2012,2012-08-06,Ta-CHE,Sedan,Diesel,1248,1,1,0,0,1,146601,Commercial,Dent on door,Alloy wheels,
VEH-10145,JOZ13N47U175795179,UP78A1658,MARUTI,WAGON R,1.0 LXI CNG,316988.74,14,2011,2011-07-03,Ta-CHE,Hatchback,CNG,998,0,1,0,1,1,35218,Private,Minor scratches,,
VEH-10146,PCI27U84Z779263085,UP95B7871,MARUTI,ALTO,K10 VXI,297198.05,12,2013,2013-09-11,Ka-BAN,Hatchback,Petrol,998,0,1,0,0,0,79033,Private,,,
VEH-10147,PIH52L51M856936448,MH82D9261,MARUTI,WAGON R,1.0 VXI,359242.16,10,2015,2015-04-21,Ma-NAG,Hatchback,Petrol,998,1,1,1,1,1,50744,Private,Dent on door,Alloy wheels,
VEH-10148,WEB01U73G787005974,GJ85A8299,MARUTI,WAGON R,1.0 VXI,341280.06,11,2014,2014-09-02,We-KOL,Hatchback,Petrol,998,0,1,0,1,0,15878,Private,,Body kit,
VEH-10149,JTS71D42K312179389,UP96B5163,MARUTI,SWIFT,VXI,324303.86,15,2010,2010-02-24,We-KOL,Hatchback,Petrol,1197,1,0,1,1,0,37135,Private,,Alloy wheels,
VEH-10150,FDO54Y52Z792414510,GJ36D3520,TOYOTA KIRLOSKAR,INNOVA CRYSTA,2.4 ZX MT 7 STR,2200000.0,0,2025,2025-09-20,Ta-MAD,MUV,Diesel,2393,0,0,0,1,1,53695,Private,Dent on door,,
VEH-10151,FRM18S17J056934304,MH85D2092,HYUNDAI,GRAND I10,SPORTZ 1.2 KAPPA VTVT,403359.62,9,2016,2016-09-12,We-KOL,Hatchback,Petrol,1197,0,0,0,1,0,54863,Private,Dent on door,Alloy wheels,
VEH-10152,KTH97T94T047266319,UP50A2323,MARUTI,VITARA BREZZA,VXI,698337.3,7,2018,2018-12-13,Ka-MYS,SUV,Petrol,1462,0,1,1,0,1,32237,Private,Minor scratches,,
VEH-10153,NWI76V24Q633962353,TN31D1356,MAHINDRA,THAR,LX HARD TOP AT 4STR DIESEL,1534250.0,2,2023,2023-11-07,Ma-PUN,SUV,Diesel,2184,0,0,1,0,1,129641,Private,,Body kit,
VEH-10154,VOK54F41K303685974,RJ01B5015,MARUTI,BALENO HATCHBACK,Zeta 1.2,438907.48,14,2011,2011-03-21,Ta-CHE,Hatchback,Petrol,1197,0,0,1,0,1,126536,Private,,Alloy wheels,
VEH-10155,IRY15W27K482089761,WB43C1292,MARUTI,BALENO HATCHBACK,Delta 1.2,370632.98,15,2010,2010-12-05,We-KOL,Hatchback,Petrol,1197,0,0,0,1,1,66122,Commercial,Dent on door,,
VEH-10156,ARC92P67E850423003,WB34B3027,TOYOTA KIRLOSKAR,INNOVA CRYSTA,2.4 V 8S,1624939.97,5,2020,2020-10-25,Ta-COI,MUV,Diesel,2393,1,1,0,0,1,13187,Commercial,,,
VEH-10157,DZK02P13E442952840,MH01B1491,MARUTI,WAGON R,1.0 LXI CNG,502957.61,5,2020,2020-08-01,We-KOL,Hatchback,CNG,998,0,1,0,0,0,97014,Commercial,,,
VEH-10158,IGG45G15O392993369,DL92C4826,HYUNDAI,CRETA,1.4 E Plus,739440.12,11,2014,2014-12-04,Ka-BAN,SUV,Diesel,1582,1,0,0,1,0,109607,Private,Minor scratches,,2016-09-24
VEH-10159,JLQ69C54D225385205,TN14D7396,MARUTI,SWIFT DZIRE,VDI,593586.7,7,2018,2018-04-17,Ka-BAN,Sedan,Diesel,1248,1,1,0,1,0,43385,Private,,Body kit,
VEH-10160,HXR32T84L635524981,KA62D7583,HONDA,AMAZE,VX PETROL,684370.55,7,2018,2018-06-13,We-HOW,Sedan,Petrol,1199,1,0,0,0,0,93425,Private,Minor scratches,,
VEH-10161,NGJ64V16A925517822,WB91A2371,MARUTI,VITARA BREZZA,VXI,630249.41,9,2016,2016-02-17,Ta-MAD,SUV,Petrol,1462,1,0,0,0,1,12069,Private,,,2018-03-07
VEH-10162,CEU33R10I091553839,UP79B3228,MARUTI,BALENO HATCHBACK,Delta 1.2,530736.35,8,2017,2017-11-10,Ma-MUM,Hatchback,Petrol,1197,1,1,0,1,1,8475,Private,,,
VEH-10163,OKH81I12Q672898448,DL66B3828,TOYOTA KIRLOSKAR,INNOVA CRYSTA,2.4 ZX MT 7 STR,1251360.2,11,2014,2014-07-17,Ma-NAG,MUV,Diesel,2393,1,0,1,1,1,67533,Private,,Alloy wheels,
VEH-10164,QTQ24K34B754010782,UP43C9560,HYUNDAI,GRAND I10 NIOS,SPORTZ 1.2 KAPPA VTVT,464394.3,8,2017,2017-04-11,Ka-BAN,Hatchback,Petrol,1197,1,1,0,1,0,59829,Commercial,,Body kit,2019-12-05
VEH-10165,TPS88J36Y194374780,MH10D9472,MARUTI,SWIFT,VXI,359339.46,13,2012,2012-05-25,Ma-MUM,Hatchback,Petrol,1197,0,0,1,1,1,107173,Private,,Alloy wheels,
VEH-10166,ZGR30C19T811033949,WB13A4520,TOYOTA KIRLOSKAR,INNOVA CRYSTA,2.8 GX AT 7 STR,1242828.2,12,2013,2013-03-03,Ta-COI,MUV,Diesel,2755,0,0,0,1,1,90973,Private,,Alloy wheels,2014-07-02
VEH-10167,HPS36L24S936382350,DL50D9758,MARUTI,DZIRE,VXI,390139.98,14,2011,2011-05-13,Ka-MYS,Sedan,Petrol,1197,0,0,1,1,1,96600,Private,Dent on door,,
VEH-10168,TTN32F61D390426824,UP33B9079,MARUTI,DZIRE,VXI,530736.35,8,2017,2017-02-13,De-GUR,Sedan,Petrol,1197,1,0,1,1,1,61759,Private,Minor scratches,Body kit,
VEH-10169,TST15N33C864471378,WB50D4679,HONDA,CITY,1.5 V MT,1087936.0,6,2019,2019-03-09,Ta-MAD,Sedan,Petrol,1498,1,0,1,1,0,107848,Private,Dent on door,Body kit,2021-10-24
VEH-10170,YGV78L10N336865406,MH88B3340,MARUTI,DZIRE,VXI,800000.0,0,2025,2025-08-24,Ma-NAG,Sedan,Petrol,1197,1,1,0,1,0,81759,Private,,Body kit,2027-10-22
VEH-10171,PYO18S47I171310403,UP82B1730,MAHINDRA,SCORPIO,S11 2WD 7STR,924015.75,13,2012,2012-02-04,Ma-NAG,SUV,Diesel,2184,0,1,0,1,0,64351,Private,Minor scratches,,
VEH-10172,RUB17A98B871392373,DL83B4820,MARUTI,SWIFT,VXI,700000.0,0,2025,2025-08-14,Ka-MYS,Hatchback,Petrol,1197,1,0,1,1,0,115879,Private,Minor scratches,Body kit,2028-02-06
VEH-10173,BAB76F17C535012806,RJ35B4474,MARUTI,ALTO,K10 VXI,254810.18,15,2010,2010-01-11,Ma-PUN,Hatchback,Petrol,998,0,1,0,1,1,64973,Private,Minor scratches,Alloy wheels,
VEH-10174,VYV81O60V802551682,KA79C4063,MAHINDRA,SCORPIO,S11 2WD 7STR,1023840.17,11,2014,2014-03-13,Ma-PUN,SUV,Diesel,2184,1,0,1,1,1,123865,Private,,Alloy wheels,
VEH-10175,RIE88J38P545406580,MH21C8647,MARUTI,WAGON R,1.0 VXI,398052.26,8,2017,2017-05-15,Ta-MAD,Hatchback,Petrol,998,0,0,0,1,1,142069,Private,Minor scratches,Alloy wheels,2019-01-15
VEH-10176,RYQ23O65N169962042,WB51B5640,MARUTI,BALENO HATCHBACK,Delta 1.2,760000.0,1,2024,2024-02-05,Ta-CHE,Hatchback,Petrol,1197,1,0,0,1,0,39358,Private,,,
VEH-10177,IPP65U07L659719494,GJ81D1456,HYUNDAI,CRETA,1.4 E Plus,1005915.22,5,2020,2020-06-22,De-GUR,SUV,Diesel,1582,0,0,0,1,1,119283,Private,Minor scratches,Body kit,
VEH-10178,VHM77Y27Y810059873,MH43C9660,MARUTI,WAGON R,1.0 VXI,419002.38,7,2018,2018-03-22,Ka-BAN,Hatchback,Petrol,998,0,0,0,1,1,77115,Private,Dent on door,,
VEH-10179,MYY74H74U092491961,WB01D7005,HONDA,AMAZE,1.2 SMT i-VTEC,541646.66,5,2020,2020-10-06,Ka-BAN,Sedan,Petrol,1199,0,1,0,1,0,89178,Private,,Alloy wheels,
VEH-10180,DDW48V84K538242866,RJ53B1242,MARUTI,ALTO 800,LXI,309512.37,5,2020,2020-10-20,Ta-COI,Hatchback,Petrol,796,1,1,0,1,0,18448,Private,,Alloy wheels,
VEH-10181,VZS44T53U083003588,TN73C3981,MARUTI,DZIRE,VXI,685900.0,3,2022,2022-12-22,De-NOI,Sedan,Petrol,1197,1,0,0,1,0,63504,Private,,,
VEH-10182,SZL46D78I550708423,DL94B4249,MARUTI,DZIRE,VXI,530736.35,8,2017,2017-09-26,Ta-COI,Sedan,Petrol,1197,0,0,0,1,0,47683,Private,,Alloy wheels,2020-04-19
VEH-10183,TXG80J33R324471308,TN57B7958,HYUNDAI,GRAND I10,SPORTZ 1.2 KAPPA VTVT,495219.8,5,2020,2020-11-11,Ka-BAN,Hatchback,Petrol,1197,1,0,0,1,1,110642,Private,,Alloy wheels,
VEH-10184,MUK89C93B036657237,KA59A2108,HYUNDAI,VENUE,1.2 S PETROL,624828.11,6,2019,2019-05-15,Ta-MAD,SUV,Petrol,1197,0,0,0,1,1,29240,Private,Minor scratches,Body kit,2020-06-01
VEH-10185,WIV15X22L455296475,TN32A7899,MARUTI,DZIRE,VXI,370632.98,15,2010,2010-12-20,Ta-COI,Sedan,Petrol,1197,1,0,0,0,0,96547,Private,,,
VEH-10186,MUN99J17L138699778,UP09A3161,MARUTI,SWIFT,1.2 VXi BS IV,477809.73,6,2019,2019-03-02,Ka-BAN,Hatchback,Petrol,1197,1,0,0,0,0,91934,Private,Dent on door,,
VEH-10187,PJA17H78M265087750,UP76B1665,MARUTI,SWIFT DZIRE,VDI,459306.07,12,2013,2013-11-27,We-KOL,Sedan,Diesel,1248,1,1,0,0,1,6735,Private,,,
VEH-10188,PEQ82P35O343421749,RJ66A4537,MARUTI,VITARA BREZZA,VXI,1000000.0,0,2025,2025-10-06,Ka-BAN,SUV,Petrol,1462,1,0,0,1,0,72752,Private,Minor scratches,,2027-07-30
VEH-10189,RMG46O42C234301089,KA34C3970,HYUNDAI,CRETA,1.4 E Plus,702468.11,12,2013,2013-06-06,Ta-CHE,SUV,Diesel,1582,0,0,0,0,1,12820,Private,,Alloy wheels,2014-10-01
VEH-10190,BEV94V58J269472871,TN73C3635,MARUTI,WAGON R,1.0 VXI,308005.25,13,2012,2012-02-04,We-KOL,Hatchback,Petrol,998,1,1,1,1,0,111447,Private,,,
VEH-10191,VTU03M79H094553980,KA57C2888,HYUNDAI,CRETA,1.5 E DIESEL,1054571.25,3,2022,2022-04-25,Ma-NAG,SUV,Diesel,1493,0,1,1,0,0,109031,Private,,,2024-10-09
VEH-10192,QEI61L50J832814821,TN54B5006,MAHINDRA,SCORPIO,S11 2WD 7STR,1466111.25,4,2021,2021-04-02,We-KOL,SUV,Diesel,2184,0,0,0,1,0,26906,Private,Minor scratches,,
VEH-10193,XCY12P13F135198344,UP61B2032,HONDA,AMAZE,VX PETROL,617644.42,9,2016,2016-08-25,Ma-MUM,Sedan,Petrol,1199,0,0,1,1,1,143285,Private,Minor scratches,Body kit,2018-01-01
VEH-10194,WXA97O27V108758447,KA06C2840,MARUTI,DZIRE,VXI,619024.75,5,2020,2020-12-21,Ka-MYS,Sedan,Petrol,1197,0,1,0,0,0,52152,Private,,,
VEH-10195,IFL49C12W780452865,UP97C1894,MARUTI,WAGON R,1.0 VXI,600000.0,0,2025,2025-01-17,Ma-MUM,Hatchback,Petrol,998,1,1,0,0,1,76188,Private,Minor scratches,,
VEH-10196,NUL85X73U781282744,TN91A5396,HONDA,CITY,1.5 V MT,932769.13,9,2016,2016-08-03,Ma-PUN,Sedan,Petrol,1498,0,1,0,0,0,121778,Private,,Alloy wheels,
VEH-10197,TOF87P13M611199022,GJ81C1778,HYUNDAI,GRAND I10 NIOS,SPORTZ 1.2 KAPPA VTVT,359339.46,13,2012,2012-05-24,We-HOW,Hatchback,Petrol,1197,1,0,0,1,0,49488,Private,,Body kit,
VEH-10198,LLR21X17W515922390,TN37B2277,MARUTI,DZIRE,VXI,558669.84,7,2018,2018-08-21,Ma-PUN,Sedan,Petrol,1197,0,0,1,1,0,118346,Private,Dent on door,,
VEH-10199,PQS41J91H505261630,WB56A7024,MARUTI,ERTIGA,1.5 VXI CNG,564676.29,13,2012,2012-11-02,De-GUR,MUV,CNG,1462,1,0,0,0,1,149965,Private,,Alloy wheels,
VEH-10200,WTT97X00O063920498,DL87B1099,MARUTI,SWIFT,VXI,488836.11,7,2018,2018-06-08,Ka-BAN,Hatchback,Petrol,1197,1,1,1,0,1,100077,Private,Dent on door,Body kit,2020-10-09
VEH-10201,KUE98D75O898885800,MH33B5684,MARUTI,BALENO HATCHBACK,Delta 1.2,760000.0,1,2024,2024-12-09,Ta-MAD,Hatchback,Petrol,1197,1,0,0,0,1,26461,Private,,,
VEH-10202,RYR24N32Y715994736,DL94B9960,MARUTI,ALTO,K10 VXI,364881.24,8,2017,2017-01-14,De-NOI,Hatchback,Petrol,998,0,0,0,0,1,46056,Commercial,,Alloy wheels,
VEH-10203,HJA07U64L873750428,KA78B5357,MARUTI,DZIRE,VXI,722000.0,2,2023,2023-12-22,De-GUR,Sedan,Petrol,1197,0,0,0,0,1,6824,Private,Dent on door,Alloy wheels,
VEH-10204,MXK79N56P434011508,UP37C4327,HONDA,AMAZE,1.2 SMT i-VTEC,441174.59,9,2016,2016-05-06,We-KOL,Sedan,Petrol,1199,0,1,0,1,1,42100,Commercial,,Body kit,
VEH-10205,XXN68Q40L770581892,MH44D5337,HYUNDAI,VENUE,1.2 S PETROL,728768.75,3,2022,2022-07-15,Ma-NAG,SUV,Petrol,1197,1,1,1,0,1,53475,Private,,Body kit,
VEH-10206,LEC01D39M146485591,UP14C1821,MARUTI,VITARA BREZZA,VDI,997500.0,1,2024,2024-09-28,Ta-MAD,SUV,Diesel,1248,1,0,1,0,0,10948,Private,,Body kit,
VEH-10207,KVQ90B88W561309035,KA79C5792,MARUTI,VITARA BREZZA,VDI,855231.56,4,2021,2021-12-05,Ka-BAN,SUV,Diesel,1248,0,0,0,0,0,127777,Private,Dent on door,,2023-04-16
VEH-10208,PXM57J18K329662961,MH45B8334,MARUTI,VITARA BREZZA,ZDI PLUS,616010.5,13,2012,2012-08-16,De-GUR,SUV,Diesel,1248,0,0,0,1,1,38634,Private,Dent on door,Alloy wheels,
VEH-10209,VSZ84F32F041009680,TN40C9540,MAHINDRA,SCORPIO,S9 2WD 7STR,821347.33,13,2012,2012-08-12,Ka-MYS,SUV,Diesel,2184,0,0,0,1,1,118226,Private,,Alloy wheels,
VEH-10210,FSX59T40V840592608,RJ46A1388,MAHINDRA,SCORPIO,S11 2WD 7STR,1392805.69,5,2020,2020-10-04,Ma-MUM,SUV,Diesel,2184,1,1,0,1,0,111486,Private,,,
VEH-10211,XZH21H76G938234562,RJ24A9816,HYUNDAI,CRETA,1.4 E Plus,907838.48,7,2018,2018-06-07,De-GUR,SUV,Diesel,1582,0,1,1,1,1,4892,Private,Dent on door,Body kit,
VEH-10212,TGC67Z46J352216924,DL32D3258,HONDA,AMAZE,1.2 VXMT i-VTEC,477921.48,14,2011,2011-10-25,Ka-MYS,Sedan,Petrol,1199,0,0,0,0,0,141441,Private,Dent on door,,
VEH-10213,QLZ83R23K662114195,KA24D9926,MARUTI,SWIFT,VXI,488836.11,7,2018,2018-02-25,Ma-MUM,Hatchback,Petrol,1197,0,0,0,1,0,29801,Private,Minor scratches,Body kit,
VEH-10214,FOL99M02P989177439,GJ68C6454,HYUNDAI,CRETA,1.4 E Plus,778358.02,10,2015,2015-08-19,Ma-NAG,SUV,Diesel,1582,1,1,0,0,0,78532,Private,,,
VEH-10215,LOJ47C47N081980325,WB97B5064,HONDA,AMAZE,1.2 SMT i-VTEC,419115.86,10,2015,2015-07-25,Ma-PUN,Sedan,Petrol,1199,1,0,0,0,1,101062,Private,Minor scratches,Body kit,
VEH-10216,GDL47J97L068349135,UP72B5370,MARUTI,SWIFT,1.2 VXi BS IV,586625.0,2,2023,2023-10-04,Ka-MYS,Hatchback,Petrol,1197,0,1,0,1,0,142609,Private,,Body kit,
VEH-10217,QDA44B27F123338297,MH23A9767,MARUTI,ALTO,K10 VXI,425579.52,5,2020,2020-01-12,We-HOW,Hatchback,Petrol,998,0,1,0,1,1,37150,Private,Dent on door,,
VEH-10218,VXM04O45W191225046,DL63B4003,MARUTI,BALENO HATCHBACK,Delta 1.2,432288.07,12,2013,2013-04-09,We-KOL,Hatchback,Petrol,1197,1,1,0,1,1,44871,Private,Minor scratches,Body kit,
VEH-10219,KCP37O16S679712963,TN20D9810,MARUTI,ALTO 800,LXI,400000.0,0,2025,2025-04-25,Ma-NAG,Hatchback,Petrol,796,0,1,0,1,1,135062,Private,,Body kit,
VEH-10220,QJV69U92J220082072,GJ22B3929,MARUTI,VITARA BREZZA,ZDI PLUS,882110.27,6,2019,2019-05-19,Ta-CHE,SUV,Diesel,1248,0,1,1,1,1,119131,Private,Minor scratches,Alloy wheels,
VEH-10221,AKC16L20U875933606,TN16C3706,HYUNDAI,CRETA,1.4 E Plus,602278.6,15,2010,2010-07-21,Ka-MYS,SUV,Diesel,1582,1,0,1,0,0,61095,Private,Dent on door,Alloy wheels,
VEH-10222,NFS44A26N097428212,UP07B9747,HYUNDAI,GRAND I10,SPORTZ 1.2 KAPPA VTVT,296506.39,15,2010,2010-01-04,Ta-MAD,Hatchback,Petrol,1197,1,0,1,1,1,133840,Private,,,
VEH-10223,QBI05H07X385954258,UP60D7480,MAHINDRA,SCORPIO,S5 2WD 7STR,1160671.41,5,2020,2020-09-02,De-NOI,SUV,Diesel,2184,1,0,0,1,0,9262,Private,Minor scratches,,
VEH-10224,BXQ44C10B619551438,WB22A9865,TOYOTA KIRLOSKAR,INNOVA CRYSTA,2.4 V 8S,972911.58,15,2010,2010-12-03,Ka-BAN,MUV,Diesel,2393,0,1,0,1,0,10454,Private,,,
VEH-10225,API71N59P359639631,UP99C2170,MARUTI,BALENO HATCHBACK,Zeta 1.2,538863.25,10,2015,2015-07-17,We-HOW,Hatchback,Petrol,1197,0,0,0,0,0,103202,Private,Dent on door,,2017-07-26
VEH-10226,NAE16T61X528498296,GJ48C7949,MARUTI,DZIRE,VXI,504199.53,9,2016,2016-06-23,Ma-MUM,Sedan,Petrol,1197,0,0,0,1,1,38071,Private,,,
VEH-10227,BYG56Q57B013063616,MH68D2717,MARUTI,ALTO,K10 VXI,329305.32,10,2015,2015-12-27,We-HOW,Hatchback,Petrol,998,1,0,0,0,1,103666,Commercial,Minor scratches,,2018-08-09
VEH-10228,ROM69G56X308899551,RJ69B7652,HONDA,AMAZE,1.2 SMT i-VTEC,631750.0,2,2023,2023-11-15,Ma-MUM,Sedan,Petrol,1199,1,1,0,0,1,90126,Private,,Body kit,
VEH-10229,ELL62W61T938128649,KA94D3701,MARUTI,VITARA BREZZA,ZDI PLUS,928537.12,5,2020,2020-04-21,We-KOL,SUV,Diesel,1248,1,1,0,1,0,34925,Commercial,,Alloy wheels,2021-07-13
VEH-10230,OBL43O46P134925306,RJ39B2943,HONDA,AMAZE,VX PETROL,650152.02,8,2017,2017-08-16,Ta-COI,Sedan,Petrol,1199,1,1,1,1,1,130646,Private,,Alloy wheels,2019-11-14
VEH-10231,HJS82R23M944403110,DL47D7153,MAHINDRA,SCORPIO,S11 2WD 7STR,1800000.0,0,2025,2025-06-08,Ma-PUN,SUV,Diesel,2184,0,1,0,1,0,13935,Private,Minor scratches,,
VEH-10232,CIK19X22V196381287,TN98A3679,MARUTI,BALENO HATCHBACK,Delta 1.2,800000.0,0,2025,2025-02-25,Ma-NAG,Hatchback,Petrol,1197,0,1,1,1,0,21766,Private,Dent on door,Body kit,
VEH-10233,AGN20E15R495369724,WB09D5790,MARUTI,DZIRE,VXI,478989.55,10,2015,2015-04-27,De-NEW,Sedan,Petrol,1197,0,0,0,1,1,115371,Private,,Alloy wheels,2016-06-28
VEH-10234,USO71U46F214000493,DL40B7772,MARUTI,ERTIGA,1.5 VXI CNG,693274.35,9,2016,2016-12-07,Ta-COI,MUV,CNG,1462,1,1,0,0,0,14079,Private,Dent on door,,
VEH-10235,NVE62P75H879672813,WB05B4911,HONDA,AMAZE,1.2 SMT i-VTEC,359339.46,13,2012,2012-07-28,Ka-BAN,Sedan,Petrol,1199,0,1,0,1,1,22067,Private,Minor scratches,,
VEH-10236,AGJ03I71X779819529,UP43C6754,MARUTI,DZIRE,VXI,432288.07,12,2013,2013-05-03,Ma-MUM,Sedan,Petrol,1197,0,0,0,0,0,52417,Private,Dent on door,Body kit,2015-12-14
VEH-10237,GWF89J47X844556531,RJ67B6633,MARUTI,WAGON R,1.0 VXI,359242.16,10,2015,2015-05-12,Ta-CHE,Hatchback,Petrol,998,0,1,0,1,1,61965,Private,,Body kit,
VEH-10238,KEP17Q28W911777756,WB87D4751,MARUTI,WAGON R,1.0 VXI,277974.74,15,2010,2010-11-09,Ta-MAD,Hatchback,Petrol,998,0,1,0,0,1,100165,Private,,,2013-06-26
VEH-10239,IBA23L42V986015736,WB11B5151,MARUTI,ALTO 800,LXI,216144.04,12,2013,2013-04-10,Ma-PUN,Hatchback,Petrol,796,0,1,0,0,1,119243,Private,Dent on door,,
VEH-10240,UUX57G75R176370642,DL97C1083,MARUTI,BALENO HATCHBACK,Delta 1.2,455040.07,11,2014,2014-10-17,Ka-BAN,Hatchback,Petrol,1197,0,0,1,1,0,21008,Private,,,2015-10-24
VEH-10241,URJ41D12G901008645,WB69C4501,MAHINDRA,SCORPIO,S9 2WD 7STR,821347.33,13,2012,2012-03-04,Ma-PUN,SUV,Diesel,2184,1,1,1,1,0,107456,Private,,,
VEH-10242,BIT62N90L913362510,TN52A4841,MARUTI,WAGON R,1.0 LXI CNG,301139.3,15,2010,2010-02-04,We-KOL,Hatchback,CNG,998,1,0,1,0,1,147672,Private,,Body kit,
VEH-10243,NEA93U87H525468469,RJ50A7365,HONDA,AMAZE,1.2 VXMT i-VTEC,477921.48,14,2011,2011-09-13,Ma-NAG,Sedan,Petrol,1199,1,0,0,1,1,64136,Commercial,Minor scratches,,
VEH-10244,PGI70M83E260245723,MH37C6394,MARUTI,WAGON R,1.0 LXI CNG,617500.0,1,2024,2024-12-11,Ta-COI,Hatchback,CNG,998,0,1,0,1,1,28310,Private,,Alloy wheels,
VEH-10245,EZY05D79N570908237,RJ59A7984,HONDA,AMAZE,VX PETROL,586762.2,10,2015,2015-09-07,Ma-MUM,Sedan,Petrol,1199,0,1,0,1,0,132213,Private,,Body kit,
VEH-10246,GCG76K39V519460134,TN38A2977,TOYOTA KIRLOSKAR,INNOVA CRYSTA,2.8 GX AT 7 STR,1779696.16,5,2020,2020-04-08,De-NEW,MUV,Diesel,2755,0,0,0,0,0,52141,Private,,Alloy wheels,
VEH-10247,DXJ01U57L118849477,MH98C4011,MARUTI,BALENO HATCHBACK,Zeta 1.2,462007.87,13,2012,2012-06-08,Ma-MUM,Hatchback,Petrol,1197,1,0,0,1,0,28090,Private,,Body kit,
VEH-10248,EBH81T51G750757058,DL92B1969,HYUNDAI,GRAND I10,SPORTZ 1.2 KAPPA VTVT,424589.08,8,2017,2017-09-13,Ma-NAG,Hatchback,Petrol,1197,0,1,1,1,1,68593,Private,Dent on door,Body kit,
VEH-10249,JFW91B34R199164315,MH41C9068,HYUNDAI,GRAND I10,SPORTZ 1.2 KAPPA VTVT,446935.87,7,2018,2018-01-09,Ma-MUM,Hatchback,Petrol,1197,1,0,0,1,1,98578,Private,Minor scratches,,
VEH-10250,UZB73Z52A502487798,GJ31B9695,HYUNDAI,GRAND I10 NIOS,SPORTZ 1.2 KAPPA VTVT,600162.5,3,2022,2022-07-18,Ma-PUN,Hatchback,Petrol,1197,0,1,0,1,1,130311,Private,Dent on door,Alloy wheels,
VEH-10251,JJQ92N63L622181293,KA68A1012,MARUTI,ALTO 800,LXI,309512.37,5,2020,2020-05-05,Ta-CHE,Hatchback,Petrol,796,0,0,1,1,0,22911,Private,,Body kit,2021-11-29
VEH-10252,UXJ89V74W210750990,KA21D6596,MARUTI,BALENO HATCHBACK,Zeta 1.2,696402.84,5,2020,2020-10-13,De-GUR,Hatchback,Petrol,1197,0,0,1,1,1,142347,Private,,,
VEH-10253,CAR37X20V278008654,MH72B7069,HYUNDAI,VENUE,1.2 S PETROL,692330.31,4,2021,2021-11-27,De-NEW,SUV,Petrol,1197,0,0,1,1,0,83497,Private,Minor scratches,Alloy wheels,
VEH-10254,LJE07W31Y809450333,UP54D8655,MARUTI,ALTO 800,LXI,342950.0,3,2022,2022-01-15,Ta-CHE,Hatchback,Petrol,796,0,0,0,1,0,62435,Commercial,,Alloy wheels,
VEH-10255,RKK08V63W991424679,GJ40A4031,HONDA,AMAZE,1.2 SMT i-VTEC,324303.86,15,2010,2010-08-05,Ka-MYS,Sedan,Petrol,1199,0,1,0,0,1,142947,Commercial,,Alloy wheels,
VEH-10256,ZXM79O74W637528365,WB08A1050,MARUTI,WAGON R,1.0 LXI CNG,333672.35,13,2012,2012-08-27,Ma-PUN,Hatchback,CNG,998,0,1,0,1,0,141911,Private,Minor scratches,,
VEH-10257,INS05J65C601339675,WB84B7006,MARUTI,VITARA BREZZA,ZDI PLUS,1028850.0,3,2022,2022-09-05,We-HOW,SUV,Diesel,1248,0,1,0,1,1,69124,Private,,Body kit,
VEH-10258,LNR68O66U713539457,KA23A5185,HONDA,AMAZE,1.5 SMT i-DTEC,850000.0,0,2025,2025-09-16,Ka-MYS,Sedan,Diesel,1498,0,0,0,0,1,104390,Private,,Alloy wheels,2027-03-06
VEH-10259,CWB84W35T880089130,WB17C2348,MARUTI,SWIFT DZIRE,VDI,459306.07,12,2013,2013-06-11,Ka-BAN,Sedan,Diesel,1248,1,1,0,1,0,134278,Private,,Alloy wheels,
VEH-10260,GKO42R75A907724307,RJ21A7873,MARUTI,ALTO,K10 VXI,384085.51,7,2018,2018-03-12,Ka-BAN,Hatchback,Petrol,998,1,0,1,1,0,147919,Private,,,
VEH-10261,UGE77M27L501739500,GJ86D5821,MARUTI,SWIFT,VXI,514564.32,6,2019,2019-12-21,We-HOW,Hatchback,Petrol,1197,1,0,0,0,1,57125,Private,,,
VEH-10262,PDI56W51P607944201,UP65B4820,MARUTI,SWIFT DZIRE,VDI,593586.7,7,2018,2018-11-20,De-NEW,Sedan,Diesel,1248,0,0,1,0,1,54560,Private,Minor scratches,,
VEH-10263,OOD84E87X304537517,RJ33A9010,MARUTI,DZIRE,VXI,685900.0,3,2022,2022-02-28,We-HOW,Sedan,Petrol,1197,0,1,0,1,0,32987,Private,,Body kit,
VEH-10264,XVI43V23J376303510,GJ34A8244,TOYOTA KIRLOSKAR,INNOVA CRYSTA,2.8 ZX AT 7 STR,1724893.12,8,2017,2017-02-14,Ma-MUM,MUV,Diesel,2755,1,0,1,1,0,58222,Private,Dent on door,Body kit,
VEH-10265,YWE83E51I011000047,GJ07A9508,HONDA,AMAZE,VX PETROL,503075.24,13,2012,2012-05-26,Ma-NAG,Sedan,Petrol,1199,0,0,0,0,1,125744,Private,Minor scratches,,
VEH-10266,TMH64M98A164652902,RJ36C2752,MARUTI,WAGON R,1.0 LXI CNG,617500.0,1,2024,2024-09-26,Ta-COI,Hatchback,CNG,998,0,1,0,1,1,117630,Private,Dent on door,,2026-11-21
VEH-10267,SUP92J81L662767133,RJ41A7642,TOYOTA KIRLOSKAR,INNOVA CRYSTA,2.4 ZX MT 7 STR,1386548.7,9,2016,2016-02-11,We-HOW,MUV,Diesel,2393,0,0,0,1,1,70281,Private,,,
VEH-10268,TAS10Q99B742345534,UP53A1233,MARUTI,DZIRE,VXI,530736.35,8,2017,2017-12-20,Ma-PUN,Sedan,Petrol,1197,1,0,0,0,0,111841,Private,Dent on door,Body kit,
VEH-10269,XHM74S64S062925410,DL35D2050,MARUTI,SWIFT,1.2 VXi BS IV,333672.35,13,2012,2012-07-15,Ka-MYS,Hatchback,Petrol,1197,1,0,0,1,1,12982,Private,,Body kit,
VEH-10270,CFE32P05O405687809,MH15D8105,MARUTI,BALENO HATCHBACK,Delta 1.2,504199.53,9,2016,2016-04-24,Ma-MUM,Hatchback,Petrol,1197,1,0,0,0,0,39077,Private,,,
VEH-10271,TTR66L07H394479886,MH01A5434,MARUTI,ALTO,K10 VXI,550000.0,0,2025,2025-08-24,De-GUR,Hatchback,Petrol,998,0,0,0,1,0,13910,Private,,Alloy wheels,
VEH-10272,OCZ83Q84V222040666,TN19D2876,MARUTI,SWIFT,VXI,665000.0,1,2024,2024-12-02,Ma-PUN,Hatchback,Petrol,1197,1,0,0,0,1,23831,Private,Dent on door,,
VEH-10273,KRX35S97P830820817,GJ08A8332,MARUTI,BALENO HATCHBACK,Delta 1.2,455040.07,11,2014,2014-06-14,Ta-COI,Hatchback,Petrol,1197,0,1,0,0,1,130308,Private,Minor scratches,,
VEH-10274,YQL93V59O032351212,RJ63C8966,MAHINDRA,SCORPIO,S11 2WD 7STR,1710000.0,1,2024,2024-04-16,Ma-MUM,SUV,Diesel,2184,1,1,0,1,0,85983,Private,,Alloy wheels,
VEH-10275,DVW20B52N787109275,MH06D9550,MARUTI,SWIFT DZIRE,VDI,692330.31,4,2021,2021-03-04,Ka-BAN,Sedan,Diesel,1248,0,1,0,1,0,73763,Private,,Alloy wheels,2023-05-16
VEH-10276,IKB18C68K335463031,WB30B7623,MARUTI,WAGON R,1.0 VXI,541500.0,2,2023,2023-03-22,We-HOW,Hatchback,Petrol,998,1,0,0,0,0,103242,Private,Minor scratches,Body kit,
VEH-10277,LMJ47V04W440463822,UP91D4885,HONDA,AMAZE,1.2 SMT i-VTEC,419115.86,10,2015,2015-07-01,Ma-NAG,Sedan,Petrol,1199,1,0,0,1,0,112421,Private,Minor scratches,Alloy wheels,2016-09-02
VEH-10278,CWJ30F47L551975143,DL94D9525,MARUTI,SWIFT DZIRE,VDI,414523.73,14,2011,2011-12-13,Ta-MAD,Sedan,Diesel,1248,0,1,0,1,0,73416,Private,,,
VEH-10279,PPD34M39T439454558,TN71B9223,HYUNDAI,GRAND I10 NIOS,SPORTZ 1.2 KAPPA VTVT,570154.37,4,2021,2021-03-08,We-HOW,Hatchback,Petrol,1197,0,1,1,1,0,50328,Private,,,2022-03-17
VEH-10280,BIA89X05I576769973,DL11B3007,MARUTI,BALENO HATCHBACK,Delta 1.2,390139.98,14,2011,2011-02-17,We-HOW,Hatchback,Petrol,1197,0,1,1,1,0,62880,Private,,,2012-04-27
VEH-10281,DSD20Y60L533499184,DL67C9447,MARUTI,ALTO 800,LXI,400000.0,0,2025,2025-09-16,Ta-MAD,Hatchback,Petrol,796,1,0,0,1,1,106804,Commercial,Dent on door,Body kit,2028-05-06
VEH-10282,SYL25S05Y874991876,UP28B3526,MARUTI,SWIFT,1.2 VXi BS IV,369720.06,11,2014,2014-09-11,Ta-MAD,Hatchback,Petrol,1197,1,1,1,0,1,22063,Private,,Alloy wheels,2016-12-31
VEH-10283,TYF49X83I318186778,UP47C3797,MARUTI,BALENO HATCHBACK,Delta 1.2,619024.75,5,2020,2020-09-20,We-HOW,Hatchback,Petrol,1197,1,0,0,0,1,142403,Private,Dent on door,,
VEH-10284,DOY96R83X408914444,GJ64A4471,MARUTI,SWIFT,1.2 VXi BS IV,316988.74,14,2011,2011-08-08,Ma-NAG,Hatchback,Petrol,1197,0,0,0,1,0,4009,Private,,,
VEH-10285,ISK95Z06H589241544,TN71D9429,HONDA,AMAZE,VX PETROL,586762.2,10,2015,2015-06-02,Ma-MUM,Sedan,Petrol,1199,0,0,1,0,1,76477,Private,Dent on door,,2017-11-02
VEH-10286,QVZ31G94N753426790,GJ15A9811,MARUTI,VITARA BREZZA,VXI,513342.08,13,2012,2012-09-28,Ta-COI,SUV,Petrol,1462,1,1,0,1,0,99960,Private,,Body kit,2014-08-10
VEH-10287,LPZ96X33O263400643,GJ72C6617,TOYOTA KIRLOSKAR,INNOVA CRYSTA,2.8 Z 7 STR,2036265.62,4,2021,2021-03-15,Ta-CHE,MUV,Diesel,2755,0,0,0,1,0,78983,Private,Dent on door,Body kit,
VEH-10288,RRT63P99A841460764,GJ99D9384,HONDA,AMAZE,VX PETROL,798216.12,4,2021,2021-07-08,Ma-MUM,Sedan,Petrol,1199,1,1,0,0,0,102652,Private,Minor scratches,,2023-10-08
VEH-10289,LFD49V72Q002707766,DL63A1397,MARUTI,SWIFT,VXI,631750.0,2,2023,2023-01-08,De-GUR,Hatchback,Petrol,1197,0,1,1,0,1,34935,Private,,Body kit,
VEH-10290,RVJ30S27L797076664,UP26B4921,MAHINDRA,THAR,LX HARD TOP AT 4STR DIESEL,1534250.0,2,2023,2023-07-20,Ma-PUN,SUV,Diesel,2184,1,0,0,1,0,120322,Private,Dent on door,Alloy wheels,
VEH-10291,DDW21V31P918758865,TN84A8141,MARUTI,ALTO 800,LXI,309512.37,5,2020,2020-11-15,Ta-CHE,Hatchback,Petrol,796,1,0,0,1,0,132068,Private,,Body kit,2023-06-02
VEH-10292,WTO71K56O892388212,RJ22D5367,HYUNDAI,CRETA,1.5 E DIESEL,816007.13,8,2017,2017-12-03,Ma-MUM,SUV,Diesel,1493,1,0,0,0,1,24363,Private,Dent on door,Body kit,
VEH-10293,WRP23D44T272816259,MH70C6516,HYUNDAI,CRETA,1.5 E DIESEL,664642.91,12,2013,2013-12-19,De-NOI,SUV,Diesel,1493,1,1,0,1,1,6596,Private,Dent on door,Alloy wheels,
VEH-10294,WFS34A65C551108870,DL22B1879,HONDA,AMAZE,VX PETROL,454025.41,15,2010,2010-06-18,We-KOL,Sedan,Petrol,1199,1,0,0,1,0,41868,Private,Minor scratches,,
VEH-10295,KZN36M86I026338790,TN49A8750,MARUTI,WAGON R,1.0 LXI CNG,351234.06,12,2013,2013-07-27,Ta-MAD,Hatchback,CNG,998,0,1,0,0,0,145605,Commercial,Dent on door,,
VEH-10296,XIB69U81X139345028,KA51A9250,MAHINDRA,SCORPIO,S9 2WD 7STR,1176147.02,6,2019,2019-02-11,Ta-MAD,SUV,Diesel,2184,0,0,0,1,0,77366,Private,,,2020-06-15
VEH-10297,PML59A01Z446538867,UP82D3807,MARUTI,ALTO 800,LXI,195069.99,14,2011,2011-09-25,We-KOL,Hatchback,Petrol,796,1,0,0,0,1,27002,Private,,,2013-08-06
VEH-10298,HHO96S53S611000544,DL51D2091,MARUTI,VITARA BREZZA,ZDI PLUS,1200000.0,0,2025,2025-02-13,Ma-PUN,SUV,Diesel,1248,0,1,0,0,1,104097,Commercial,,Alloy wheels,
VEH-10299,EFT50S87W084520493,UP52D6394,MARUTI,SWIFT,VXI,419115.86,10,2015,2015-01-15,Ka-MYS,Hatchback,Petrol,1197,0,1,0,1,0,80513,Private,,Alloy wheels,
VEH-10300,LDA61E67B553184527,MH67A1438,HONDA,AMAZE,1.2 SMT i-VTEC,600162.5,3,2022,2022-07-24,Ka-MYS,Sedan,Petrol,1199,1,1,0,0,0,69731,Commercial,,Body kit,
VEH-10301,QIQ22C39E188480667,WB15B8641,MARUTI,BALENO HATCHBACK,Zeta 1.2,771637.5,3,2022,2022-10-22,We-HOW,Hatchback,Petrol,1197,1,1,0,1,1,77785,Private,Minor scratches,Body kit,
VEH-10302,CNA75V01D646690657,UP28B1719,MARUTI,BALENO HATCHBACK,Delta 1.2,685900.0,3,2022,2022-07-14,Ma-MUM,Hatchback,Petrol,1197,1,1,0,1,1,97915,Private,,Body kit,
VEH-10303,JOQ42H28T345602702,GJ94B8345,HONDA,CITY,1.5 V MT,1268915.0,3,2022,2022-05-19,De-NEW,Sedan,Petrol,1498,1,0,0,1,0,128557,Private,Minor scratches,Alloy wheels,2024-11-19
VEH-10304,NAS00X65I936744229,UP41B7583,MARUTI,SWIFT,1.2 VXi BS IV,477809.73,6,2019,2019-04-23,Ta-MAD,Hatchback,Petrol,1197,1,0,1,0,0,36702,Private,,,
VEH-10305,YBK28G07C983315972,KA19D9025,MARUTI,ERTIGA,1.5 VXI CNG,729762.47,8,2017,2017-01-03,Ka-MYS,MUV,CNG,1462,0,1,0,1,0,44028,Private,,Body kit,
VEH-10306,WAU19B89O059779785,UP51C3117,MARUTI,ERTIGA,1.5 VXI CNG,509620.35,15,2010,2010-08-17,Ka-BAN,MUV,CNG,1462,0,0,1,0,1,38707,Private,,Alloy wheels,
VEH-10307,FAK50V43O732656101,MH74C6285,MARUTI,BALENO HATCHBACK,Delta 1.2,760000.0,1,2024,2024-09-20,Ta-COI,Hatchback,Petrol,1197,0,0,0,1,1,43417,Private,,,
VEH-10308,IOG55W11N126529432,WB24B4792,MARUTI,WAGON R,1.0 VXI,359242.16,10,2015,2015-10-09,Ma-PUN,Hatchback,Petrol,998,0,1,0,1,0,84697,Private,,,
VEH-10309,RAW62T68U185883150,TN91D4807,MARUTI,ERTIGA,1.5 VXI CNG,851159.03,5,2020,2020-03-05,Ka-BAN,MUV,CNG,1462,1,1,0,1,0,107930,Private,,,
VEH-10310,YOR66J09Q120037628,MH83C2303,HONDA,CITY,1.5 V MT,981862.24,8,2017,2017-09-02,Ka-MYS,Sedan,Petrol,1498,0,1,1,1,1,117797,Private,Minor scratches,,
VEH-10311,WZU21O70N007083448,DL20C4598,MARUTI,BALENO HATCHBACK,Zeta 1.2,511920.08,11,2014,2014-01-24,De-NOI,Hatchback,Petrol,1197,1,0,0,1,0,57614,Private,,Body kit,
VEH-10312,AII48M59A168832849,WB80B5558,HONDA,AMAZE,1.5 SMT i-DTEC,414523.73,14,2011,2011-01-24,Ma-PUN,Sedan,Diesel,1498,0,0,0,0,0,129226,Private,,,
VEH-10313,SKN37P46H777042473,DL84D6180,HONDA,AMAZE,VX PETROL,503075.24,13,2012,2012-04-19,Ma-PUN,Sedan,Petrol,1199,0,1,0,1,1,58329,Private,Dent on door,,
VEH-10314,DTR57W43B194294902,DL07D1420,TOYOTA KIRLOSKAR,INNOVA CRYSTA,2.8 Z 7 STR,2375000.0,1,2024,2024-09-04,Ka-BAN,MUV,Diesel,2755,1,0,1,1,1,112807,Private,,Alloy wheels,
VEH-10315,EYA93R51E493577128,RJ83A5791,MARUTI,ERTIGA,1.5 VXI CNG,768171.03,7,2018,2018-09-14,We-HOW,MUV,CNG,1462,0,1,1,0,1,103818,Private,,Alloy wheels,
VEH-10316,OYQ76E01B607576245,RJ05C6066,MARUTI,WAGON R,1.0 LXI CNG,586625.0,2,2023,2023-11-16,Ta-MAD,Hatchback,CNG,998,1,0,0,1,0,118535,Private,,Body kit,
VEH-10317,UWM93W47E385442837,RJ36D1077,HYUNDAI,CRETA,1.4 E Plus,1114587.5,3,2022,2022-01-05,Ma-MUM,SUV,Diesel,1582,0,1,0,1,1,113551,Private,,,
VEH-10318,HUO47M13B709083474,KA80D6145,HONDA,AMAZE,1.2 SMT i-VTEC,398160.06,11,2014,2014-11-03,Ta-MAD,Sedan,Petrol,1199,0,1,1,1,0,144124,Private,,,
VEH-10319,LVS15S56V264361289,DL50C6286,MARUTI,ERTIGA,1.5 VXI CNG,895956.87,4,2021,2021-03-23,Ma-MUM,MUV,CNG,1462,0,1,0,1,1,8519,Private,Dent on door,Alloy wheels,
VEH-10320,NKU63X02X462157832,UP24C9625,MARUTI,BALENO HATCHBACK,Zeta 1.2,733055.62,4,2021,2021-10-11,Ma-NAG,Hatchback,Petrol,1197,1,0,1,1,1,18657,Private,Dent on door,,
VEH-10321,GOM61M82I876119916,KA31D3160,MARUTI,VITARA BREZZA,VXI,698337.3,7,2018,2018-02-10,Ka-BAN,SUV,Petrol,1462,0,1,0,0,0,61747,Private,Minor scratches,Alloy wheels,
VEH-10322,SGJ51T36L761136758,TN86D5151,MARUTI,DZIRE,VXI,432288.07,12,2013,2013-05-21,We-HOW,Sedan,Petrol,1197,1,1,0,1,1,34719,Private,Dent on door,Body kit,
VEH-10323,KWD31U66Z050337167,UP79A5367,MARUTI,SWIFT DZIRE,VDI,807500.0,1,2024,2024-01-08,Ka-MYS,Sedan,Diesel,1248,1,0,1,0,0,68785,Private,Minor scratches,Body kit,
VEH-10324,RYK86U79K062342538,RJ98D4833,MARUTI,BALENO HATCHBACK,Delta 1.2,588073.51,6,2019,2019-12-24,Ta-CHE,Hatchback,Petrol,1197,1,1,0,0,0,16879,Private,,Body kit,
VEH-10325,TCC37M72L110539198,TN37C8635,HONDA,AMAZE,1.2 VXMT i-VTEC,503075.24,13,2012,2012-04-26,De-GUR,Sedan,Petrol,1199,1,0,1,0,1,19334,Private,Dent on door,,
VEH-10326,VTL30G90Y985035015,TN40B8762,MARUTI,SWIFT,1.2 VXi BS IV,502957.61,5,2020,2020-06-15,De-NEW,Hatchback,Petrol,1197,1,0,1,1,1,115992,Private,,,
VEH-10327,ZWD36G93H598616572,RJ46C7772,TOYOTA KIRLOSKAR,INNOVA CRYSTA,2.8 GX AT 7 STR,1873364.37,4,2021,2021-02-03,We-KOL,MUV,Diesel,2755,0,0,0,0,1,27799,Private,,Body kit,2022-02-25
VEH-10328,RYN30K21T829195171,RJ26A6118,MARUTI,BALENO HATCHBACK,Delta 1.2,558669.84,7,2018,2018-07-17,Ma-PUN,Hatchback,Petrol,1197,0,1,0,1,0,15361,Private,,Body kit,2019-12-29
VEH-10329,WCO72R84T443972216,WB09A7278,MAHINDRA,SCORPIO,S9 2WD 7STR,741265.97,15,2010,2010-11-11,Ta-CHE,SUV,Diesel,2184,0,1,0,1,0,55807,Private,Dent on door,,
VEH-10330,PTR33L54I476407857,UP49C6026,MARUTI,ERTIGA,1.5 VXI CNG,625680.1,11,2014,2014-04-19,Ka-MYS,MUV,CNG,1462,1,0,0,1,1,134395,Private,Minor scratches,,
VEH-10331,OHK45N44J086765774,RJ99C9266,HONDA,AMAZE,1.2 SMT i-VTEC,700000.0,0,2025,2025-02-07,Ta-COI,Sedan,Petrol,1199,1,0,1,1,1,135952,Private,,,
VEH-10332,JKJ20I28C937682914,MH46D9955,MARUTI,BALENO HATCHBACK,Delta 1.2,530736.35,8,2017,2017-11-14,Ka-BAN,Hatchback,Petrol,1197,1,0,1,0,0,126326,Private,,Alloy wheels,
VEH-10333,SYC87K37W558426710,DL65B9981,HYUNDAI,VENUE,1.2 S PETROL,692330.31,4,2021,2021-04-03,Ka-MYS,SUV,Petrol,1197,1,0,0,1,1,32925,Private,,Alloy wheels,2022-12-21
VEH-10334,GDQ20E87P610995927,UP08D1136,MARUTI,WAGON R,1.0 LXI CNG,301139.3,15,2010,2010-12-21,We-HOW,Hatchback,CNG,998,1,0,1,1,0,121771,Private,Minor scratches,,
VEH-10335,JVK39E90L631157687,MH53D1476,HONDA,CITY,1.5 V MT,1335700.0,2,2023,2023-12-22,Ma-MUM,Sedan,Petrol,1498,0,0,0,1,0,148468,Private,,,
VEH-10336,NZX62V86G206521633,GJ25D4923,HYUNDAI,CRETA,1.5 E DIESEL,599840.22,14,2011,2011-03-09,Ka-MYS,SUV,Diesel,1493,0,1,0,1,1,89496,Private,Dent on door,,
VEH-10337,CQV05H32I152739564,GJ27A5105,MARUTI,ERTIGA,1.5 VXI CNG,943112.5,3,2022,2022-01-18,De-GUR,MUV,CNG,1462,0,0,0,1,0,62226,Private,Dent on door,,
VEH-10338,BGC27Q26S778131223,MH21D9993,HYUNDAI,CRETA,1.5 E DIESEL,569848.21,15,2010,2010-09-14,Ma-MUM,SUV,Diesel,1493,1,1,1,1,0,147912,Private,,,
VEH-10339,ARJ49E86M765708655,UP51D1878,MARUTI,SWIFT,VXI,398160.06,11,2014,2014-08-03,Ka-BAN,Hatchback,Petrol,1197,0,0,1,1,0,97676,Private,,Alloy wheels,
VEH-10340,BYF01R40N681266489,UP42B5590,MARUTI,WAGON R,1.0 LXI CNG,369720.06,11,2014,2014-05-03,Ka-BAN,Hatchback,CNG,998,0,0,0,1,1,126361,Private,Dent on door,Alloy wheels,
VEH-10341,DIZ73H24N294918987,GJ52A9553,MARUTI,BALENO HATCHBACK,Delta 1.2,390139.98,14,2011,2011-08-24,De-GUR,Hatchback,Petrol,1197,1,0,0,1,0,11195,Private,Minor scratches,Alloy wheels,
VEH-10342,RUJ56Z47S155489639,DL40A6554,MARUTI,BALENO HATCHBACK,Zeta 1.2,597078.39,8,2017,2017-03-28,Ka-MYS,Hatchback,Petrol,1197,0,0,1,1,1,58482,Private,Minor scratches,Body kit,
VEH-10343,LUC18R11D757806314,DL13C7371,MARUTI,SWIFT,VXI,341372.49,14,2011,2011-10-27,De-GUR,Hatchback,Petrol,1197,0,1,0,1,1,60171,Private,,Body kit,2014-02-12
VEH-10344,LNW62Y76Z153947944,DL19D1850,HYUNDAI,GRAND I10,SPORTZ 1.2 KAPPA VTVT,403359.62,9,2016,2016-09-09,Ma-PUN,Hatchback,Petrol,1197,0,1,0,1,0,111001,Private,,Alloy wheels,2018-10-01
VEH-10345,ROK09H27G873149010,MH65C2807,HYUNDAI,CRETA,1.5 E DIESEL,951750.55,5,2020,2020-03-26,Ka-MYS,SUV,Diesel,1493,0,0,0,1,1,8770,Private,,Alloy wheels,
VEH-10346,GJN88H20X384724264,KA10D5848,MARUTI,BALENO HATCHBACK,Zeta 1.2,567224.47,9,2016,2016-11-11,Ka-MYS,Hatchback,Petrol,1197,0,1,1,1,1,53580,Private,,,2018-10-09
VEH-10347,PKX41J61V308768332,TN30A2374,MARUTI,VITARA BREZZA,VDI,597240.1,11,2014,2014-11-27,Ta-MAD,SUV,Diesel,1248,0,1,0,0,0,46332,Private,Minor scratches,,
VEH-10348,UCM70H26V586142894,TN17A9602,MARUTI,SWIFT DZIRE,VDI,692330.31,4,2021,2021-07-19,Ka-MYS,Sedan,Diesel,1248,0,1,0,1,1,127793,Private,Dent on door,Alloy wheels,
VEH-10349,TJF78J19L923796681,MH14C4371,TOYOTA KIRLOSKAR,INNOVA CRYSTA,2.8 GX AT 7 STR,1308240.21,11,2014,2014-02-03,Ta-COI,MUV,Diesel,2755,1,0,0,1,1,56929,Private,,,
VEH-10350,ADA65S85Z930949392,KA34D7291,MARUTI,DZIRE,VXI,760000.0,1,2024,2024-08-11,De-GUR,Sedan,Petrol,1197,0,1,0,0,1,131690,Private,Dent on door,,
VEH-10351,WVS75W21D976210418,TN78A8342,MARUTI,BALENO HATCHBACK,Delta 1.2,370632.98,15,2010,2010-10-27,Ma-PUN,Hatchback,Petrol,1197,1,1,0,1,0,80409,Private,,Body kit,2011-12-17
VEH-10352,EYG50O70B660940956,DL03A9940,MARUTI,BALENO HATCHBACK,Zeta 1.2,438907.48,14,2011,2011-02-02,Ma-PUN,Hatchback,Petrol,1197,1,0,1,0,1,53137,Private,,Alloy wheels,
VEH-10353,RAF65Y28R345661645,TN63D4421,MARUTI,WAGON R,1.0 VXI,378149.65,9,2016,2016-05-10,Ma-PUN,Hatchback,Petrol,998,0,0,0,0,1,41101,Private,Dent on door,Alloy wheels,2018-02-10
VEH-10354,YDE07H45O820598025,WB09D1463,MARUTI,ALTO 800,LXI,185316.49,15,2010,2010-01-26,Ka-BAN,Hatchback,Petrol,796,1,1,0,1,0,111433,Private,,,
VEH-10355,EZV46Q89M450538831,KA86C1899,HONDA,AMAZE,1.2 VXMT i-VTEC,617644.42,9,2016,2016-03-12,Ta-COI,Sedan,Petrol,1199,1,1,0,1,0,44508,Private,,,
VEH-10356,BAL08U52Z402435513,GJ95A6125,MARUTI,BALENO HATCHBACK,Zeta 1.2,538863.25,10,2015,2015-08-21,Ka-BAN,Hatchback,Petrol,1197,0,1,0,0,0,81727,Private,Minor scratches,,
VEH-10357,HKL71R84J043672325,RJ90C5267,MARUTI,ALTO 800,LXI,400000.0,0,2025,2025-12-28,Ma-NAG,Hatchback,Petrol,796,1,0,1,1,1,81528,Private,,,
VEH-10358,ZMB37Q82I036037755,TN13D2756,MARUTI,VITARA BREZZA,ZDI PLUS,1140000.0,1,2024,2024-01-03,Ma-NAG,SUV,Diesel,1248,1,1,0,1,1,104708,Private,,,
VEH-10359,PNS15D87F295825682,DL96C9838,MARUTI,ALTO 800,LXI,265368.17,8,2017,2017-12-05,Ma-PUN,Hatchback,Petrol,796,1,1,0,0,1,108917,Private,Minor scratches,Alloy wheels,
VEH-10360,VAF91S66C863637824,RJ70C2993,MARUTI,BALENO HATCHBACK,Delta 1.2,478989.55,10,2015,2015-08-23,Ta-COI,Hatchback,Petrol,1197,0,1,0,1,0,107332,Private,Minor scratches,,
VEH-10361,FYV23C54P943635295,RJ45C3815,MARUTI,BALENO HATCHBACK,Delta 1.2,410673.67,13,2012,2012-09-05,Ta-CHE,Hatchback,Petrol,1197,1,1,0,0,1,147479,Commercial,,Body kit,2014-02-24
VEH-10362,IWS27J38F582723376,WB02A4539,MARUTI,ALTO 800,LXI,216144.04,12,2013,2013-12-07,We-KOL,Hatchback,Petrol,796,1,0,1,0,1,14261,Private,,Alloy wheels,
VEH-10363,RNN41Q00Q340484523,MH27B5083,MAHINDRA,SCORPIO,S11 2WD 7STR,1023840.17,11,2014,2014-03-08,Ta-MAD,SUV,Diesel,2184,1,0,0,1,1,125987,Private,Dent on door,,
VEH-10364,CZB05L09L536111211,RJ19C3534,HONDA,AMAZE,1.2 VXMT i-VTEC,684370.55,7,2018,2018-11-21,Ma-NAG,Sedan,Petrol,1199,1,0,0,0,0,51447,Private,,Alloy wheels,
VEH-10365,EFB91A32O373697291,UP18A6883,HYUNDAI,VENUE,1.2 S PETROL,508926.4,10,2015,2015-12-23,De-NOI,SUV,Petrol,1197,1,0,0,1,1,95999,Private,,,
VEH-10366,BEE60T17S488292504,DL70B3222,MARUTI,ERTIGA,1.5 VXI CNG,625680.1,11,2014,2014-09-24,Ka-MYS,MUV,CNG,1462,1,1,0,0,0,23935,Private,,,2017-01-04
VEH-10367,PPZ53H62I445761666,KA32D1964,HONDA,AMAZE,VX PETROL,720390.05,6,2019,2019-11-02,Ka-MYS,Sedan,Petrol,1199,1,1,0,1,1,110448,Private,,Body kit,2022-06-01
VEH-10368,HTJ11K33Y431055157,RJ36A5735,MARUTI,SWIFT,1.2 VXi BS IV,502957.61,5,2020,2020-12-10,Ka-MYS,Hatchback,Petrol,1197,1,1,0,1,1,72504,Private,,,
VEH-10369,UWR47I39F046790984,KA28B7338,MARUTI,BALENO HATCHBACK,Delta 1.2,478989.55,10,2015,2015-08-28,Ma-PUN,Hatchback,Petrol,1197,0,1,1,1,0,23524,Private,,Alloy wheels,
VEH-10370,USZ61U64J591670439,DL04D7754,HYUNDAI,GRAND I10 NIOS,SPORTZ 1.2 KAPPA VTVT,665000.0,1,2024,2024-09-07,Ma-NAG,Hatchback,Petrol,1197,1,1,1,1,1,143738,Private,Minor scratches,Body kit,
VEH-10371,NNH91C78Y932154054,WB60A6631,HYUNDAI,VENUE,1.2 S PETROL,728768.75,3,2022,2022-01-11,Ta-MAD,SUV,Petrol,1197,1,0,0,0,1,4910,Private,Minor scratches,,
VEH-10372,AFZ14S85U578725470,RJ93C4227,MARUTI,SWIFT,1.2 VXi BS IV,502957.61,5,2020,2020-04-19,Ka-MYS,Hatchback,Petrol,1197,0,0,0,0,0,118760,Private,,Body kit,
VEH-10373,WKS23S32K545470113,KA59B4595,HONDA,AMAZE,1.2 SMT i-VTEC,378252.06,12,2013,2013-09-23,Ma-PUN,Sedan,Petrol,1199,1,0,0,1,1,11863,Private,,,
VEH-10374,BAQ54M74S836504391,UP13D6166,HYUNDAI,GRAND I10 NIOS,SPORTZ 1.2 KAPPA VTVT,419115.86,10,2015,2015-08-14,De-NEW,Hatchback,Petrol,1197,0,0,0,1,0,10409,Private,Dent on door,,2017-09-11
VEH-10375,LEY79O83C613304827,RJ19D3158,MARUTI,BALENO HATCHBACK,Delta 1.2,722000.0,2,2023,2023-11-28,De-NOI,Hatchback,Petrol,1197,0,1,1,0,1,1613,Private,Minor scratches,Body kit,
VEH-10376,GLI18I42B652296408,DL51D2062,MARUTI,ALTO 800,LXI,380000.0,1,2024,2024-11-21,Ma-MUM,Hatchback,Petrol,796,1,1,0,0,0,32049,Private,,,
VEH-10377,KHW62S00Y648856086,TN76A3476,MARUTI,ERTIGA,1.5 VXI CNG,625680.1,11,2014,2014-02-13,Ma-MUM,MUV,CNG,1462,1,0,0,1,0,3331,Private,,,2015-03-21
VEH-10378,MSE04L19G368354407,MH60C4935,MARUTI,SWIFT DZIRE,VDI,535712.0,9,2016,2016-01-08,Ta-COI,Sedan,Diesel,1248,1,0,1,1,0,37504,Private,Minor scratches,,
VEH-10379,FUE33Q45T825868123,GJ07D6188,MARUTI,BALENO HATCHBACK,Delta 1.2,800000.0,0,2025,2025-07-23,Ma-PUN,Hatchback,Petrol,1197,1,1,1,1,1,22347,Private,,Alloy wheels,
VEH-10380,JZC08I70A109365540,RJ19C2572,MARUTI,ALTO,K10 VXI,447978.44,4,2021,2021-04-26,We-HOW,Hatchback,Petrol,998,1,1,0,1,0,39338,Private,Dent on door,Body kit,
VEH-10381,DRD14B93P921347438,WB22A6241,HONDA,AMAZE,1.2 VXMT i-VTEC,720390.05,6,2019,2019-09-23,De-NEW,Sedan,Petrol,1199,0,1,0,0,1,32997,Private,,Alloy wheels,2021-12-27
VEH-10382,PZM60K85K298424072,WB77D2830,MARUTI,BALENO HATCHBACK,Zeta 1.2,538863.25,10,2015,2015-09-23,We-HOW,Hatchback,Petrol,1197,1,1,1,1,0,94948,Private,,Alloy wheels,
VEH-10383,HWT70O43R774941601,TN78D5264,HYUNDAI,CRETA,1.5 E DIESEL,599840.22,14,2011,2011-02-22,Ma-PUN,SUV,Diesel,1493,1,0,1,1,1,128502,Private,,,
VEH-10384,URJ50S52V020119073,GJ20C7119,MARUTI,ERTIGA,1.5 VXI CNG,1100000.0,0,2025,2025-02-07,Ma-NAG,MUV,CNG,1462,0,1,0,0,1,2873,Private,,,
VEH-10385,AOW35Y07D834761451,KA44C3300,MARUTI,DZIRE,VXI,478989.55,10,2015,2015-10-19,Ka-MYS,Sedan,Petrol,1197,0,0,1,0,1,11962,Private,,,2017-05-18
VEH-10386,TMK35K75T114366369,GJ07A9635,MAHINDRA,SCORPIO,S9 2WD 7STR,780279.97,14,2011,2011-06-16,Ma-PUN,SUV,Diesel,2184,0,0,0,0,1,9462,Private,Minor scratches,,
VEH-10387,GDY87S69V582867086,WB09B6434,MARUTI,VITARA BREZZA,VXI,513342.08,13,2012,2012-08-03,Ma-MUM,SUV,Petrol,1462,1,0,0,0,0,41840,Private,Minor scratches,Body kit,
VEH-10388,AWQ08P43K809309986,WB78B4239,MARUTI,WAGON R,1.0 LXI CNG,389179.01,10,2015,2015-08-08,Ka-MYS,Hatchback,CNG,998,0,1,1,1,0,135843,Commercial,,Alloy wheels,
VEH-10389,VGB77D38H826499096,DL72A4003,MARUTI,ALTO 800,LXI,195069.99,14,2011,2011-06-02,Ta-CHE,Hatchback,Petrol,796,0,0,1,0,1,112183,Private,,Alloy wheels,
VEH-10390,LRC96D08E226535545,MH06D2172,MARUTI,WAGON R,1.0 LXI CNG,453919.24,7,2018,2018-04-02,Ma-PUN,Hatchback,CNG,998,0,0,0,0,1,74134,Private,,,
VEH-10391,MCU43L98W161667145,TN28D1235,HYUNDAI,CRETA,1.5 E DIESEL,699624.11,11,2014,2014-02-13,Ma-MUM,SUV,Diesel,1493,1,1,0,1,1,20524,Private,Dent on door,,2015-12-14
VEH-10392,DLI91C83P910766032,MH16C3426,MARUTI,ALTO,K10 VXI,522500.0,1,2024,2024-11-13,Ma-MUM,Hatchback,Petrol,998,0,0,0,1,0,94508,Private,Minor scratches,,
VEH-10393,MCA25V22U921367338,RJ68C7708,HONDA,AMAZE,1.2 SMT i-VTEC,324303.86,15,2010,2010-06-07,Ka-MYS,Sedan,Petrol,1199,0,1,1,1,1,74119,Private,Dent on door,,
VEH-10394,FKZ12K48J123887697,RJ22A4663,HYUNDAI,GRAND I10,SPORTZ 1.2 KAPPA VTVT,640000.0,0,2025,2025-10-25,Ka-MYS,Hatchback,Petrol,1197,1,1,0,1,0,109419,Private,,,
VEH-10395,KUX64B88M716740945,DL14D7601,MARUTI,VITARA BREZZA,ZDI PLUS,1028850.0,3,2022,2022-07-13,De-NEW,SUV,Diesel,1248,0,1,0,1,0,117676,Private,,Body kit,
VEH-10396,KFN30P61K811054977,GJ74A3747,HONDA,AMAZE,1.2 VXMT i-VTEC,980000.0,0,2025,2025-02-21,We-HOW,Sedan,Petrol,1199,0,1,0,0,0,22371,Private,Minor scratches,Body kit,
VEH-10397,XQG27D79B799801386,MH60A5242,MARUTI,WAGON R,1.0 LXI CNG,617500.0,1,2024,2024-02-04,Ma-MUM,Hatchback,CNG,998,1,1,0,0,0,47455,Private,,Body kit,
VEH-10398,NKY33D55Q892684233,KA98A6310,MARUTI,VITARA BREZZA,VXI,773780.94,5,2020,2020-08-28,De-NEW,SUV,Petrol,1462,0,0,0,1,0,122760,Private,Minor scratches,Alloy wheels,
VEH-10399,GHD80Y96S077087719,UP36B3854,TOYOTA KIRLOSKAR,INNOVA CRYSTA,2.4 V 8S,1134756.18,12,2013,2013-05-02,Ta-COI,MUV,Diesel,2393,1,0,0,0,1,32170,Commercial,Dent on door,Alloy wheels,
VEH-10400,JLL59H65P463945059,MH76A6214,MARUTI,SWIFT,1.2 VXi BS IV,502957.61,5,2020,2020-05-14,Ta-COI,Hatchback,Petrol,1197,0,1,0,1,1,144821,Private,Dent on door,,
VEH-10401,GXZ64C30V515077649,WB29C2179,HONDA,AMAZE,1.2 VXMT i-VTEC,529552.89,12,2013,2013-07-17,We-HOW,Sedan,Petrol,1199,1,0,1,1,1,70924,Private,,Body kit,2014-12-30
VEH-10402,JLD11J46T831892457,GJ96D2900,HONDA,AMAZE,1.2 SMT i-VTEC,631750.0,2,2023,2023-02-02,Ta-CHE,Sedan,Petrol,1199,0,1,0,1,0,32215,Private,Dent on door,,
VEH-10403,CUP17H11K727644760,GJ60A3112,TOYOTA KIRLOSKAR,INNOVA CRYSTA,2.8 GX AT 7 STR,1121652.45,14,2011,2011-09-22,De-GUR,MUV,Diesel,2755,0,0,0,1,0,147478,Private,,,
VEH-10404,CYB57D61O831005207,GJ97C6538,MAHINDRA,THAR,LX HARD TOP AT 4STR DIESEL,1187173.4,7,2018,2018-10-13,Ka-BAN,SUV,Diesel,2184,0,1,0,1,1,56985,Private,,Body kit,
VEH-10405,RIG79Y56N235093778,MH01C3267,MARUTI,VITARA BREZZA,VDI,733254.16,7,2018,2018-05-07,De-NEW,SUV,Diesel,1248,0,1,0,1,1,133177,Private,,Alloy wheels,2019-11-28
VEH-10406,GYP36J80C722861880,UP56D2371,MARUTI,BALENO HATCHBACK,Zeta 1.2,486324.08,12,2013,2013-03-14,Ma-NAG,Hatchback,Petrol,1197,0,1,0,1,0,82789,Private,,,
VEH-10407,LXL60D75O364953847,DL33A2570,TOYOTA KIRLOSKAR,INNOVA CRYSTA,2.8 ZX AT 7 STR,1204557.2,15,2010,2010-10-18,Ka-BAN,MUV,Diesel,2755,0,1,0,0,1,127657,Private,Dent on door,,
VEH-10408,LET35F98T501883949,RJ93A5727,MARUTI,ALTO,K10 VXI,425579.52,5,2020,2020-08-23,Ka-MYS,Hatchback,Petrol,998,0,1,1,0,0,5683,Private,Minor scratches,,2022-06-03
VEH-10409,BNL90I49P741530256,KA50C9010,TOYOTA KIRLOSKAR,INNOVA CRYSTA,2.4 ZX MT 7 STR,1072884.95,14,2011,2011-02-28,We-HOW,MUV,Diesel,2393,0,0,0,0,1,97068,Private,Dent on door,,
VEH-10410,JDG11B90A122670176,UP66B2039,MARUTI,BALENO HATCHBACK,Zeta 1.2,696402.84,5,2020,2020-07-11,We-HOW,Hatchback,Petrol,1197,0,0,1,1,1,19950,Private,,Body kit,
VEH-10411,CIR36J49P871565606,KA93A1268,HONDA,AMAZE,1.2 VXMT i-VTEC,720390.05,6,2019,2019-06-22,We-HOW,Sedan,Petrol,1199,1,1,0,0,0,63425,Private,Minor scratches,,
VEH-10412,ZTM82X11Z967701593,WB09C7529,HONDA,AMAZE,1.2 VXMT i-VTEC,840227.5,3,2022,2022-12-22,Ma-NAG,Sedan,Petrol,1199,0,1,0,1,1,89931,Private,,Body kit,2024-12-19
VEH-10413,JLW38O64V702365989,TN19C2486,MARUTI,WAGON R,1.0 VXI,341280.06,11,2014,2014-07-16,Ka-MYS,Hatchback,Petrol,998,0,1,1,0,0,10204,Private,,Body kit,
VEH-10414,OTC94H77F893716503,KA70B9896,TOYOTA KIRLOSKAR,INNOVA CRYSTA,2.8 Z 7 STR,1837729.73,6,2019,2019-07-06,We-HOW,MUV,Diesel,2755,0,1,0,1,1,119775,Private,Dent on door,Alloy wheels,
VEH-10415,VJX42U63P322475559,DL25B3529,MARUTI,SWIFT,VXI,441174.59,9,2016,2016-08-02,We-KOL,Hatchback,Petrol,1197,0,1,1,1,1,63002,Private,Dent on door,Body kit,
VEH-10416,LPT35E34I854873296,MH34C9100,MARUTI,ERTIGA,1.5 VXI CNG,729762.47,8,2017,2017-06-13,De-GUR,MUV,CNG,1462,0,1,1,1,1,110699,Commercial,Dent on door,Alloy wheels,
VEH-10417,KNJ43I33K043676784,DL49D6056,MARUTI,SWIFT,1.2 VXi BS IV,301139.3,15,2010,2010-08-18,Ka-MYS,Hatchback,Petrol,1197,1,0,0,0,1,38355,Private,Dent on door,,
VEH-10418,OJU19Q51R466059107,TN84D6998,MARUTI,ALTO 800,LXI,325802.5,4,2021,2021-04-09,Ta-MAD,Hatchback,Petrol,796,0,1,0,0,1,53413,Private,,,
VEH-10419,XWS28N12M401292964,DL33B4177,MARUTI,SWIFT,VXI,324303.86,15,2010,2010-07-26,Ta-CHE,Hatchback,Petrol,1197,1,0,0,1,1,14285,Private,Minor scratches,,2011-12-22
VEH-10420,VHT84Y45M315125935,GJ72B5208,MARUTI,SWIFT,1.2 VXi BS IV,557293.75,3,2022,2022-04-12,De-NOI,Hatchback,Petrol,1197,1,1,0,0,1,60776,Private,,,
VEH-10421,IIQ31I21R753010163,GJ13A5427,HONDA,CITY,1.5 V MT,886130.67,10,2015,2015-07-26,We-HOW,Sedan,Petrol,1498,0,0,0,1,0,5943,Private,Dent on door,Body kit,2017-08-28
VEH-10422,FWX64I53Z100179088,RJ03A5457,MARUTI,VITARA BREZZA,ZDI PLUS,555949.48,15,2010,2010-09-26,De-GUR,SUV,Diesel,1248,1,1,0,1,0,31513,Private,Minor scratches,,2012-09-24
VEH-10423,SXS95K27Y432892683,WB49B2548,HONDA,AMAZE,1.2 SMT i-VTEC,665000.0,1,2024,2024-11-28,Ta-CHE,Sedan,Petrol,1199,1,0,0,0,0,123076,Private,,,
VEH-10424,JCW30M29E604503727,UP95C5663,MARUTI,BALENO HATCHBACK,Delta 1.2,685900.0,3,2022,2022-05-07,De-NOI,Hatchback,Petrol,1197,1,1,0,1,1,3935,Private,,Alloy wheels,
VEH-10425,DHT94U37T896930234,GJ64D9976,HYUNDAI,CRETA,1.4 E Plus,702468.11,12,2013,2013-05-18,De-NEW,SUV,Diesel,1582,1,1,0,1,0,114493,Private,Minor scratches,Alloy wheels,2015-07-28
VEH-10426,STK74T70K329725635,RJ69A5886,MARUTI,SWIFT,VDI (DIESEL),432288.07,12,2013,2013-10-08,Ka-MYS,Hatchback,Diesel,1248,1,0,0,1,0,84316,Private,Dent on door,,
VEH-10427,OID29T82Z945766243,KA22D2717,HYUNDAI,CRETA,1.4 E Plus,1114587.5,3,2022,2022-06-26,De-GUR,SUV,Diesel,1582,0,1,0,0,0,73041,Private,,,
VEH-10428,OTU70Y57C356901307,DL60D2311,MARUTI,WAGON R,1.0 LXI CNG,453919.24,7,2018,2018-07-15,Ta-CHE,Hatchback,CNG,998,0,0,1,1,0,24263,Private,,Alloy wheels,2019-11-03
VEH-10429,JSD45J50N402309090,RJ79A8458,MAHINDRA,SCORPIO,S11 2WD 7STR,1543275.0,3,2022,2022-02-07,We-HOW,SUV,Diesel,2184,0,0,0,0,1,86307,Private,,Alloy wheels,
VEH-10430,MIZ19Y17W254127030,MH71A2521,HONDA,CITY,1.5 V MT,685671.02,15,2010,2010-10-26,We-KOL,Sedan,Petrol,1498,1,0,0,1,0,129023,Private,Dent on door,Alloy wheels,2012-04-02
VEH-10431,GHR92Z53Q578041906,DL72C8199,MARUTI,SWIFT,VDI (DIESEL),478989.55,10,2015,2015-12-07,Ka-MYS,Hatchback,Diesel,1248,0,1,0,1,0,72021,Private,Minor scratches,Alloy wheels,2017-04-12
VEH-10432,PUQ38T43A456713264,MH74A5455,HYUNDAI,VENUE,1.2 S PETROL,563907.37,8,2017,2017-12-21,Ka-BAN,SUV,Petrol,1197,0,1,0,0,1,87584,Private,,Body kit,
VEH-10433,BZB03V29W538743313,TN44B6028,HONDA,AMAZE,1.2 SMT i-VTEC,700000.0,0,2025,2025-09-08,De-NEW,Sedan,Petrol,1199,0,0,0,1,0,65981,Private,Minor scratches,,
VEH-10434,MTJ19O13I450698965,KA38A2573,HYUNDAI,CRETA,1.4 E Plus,955619.46,6,2019,2019-09-16,Ma-NAG,SUV,Diesel,1582,1,0,0,0,1,122228,Private,,,
VEH-10435,ROD04U26M892260655,MH68C9552,MARUTI,BALENO HATCHBACK,Zeta 1.2,538863.25,10,2015,2015-01-24,We-KOL,Hatchback,Petrol,1197,0,1,0,1,0,46833,Private,,,
VEH-10436,NYG11C23T987688468,MH65D9342,MARUTI,ERTIGA,1.5 VXI CNG,693274.35,9,2016,2016-04-20,Ma-MUM,MUV,CNG,1462,0,1,0,0,0,143787,Private,,Alloy wheels,2018-09-11
VEH-10437,HAU01B48G098120824,TN33A5545,MARUTI,ERTIGA,1.5 VXI CNG,564676.29,13,2012,2012-10-13,We-HOW,MUV,CNG,1462,1,1,0,1,1,63028,Private,,,
VEH-10438,QDI04O27U846067058,GJ37D9380,TOYOTA KIRLOSKAR,INNOVA CRYSTA,2.8 Z 7 STR,1745843.24,7,2018,2018-01-08,De-NEW,MUV,Diesel,2755,1,1,0,0,1,109837,Commercial,Minor scratches,Body kit,
VEH-10439,HCA52S44Y319850562,TN17D3214,MARUTI,ALTO 800,LXI,265368.17,8,2017,2017-03-22,Ma-NAG,Hatchback,Petrol,796,1,1,1,1,1,126343,Private,,,2018-06-19
VEH-10440,MUR65L47B013636500,DL07C4204,HYUNDAI,CRETA,1.5 E DIESEL,858954.87,7,2018,2018-07-19,Ta-CHE,SUV,Diesel,1493,0,1,0,0,1,87727,Private,,Body kit,
VEH-10441,DLT48A34J001297148,MH32A7244,TOYOTA KIRLOSKAR,INNOVA CRYSTA,2.4 ZX MT 7 STR,1702318.06,5,2020,2020-08-21,De-GUR,MUV,Diesel,2393,1,1,0,1,1,110749,Private,,,
VEH-10442,XFO77M82F396673086,DL81B9326,MARUTI,VITARA BREZZA,VXI,902500.0,2,2023,2023-05-25,Ma-NAG,SUV,Petrol,1462,1,1,0,0,0,61656,Private,,,
VEH-10443,JVM50F71E630007144,WB87C2644,MARUTI,VITARA BREZZA,ZDI PLUS,1083000.0,2,2023,2023-02-02,Ma-MUM,SUV,Diesel,1248,0,1,0,1,1,74987,Private,,Body kit,
VEH-10444,RUY16S83X490606404,WB08D1255,MARUTI,ERTIGA,1.5 VXI CNG,1045000.0,1,2024,2024-06-23,De-NEW,MUV,CNG,1462,1,0,0,1,1,89306,Private,Minor scratches,Alloy wheels,
VEH-10445,NRV68V69D744352471,MH56B9124,MARUTI,SWIFT DZIRE,VDI,767125.0,2,2023,2023-07-04,Ta-CHE,Sedan,Diesel,1248,0,1,0,1,1,54620,Private,Minor scratches,,
VEH-10446,PPY02W81N381695368,TN35B7885,MARUTI,SWIFT,VXI,570154.37,4,2021,2021-06-18,Ma-PUN,Hatchback,Petrol,1197,0,0,0,0,0,129338,Private,Dent on door,Body kit,2022-08-07
VEH-10447,QZI95J32I052892783,KA14A1711,HONDA,CITY,1.5 V MT,759746.28,13,2012,2012-03-20,We-HOW,Sedan,Petrol,1498,1,1,1,1,1,90797,Private,,,
VEH-10448,HIO48C84Y241291476,UP42A6100,MARUTI,VITARA BREZZA,VXI,950000.0,1,2024,2024-12-11,De-NEW,SUV,Petrol,1462,0,0,1,1,1,27282,Private,Minor scratches,Alloy wheels,
VEH-10449,TRI33C65R061425295,UP06A7728,TOYOTA KIRLOSKAR,INNOVA CRYSTA,2.4 V 8S,1194480.19,11,2014,2014-02-04,Ta-MAD,MUV,Diesel,2393,0,0,1,0,1,135736,Private,Minor scratches,,2016-03-17
VEH-10450,BWV74M89I794204437,UP27B5789,MARUTI,ALTO,K10 VXI,384085.51,7,2018,2018-08-24,Ma-NAG,Hatchback,Petrol,998,0,0,1,0,1,2588,Private,Dent on door,,
VEH-10451,GQY72J66Z459730996,TN68B4455,MARUTI,BALENO HATCHBACK,Zeta 1.2,812250.0,2,2023,2023-08-18,Ma-NAG,Hatchback,Petrol,1197,0,1,1,1,1,118182,Private,,,
VEH-10452,IXE27F73Z047077309,RJ72C8087,MARUTI,VITARA BREZZA,VXI,735091.89,6,2019,2019-10-20,Ta-COI,SUV,Petrol,1462,0,0,0,1,1,20667,Private,Minor scratches,Body kit,
VEH-10453,EXW05C45D218035521,MH04D4763,TOYOTA KIRLOSKAR,INNOVA CRYSTA,2.4 V 8S,1393182.91,8,2017,2017-03-15,Ma-MUM,MUV,Diesel,2393,0,0,0,0,1,10696,Private,Minor scratches,,
VEH-10454,HMQ10E76O826401903,KA12D9302,MARUTI,SWIFT,VXI,341372.49,14,2011,2011-09-01,We-HOW,Hatchback,Petrol,1197,1,0,0,0,1,113354,Private,,,
VEH-10455,OWU70I14E498535202,UP64A1022,HYUNDAI,VENUE,1.2 S PETROL,657713.8,5,2020,2020-11-16,We-KOL,SUV,Petrol,1197,0,0,0,0,1,45372,Private,,,
VEH-10456,NRG17F55B835345958,RJ48C5932,MARUTI,SWIFT,VXI,514564.32,6,2019,2019-12-25,Ta-COI,Hatchback,Petrol,1197,0,0,0,1,1,40243,Private,,,
VEH-10457,UNZ01F93O135449072,MH52C5236,HYUNDAI,CRETA,1.4 E Plus,739440.12,11,2014,2014-03-12,Ma-MUM,SUV,Diesel,1582,0,0,0,0,0,68225,Private,Minor scratches,Alloy wheels,
VEH-10458,YFC26R60A219818947,RJ49A9602,HYUNDAI,GRAND I10,SPORTZ 1.2 KAPPA VTVT,328538.93,13,2012,2012-07-05,Ta-COI,Hatchback,Petrol,1197,1,0,0,1,0,12381,Private,Dent on door,,2014-08-22
VEH-10459,ZAO08R07Z391101117,MH25B8672,MARUTI,DZIRE,VXI,558669.84,7,2018,2018-09-12,Ka-BAN,Sedan,Petrol,1197,0,0,1,1,0,144499,Private,Minor scratches,,
VEH-10460,PNP41Y10Y723311546,RJ47C8240,MARUTI,DZIRE,VXI,504199.53,9,2016,2016-10-20,We-KOL,Sedan,Petrol,1197,0,0,1,1,0,101983,Private,,,
VEH-10461,VFN38V20F603567257,WB97A7353,MARUTI,WAGON R,1.0 LXI CNG,333672.35,13,2012,2012-06-26,Ma-PUN,Hatchback,CNG,998,0,1,0,1,0,8699,Private,Minor scratches,Alloy wheels,
VEH-10462,NVQ77M88Q380408805,GJ79B4811,MARUTI,ERTIGA,1.5 VXI CNG,1100000.0,0,2025,2025-08-28,Ma-MUM,MUV,CNG,1462,1,0,0,1,0,95002,Private,,,
VEH-10463,UMU39T19E282662885,TN28C9853,MARUTI,DZIRE,VXI,685900.0,3,2022,2022-05-19,Ka-BAN,Sedan,Petrol,1197,0,1,0,0,0,101922,Private,,,2024-02-08
VEH-10464,WSN86U77S707294597,DL16A7037,MAHINDRA,SCORPIO,S11 2WD 7STR,1323165.4,6,2019,2019-05-25,Ka-BAN,SUV,Diesel,2184,0,0,1,0,1,118082,Private,Dent on door,,2020-10-31
VEH-10465,PJU28P94P479270160,UP03D4379,MARUTI,ALTO 800,LXI,380000.0,1,2024,2024-11-05,Ma-PUN,Hatchback,Petrol,796,1,1,0,1,1,58628,Private,Minor scratches,,
VEH-10466,JLL18L82A014193685,UP31C9876,HONDA,AMAZE,1.5 SMT i-DTEC,624828.11,6,2019,2019-05-10,We-HOW,Sedan,Diesel,1498,0,1,0,0,0,55851,Private,,,
VEH-10467,GSE76Y46V307727731,DL95B5413,MARUTI,BALENO HATCHBACK,Zeta 1.2,855000.0,1,2024,2024-06-09,Ma-PUN,Hatchback,Petrol,1197,1,1,0,1,0,77037,Private,Dent on door,Alloy wheels,
VEH-10468,GFE75F05D601532907,UP22A5376,MARUTI,BALENO HATCHBACK,Zeta 1.2,567224.47,9,2016,2016-09-11,Ma-PUN,Hatchback,Petrol,1197,1,1,0,1,1,18173,Private,Minor scratches,Body kit,
VEH-10469,GBV74N10N482276430,RJ06D8706,MARUTI,WAGON R,1.0 VXI,359242.16,10,2015,2015-11-26,Ka-BAN,Hatchback,Petrol,998,0,0,0,1,1,132449,Private,Minor scratches,Alloy wheels,
VEH-10470,NVL22Q16A562378637,TN67A6485,MARUTI,BALENO HATCHBACK,Delta 1.2,619024.75,5,2020,2020-10-18,We-HOW,Hatchback,Petrol,1197,1,0,0,0,1,44691,Private,Minor scratches,,
VEH-10471,BEO37O43Q958732084,DL72C4561,MARUTI,SWIFT DZIRE,VDI,593586.7,7,2018,2018-01-17,De-GUR,Sedan,Diesel,1248,1,0,0,1,0,46797,Private,Minor scratches,,2019-05-07
VEH-10472,QIA57Q93T367838304,MH52D2994,MARUTI,SWIFT,VXI,665000.0,1,2024,2024-05-15,We-KOL,Hatchback,Petrol,1197,0,1,0,0,1,111130,Private,,,
VEH-10473,BSX16O23Q749594443,TN05A2434,MARUTI,DZIRE,VXI,558669.84,7,2018,2018-11-18,Ta-COI,Sedan,Petrol,1197,1,1,0,0,0,23788,Private,,,
VEH-10474,UTK55E25X204459726,KA21C7544,MARUTI,VITARA BREZZA,VDI,771846.49,6,2019,2019-11-02,Ta-MAD,SUV,Diesel,1248,1,1,0,1,1,57478,Private,Dent on door,,
VEH-10475,GET07G80S699563880,DL93D4871,HONDA,AMAZE,1.2 SMT i-VTEC,441174.59,9,2016,2016-02-20,We-HOW,Sedan,Petrol,1199,0,1,0,1,1,88026,Private,Dent on door,Body kit,
VEH-10476,BUY63A31T027988033,TN91B9626,MARUTI,SWIFT,1.2 VXi BS IV,316988.74,14,2011,2011-03-21,Ka-MYS,Hatchback,Petrol,1197,1,1,0,1,1,124131,Private,Minor scratches,Alloy wheels,2013-02-12
VEH-10477,OYW41Z86Z177705113,MH61D7977,MARUTI,ERTIGA,1.5 VXI CNG,536442.48,14,2011,2011-07-13,Ka-BAN,MUV,CNG,1462,1,1,0,1,0,96450,Private,,,2012-10-26
VEH-10478,WTB91U84R583528018,DL15C9417,MAHINDRA,SCORPIO,S11 2WD 7STR,1710000.0,1,2024,2024-03-14,Ka-BAN,SUV,Diesel,2184,0,1,0,1,1,88127,Private,,,
VEH-10479,LUW02Q40A896961667,TN29D9249,MARUTI,ALTO 800,LXI,185316.49,15,2010,2010-06-15,We-KOL,Hatchback,Petrol,796,1,1,0,0,0,14142,Private,,Body kit,2012-02-03
VEH-10480,FTM65T34E014894795,MH41C6537,MARUTI,SWIFT DZIRE,VDI,807500.0,1,2024,2024-11-01,Ma-MUM,Sedan,Diesel,1248,1,0,0,1,0,53843,Private,,Body kit,
VEH-10481,AOM38Y71E432398846,MH36D8499,MARUTI,ALTO 800,LXI,265368.17,8,2017,2017-12-04,De-NOI,Hatchback,Petrol,796,0,1,1,1,0,103281,Private,,Alloy wheels,
VEH-10482,RGI78O38P235434677,DL07C1672,MARUTI,VITARA BREZZA,VXI,513342.08,13,2012,2012-05-02,Ma-NAG,SUV,Petrol,1462,1,0,0,1,1,28796,Private,,,2013-05-11
VEH-10483,CZR12P54H716141282,DL14A2087,MARUTI,VITARA BREZZA,VXI,857375.0,3,2022,2022-02-21,Ma-PUN,SUV,Petrol,1462,0,0,0,0,0,66729,Private,Dent on door,,
VEH-10484,NTL60X91R035402862,WB29C2069,TOYOTA KIRLOSKAR,INNOVA CRYSTA,2.8 ZX AT 7 STR,1638648.47,9,2016,2016-04-03,Ta-MAD,MUV,Diesel,2755,1,0,1,0,1,147186,Private,,Alloy wheels,
VEH-10485,RVY48A08E183067772,RJ51C1188,MARUTI,BALENO HATCHBACK,Zeta 1.2,538863.25,10,2015,2015-02-09,Ta-CHE,Hatchback,Petrol,1197,0,1,0,0,0,71930,Private,,,2016-09-09
VEH-10486,LMT60T54N037096183,DL59B6850,MARUTI,SWIFT,VXI,378252.06,12,2013,2013-05-16,Ta-CHE,Hatchback,Petrol,1197,1,0,0,0,1,139697,Private,Dent on door,Body kit,
VEH-10487,UPZ92K22O978532095,TN35C3212,MARUTI,ALTO 800,LXI,342950.0,3,2022,2022-11-12,De-NOI,Hatchback,Petrol,796,0,0,0,1,1,101302,Private,Dent on door,,2024-06-04
VEH-10488,PZO19Z32X279609349,KA36A5927,MARUTI,SWIFT,1.2 VXi BS IV,389179.01,10,2015,2015-12-06,Ma-PUN,Hatchback,Petrol,1197,0,0,0,1,1,119590,Private,Minor scratches,Body kit,
VEH-10489,PSX23H43D360144842,KA17A8697,MARUTI,WAGON R,1.0 VXI,541500.0,2,2023,2023-05-12,Ka-BAN,Hatchback,Petrol,998,0,0,0,1,0,125478,Commercial,,,
VEH-10490,PWG62J05I374842776,DL97D4169,MARUTI,ALTO,K10 VXI,282338.15,13,2012,2012-05-03,Ka-BAN,Hatchback,Petrol,998,1,1,1,1,1,84991,Private,Dent on door,Body kit,2014-10-27
VEH-10491,ZOF74O70I306961864,TN51C6728,MARUTI,ALTO 800,LXI,342950.0,3,2022,2022-06-25,Ma-PUN,Hatchback,Petrol,796,1,1,0,0,1,89630,Private,Dent on door,Alloy wheels,
VEH-10492,CIT92Z54B701690301,UP48D8763,MARUTI,SWIFT,VXI,541646.66,5,2020,2020-12-25,Ma-PUN,Hatchback,Petrol,1197,0,0,0,1,0,8644,Private,,,
VEH-10493,TPE47H70B989731574,UP65D8408,MARUTI,VITARA BREZZA,VXI,698337.3,7,2018,2018-05-13,Ta-CHE,SUV,Petrol,1462,1,1,0,1,1,89747,Private,Dent on door,Alloy wheels,
VEH-10494,NHU37C28S456956736,KA16D3847,MARUTI,SWIFT,1.2 VXi BS IV,477809.73,6,2019,2019-02-25,Ta-CHE,Hatchback,Petrol,1197,0,0,1,1,1,12063,Private,Dent on door,,
VEH-10495,LLE05B91Y391971751,WB03D5618,MARUTI,BALENO HATCHBACK,Delta 1.2,410673.67,13,2012,2012-05-27,Ta-MAD,Hatchback,Petrol,1197,1,0,0,1,0,124945,Private,Minor scratches,Body kit,2013-08-13
VEH-10496,HUE10W85U857646878,KA33D1808,HYUNDAI,CRETA,1.4 E Plus,1058858.12,4,2021,2021-10-13,Ta-COI,SUV,Diesel,1582,0,1,0,1,1,3365,Private,Dent on door,,
VEH-10497,VSI73M54W647669398,RJ08B5240,MARUTI,WAGON R,1.0 VXI,419002.38,7,2018,2018-09-02,We-KOL,Hatchback,Petrol,998,1,0,1,1,1,97903,Private,Minor scratches,,
VEH-10498,ISW64F45N143833146,RJ54A3435,TOYOTA KIRLOSKAR,INNOVA CRYSTA,2.4 ZX MT 7 STR,1985500.0,2,2023,2023-06-10,We-HOW,MUV,Diesel,2393,1,0,0,1,0,46764,Private,Minor scratches,,2024-09-06
VEH-10499,HRW03Q53K203513096,RJ54A4916,MARUTI,SWIFT,VXI,665000.0,1,2024,2024-12-22,We-HOW,Hatchback,Petrol,1197,0,0,0,0,1,38834,Private,,Body kit,
VEH-10500,AGW97C30E425687651,TN07A9731,HONDA,AMAZE,1.2 SMT i-VTEC,378252.06,12,2013,2013-02-20,Ka-BAN,Sedan,Petrol,1199,1,1,0,1,1,137296,Private,Minor scratches,Body kit,2014-08-15
VEH-10501,REC11M07L666842411,DL74B7398,MARUTI,VITARA BREZZA,VDI,947625.0,2,2023,2023-10-26,Ta-MAD,SUV,Diesel,1248,0,0,0,1,0,63048,Private,,Body kit,
VEH-10502,HWG97M51E281443109,UP30B7316,MARUTI,VITARA BREZZA,VXI,598736.94,10,2015,2015-04-16,Ka-BAN,SUV,Petrol,1462,0,1,0,1,1,108075,Private,Dent on door,,
VEH-10503,ZME30E17Q735755828,UP14A3027,MARUTI,WAGON R,1.0 LXI CNG,650000.0,0,2025,2025-07-18,Ta-MAD,Hatchback,CNG,998,0,1,0,1,0,25447,Private,,Body kit,
VEH-10504,FHG51V15X055441915,KA62D3504,MARUTI,ALTO 800,LXI,239494.78,10,2015,2015-05-18,De-NOI,Hatchback,Petrol,796,0,1,0,0,1,37639,Private,Minor scratches,Body kit,
VEH-10505,FCH33N94S641321877,GJ53B5990,MARUTI,SWIFT,VDI (DIESEL),558669.84,7,2018,2018-04-05,De-NOI,Hatchback,Diesel,1248,0,1,0,1,1,74957,Private,,Body kit,
VEH-10506,JWH77Q02V498245977,GJ05B1193,MARUTI,ERTIGA,1.5 VXI CNG,895956.87,4,2021,2021-11-23,Ma-NAG,MUV,CNG,1462,1,1,1,1,0,136933,Private,,Body kit,2023-07-19
VEH-10507,POZ98G50W945300529,WB83A7324,MARUTI,BALENO HATCHBACK,Delta 1.2,370632.98,15,2010,2010-10-02,Ka-MYS,Hatchback,Petrol,1197,0,0,0,1,1,140090,Private,Dent on door,Alloy wheels,
VEH-10508,WWZ12C46J203882408,UP94C3950,MARUTI,VITARA BREZZA,VDI,855231.56,4,2021,2021-11-07,Ma-PUN,SUV,Diesel,1248,0,0,1,1,1,60347,Private,,,
VEH-10509,FIH40F09B335640095,DL75C7247,HONDA,AMAZE,1.2 SMT i-VTEC,700000.0,0,2025,2025-11-22,We-HOW,Sedan,Petrol,1199,0,0,0,1,0,89702,Private,,,
VEH-10510,VFN66B20Q016586778,GJ59D5368,HONDA,AMAZE,1.2 VXMT i-VTEC,586762.2,10,2015,2015-10-14,Ma-PUN,Sedan,Petrol,1199,1,1,0,1,1,73636,Private,,,
VEH-10511,ISD27H59W174331892,RJ02A3850,MARUTI,WAGON R,1.0 LXI CNG,333672.35,13,2012,2012-01-14,Ma-PUN,Hatchback,CNG,998,1,1,0,1,0,113570,Private,,Body kit,
VEH-10512,XVM58H88T010726789,TN98B8208,HONDA,AMAZE,VX PETROL,454025.41,15,2010,2010-10-22,Ma-MUM,Sedan,Petrol,1199,0,0,1,0,1,121502,Private,,,
VEH-10513,EGB24J99K501224000,MH94C9112,MARUTI,ALTO 800,LXI,325802.5,4,2021,2021-03-09,De-NEW,Hatchback,Petrol,796,0,1,0,1,1,139565,Private,,Body kit,
VEH-10514,GIU72Q98T168317908,UP32C8385,MARUTI,SWIFT,VXI,600162.5,3,2022,2022-04-10,De-NEW,Hatchback,Petrol,1197,1,0,0,1,1,111132,Private,,,
VEH-10515,ZEO09J20R927997764,RJ47D3171,MARUTI,SWIFT,VXI,600162.5,3,2022,2022-09-24,We-KOL,Hatchback,Petrol,1197,0,0,0,1,0,7133,Private,Dent on door,Alloy wheels,
VEH-10516,MGC43R48N620247278,TN53A5516,MARUTI,VITARA BREZZA,VDI,628673.79,10,2015,2015-02-11,Ma-PUN,SUV,Diesel,1248,0,0,1,1,0,108527,Private,,Body kit,
VEH-10517,VVR37Z77F113466445,TN22B7840,MARUTI,SWIFT,1.2 VXi BS IV,617500.0,1,2024,2024-05-27,Ta-CHE,Hatchback,Petrol,1197,0,0,1,1,0,116779,Private,,Body kit,
VEH-10518,PME76U83X251735759,DL13C2841,MARUTI,SWIFT,VDI (DIESEL),722000.0,2,2023,2023-05-07,Ka-MYS,Hatchback,Diesel,1248,0,1,0,1,0,39819,Private,,,
VEH-10519,VEP02C71B736080175,GJ52B3099,MARUTI,SWIFT DZIRE,VDI,414523.73,14,2011,2011-11-09,Ta-CHE,Sedan,Diesel,1248,0,0,0,1,1,10684,Private,,,
VEH-10520,OSN57O80J388358934,DL08C5935,MARUTI,BALENO HATCHBACK,Delta 1.2,800000.0,0,2025,2025-02-13,Ka-MYS,Hatchback,Petrol,1197,0,1,0,1,1,141190,Private,,Alloy wheels,
VEH-10521,AIR94R88M530313179,WB74C7715,MARUTI,ALTO 800,LXI,195069.99,14,2011,2011-08-09,Ta-CHE,Hatchback,Petrol,796,1,1,1,1,1,79535,Private,Minor scratches,Alloy wheels,
VEH-10522,OFI87J29Y073664744,UP36A5159,HYUNDAI,CRETA,1.5 E DIESEL,1230000.0,0,2025,2025-12-12,De-NEW,SUV,Diesel,1493,1,0,0,0,0,78693,Private,Dent on door,,
VEH-10523,EBC89K40G001792065,TN33A5525,MARUTI,BALENO HATCHBACK,Zeta 1.2,696402.84,5,2020,2020-05-23,De-GUR,Hatchback,Petrol,1197,1,0,0,1,0,142864,Private,,Alloy wheels,
VEH-10524,KYQ57U36N738276700,WB89A2562,MARUTI,VITARA BREZZA,VXI,487674.98,14,2011,2011-04-01,Ma-NAG,SUV,Petrol,1462,1,0,0,1,1,39566,Private,Dent on door,Body kit,
VEH-10525,VHP94V28A977096682,DL99A3418,MARUTI,BALENO HATCHBACK,Delta 1.2,504199.53,9,2016,2016-12-21,De-NEW,Hatchback,Petrol,1197,0,0,0,1,0,133223,Private,Dent on door,,
VEH-10526,BJN55T31P478431690,UP54B6198,MARUTI,VITARA BREZZA,ZDI PLUS,682560.11,11,2014,2014-04-04,Ma-NAG,SUV,Diesel,1248,0,1,0,1,0,4907,Private,Minor scratches,,
VEH-10527,OLO69K41U256248474,WB17A5829,MARUTI,BALENO HATCHBACK,Delta 1.2,651605.0,4,2021,2021-06-20,Ka-MYS,Hatchback,Petrol,1197,0,1,1,0,0,16166,Private,,Body kit,2024-03-02
VEH-10528,BTQ41P12V532116100,DL91B3530,HYUNDAI,CRETA,1.4 E Plus,702468.11,12,2013,2013-04-20,Ma-NAG,SUV,Diesel,1582,0,0,0,1,0,71952,Private,Dent on door,,
VEH-10529,ZNJ97T80E930604975,RJ12B8993,HONDA,AMAZE,1.2 VXMT i-VTEC,758305.32,5,2020,2020-12-09,Ma-MUM,Sedan,Petrol,1199,1,1,0,1,0,10800,Private,Dent on door,,
VEH-10530,CMU03I26S068082736,MH74B2436,MARUTI,SWIFT,VXI,631750.0,2,2023,2023-09-14,De-GUR,Hatchback,Petrol,1197,1,0,0,0,0,101004,Private,,Body kit,2025-04-24
VEH-10531,UUY76L74D127150583,UP54D8729,MARUTI,WAGON R,1.0 LXI CNG,557293.75,3,2022,2022-12-05,Ma-NAG,Hatchback,CNG,998,0,1,0,1,0,8827,Private,,Alloy wheels,
VEH-10532,RWU68J41S159685686,UP12C9546,MARUTI,ALTO 800,LXI,227520.04,11,2014,2014-11-19,De-GUR,Hatchback,Petrol,796,1,0,0,1,1,43419,Private,Minor scratches,Body kit,
VEH-10533,LIX52B48O936460901,GJ99B6361,MARUTI,BALENO HATCHBACK,Zeta 1.2,696402.84,5,2020,2020-12-16,Ka-MYS,Hatchback,Petrol,1197,1,1,0,1,0,65866,Private,Dent on door,Alloy wheels,
VEH-10534,WCN10K40Z327849485,UP54D4657,TOYOTA KIRLOSKAR,INNOVA CRYSTA,2.4 ZX MT 7 STR,1886225.0,3,2022,2022-11-17,We-KOL,MUV,Diesel,2393,0,0,0,1,0,20652,Private,,Body kit,
VEH-10535,JRR27J25M485339974,RJ91A7006,MARUTI,SWIFT,VXI,700000.0,0,2025,2025-10-27,We-KOL,Hatchback,Petrol,1197,0,0,0,1,0,27672,Private,Minor scratches,,
VEH-10536,APA79L90X950597866,MH26D7193,HONDA,AMAZE,1.5 SMT i-DTEC,563907.37,8,2017,2017-09-27,Ma-MUM,Sedan,Diesel,1498,0,0,0,1,1,14846,Private,Dent on door,Body kit,2019-10-09
VEH-10537,TSU07S84P633524205,DL36B6915,MARUTI,DZIRE,VXI,390139.98,14,2011,2011-06-07,De-NOI,Sedan,Petrol,1197,1,1,1,0,1,101520,Private,Dent on door,Body kit,
VEH-10538,BAL20P82T102935457,DL99C1028,MARUTI,BALENO HATCHBACK,Zeta 1.2,567224.47,9,2016,2016-06-23,We-KOL,Hatchback,Petrol,1197,1,1,0,1,1,105823,Private,,Alloy wheels,
VEH-10539,UPW06D99X415559043,MH05B3124,MARUTI,BALENO HATCHBACK,Zeta 1.2,855000.0,1,2024,2024-01-08,Ma-PUN,Hatchback,Petrol,1197,0,0,0,0,1,113163,Private,Minor scratches,Alloy wheels,
VEH-10540,IHR58D61V842796431,MH83B1092,HYUNDAI,CRETA,1.5 E DIESEL,1001842.69,4,2021,2021-04-28,Ma-PUN,SUV,Diesel,1493,0,0,1,1,1,41193,Private,Minor scratches,,2022-11-18
VEH-10541,MNY31I24J982556115,WB30A3895,HYUNDAI,GRAND I10 NIOS,SPORTZ 1.2 KAPPA VTVT,514564.32,6,2019,2019-10-26,Ta-CHE,Hatchback,Petrol,1197,0,1,0,1,0,78304,Private,,Alloy wheels,2022-02-13
VEH-10542,TDQ35K22L468283998,WB15D1874,MARUTI,VITARA BREZZA,VXI,902500.0,2,2023,2023-09-13,Ma-NAG,SUV,Petrol,1462,1,0,1,0,0,86656,Private,Dent on door,,
VEH-10543,JAC88O55K978273057,RJ68D7660,HYUNDAI,GRAND I10,SPORTZ 1.2 KAPPA VTVT,577600.0,2,2023,2023-04-24,Ka-BAN,Hatchback,Petrol,1197,0,0,0,0,1,44719,Private,Minor scratches,Body kit,
VEH-10544,GTJ12O95P321286817,GJ41A6961,MARUTI,ERTIGA,1.5 VXI CNG,1045000.0,1,2024,2024-05-26,De-GUR,MUV,CNG,1462,1,1,0,0,0,12778,Private,Minor scratches,Alloy wheels,
VEH-10545,LOW56C48V180066789,TN55D4771,MARUTI,BALENO HATCHBACK,Zeta 1.2,462007.87,13,2012,2012-06-14,Ma-PUN,Hatchback,Petrol,1197,1,0,0,1,0,42716,Private,,,
VEH-10546,CQE39V21B858865768,UP71C1156,HYUNDAI,CRETA,1.5 E DIESEL,1054571.25,3,2022,2022-07-16,We-KOL,SUV,Diesel,1493,0,1,0,1,0,117582,Private,Dent on door,,
VEH-10547,NNK91J93T829486123,KA35D9302,TOYOTA KIRLOSKAR,INNOVA CRYSTA,2.8 ZX AT 7 STR,2011830.44,5,2020,2020-09-10,We-KOL,MUV,Diesel,2755,0,0,0,1,0,62872,Private,Dent on door,Alloy wheels,
VEH-10548,SKO63P40N300020546,GJ16A6252,HONDA,AMAZE,1.2 VXMT i-VTEC,454025.41,15,2010,2010-01-15,De-NOI,Sedan,Petrol,1199,1,0,0,1,1,122998,Private,,Body kit,2011-10-28
VEH-10549,EXW65I62S974375786,WB88C5156,MARUTI,VITARA BREZZA,VDI,855231.56,4,2021,2021-07-09,We-KOL,SUV,Diesel,1248,0,1,0,0,1,27890,Private,Minor scratches,Alloy wheels,
VEH-10550,BSM95F81N933891782,KA33C5162,HONDA,AMAZE,1.2 VXMT i-VTEC,557424.09,11,2014,2014-07-14,De-GUR,Sedan,Petrol,1199,1,0,0,1,1,111416,Private,Minor scratches,,
VEH-10551,JIY78M46N157600269,WB14D1067,MARUTI,WAGON R,1.0 LXI CNG,369720.06,11,2014,2014-05-15,Ma-NAG,Hatchback,CNG,998,0,1,0,1,1,76820,Private,Minor scratches,Body kit,
VEH-10552,VGS46B37Q587383595,KA53A7547,MARUTI,ALTO,K10 VXI,447978.44,4,2021,2021-03-26,Ka-BAN,Hatchback,Petrol,998,1,0,0,1,0,135142,Private,,Body kit,2022-12-05
VEH-10553,ZSS36J80I428093503,UP02B1066,MARUTI,ALTO 800,LXI,216144.04,12,2013,2013-11-25,Ta-COI,Hatchback,Petrol,796,0,0,0,1,0,145162,Private,Minor scratches,,
VEH-10554,EBV81Y17J119558568,MH59C2072,MARUTI,VITARA BREZZA,VDI,628673.79,10,2015,2015-11-13,Ta-MAD,SUV,Diesel,1248,0,0,1,1,1,31827,Private,,,
VEH-10555,RTN50J68U562980457,TN36B3079,MARUTI,WAGON R,1.0 LXI CNG,586625.0,2,2023,2023-02-07,Ka-BAN,Hatchback,CNG,998,0,0,0,1,1,94808,Private,,,
VEH-10556,JSQ22F80D410921754,UP89C1793,TOYOTA KIRLOSKAR,INNOVA CRYSTA,2.8 Z 7 STR,2143437.5,3,2022,2022-04-16,Ma-PUN,MUV,Diesel,2755,0,1,1,1,1,31757,Private,,Alloy wheels,
VEH-10557,PUQ53V93A763047410,RJ66B1599,TOYOTA KIRLOSKAR,INNOVA CRYSTA,2.8 ZX AT 7 STR,2229175.0,3,2022,2022-06-19,Ma-NAG,MUV,Diesel,2755,0,1,0,1,0,83994,Private,Dent on door,Alloy wheels,2024-05-06
VEH-10558,OOX90H60N533495177,KA96D5897,MARUTI,ALTO 800,LXI,185316.49,15,2010,2010-08-21,De-NEW,Hatchback,Petrol,796,0,0,1,0,0,118051,Private,Dent on door,Alloy wheels,
VEH-10559,FOA26X91D488596932,WB52C2133,HYUNDAI,CRETA,1.5 E DIESEL,904163.03,6,2019,2019-05-01,De-NOI,SUV,Diesel,1493,1,1,0,1,1,20519,Private,,,2020-11-01
VEH-10560,MME19O52I012408276,TN65B6768,HONDA,AMAZE,1.2 SMT i-VTEC,419115.86,10,2015,2015-10-28,Ka-MYS,Sedan,Petrol,1199,1,0,0,1,1,84242,Private,Minor scratches,Alloy wheels,2017-03-17
VEH-10561,RPI11R79H358386211,WB06D2257,HYUNDAI,GRAND I10,SPORTZ 1.2 KAPPA VTVT,577600.0,2,2023,2023-02-14,Ta-MAD,Hatchback,Petrol,1197,0,1,0,1,1,130574,Private,Dent on door,Alloy wheels,
VEH-10562,SIL95P02J287130728,RJ10C8235,MARUTI,ERTIGA,1.5 VXI CNG,851159.03,5,2020,2020-03-27,Ma-NAG,MUV,CNG,1462,1,1,1,1,1,60274,Private,,Alloy wheels,2022-09-06
VEH-10563,MPT50J52C722080049,MH40C5595,HYUNDAI,GRAND I10,SPORTZ 1.2 KAPPA VTVT,608000.0,1,2024,2024-01-13,Ma-MUM,Hatchback,Petrol,1197,1,0,1,0,1,63244,Private,Dent on door,Alloy wheels,
VEH-10564,SAS69S73O085864569,KA92D5330,MARUTI,WAGON R,1.0 VXI,600000.0,0,2025,2025-09-05,We-KOL,Hatchback,Petrol,998,1,0,0,1,1,86203,Private,,,
VEH-10565,OMK25H34Y290509250,RJ72C9413,MARUTI,VITARA BREZZA,VXI,950000.0,1,2024,2024-09-27,Ma-PUN,SUV,Petrol,1462,0,0,1,1,1,90769,Private,Dent on door,,
VEH-10566,YXZ36X50F273756957,KA77C6500,MARUTI,ALTO,K10 VXI,522500.0,1,2024,2024-05-26,Ta-COI,Hatchback,Petrol,998,1,0,0,0,1,104605,Private,,Alloy wheels,
VEH-10567,KBA07G75H420370332,GJ98B4619,MARUTI,DZIRE,VXI,760000.0,1,2024,2024-01-23,We-HOW,Sedan,Petrol,1197,0,1,0,1,0,2887,Private,,Body kit,2025-12-06
VEH-10568,OXQ36Y48Y896005950,RJ54A6258,MARUTI,ERTIGA,1.5 VXI CNG,536442.48,14,2011,2011-11-01,We-HOW,MUV,CNG,1462,1,1,0,1,1,121804,Private,,Alloy wheels,
VEH-10569,OOD34K03T862958176,TN52B6857,HONDA,AMAZE,1.2 SMT i-VTEC,700000.0,0,2025,2025-03-26,Ta-MAD,Sedan,Petrol,1199,0,1,1,1,0,140574,Private,Minor scratches,Body kit,
VEH-10570,TUP98E55N368495812,MH71D4098,MARUTI,BALENO HATCHBACK,Zeta 1.2,538863.25,10,2015,2015-05-25,Ka-BAN,Hatchback,Petrol,1197,1,0,0,1,0,16948,Private,Minor scratches,Alloy wheels,2016-07-20
VEH-10571,EAG85O09S360215418,GJ46D4346,MARUTI,BALENO HATCHBACK,Zeta 1.2,438907.48,14,2011,2011-04-12,Ma-NAG,Hatchback,Petrol,1197,1,0,0,1,1,127704,Private,Dent on door,Alloy wheels,
VEH-10572,OZG34Y99T272571590,TN66B5689,MARUTI,VITARA BREZZA,VDI,567378.09,12,2013,2013-06-28,Ka-MYS,SUV,Diesel,1248,1,0,0,0,0,2665,Private,,Alloy wheels,
VEH-10573,BYH34E30C719091689,KA06A6690,MARUTI,DZIRE,VXI,410673.67,13,2012,2012-01-25,Ma-PUN,Sedan,Petrol,1197,0,1,0,1,0,102148,Private,,,
VEH-10574,GOI19A98T126732242,GJ48C2037,MARUTI,ALTO,K10 VXI,364881.24,8,2017,2017-12-03,Ma-MUM,Hatchback,Petrol,998,0,1,0,0,1,61955,Private,Minor scratches,,
VEH-10575,KAY22J06F611850138,KA29C3932,MARUTI,VITARA BREZZA,VXI,1000000.0,0,2025,2025-01-27,We-KOL,SUV,Petrol,1462,1,0,1,1,0,25440,Private,,,2026-07-01
VEH-10576,THS74Z30J043730724,TN69B1413,MARUTI,ERTIGA,1.5 VXI CNG,693274.35,9,2016,2016-12-17,We-HOW,MUV,CNG,1462,1,1,0,1,0,65075,Private,,Alloy wheels,2019-03-22
VEH-10577,JPB04X15Y006636539,GJ03D2697,HONDA,CITY,1.5 V MT,1406000.0,1,2024,2024-02-23,Ka-MYS,Sedan,Petrol,1498,0,0,0,0,1,123134,Private,Dent on door,,
VEH-10578,WFC13X49R508831888,DL36B8320,MARUTI,SWIFT,1.2 VXi BS IV,557293.75,3,2022,2022-12-24,Ta-COI,Hatchback,Petrol,1197,1,1,0,0,1,139851,Private,Dent on door,,
VEH-10579,AQD27K15C634234202,UP39C6337,HONDA,CITY,1.5 V MT,1145195.79,5,2020,2020-02-10,Ka-MYS,Sedan,Petrol,1498,0,1,0,1,0,128617,Private,Minor scratches,Body kit,
VEH-10580,CYB32W58T875327822,DL21A9808,TOYOTA KIRLOSKAR,INNOVA CRYSTA,2.8 GX AT 7 STR,1449573.64,9,2016,2016-07-06,Ka-BAN,MUV,Diesel,2755,1,1,0,1,1,42561,Private,,,2018-03-05
VEH-10581,ZBH59R50H196604577,UP64A1461,MARUTI,VITARA BREZZA,ZDI PLUS,1028850.0,3,2022,2022-12-17,Ka-MYS,SUV,Diesel,1248,0,1,0,1,1,61996,Private,Minor scratches,,
VEH-10582,KMY13L43T312312839,MH09B7107,TOYOTA KIRLOSKAR,INNOVA CRYSTA,2.4 ZX MT 7 STR,1702318.06,5,2020,2020-05-01,De-GUR,MUV,Diesel,2393,1,0,0,1,1,135879,Private,,Alloy wheels,2022-08-19
VEH-10583,RED51Y06P705631007,DL50B2155,HONDA,AMAZE,1.5 SMT i-DTEC,393797.55,15,2010,2010-03-10,We-KOL,Sedan,Diesel,1498,0,1,0,1,0,114242,Private,Minor scratches,Alloy wheels,
VEH-10584,TCK44F03A605789671,MH23C5968,MAHINDRA,SCORPIO,S11 2WD 7STR,1466111.25,4,2021,2021-04-01,De-NOI,SUV,Diesel,2184,1,0,0,1,0,126936,Private,,Body kit,
VEH-10585,NFP39A37E223816985,RJ02A1313,MARUTI,BALENO HATCHBACK,Zeta 1.2,812250.0,2,2023,2023-02-25,De-GUR,Hatchback,Petrol,1197,1,0,0,1,0,9390,Private,Minor scratches,Alloy wheels,
VEH-10586,HCR56B17W472623111,WB96A1680,HONDA,AMAZE,1.2 SMT i-VTEC,341372.49,14,2011,2011-05-23,We-HOW,Sedan,Petrol,1199,0,0,0,0,0,80085,Private,,,
VEH-10587,BXM03N86U178837722,GJ82B7883,MARUTI,ALTO 800,LXI,342950.0,3,2022,2022-10-27,We-KOL,Hatchback,Petrol,796,0,0,0,0,0,17072,Private,Dent on door,,
VEH-10588,FEN04A43G238548660,MH99C9952,MARUTI,ALTO 800,LXI,342950.0,3,2022,2022-08-03,Ta-MAD,Hatchback,Petrol,796,0,0,1,0,1,97114,Private,,Alloy wheels,
VEH-10589,DDP98J50B923497278,TN32A6164,MAHINDRA,SCORPIO,S9 2WD 7STR,741265.97,15,2010,2010-12-23,Ma-MUM,SUV,Diesel,2184,0,1,0,0,0,80000,Private,Dent on door,Body kit,
VEH-10590,ENI64T13G540836502,MH58C4332,MARUTI,SWIFT,VDI (DIESEL),455040.07,11,2014,2014-10-24,We-KOL,Hatchback,Diesel,1248,1,1,0,1,0,81729,Private,,Body kit,
VEH-10591,WSL85V98A148747431,KA83B3365,MARUTI,SWIFT,VXI,359339.46,13,2012,2012-07-25,We-KOL,Hatchback,Petrol,1197,0,1,0,1,1,143261,Private,,Body kit,
VEH-10592,MJD86H40V800503751,TN70A2924,HONDA,AMAZE,1.2 VXMT i-VTEC,684370.55,7,2018,2018-07-04,Ta-COI,Sedan,Petrol,1199,1,0,0,1,1,6971,Private,Dent on door,Body kit,
VEH-10593,ASZ02R33H380647849,MH32A1758,MARUTI,BALENO HATCHBACK,Zeta 1.2,486324.08,12,2013,2013-12-18,Ta-COI,Hatchback,Petrol,1197,1,0,0,1,1,55583,Private,Dent on door,Body kit,
VEH-10594,OWC35K08A944972563,RJ92B3271,HYUNDAI,CRETA,1.5 E DIESEL,858954.87,7,2018,2018-03-27,De-NOI,SUV,Diesel,1493,0,1,1,1,1,34020,Commercial,,,
VEH-10595,CFC45J26K122691935,RJ37C5426,HONDA,AMAZE,1.2 SMT i-VTEC,514564.32,6,2019,2019-08-11,Ka-MYS,Sedan,Petrol,1199,1,0,0,0,0,121381,Private,Minor scratches,Alloy wheels,
VEH-10596,QGN66W73S374949741,KA32C3173,MARUTI,SWIFT,1.2 VXi BS IV,453919.24,7,2018,2018-04-10,Ta-MAD,Hatchback,Petrol,1197,0,0,1,0,1,135229,Private,Minor scratches,Alloy wheels,2020-04-07
VEH-10597,NHV16P22T689239175,DL98A5570,HYUNDAI,VENUE,1.2 S PETROL,414523.73,14,2011,2011-05-24,Ma-PUN,SUV,Petrol,1197,0,0,0,0,0,20210,Private,Dent on door,Alloy wheels,
VEH-10598,GCE82K61J169208733,DL38C1826,MARUTI,SWIFT,1.2 VXi BS IV,316988.74,14,2011,2011-09-23,Ka-MYS,Hatchback,Petrol,1197,0,1,0,1,0,120653,Private,,,
VEH-10599,YTR01Q29X869829199,GJ09D6191,HONDA,AMAZE,1.5 SMT i-DTEC,624828.11,6,2019,2019-07-07,Ma-PUN,Sedan,Diesel,1498,1,0,0,1,1,32665,Private,,,
VEH-10600,ARN97I93K608096708,DL80C2993,HONDA,AMAZE,1.2 SMT i-VTEC,378252.06,12,2013,2013-04-09,Ta-COI,Sedan,Petrol,1199,0,0,0,0,1,68416,Private,,,
VEH-10601,NYT12E16I113527241,UP23B2562,MARUTI,ERTIGA,1.5 VXI CNG,564676.29,13,2012,2012-11-27,De-NOI,MUV,CNG,1462,1,1,0,1,0,1902,Private,Minor scratches,,
VEH-10602,UCN51Y44M813146820,UP47B7373,MARUTI,SWIFT,VDI (DIESEL),432288.07,12,2013,2013-10-20,Ka-BAN,Hatchback,Diesel,1248,0,1,0,1,0,91668,Private,,,
VEH-10603,YSM77Z67Z959226212,UP58B6103,MARUTI,DZIRE,VXI,478989.55,10,2015,2015-12-04,Ma-MUM,Sedan,Petrol,1197,1,1,1,1,0,141372,Private,,,
VEH-10604,VWS97T08J949006871,TN62D9009,MARUTI,SWIFT,1.2 VXi BS IV,316988.74,14,2011,2011-11-04,Ta-COI,Hatchback,Petrol,1197,1,0,0,1,0,142391,Private,Minor scratches,Body kit,2013-03-17
VEH-10605,DBV12G04W267180562,WB48C4023,MARUTI,SWIFT DZIRE,VDI,393797.55,15,2010,2010-04-18,Ma-NAG,Sedan,Diesel,1248,0,0,1,0,0,74311,Private,Minor scratches,Alloy wheels,
VEH-10606,TTI69O21C331293871,UP27B8431,MARUTI,BALENO HATCHBACK,Zeta 1.2,628503.57,7,2018,2018-08-07,De-NEW,Hatchback,Petrol,1197,0,1,0,1,0,12336,Private,,,2019-08-26
VEH-10607,CWV84B63B092024360,RJ80B7161,HYUNDAI,GRAND I10 NIOS,SPORTZ 1.2 KAPPA VTVT,700000.0,0,2025,2025-03-06,We-KOL,Hatchback,Petrol,1197,0,1,0,1,0,2638,Private,Minor scratches,,2026-03-18
VEH-10608,XFJ94Y74G062365589,MH38B2631,MAHINDRA,BOLERO,B6 (O),663420.43,8,2017,2017-09-25,Ka-MYS,SUV,Diesel,1498,0,1,0,1,1,141003,Private,Minor scratches,,2020-04-27
VEH-10609,EWK99H94X538036396,MH95A5593,MARUTI,SWIFT,VXI,441174.59,9,2016,2016-09-26,Ta-MAD,Hatchback,Petrol,1197,1,0,0,0,1,137320,Private,,,2018-11-23
VEH-10610,AUC83R82D135932771,TN98C9762,HONDA,CITY,1.5 V MT,1033539.2,7,2018,2018-11-27,De-NEW,Sedan,Petrol,1498,0,0,0,0,1,86527,Private,,Body kit,
VEH-10611,GEM73M14E155900923,DL17A8483,MARUTI,SWIFT,VDI (DIESEL),685900.0,3,2022,2022-01-15,Ka-BAN,Hatchback,Diesel,1248,1,0,0,0,1,145559,Private,,,
VEH-10612,FJI47E09N663649164,UP16A8487,MARUTI,BALENO HATCHBACK,Zeta 1.2,567224.47,9,2016,2016-12-09,Ma-NAG,Hatchback,Petrol,1197,0,0,0,0,1,13136,Private,Minor scratches,Body kit,
VEH-10613,CJA51V17I807541656,MH77D7597,MARUTI,BALENO HATCHBACK,Zeta 1.2,661582.7,6,2019,2019-06-06,Ma-NAG,Hatchback,Petrol,1197,1,1,1,1,0,56157,Private,,,
VEH-10614,BHU83A35T676580617,KA17B8615,MARUTI,ALTO 800,LXI,325802.5,4,2021,2021-08-14,Ta-CHE,Hatchback,Petrol,796,1,1,0,1,1,112911,Private,,Body kit,
VEH-10615,EMR68D62U250481817,UP03B1345,MARUTI,VITARA BREZZA,VXI,857375.0,3,2022,2022-06-06,De-NEW,SUV,Petrol,1462,0,0,0,0,1,78537,Private,Dent on door,,
VEH-10616,FME77R75C099669000,GJ66B8500,MARUTI,VITARA BREZZA,VDI,812469.98,5,2020,2020-10-07,Ma-PUN,SUV,Diesel,1248,0,0,0,1,1,19985,Private,Dent on door,,2021-11-17
VEH-10617,JEY18C09S611107688,DL26D2525,MARUTI,DZIRE,VXI,558669.84,7,2018,2018-04-25,Ma-NAG,Sedan,Petrol,1197,0,0,0,0,0,132475,Commercial,Dent on door,,
VEH-10618,LUI87Q59F952479150,KA25D6824,HYUNDAI,CRETA,1.5 E DIESEL,1001842.69,4,2021,2021-05-05,Ta-MAD,SUV,Diesel,1493,0,1,0,1,1,16201,Private,Minor scratches,,
VEH-10619,QIX95V98T726524938,DL83B7158,HONDA,AMAZE,1.2 VXMT i-VTEC,840227.5,3,2022,2022-03-26,De-NOI,Sedan,Petrol,1199,1,0,0,0,0,133302,Private,,Body kit,
VEH-10620,CQN62P20V662182354,DL63C4311,MARUTI,VITARA BREZZA,VDI,947625.0,2,2023,2023-07-28,Ma-NAG,SUV,Diesel,1248,0,1,0,0,1,29348,Private,,Alloy wheels,
VEH-10621,BGK70M75Q653673685,DL32D4199,MARUTI,SWIFT,VDI (DIESEL),722000.0,2,2023,2023-05-26,Ta-MAD,Hatchback,Diesel,1248,1,1,0,1,0,140963,Private,Dent on door,,
VEH-10622,OIZ22H80P759641788,GJ43D1734,MARUTI,WAGON R,1.0 LXI CNG,409662.12,9,2016,2016-04-26,De-GUR,Hatchback,CNG,998,1,0,1,1,1,148376,Private,,Alloy wheels,
VEH-10623,PNV46W69L819114782,RJ28D9958,TOYOTA KIRLOSKAR,INNOVA CRYSTA,2.4 ZX MT 7 STR,1386548.7,9,2016,2016-11-23,Ka-BAN,MUV,Diesel,2393,1,0,1,1,1,70592,Private,Minor scratches,,2019-01-21
VEH-10624,WDJ70S88R557779473,WB25C2385,MARUTI,DZIRE,VXI,722000.0,2,2023,2023-01-12,Ma-MUM,Sedan,Petrol,1197,0,1,1,0,0,117907,Private,,Body kit,2024-07-29
VEH-10625,MWF97F12P043909710,RJ13D5168,HYUNDAI,CRETA,1.4 E Plus,1058858.12,4,2021,2021-03-17,Ma-NAG,SUV,Diesel,1582,0,1,0,1,1,146428,Private,,,2023-05-15
VEH-10626,UWS51Q27I414583636,KA86A1880,MARUTI,ERTIGA,1.5 VXI CNG,658610.63,10,2015,2015-06-12,Ta-MAD,MUV,CNG,1462,1,0,0,1,0,19776,Private,Minor scratches,Alloy wheels,
VEH-10627,HES49S80O029112828,RJ51B6609,MARUTI,BALENO HATCHBACK,Delta 1.2,558669.84,7,2018,2018-04-27,Ka-BAN,Hatchback,Petrol,1197,1,0,1,1,0,23909,Private,Minor scratches,,
VEH-10628,WTE07Y11A000301574,GJ38C2151,MAHINDRA,SCORPIO,S9 2WD 7STR,1117339.67,7,2018,2018-04-22,Ta-MAD,SUV,Diesel,2184,0,1,0,1,0,143451,Private,Minor scratches,,2020-04-24
VEH-10629,TOA86V36A893712764,TN16B9207,TOYOTA KIRLOSKAR,INNOVA CRYSTA,2.8 Z 7 STR,1837729.73,6,2019,2019-08-15,Ka-BAN,MUV,Diesel,2755,0,0,1,1,1,123565,Private,Dent on door,Body kit,
VEH-10630,OGW89F22K162781242,MH64C2685,MARUTI,DZIRE,VXI,722000.0,2,2023,2023-03-15,Ma-PUN,Sedan,Petrol,1197,0,1,0,1,1,48169,Private,Minor scratches,Alloy wheels,
VEH-10631,TDZ76N25E835687152,UP11D6146,MARUTI,ALTO,K10 VXI,268221.24,14,2011,2011-07-09,De-NEW,Hatchback,Petrol,998,1,0,0,1,0,40033,Private,Dent on door,,
VEH-10632,BHQ39S45K493580137,GJ86D9315,MARUTI,DZIRE,VXI,410673.67,13,2012,2012-01-16,Ta-CHE,Sedan,Petrol,1197,1,0,1,1,1,132456,Private,Dent on door,Alloy wheels,
VEH-10633,CHO11X49U070988407,RJ33C1716,MARUTI,ALTO 800,LXI,380000.0,1,2024,2024-07-12,Ta-COI,Hatchback,Petrol,796,1,0,1,0,0,11705,Private,,,2027-03-11
VEH-10634,ZBU42R56T673624525,WB67A8481,MARUTI,SWIFT,VXI,631750.0,2,2023,2023-03-02,Ka-MYS,Hatchback,Petrol,1197,0,0,0,1,1,129469,Private,Dent on door,Body kit,
VEH-10635,DYC34Y14G205607425,KA23D7368,MARUTI,BALENO HATCHBACK,Delta 1.2,432288.07,12,2013,2013-11-02,Ma-MUM,Hatchback,Petrol,1197,1,1,1,0,0,13798,Private,,,
VEH-10636,FNS44C89T403966501,TN82B9556,HONDA,CITY,1.5 V MT,1145195.79,5,2020,2020-08-20,Ma-MUM,Sedan,Petrol,1498,1,1,0,0,1,112922,Private,Minor scratches,Body kit,
VEH-10637,HPW00N54L362516688,UP45A9433,MARUTI,ERTIGA,1.5 VXI CNG,992750.0,2,2023,2023-12-26,Ma-NAG,MUV,CNG,1462,1,0,0,1,1,113246,Private,Minor scratches,Alloy wheels,
VEH-10638,BGM15T46N993063980,DL17B7209,HYUNDAI,VENUE,1.2 S PETROL,508926.4,10,2015,2015-04-10,Ma-MUM,SUV,Petrol,1197,1,0,0,1,0,95818,Private,,,2016-08-24
VEH-10639,SKM25D59W662219637,KA95B4718,MARUTI,SWIFT,VDI (DIESEL),619024.75,5,2020,2020-12-20,Ma-NAG,Hatchback,Diesel,1248,1,1,1,1,1,11518,Private,Minor scratches,,2023-04-17
VEH-10640,SBD91V24H172287932,KA62B3063,MARUTI,SWIFT,1.2 VXi BS IV,351234.06,12,2013,2013-01-27,De-NEW,Hatchback,Petrol,1197,1,1,0,0,1,124673,Private,Minor scratches,,
VEH-10641,EIK34P27P814670355,RJ63C3309,MARUTI,SWIFT,1.2 VXi BS IV,453919.24,7,2018,2018-01-28,We-KOL,Hatchback,Petrol,1197,0,0,0,0,1,130040,Private,,Body kit,2019-04-18
VEH-10642,TWW69Z25L830008165,DL44B8233,HONDA,CITY,1.5 V MT,932769.13,9,2016,2016-03-12,We-HOW,Sedan,Petrol,1498,1,1,0,1,1,39277,Private,Dent on door,Body kit,
VEH-10643,LUX77F66Z142377670,MH54A8953,MARUTI,ERTIGA,1.5 VXI CNG,992750.0,2,2023,2023-12-22,We-HOW,MUV,CNG,1462,0,1,0,0,1,88397,Private,,Body kit,
VEH-10644,SKK18G76P492050460,WB56C3410,MARUTI,SWIFT,VXI,378252.06,12,2013,2013-01-19,We-HOW,Hatchback,Petrol,1197,0,0,1,0,0,110545,Private,Minor scratches,Alloy wheels,
VEH-10645,RVU34F00Q766251554,TN87C3167,MARUTI,DZIRE,VXI,619024.75,5,2020,2020-06-04,We-KOL,Sedan,Petrol,1197,1,1,1,0,0,50021,Private,,Alloy wheels,
VEH-10646,TGS12D97R627325342,MH34D2324,MARUTI,VITARA BREZZA,VDI,855231.56,4,2021,2021-02-15,Ka-MYS,SUV,Diesel,1248,0,1,0,1,1,56025,Private,Minor scratches,,2022-08-19
VEH-10647,WNZ99R92B263698795,WB76A5793,MARUTI,BALENO HATCHBACK,Delta 1.2,478989.55,10,2015,2015-12-02,We-KOL,Hatchback,Petrol,1197,1,1,0,1,0,109397,Private,,Alloy wheels,
VEH-10648,SIQ80S71K957233010,GJ06B2194,MARUTI,BALENO HATCHBACK,Zeta 1.2,511920.08,11,2014,2014-08-27,Ka-MYS,Hatchback,Petrol,1197,1,0,0,0,1,22346,Private,Minor scratches,Alloy wheels,
VEH-10649,ELJ62L08E693928913,GJ92B3036,MARUTI,ERTIGA,1.5 VXI CNG,536442.48,14,2011,2011-12-15,We-KOL,MUV,CNG,1462,1,1,0,1,1,125927,Private,Dent on door,Alloy wheels,2013-02-03
VEH-10650,DQW86A67H929946295,RJ63B7336,MARUTI,ALTO 800,LXI,195069.99,14,2011,2011-11-28,Ta-CHE,Hatchback,Petrol,796,0,0,1,0,1,67196,Private,,Alloy wheels,2014-03-09
VEH-10651,ZZH78G37O425575401,UP48C7953,MARUTI,SWIFT,1.2 VXi BS IV,650000.0,0,2025,2025-09-13,Ma-MUM,Hatchback,Petrol,1197,0,1,0,1,0,65797,Private,Minor scratches,,
VEH-10652,MSV90E11C794864236,WB10A3491,MARUTI,SWIFT,VXI,665000.0,1,2024,2024-06-10,Ma-MUM,Hatchback,Petrol,1197,0,0,0,1,1,34010,Private,Minor scratches,Alloy wheels,2026-10-10
VEH-10653,KCQ69O78Q276158398,RJ76C2166,MARUTI,WAGON R,1.0 LXI CNG,301139.3,15,2010,2010-10-28,We-KOL,Hatchback,CNG,998,0,0,0,1,0,3087,Private,Minor scratches,,
VEH-10654,PJD81E28I639231546,MH87B4477,MARUTI,BALENO HATCHBACK,Zeta 1.2,661582.7,6,2019,2019-02-24,We-HOW,Hatchback,Petrol,1197,0,1,1,1,0,129455,Private,,Alloy wheels,
VEH-10655,PVG63M06V862737275,KA25D5755,MARUTI,ALTO 800,LXI,380000.0,1,2024,2024-09-16,We-HOW,Hatchback,Petrol,796,1,1,0,1,1,134921,Private,,,
VEH-10656,MUT28R47H756630110,WB72B5053,MARUTI,WAGON R,1.0 LXI CNG,586625.0,2,2023,2023-08-26,Ma-MUM,Hatchback,CNG,998,0,0,0,1,0,52174,Private,,,
VEH-10657,WXF17C31U426893442,RJ86B6708,MARUTI,VITARA BREZZA,VXI,463291.23,15,2010,2010-01-26,Ma-NAG,SUV,Petrol,1462,0,1,1,1,0,26044,Private,Dent on door,Alloy wheels,
VEH-10658,DWZ79E62W508948256,KA06B4915,HYUNDAI,GRAND I10 NIOS,SPORTZ 1.2 KAPPA VTVT,600162.5,3,2022,2022-10-04,We-HOW,Hatchback,Petrol,1197,0,1,0,0,0,87747,Private,,,
VEH-10659,KRE59E79M160467555,RJ20A2399,HYUNDAI,CRETA,1.4 E Plus,819324.23,9,2016,2016-02-20,Ma-PUN,SUV,Diesel,1582,1,1,0,0,0,61595,Private,Dent on door,Alloy wheels,
VEH-10660,FIA85P68F470592130,DL91C8923,MARUTI,DZIRE,VXI,722000.0,2,2023,2023-09-10,Ta-CHE,Sedan,Petrol,1197,1,1,1,1,0,71183,Private,,,
VEH-10661,ZMB21Y68P784335936,RJ56B5463,MARUTI,ALTO 800,LXI,265368.17,8,2017,2017-12-26,Ta-COI,Hatchback,Petrol,796,0,0,0,0,0,115367,Private,,,2020-01-12
VEH-10662,MQK10N98N733188394,UP33B8466,MARUTI,ALTO 800,LXI,361000.0,2,2023,2023-03-20,Ma-MUM,Hatchback,Petrol,796,1,0,1,0,0,6346,Private,Dent on door,,
VEH-10663,SQG63S83N854395665,UP03C4624,MARUTI,SWIFT,1.2 VXi BS IV,409662.12,9,2016,2016-08-03,Ka-MYS,Hatchback,Petrol,1197,1,0,0,1,1,18514,Private,Minor scratches,,2019-03-12
VEH-10664,VMA08E92D807656777,KA19D1701,HONDA,AMAZE,VX PETROL,884450.0,2,2023,2023-05-08,Ma-MUM,Sedan,Petrol,1199,1,0,0,1,1,10749,Private,,Alloy wheels,
VEH-10665,VJQ86E49A366075543,WB79B1149,MARUTI,SWIFT,1.2 VXi BS IV,586625.0,2,2023,2023-11-13,We-KOL,Hatchback,Petrol,1197,0,1,0,1,0,101102,Commercial,,,
VEH-10666,BXC20U82C229352775,DL93C2961,MARUTI,ALTO,K10 VXI,496375.0,2,2023,2023-06-09,Ka-MYS,Hatchback,Petrol,998,1,0,0,0,1,45890,Private,,,
VEH-10667,MLN91R81Y122011127,GJ01B5502,MARUTI,BALENO HATCHBACK,Zeta 1.2,628503.57,7,2018,2018-01-07,Ka-MYS,Hatchback,Petrol,1197,0,1,0,1,1,89474,Private,,Alloy wheels,
VEH-10668,QYN39V24O409148116,WB89C7372,MARUTI,SWIFT,1.2 VXi BS IV,650000.0,0,2025,2025-09-10,We-HOW,Hatchback,Petrol,1197,0,0,1,1,1,97181,Private,,,
VEH-10669,CUU58N33F711006254,DL17A6426,HYUNDAI,GRAND I10 NIOS,SPORTZ 1.2 KAPPA VTVT,324303.86,15,2010,2010-01-24,Ma-PUN,Hatchback,Petrol,1197,1,0,0,1,1,109197,Private,,,
VEH-10670,UZM93N62Z721721580,RJ27A5069,MARUTI,BALENO HATCHBACK,Zeta 1.2,661582.7,6,2019,2019-07-01,We-HOW,Hatchback,Petrol,1197,0,1,0,1,1,38167,Private,Minor scratches,Alloy wheels,
VEH-10671,JDJ14P82G156399343,GJ10B3915,MARUTI,SWIFT DZIRE,VDI,483480.08,11,2014,2014-09-11,Ma-MUM,Sedan,Diesel,1248,1,1,0,1,1,20315,Private,,Alloy wheels,2016-06-27
VEH-10672,XMX76Y39O516975170,MH21D2800,MARUTI,ERTIGA,1.5 VXI CNG,594396.1,12,2013,2013-05-23,Ta-MAD,MUV,CNG,1462,1,1,1,0,1,102803,Private,Minor scratches,Body kit,
VEH-10673,DAE12L59N031627638,KA23A4877,MARUTI,SWIFT,VXI,570154.37,4,2021,2021-07-21,Ka-MYS,Hatchback,Petrol,1197,1,1,1,1,1,125354,Private,Dent on door,,
VEH-10674,FJO37O90B684919215,MH36C9759,HYUNDAI,CRETA,1.4 E Plus,1173250.0,2,2023,2023-02-09,De-NOI,SUV,Diesel,1582,0,1,0,1,1,129093,Private,,,
VEH-10675,PKV78A25H164604994,TN01B4396,MARUTI,SWIFT,VDI (DIESEL),390139.98,14,2011,2011-02-28,Ma-NAG,Hatchback,Diesel,1248,1,0,0,1,1,129530,Private,,Body kit,
VEH-10676,OZF65M65Z039465228,MH39B1941,MARUTI,SWIFT,VDI (DIESEL),800000.0,0,2025,2025-09-07,Ta-MAD,Hatchback,Diesel,1248,0,1,0,1,0,114192,Private,Dent on door,,
VEH-10677,ZGQ69W88Z909422441,GJ33B1964,MARUTI,SWIFT,VDI (DIESEL),685900.0,3,2022,2022-05-02,De-GUR,Hatchback,Diesel,1248,1,0,0,1,0,58866,Private,,,
VEH-10678,NXL04K34T349197598,KA75D4140,HYUNDAI,GRAND I10,SPORTZ 1.2 KAPPA VTVT,345830.46,12,2013,2013-05-22,Ma-PUN,Hatchback,Petrol,1197,1,0,0,1,1,79765,Private,Dent on door,,
VEH-10679,SLG35E75Y049162537,MH06D3390,MARUTI,VITARA BREZZA,VDI,900243.75,3,2022,2022-11-07,Ma-PUN,SUV,Diesel,1248,0,1,0,1,0,73489,Private,,Alloy wheels,2024-11-21
VEH-10680,FBE65Q89K003287608,KA59C5718,MARUTI,ALTO,K10 VXI,425579.52,5,2020,2020-10-24,Ma-PUN,Hatchback,Petrol,998,0,1,0,1,0,55202,Private,,Body kit,
VEH-10681,SDF67X06V534169282,TN79C9834,HYUNDAI,VENUE,1.2 S PETROL,508926.4,10,2015,2015-05-27,Ta-COI,SUV,Petrol,1197,1,0,1,1,0,32927,Private,Dent on door,Alloy wheels,
VEH-10682,QJK16G29V550763906,RJ15A8021,MARUTI,SWIFT DZIRE,VDI,563907.37,8,2017,2017-06-15,Ta-MAD,Sedan,Diesel,1248,0,0,0,1,0,120012,Private,,Body kit,
VEH-10683,VWX77W59B556499593,UP79A6980,HONDA,AMAZE,1.2 SMT i-VTEC,541646.66,5,2020,2020-06-21,Ka-BAN,Sedan,Petrol,1199,1,0,0,1,0,37791,Private,Minor scratches,,
VEH-10684,LFU50E86Z134736872,GJ55C3687,MARUTI,BALENO HATCHBACK,Zeta 1.2,771637.5,3,2022,2022-06-16,Ma-PUN,Hatchback,Petrol,1197,0,1,0,1,0,33817,Private,Dent on door,Body kit,2024-05-13
VEH-10685,ZKJ66B82B148240765,MH02B8661,MARUTI,SWIFT,VXI,419115.86,10,2015,2015-10-24,Ka-BAN,Hatchback,Petrol,1197,1,1,0,0,1,99278,Private,,,2018-07-01
VEH-10686,IHN86W41Q884302176,GJ80A3674,MARUTI,DZIRE,VXI,390139.98,14,2011,2011-11-07,We-HOW,Sedan,Petrol,1197,1,0,0,1,1,115707,Private,Minor scratches,Body kit,
VEH-10687,XRG91H49N431668564,MH39D9877,HONDA,AMAZE,1.5 SMT i-DTEC,807500.0,1,2024,2024-08-28,Ma-MUM,Sedan,Diesel,1498,0,1,0,1,0,2589,Private,,,2025-09-10
VEH-10688,HCY59H47W901919334,KA40A7866,MARUTI,BALENO HATCHBACK,Delta 1.2,558669.84,7,2018,2018-03-15,De-NEW,Hatchback,Petrol,1197,1,0,0,1,1,75562,Private,Minor scratches,Alloy wheels,
VEH-10689,OWH03B61N704347173,KA75D2459,MARUTI,SWIFT DZIRE,VDI,657713.8,5,2020,2020-10-01,De-GUR,Sedan,Diesel,1248,0,1,0,1,0,145697,Private,Minor scratches,Alloy wheels,
VEH-10690,VWT66B08W360252844,KA76C4337,MARUTI,VITARA BREZZA,VXI,568800.09,11,2014,2014-12-05,Ma-NAG,SUV,Petrol,1462,1,0,0,1,1,139429,Private,,,
VEH-10691,LOR38S30U873402352,TN13D1327,HYUNDAI,CRETA,1.4 E Plus,778358.02,10,2015,2015-11-25,We-HOW,SUV,Diesel,1582,0,0,0,1,0,70805,Private,,Body kit,
VEH-10692,MFK71T82B242031535,KA45B8067,HONDA,AMAZE,1.2 VXMT i-VTEC,477921.48,14,2011,2011-08-25,We-KOL,Sedan,Petrol,1199,1,1,0,1,0,121646,Private,,Alloy wheels,
VEH-10693,MIY94C51F283259827,UP31B7392,HONDA,AMAZE,VX PETROL,477921.48,14,2011,2011-07-03,Ta-COI,Sedan,Petrol,1199,1,0,0,1,0,95656,Private,Dent on door,,
VEH-10694,OFX19V24M165741458,DL40C6435,MARUTI,DZIRE,VXI,619024.75,5,2020,2020-01-27,Ma-PUN,Sedan,Petrol,1197,1,0,1,1,0,87889,Private,,,2022-06-04
VEH-10695,GBE81V82Q617434936,MH73A6767,HYUNDAI,CRETA,1.4 E Plus,667344.71,13,2012,2012-10-21,Ta-COI,SUV,Diesel,1582,1,0,1,0,0,116604,Private,,Alloy wheels,
VEH-10696,QLX35I18N349240040,GJ17D4132,MARUTI,WAGON R,1.0 LXI CNG,586625.0,2,2023,2023-06-14,Ma-NAG,Hatchback,CNG,998,0,0,0,1,0,144198,Private,Dent on door,,
VEH-10697,YEN41G73K229699959,TN34A8589,MARUTI,ALTO 800,LXI,400000.0,0,2025,2025-06-24,Ka-BAN,Hatchback,Petrol,796,1,1,0,0,1,24163,Private,Dent on door,,
VEH-10698,OCW10Q59O995147936,RJ96B8766,MARUTI,ALTO 800,LXI,227520.04,11,2014,2014-04-12,Ka-BAN,Hatchback,Petrol,796,0,0,1,0,1,120278,Private,Minor scratches,Body kit,
VEH-10699,PFA92G66C587565037,UP96C2610,MARUTI,SWIFT,1.2 VXi BS IV,369720.06,11,2014,2014-12-16,Ka-BAN,Hatchback,Petrol,1197,0,0,0,1,1,100651,Private,Minor scratches,,
VEH-10700,KOH97F05X817946292,KA43C1969,HONDA,AMAZE,1.2 SMT i-VTEC,359339.46,13,2012,2012-10-26,De-NEW,Sedan,Petrol,1199,1,0,0,1,1,42786,Private,,Alloy wheels,2014-07-22
VEH-10701,ZBZ83W84M161580710,GJ81D2505,MARUTI,SWIFT,VDI (DIESEL),588073.51,6,2019,2019-07-15,Ka-MYS,Hatchback,Diesel,1248,1,0,0,1,1,11616,Private,,Body kit,
VEH-10702,QJI24H89I893461436,RJ77D1737,MARUTI,DZIRE,VXI,504199.53,9,2016,2016-08-07,Ka-BAN,Sedan,Petrol,1197,0,1,1,1,0,123136,Private,Minor scratches,Body kit,
VEH-10703,FWJ29U80L880833309,DL79C5025,HYUNDAI,GRAND I10,SPORTZ 1.2 KAPPA VTVT,640000.0,0,2025,2025-03-24,Ta-CHE,Hatchback,Petrol,1197,0,1,0,1,0,57274,Private,,,2027-06-17
VEH-10704,EQG46M67I365349328,TN68C5906,HYUNDAI,CRETA,1.4 E Plus,819324.23,9,2016,2016-05-25,We-KOL,SUV,Diesel,1582,1,0,1,1,0,50152,Private,Minor scratches,,
VEH-10705,BNF29A08O704222911,MH92C2421,TOYOTA KIRLOSKAR,INNOVA CRYSTA,2.4 V 8S,1194480.19,11,2014,2014-07-03,Ta-COI,MUV,Diesel,2393,1,1,0,0,1,63911,Private,,,
VEH-10706,GLB51Q55T215839314,TN21A1703,HYUNDAI,CRETA,1.4 E Plus,1005915.22,5,2020,2020-02-21,Ma-MUM,SUV,Diesel,1582,0,1,0,1,0,56297,Private,Minor scratches,Alloy wheels,
VEH-10707,MWY47B52C658760820,DL32A5610,MARUTI,WAGON R,1.0 LXI CNG,409662.12,9,2016,2016-12-08,De-NOI,Hatchback,CNG,998,1,0,0,1,0,96200,Private,Dent on door,,
VEH-10708,CVT33Z96O744483938,WB01B6126,MARUTI,SWIFT,1.2 VXi BS IV,333672.35,13,2012,2012-05-05,Ta-MAD,Hatchback,Petrol,1197,1,1,0,1,1,35449,Private,,Body kit,
VEH-10709,REU22J99L953072879,KA18D2254,MARUTI,BALENO HATCHBACK,Delta 1.2,390139.98,14,2011,2011-08-06,Ta-COI,Hatchback,Petrol,1197,1,1,0,1,1,28272,Private,,,
VEH-10710,MBJ97P06B766249432,WB54C2041,MARUTI,SWIFT DZIRE,VDI,459306.07,12,2013,2013-05-01,Ma-PUN,Sedan,Diesel,1248,0,1,0,1,0,13554,Private,,Alloy wheels,
VEH-10711,XER48V39Q795479635,RJ86A6336,MARUTI,DZIRE,VXI,455040.07,11,2014,2014-09-11,We-KOL,Sedan,Petrol,1197,0,0,0,1,1,73088,Private,,,2016-11-10
VEH-10712,DVK87N66A949820536,RJ06D6578,HONDA,AMAZE,1.2 SMT i-VTEC,665000.0,1,2024,2024-12-23,Ma-NAG,Sedan,Petrol,1199,0,1,1,1,0,17384,Private,Minor scratches,,2027-08-14
VEH-10713,GBL33Z87B573641322,TN37B6463,MARUTI,SWIFT,1.2 VXi BS IV,333672.35,13,2012,2012-04-25,Ma-MUM,Hatchback,Petrol,1197,0,0,0,1,1,39906,Private,Minor scratches,Alloy wheels,2014-06-08
VEH-10714,MLA77J11H705014547,DL66D2432,HONDA,AMAZE,1.2 VXMT i-VTEC,884450.0,2,2023,2023-05-11,Ka-MYS,Sedan,Petrol,1199,0,0,1,1,0,4793,Private,,Body kit,
VEH-10715,CKE40V11X801712501,MH18C3773,MARUTI,DZIRE,VXI,390139.98,14,2011,2011-12-27,Ka-MYS,Sedan,Petrol,1197,0,1,0,0,0,98647,Commercial,,,
VEH-10716,JGC27K57M043176294,RJ06C1137,MARUTI,SWIFT,VXI,631750.0,2,2023,2023-04-03,We-HOW,Hatchback,Petrol,1197,1,0,0,1,0,92394,Private,Minor scratches,Body kit,2024-06-14
VEH-10717,FGZ40M20O692628123,RJ16A9067,HYUNDAI,GRAND I10 NIOS,SPORTZ 1.2 KAPPA VTVT,700000.0,0,2025,2025-01-27,Ta-COI,Hatchback,Petrol,1197,0,1,0,1,0,137274,Private,Minor scratches,Alloy wheels,
VEH-10718,RTT46E19E988769707,KA07C3920,MARUTI,SWIFT,VXI,665000.0,1,2024,2024-01-24,Ka-BAN,Hatchback,Petrol,1197,1,0,1,0,0,105592,Private,Minor scratches,,
VEH-10719,LXU67C25G625875584,WB16C3013,MARUTI,BALENO HATCHBACK,Delta 1.2,588073.51,6,2019,2019-10-06,Ma-PUN,Hatchback,Petrol,1197,1,1,0,1,1,39519,Private,,,2021-08-16
VEH-10720,NAN94L16U975683996,RJ18C8275,HONDA,AMAZE,1.5 SMT i-DTEC,535712.0,9,2016,2016-04-17,We-HOW,Sedan,Diesel,1498,1,0,0,1,0,106508,Private,Dent on door,Body kit,
VEH-10721,OGS61W70C611685337,WB56A9626,MARUTI,BALENO HATCHBACK,Zeta 1.2,462007.87,13,2012,2012-06-10,Ma-MUM,Hatchback,Petrol,1197,0,1,0,1,0,114172,Private,,,
VEH-10722,OFN11V86O947977128,RJ84B4046,HONDA,AMAZE,1.2 VXMT i-VTEC,980000.0,0,2025,2025-01-20,We-HOW,Sedan,Petrol,1199,0,1,0,1,1,132195,Commercial,Dent on door,,
VEH-10723,TPS72X56J077478499,RJ93C6714,HONDA,CITY,1.5 V MT,1033539.2,7,2018,2018-08-17,Ka-BAN,Sedan,Petrol,1498,0,1,0,1,0,142005,Private,,,
VEH-10724,SXO32C34N781054256,UP67D8405,HONDA,CITY,1.5 V MT,932769.13,9,2016,2016-09-16,De-NEW,Sedan,Petrol,1498,1,0,0,1,0,81649,Private,Dent on door,Alloy wheels,
VEH-10725,ZUA21M53F126025191,DL51B6080,MARUTI,SWIFT,VXI,700000.0,0,2025,2025-10-23,Ka-MYS,Hatchback,Petrol,1197,1,1,0,1,0,56678,Private,Dent on door,,
VEH-10726,EHI06V91A815394886,MH46B2968,HONDA,AMAZE,1.2 VXMT i-VTEC,840227.5,3,2022,2022-07-07,Ta-MAD,Sedan,Petrol,1199,1,1,0,1,0,142864,Private,,,
VEH-10727,AAH38Z09Q911020827,MH11B9428,MARUTI,SWIFT,VXI,631750.0,2,2023,2023-11-12,Ma-PUN,Hatchback,Petrol,1197,1,1,0,0,0,139492,Private,Minor scratches,,
VEH-10728,ANW93T02C738040073,GJ46B7441,MARUTI,WAGON R,1.0 LXI CNG,617500.0,1,2024,2024-11-11,Ma-MUM,Hatchback,CNG,998,0,1,0,0,1,85497,Private,,Body kit,
VEH-10729,QWG35V92H696973023,RJ40C9903,TOYOTA KIRLOSKAR,INNOVA CRYSTA,2.4 V 8S,1134756.18,12,2013,2013-01-18,We-HOW,MUV,Diesel,2393,0,1,0,1,1,15315,Private,,Body kit,
VEH-10730,GUZ04G77O993775906,WB84B1627,HONDA,AMAZE,1.2 VXMT i-VTEC,758305.32,5,2020,2020-01-09,Ma-PUN,Sedan,Petrol,1199,0,0,0,1,0,67754,Private,Minor scratches,,
VEH-10731,HCD40J90S751505712,KA62B3816,MARUTI,ALTO 800,LXI,216144.04,12,2013,2013-10-26,Ta-COI,Hatchback,Petrol,796,1,0,0,0,1,139766,Private,,,
VEH-10732,ZDW59I24P828064413,DL98B3731,HYUNDAI,VENUE,1.2 S PETROL,393797.55,15,2010,2010-02-14,Ka-BAN,SUV,Petrol,1197,0,1,0,0,1,99171,Private,,Alloy wheels,2012-08-02
VEH-10733,PFZ85Z93P035737053,KA86A1752,MARUTI,DZIRE,VXI,478989.55,10,2015,2015-10-27,We-HOW,Sedan,Petrol,1197,1,1,0,1,0,119318,Private,,Alloy wheels,
VEH-10734,MKK93A74E007092475,TN07A2661,TOYOTA KIRLOSKAR,INNOVA CRYSTA,2.8 ZX AT 7 STR,1815676.97,7,2018,2018-08-19,Ta-COI,MUV,Diesel,2755,0,0,0,1,0,118665,Private,,Alloy wheels,2021-01-28
VEH-10735,PMG99C97J543273781,MH56B2243,HONDA,AMAZE,1.5 SMT i-DTEC,414523.73,14,2011,2011-05-06,Ma-MUM,Sedan,Diesel,1498,1,0,0,1,0,56313,Private,,,
VEH-10736,FYE40D58I133141186,GJ86A4131,MARUTI,DZIRE,VXI,800000.0,0,2025,2025-01-12,We-KOL,Sedan,Petrol,1197,0,1,0,1,1,105262,Private,,,
VEH-10737,VHV44N28R530450611,KA24A4493,TOYOTA KIRLOSKAR,INNOVA CRYSTA,2.8 ZX AT 7 STR,1815676.97,7,2018,2018-03-05,Ma-MUM,MUV,Diesel,2755,0,1,1,1,1,113653,Private,,,
VEH-10738,VQY60N55Z107230019,WB63D1005,TOYOTA KIRLOSKAR,INNOVA CRYSTA,2.8 GX AT 7 STR,1377094.96,10,2015,2015-11-14,Ta-MAD,MUV,Diesel,2755,1,0,1,0,0,23409,Private,Dent on door,Body kit,
VEH-10739,VGL42V03Y360184671,GJ45A1123,MARUTI,BALENO HATCHBACK,Zeta 1.2,567224.47,9,2016,2016-07-25,Ma-PUN,Hatchback,Petrol,1197,0,0,0,1,0,80114,Private,Minor scratches,,
VEH-10740,JGU89H21M868468187,KA49D9291,HONDA,AMAZE,1.2 SMT i-VTEC,419115.86,10,2015,2015-11-06,Ka-MYS,Sedan,Petrol,1199,1,1,0,0,0,79182,Private,Minor scratches,Body kit,
VEH-10741,WOP64M70H980842874,DL46B4513,MARUTI,DZIRE,VXI,800000.0,0,2025,2025-12-19,Ta-CHE,Sedan,Petrol,1197,0,0,0,1,0,121520,Private,Dent on door,,
VEH-10742,BXV34N94Z778840893,MH82C6963,HONDA,AMAZE,1.2 VXMT i-VTEC,798216.12,4,2021,2021-12-21,De-NEW,Sedan,Petrol,1199,1,1,0,1,0,140098,Private,,Alloy wheels,
VEH-10743,WYL02G70Z195955809,DL11D7501,HONDA,AMAZE,1.5 SMT i-DTEC,657713.8,5,2020,2020-01-13,Ta-CHE,Sedan,Diesel,1498,0,0,0,1,1,74115,Private,Dent on door,Body kit,
VEH-10744,OUG91S09Z713961970,KA28D5242,MARUTI,ALTO 800,LXI,279334.92,7,2018,2018-07-16,Ka-BAN,Hatchback,Petrol,796,0,0,1,1,1,99946,Private,Minor scratches,,
VEH-10745,IHT22D26S250799095,GJ17B8374,TOYOTA KIRLOSKAR,INNOVA CRYSTA,2.4 ZX MT 7 STR,1251360.2,11,2014,2014-04-03,Ma-NAG,MUV,Diesel,2393,0,1,0,1,0,120340,Private,,Body kit,
VEH-10746,KWC08J58D710007005,TN09A1162,MARUTI,VITARA BREZZA,VXI,950000.0,1,2024,2024-08-24,Ma-MUM,SUV,Petrol,1462,0,1,0,1,0,80994,Private,,,2026-09-30
VEH-10747,IUD88J53N668032265,UP46A2702,MARUTI,WAGON R,1.0 VXI,514425.0,3,2022,2022-12-05,Ma-PUN,Hatchback,Petrol,998,1,1,0,0,0,95623,Private,,Body kit,
VEH-10748,XKF94U03L159012362,DL05D2030,MARUTI,VITARA BREZZA,VDI,597240.1,11,2014,2014-10-21,We-HOW,SUV,Diesel,1248,0,1,0,1,0,120468,Private,,,
VEH-10749,LHW59M74K659194939,MH55D1644,MARUTI,DZIRE,VXI,722000.0,2,2023,2023-08-13,De-NEW,Sedan,Petrol,1197,0,1,1,0,1,129414,Commercial,,,
VEH-10750,TEJ01N74P271914466,WB77B6538,HYUNDAI,CRETA,1.4 E Plus,739440.12,11,2014,2014-12-22,Ma-MUM,SUV,Diesel,1582,0,1,0,1,0,65561,Private,Dent on door,Body kit,
VEH-10751,XVT84Y98P495420743,MH11A7883,MARUTI,WAGON R,1.0 VXI,277974.74,15,2010,2010-11-05,Ta-MAD,Hatchback,Petrol,998,1,1,0,0,1,94160,Private,Dent on door,Body kit,
VEH-10752,HMG23C12Q018078242,GJ63D4310,MARUTI,BALENO HATCHBACK,Delta 1.2,722000.0,2,2023,2023-03-10,Ma-PUN,Hatchback,Petrol,1197,0,0,0,1,1,59947,Private,Minor scratches,Body kit,
VEH-10753,KHD93G70E544169055,KA07C2925,MARUTI,SWIFT DZIRE,VDI,459306.07,12,2013,2013-10-15,De-GUR,Sedan,Diesel,1248,1,1,0,1,1,41623,Private,,Alloy wheels,
VEH-10754,WON77W48I984825026,DL07D9445,MARUTI,DZIRE,VXI,588073.51,6,2019,2019-06-01,De-NEW,Sedan,Petrol,1197,0,0,0,1,0,139095,Private,Dent on door,,
VEH-10755,ITD64Y17U402579828,UP34B7864,MARUTI,DZIRE,VXI,588073.51,6,2019,2019-09-02,Ma-PUN,Sedan,Petrol,1197,1,0,0,0,1,15610,Private,Dent on door,,
VEH-10756,MMI17Y89C060538840,WB12C8102,MARUTI,SWIFT,VXI,700000.0,0,2025,2025-10-20,We-KOL,Hatchback,Petrol,1197,1,0,0,1,1,37201,Private,,,
VEH-10757,ARB75D42S739509787,WB34B3761,HYUNDAI,GRAND I10 NIOS,SPORTZ 1.2 KAPPA VTVT,324303.86,15,2010,2010-08-21,Ka-MYS,Hatchback,Petrol,1197,1,1,0,1,0,54973,Private,Minor scratches,,2012-04-23
VEH-10758,ZDW76T88K389897424,GJ10A4479,MARUTI,WAGON R,1.0 VXI,419002.38,7,2018,2018-07-06,De-NEW,Hatchback,Petrol,998,0,0,0,0,0,143167,Private,Minor scratches,,2019-12-27
VEH-10759,ZFD80D90C227438882,UP80D7991,MARUTI,SWIFT,1.2 VXi BS IV,557293.75,3,2022,2022-02-18,Ka-MYS,Hatchback,Petrol,1197,0,0,1,0,0,149251,Private,,Body kit,
VEH-10760,YRK10S89A272749889,RJ66D7293,MARUTI,SWIFT,VXI,541646.66,5,2020,2020-10-22,Ma-PUN,Hatchback,Petrol,1197,0,0,0,0,0,77969,Commercial,Dent on door,,2023-04-06
VEH-10761,QTA61G01G844710289,UP95B8107,MARUTI,VITARA BREZZA,VXI,663420.43,8,2017,2017-08-01,De-GUR,SUV,Petrol,1462,0,0,1,1,1,148890,Private,Minor scratches,,2020-04-22
VEH-10762,IVA86B85S232658381,TN32B9538,TOYOTA KIRLOSKAR,INNOVA CRYSTA,2.8 Z 7 STR,2500000.0,0,2025,2025-07-13,Ka-BAN,MUV,Diesel,2755,1,1,0,1,1,42714,Private,Minor scratches,,
VEH-10763,SVA89N78Y217215490,TN85B3244,HONDA,AMAZE,VX PETROL,586762.2,10,2015,2015-05-27,Ka-BAN,Sedan,Petrol,1199,1,0,0,1,1,76341,Private,Minor scratches,,
VEH-10764,AUI98K89R467868816,GJ24C4198,MARUTI,BALENO HATCHBACK,Delta 1.2,760000.0,1,2024,2024-07-18,Ta-COI,Hatchback,Petrol,1197,0,0,0,1,1,7710,Private,,,
VEH-10765,ONC76J88V986710202,WB50A8667,MARUTI,VITARA BREZZA,VDI,539009.19,13,2012,2012-12-04,De-GUR,SUV,Diesel,1248,1,1,0,0,1,106650,Private,,,
VEH-10766,ATY33G55R984211823,DL23B4013,HYUNDAI,GRAND I10,SPORTZ 1.2 KAPPA VTVT,424589.08,8,2017,2017-01-21,Ta-CHE,Hatchback,Petrol,1197,1,0,0,1,1,144185,Private,,Alloy wheels,
VEH-10767,RPN21G20C302767097,UP69A6241,MAHINDRA,SCORPIO,S11 2WD 7STR,833924.21,15,2010,2010-03-06,Ka-MYS,SUV,Diesel,2184,0,1,0,1,0,26620,Private,,Body kit,
VEH-10768,HZM04A87W269324727,KA97B4674,MARUTI,WAGON R,1.0 LXI CNG,529429.06,4,2021,2021-06-17,De-GUR,Hatchback,CNG,998,0,0,0,1,1,7653,Private,Dent on door,Alloy wheels,
VEH-10769,TGT03T75Q786896172,GJ96D9201,HYUNDAI,CRETA,1.4 E Plus,633977.47,14,2011,2011-07-05,Ka-BAN,SUV,Diesel,1582,1,1,1,0,0,47083,Private,Minor scratches,,2013-08-26
VEH-10770,ILV39D89D934489157,RJ04D7097,MARUTI,BALENO HATCHBACK,Zeta 1.2,597078.39,8,2017,2017-09-20,Ka-MYS,Hatchback,Petrol,1197,0,1,0,1,1,57125,Private,Dent on door,Alloy wheels,
VEH-10771,FFT50M50D693072138,TN49D5134,MARUTI,SWIFT,VXI,419115.86,10,2015,2015-03-19,Ka-BAN,Hatchback,Petrol,1197,0,0,0,1,0,45228,Private,Minor scratches,Body kit,
VEH-10772,PDU29E06V596091259,DL05D8409,HYUNDAI,GRAND I10,SPORTZ 1.2 KAPPA VTVT,424589.08,8,2017,2017-12-10,Ma-PUN,Hatchback,Petrol,1197,0,1,1,1,1,108965,Commercial,,,
VEH-10773,CIZ66Y81O204269899,KA89B4753,MARUTI,WAGON R,1.0 LXI CNG,557293.75,3,2022,2022-06-15,Ma-MUM,Hatchback,CNG,998,1,0,0,0,1,126279,Private,Minor scratches,,
VEH-10774,FVY97T50V972568205,UP56C2027,HYUNDAI,CRETA,1.5 E DIESEL,1230000.0,0,2025,2025-06-28,Ka-BAN,SUV,Diesel,1493,0,1,0,1,0,97431,Private,,Alloy wheels,2026-08-12
VEH-10775,CPA33Q10P290806245,WB14A1153,MARUTI,ALTO 800,LXI,279334.92,7,2018,2018-08-05,Ma-MUM,Hatchback,Petrol,796,1,0,0,1,1,38580,Private,Dent on door,,
VEH-10776,SWB60O11H506859541,GJ90B1242,MARUTI,VITARA BREZZA,ZDI PLUS,928537.12,5,2020,2020-07-19,De-GUR,SUV,Diesel,1248,1,1,1,0,0,94697,Private,,Body kit,2022-02-10
VEH-10777,MJN37E14Q629006105,RJ45B6340,MARUTI,WAGON R,1.0 VXI,277974.74,15,2010,2010-03-25,Ma-MUM,Hatchback,Petrol,998,0,1,0,1,1,87156,Private,,Body kit,
VEH-10778,MAP42V08R852136830,KA99C2368,MARUTI,SWIFT,VXI,665000.0,1,2024,2024-04-15,Ma-NAG,Hatchback,Petrol,1197,0,1,1,0,0,10329,Private,,,
VEH-10779,GWO35O82P602993007,RJ86C5568,HYUNDAI,GRAND I10 NIOS,SPORTZ 1.2 KAPPA VTVT,398160.06,11,2014,2014-02-18,Ka-BAN,Hatchback,Petrol,1197,1,1,1,1,1,69441,Private,Dent on door,,
VEH-10780,FRQ38D23R352266723,DL42C7962,MARUTI,VITARA BREZZA,VXI,540360.09,12,2013,2013-12-16,Ma-PUN,SUV,Petrol,1462,0,0,0,1,1,96907,Private,Minor scratches,Body kit,
VEH-10781,RGA30J42C782002008,WB62B9265,MARUTI,BALENO HATCHBACK,Zeta 1.2,855000.0,1,2024,2024-03-16,Ka-MYS,Hatchback,Petrol,1197,0,1,1,1,0,1254,Private,Minor scratches,Body kit,
VEH-10782,CVX01K71O769355056,MH91A3313,HONDA,AMAZE,VX PETROL,650152.02,8,2017,2017-04-27,Ma-MUM,Sedan,Petrol,1199,0,1,1,1,1,101634,Private,,Body kit,
VEH-10783,QRI31F96H009054141,DL68B6616,MARUTI,SWIFT,1.2 VXi BS IV,586625.0,2,2023,2023-04-28,De-NEW,Hatchback,Petrol,1197,1,1,1,1,0,27778,Private,Minor scratches,,
VEH-10784,DLT13C63R841674314,WB39C7716,HONDA,AMAZE,1.2 VXMT i-VTEC,720390.05,6,2019,2019-05-27,Ta-CHE,Sedan,Petrol,1199,1,1,1,1,0,82001,Private,Minor scratches,Alloy wheels,
VEH-10785,RSM15D43W943941875,UP37C2100,HONDA,AMAZE,1.2 VXMT i-VTEC,840227.5,3,2022,2022-03-24,Ka-BAN,Sedan,Petrol,1199,1,1,0,1,0,56893,Private,Dent on door,,
VEH-10786,XHH01R23X849065280,DL02D7121,MARUTI,BALENO HATCHBACK,Zeta 1.2,538863.25,10,2015,2015-09-10,Ka-BAN,Hatchback,Petrol,1197,0,0,0,1,1,40198,Private,,,
VEH-10787,JDC18O49F994678920,WB61C5065,MARUTI,BALENO HATCHBACK,Delta 1.2,432288.07,12,2013,2013-04-18,De-NEW,Hatchback,Petrol,1197,0,1,0,1,0,141919,Private,,,2014-06-26
VEH-10788,HOS25W29N742034237,WB29C3280,MARUTI,ALTO 800,LXI,380000.0,1,2024,2024-07-16,We-HOW,Hatchback,Petrol,796,1,1,0,1,1,100600,Commercial,Minor scratches,,
VEH-10789,PWU98G73M956754982,TN14C2733,HONDA,AMAZE,1.2 SMT i-VTEC,341372.49,14,2011,2011-02-03,Ka-BAN,Sedan,Petrol,1199,1,0,0,1,1,27786,Private,,Body kit,
VEH-10790,NEY26Z22H798974932,WB59B7957,MARUTI,BALENO HATCHBACK,Zeta 1.2,696402.84,5,2020,2020-04-17,Ma-NAG,Hatchback,Petrol,1197,1,1,0,0,0,81163,Private,Dent on door,,
VEH-10791,IAN46Z39D212436748,KA86B3673,MARUTI,DZIRE,VXI,504199.53,9,2016,2016-02-22,Ta-COI,Sedan,Petrol,1197,0,1,0,1,1,37923,Private,,,
VEH-10792,YJS65K13E743338145,TN66B4600,MARUTI,SWIFT DZIRE,VDI,624828.11,6,2019,2019-02-01,Ta-MAD,Sedan,Diesel,1248,0,0,0,0,1,33245,Private,,,
VEH-10793,BAM95F80A418097133,RJ68B6758,MARUTI,SWIFT,1.2 VXi BS IV,301139.3,15,2010,2010-10-06,We-KOL,Hatchback,Petrol,1197,1,0,0,0,0,35758,Private,,,2013-04-20
VEH-10794,HBF99X76L295720246,DL51D6774,MARUTI,ALTO 800,LXI,279334.92,7,2018,2018-02-27,De-GUR,Hatchback,Petrol,796,0,0,1,0,1,19308,Private,Minor scratches,Alloy wheels,
VEH-10795,WMV81O27U486216857,KA45A4286,MARUTI,DZIRE,VXI,588073.51,6,2019,2019-11-04,Ka-MYS,Sedan,Petrol,1197,0,0,0,1,0,43963,Private,Dent on door,,2021-08-28
VEH-10796,FRY35R04E346680755,GJ13A6673,HYUNDAI,CRETA,1.4 E Plus,602278.6,15,2010,2010-05-08,Ma-NAG,SUV,Diesel,1582,0,0,0,0,1,52407,Private,,Alloy wheels,2011-09-08
VEH-10797,CBM60L31N183961054,TN05A9437,MARUTI,DZIRE,VXI,504199.53,9,2016,2016-10-19,We-KOL,Sedan,Petrol,1197,1,1,0,0,1,57418,Private,,,
VEH-10798,TRQ73X01Z885926319,DL40C4453,HYUNDAI,VENUE,1.2 S PETROL,657713.8,5,2020,2020-12-01,Ta-MAD,SUV,Petrol,1197,0,1,1,1,1,46603,Commercial,,,
VEH-10799,EUC66L48X589494747,UP52C2816,HONDA,AMAZE,VX PETROL,617644.42,9,2016,2016-07-27,Ma-PUN,Sedan,Petrol,1199,0,0,1,0,1,107093,Private,Dent on door,,
VEH-10800,VWK27G55F190747893,RJ47B9620,MARUTI,SWIFT,VXI,488836.11,7,2018,2018-09-10,Ta-COI,Hatchback,Petrol,1197,1,1,0,1,1,69280,Private,,Body kit,
VEH-10801,ULA43T86P260203230,DL48B9922,MARUTI,ERTIGA,1.5 VXI CNG,768171.03,7,2018,2018-11-18,Ma-PUN,MUV,CNG,1462,0,0,0,1,1,64805,Private,,Alloy wheels,
VEH-10802,EHZ35A84O024188301,GJ65A3703,MARUTI,SWIFT DZIRE,VDI,483480.08,11,2014,2014-01-25,We-KOL,Sedan,Diesel,1248,0,1,0,1,0,84268,Private,,,
VEH-10803,LXV63C39B587374800,TN38A3230,MARUTI,SWIFT,1.2 VXi BS IV,301139.3,15,2010,2010-10-13,De-GUR,Hatchback,Petrol,1197,1,1,0,1,0,109163,Private,,,
VEH-10804,HRH26D29L104002118,DL22A6168,MARUTI,ALTO,K10 VXI,364881.24,8,2017,2017-05-09,Ma-MUM,Hatchback,Petrol,998,0,0,0,0,0,29723,Private,,,
VEH-10805,ZUR29Z34A365056359,DL89D2037,MARUTI,SWIFT,VXI,600162.5,3,2022,2022-02-21,We-KOL,Hatchback,Petrol,1197,1,0,0,1,0,83655,Private,Minor scratches,,
VEH-10806,TAQ59S30V468629615,MH21C5185,HONDA,AMAZE,1.2 SMT i-VTEC,359339.46,13,2012,2012-03-09,Ma-MUM,Sedan,Petrol,1199,1,0,0,1,1,52403,Private,Dent on door,,
VEH-10807,WYB48V42N777171143,GJ51B7495,HYUNDAI,GRAND I10 NIOS,SPORTZ 1.2 KAPPA VTVT,700000.0,0,2025,2025-01-07,Ka-BAN,Hatchback,Petrol,1197,1,1,0,1,0,128278,Private,Dent on door,Body kit,
VEH-10808,DDJ72F93G908885146,KA39A4022,HONDA,AMAZE,1.2 SMT i-VTEC,419115.86,10,2015,2015-07-11,Ta-COI,Sedan,Petrol,1199,1,0,0,1,1,8343,Private,Dent on door,,
VEH-10809,NCP09W78Y320567766,UP98A5281,MARUTI,SWIFT,1.2 VXi BS IV,557293.75,3,2022,2022-10-16,Ka-BAN,Hatchback,Petrol,1197,0,0,0,0,0,112958,Private,Minor scratches,,
VEH-10810,XEN23O45S702908895,UP68A8188,HONDA,AMAZE,1.2 SMT i-VTEC,398160.06,11,2014,2014-11-21,Ka-BAN,Sedan,Petrol,1199,0,0,0,1,1,9217,Private,Dent on door,,
VEH-10811,EHS55N41A179304438,MH60A7504,MARUTI,BALENO HATCHBACK,Delta 1.2,619024.75,5,2020,2020-02-21,We-HOW,Hatchback,Petrol,1197,0,1,1,1,0,84542,Private,Minor scratches,Alloy wheels,
VEH-10812,FAB07P79U930403105,KA79C4395,MARUTI,WAGON R,1.0 VXI,514425.0,3,2022,2022-12-26,Ka-MYS,Hatchback,Petrol,998,1,0,0,0,1,62005,Private,,,
VEH-10813,POB42H55J027857769,MH74C9591,MARUTI,SWIFT,1.2 VXi BS IV,586625.0,2,2023,2023-09-15,Ka-MYS,Hatchback,Petrol,1197,0,1,1,0,0,137102,Private,,,
VEH-10814,HNQ93K23S069540809,MH90A5779,MARUTI,WAGON R,1.0 VXI,441055.13,6,2019,2019-09-21,Ta-CHE,Hatchback,Petrol,998,0,0,0,1,0,100419,Private,,Alloy wheels,2020-11-11
VEH-10815,HBA92T29Z834608054,TN69B7648,MARUTI,SWIFT,VXI,570154.37,4,2021,2021-07-03,Ma-MUM,Hatchback,Petrol,1197,0,0,0,1,0,55655,Private,Dent on door,Body kit,
VEH-10816,WJJ20P63N106916011,RJ41C5248,MARUTI,WAGON R,1.0 VXI,600000.0,0,2025,2025-05-12,Ma-PUN,Hatchback,Petrol,998,0,1,1,1,1,101422,Private,Minor scratches,Body kit,
VEH-10817,KIP34H17A050086369,KA13C7060,HONDA,AMAZE,1.2 SMT i-VTEC,600162.5,3,2022,2022-01-16,Ka-MYS,Sedan,Petrol,1199,1,0,0,0,0,32809,Private,,Alloy wheels,
VEH-10818,PQV80Q23D791911311,KA18C6689,MARUTI,BALENO HATCHBACK,Delta 1.2,685900.0,3,2022,2022-12-05,We-HOW,Hatchback,Petrol,1197,0,1,0,0,0,27223,Private,,,
VEH-10819,FFM70I17V501845218,RJ21A1677,MARUTI,SWIFT,VXI,665000.0,1,2024,2024-08-10,De-NOI,Hatchback,Petrol,1197,1,1,0,1,1,26739,Private,,Alloy wheels,2025-11-16
VEH-10820,QYC41T45B941660050,UP93D5978,MARUTI,VITARA BREZZA,VDI,855231.56,4,2021,2021-01-16,Ka-MYS,SUV,Diesel,1248,1,1,0,1,1,32017,Private,,Body kit,
VEH-10821,FCW76E74J939240177,UP96A5747,MARUTI,SWIFT,VDI (DIESEL),504199.53,9,2016,2016-02-16,De-NEW,Hatchback,Diesel,1248,0,0,0,1,0,41751,Private,Minor scratches,,2018-03-25
VEH-10822,TXO94J11R031819307,MH19C5484,HYUNDAI,VENUE,1.2 S PETROL,807500.0,1,2024,2024-04-10,Ka-MYS,SUV,Petrol,1197,0,1,0,0,1,29738,Private,,,
VEH-10823,UHT71M16X637304347,RJ28D7460,MARUTI,ALTO 800,LXI,380000.0,1,2024,2024-09-11,Ta-COI,Hatchback,Petrol,796,0,1,0,1,1,135324,Private,,,
VEH-10824,WRZ67U78B212292823,DL93C6809,MARUTI,BALENO HATCHBACK,Delta 1.2,432288.07,12,2013,2013-01-10,We-HOW,Hatchback,Petrol,1197,1,0,1,1,0,143278,Commercial,,Alloy wheels,
VEH-10825,EFJ40X80V893656193,UP72B6094,MARUTI,DZIRE,VXI,558669.84,7,2018,2018-08-15,De-GUR,Sedan,Petrol,1197,1,0,0,1,0,60283,Private,Minor scratches,,
VEH-10826,TPC54B05A316952558,GJ44A5190,MARUTI,BALENO HATCHBACK,Delta 1.2,760000.0,1,2024,2024-09-01,Ka-MYS,Hatchback,Petrol,1197,1,0,0,0,1,139310,Private,Dent on door,,
VEH-10827,TXV70F95W305934007,WB70A1218,MARUTI,VITARA BREZZA,VXI,630249.41,9,2016,2016-08-05,Ma-NAG,SUV,Petrol,1462,0,1,1,1,1,107298,Private,,Alloy wheels,
VEH-10828,HZZ00R77W539460181,RJ21C2711,HYUNDAI,VENUE,1.2 S PETROL,593586.7,7,2018,2018-02-14,We-HOW,SUV,Petrol,1197,0,1,1,1,0,37882,Private,,Body kit,2019-11-10
VEH-10829,GGC26O74L023116969,UP05D8266,MARUTI,ALTO 800,LXI,227520.04,11,2014,2014-02-21,We-HOW,Hatchback,Petrol,796,1,1,0,1,0,97424,Private,Dent on door,Body kit,2016-05-31
VEH-10830,RHJ23V48L077421831,WB30D8566,MARUTI,SWIFT,VDI (DIESEL),410673.67,13,2012,2012-09-13,Ma-PUN,Hatchback,Diesel,1248,1,1,0,0,0,106245,Private,Minor scratches,Body kit,
VEH-10831,IWG42E74J321089497,WB05B4999,MARUTI,BALENO HATCHBACK,Zeta 1.2,486324.08,12,2013,2013-04-14,Ka-BAN,Hatchback,Petrol,1197,0,1,0,1,0,37106,Private,Minor scratches,Alloy wheels,
VEH-10832,RJW35R90Q528249236,TN75D9895,MARUTI,WAGON R,1.0 VXI,488703.75,4,2021,2021-10-05,Ma-MUM,Hatchback,Petrol,998,0,1,0,1,0,125946,Private,,Alloy wheels,
VEH-10833,BRB12N45I503970834,MH79B3905,MARUTI,SWIFT,VDI (DIESEL),504199.53,9,2016,2016-06-26,Ta-COI,Hatchback,Diesel,1248,1,0,0,0,0,21543,Private,Minor scratches,Body kit,
VEH-10834,QQF44N26O389886526,DL46C2063,MARUTI,ALTO 800,LXI,279334.92,7,2018,2018-12-13,We-HOW,Hatchback,Petrol,796,0,1,0,0,1,81559,Private,,,
VEH-10835,IHO09V57C130690045,KA26B5560,HYUNDAI,CRETA,1.4 E Plus,862446.56,8,2017,2017-01-02,Ta-COI,SUV,Diesel,1582,0,1,0,1,0,73374,Private,,Alloy wheels,
VEH-10836,ALZ62D24L107019243,DL16D9068,HYUNDAI,CRETA,1.4 E Plus,778358.02,10,2015,2015-06-15,We-HOW,SUV,Diesel,1582,0,1,0,0,0,15200,Private,,Body kit,
VEH-10837,SOK35C52N395433875,DL66A2729,HYUNDAI,VENUE,1.2 S PETROL,436340.77,13,2012,2012-05-01,Ta-MAD,SUV,Petrol,1197,1,0,0,1,1,119016,Private,Dent on door,Alloy wheels,2014-06-18
VEH-10838,GSS28L51G623094415,KA89A3234,MARUTI,DZIRE,VXI,455040.07,11,2014,2014-04-09,Ma-PUN,Sedan,Petrol,1197,0,1,0,1,1,130954,Private,,Alloy wheels,
VEH-10839,YAW14A23J727367798,MH95B9882,HYUNDAI,GRAND I10,SPORTZ 1.2 KAPPA VTVT,577600.0,2,2023,2023-11-22,Ma-PUN,Hatchback,Petrol,1197,0,0,1,0,0,112426,Private,,,
VEH-10840,ZTI42J30K250858533,GJ54A9306,HYUNDAI,GRAND I10 NIOS,SPORTZ 1.2 KAPPA VTVT,359339.46,13,2012,2012-08-21,We-HOW,Hatchback,Petrol,1197,1,0,0,1,0,68175,Private,Minor scratches,Alloy wheels,
VEH-10841,GKZ76H47Z353114958,RJ77B3920,MARUTI,SWIFT DZIRE,VDI,508926.4,10,2015,2015-07-09,Ma-NAG,Sedan,Diesel,1248,1,1,0,0,0,79848,Private,Dent on door,Alloy wheels,
VEH-10842,ZNW75W43A661359389,RJ71D2993,HYUNDAI,CRETA,1.5 E DIESEL,775206.77,9,2016,2016-06-22,Ma-MUM,SUV,Diesel,1493,0,0,0,1,1,51486,Private,,,
VEH-10843,OON19C23X701338288,TN41B6968,MARUTI,SWIFT DZIRE,VDI,728768.75,3,2022,2022-12-28,De-GUR,Sedan,Diesel,1248,0,0,1,1,1,101090,Private,Dent on door,,
VEH-10844,SPE25S86T063132883,MH47C1177,MARUTI,BALENO HATCHBACK,Delta 1.2,722000.0,2,2023,2023-07-23,Ta-COI,Hatchback,Petrol,1197,0,0,0,0,1,30104,Private,,Body kit,
VEH-10845,OZW10U24I138717887,TN33B5461,MARUTI,ALTO 800,LXI,252099.76,9,2016,2016-03-25,Ma-PUN,Hatchback,Petrol,796,1,0,0,1,0,1970,Private,Dent on door,Body kit,
VEH-10846,SIO03I29D589236949,WB18B9893,MAHINDRA,THAR,LX HARD TOP AT 4STR DIESEL,1017852.8,10,2015,2015-10-02,We-KOL,SUV,Diesel,2184,1,0,1,0,0,82198,Private,,,
VEH-10847,WSZ43W26Y274385739,DL78C7735,HONDA,CITY,1.5 V MT,841824.14,11,2014,2014-04-21,Ta-CHE,Sedan,Petrol,1498,1,0,1,0,1,96725,Private,Minor scratches,Body kit,
VEH-10848,ZOD31Z25C901237822,RJ54B9655,MARUTI,VITARA BREZZA,VDI,1050000.0,0,2025,2025-09-17,Ta-MAD,SUV,Diesel,1248,0,0,0,1,1,23481,Private,,,2027-03-05
VEH-10849,LXR90Y02S242777425,MH72C9234,MARUTI,ERTIGA,1.5 VXI CNG,1100000.0,0,2025,2025-09-09,De-GUR,MUV,CNG,1462,0,0,0,1,0,59755,Private,,,
VEH-10850,NSQ32E24C813683533,TN07D7354,MAHINDRA,SCORPIO,S11 2WD 7STR,1392805.69,5,2020,2020-11-24,Ta-CHE,SUV,Diesel,2184,0,1,0,1,1,65911,Private,Dent on door,,
VEH-10851,EHE82V49N988701161,GJ04D3018,TOYOTA KIRLOSKAR,INNOVA CRYSTA,2.4 V 8S,2100000.0,0,2025,2025-01-20,Ma-MUM,MUV,Diesel,2393,0,0,0,1,0,96735,Private,,,2026-01-23
VEH-10852,GEL41Q77P028727539,RJ52A3338,TOYOTA KIRLOSKAR,INNOVA CRYSTA,2.4 V 8S,1024117.46,14,2011,2011-08-15,Ta-CHE,MUV,Diesel,2393,1,1,1,0,0,134683,Private,Dent on door,,
VEH-10853,DPO56E22F808215355,DL46A5489,MARUTI,DZIRE,VXI,390139.98,14,2011,2011-05-25,Ma-NAG,Sedan,Petrol,1197,1,1,1,0,1,61746,Commercial,,Alloy wheels,
VEH-10854,HFB26N54I627127968,WB58D6144,HYUNDAI,VENUE,1.2 S PETROL,657713.8,5,2020,2020-05-23,We-KOL,SUV,Petrol,1197,0,0,1,1,0,126537,Private,,Alloy wheels,
VEH-10855,BGD20K07L767937775,WB86D9275,MARUTI,WAGON R,1.0 VXI,570000.0,1,2024,2024-12-25,Ma-NAG,Hatchback,Petrol,998,0,1,0,0,0,148739,Private,,,
VEH-10856,ALB61X44S810048931,WB82B2529,TOYOTA KIRLOSKAR,INNOVA CRYSTA,2.8 GX AT 7 STR,1873364.37,4,2021,2021-07-20,Ka-BAN,MUV,Diesel,2755,0,0,0,1,1,13324,Private,,,2022-09-28
VEH-10857,THR11R18F976861552,UP99D9537,HONDA,AMAZE,1.2 SMT i-VTEC,341372.49,14,2011,2011-11-20,Ma-NAG,Sedan,Petrol,1199,0,0,0,1,0,3105,Private,,Alloy wheels,2013-10-23
VEH-10858,EQG34J27L003160733,MH05B1228,HYUNDAI,CRETA,1.4 E Plus,1058858.12,4,2021,2021-03-07,We-HOW,SUV,Diesel,1582,0,0,1,1,0,85620,Private,Dent on door,,
VEH-10859,WGB81L21Q451571944,KA80A7383,MARUTI,WAGON R,1.0 LXI CNG,409662.12,9,2016,2016-10-22,We-HOW,Hatchback,CNG,998,1,0,0,1,0,88339,Private,,Body kit,
VEH-10860,GGK90U50H312153145,KA63B4080,HONDA,AMAZE,1.2 SMT i-VTEC,700000.0,0,2025,2025-01-27,We-HOW,Sedan,Petrol,1199,1,1,0,1,0,1261,Private,Dent on door,,
VEH-10861,ZCJ44V43X433416548,KA69A1576,MARUTI,SWIFT DZIRE,VDI,483480.08,11,2014,2014-03-21,Ma-MUM,Sedan,Diesel,1248,0,0,0,1,0,89967,Private,,Body kit,
VEH-10862,VIK23Q24A002433489,RJ04B8820,HONDA,AMAZE,1.2 VXMT i-VTEC,454025.41,15,2010,2010-11-09,De-NOI,Sedan,Petrol,1199,0,1,0,1,1,67358,Private,Dent on door,,
VEH-10863,LEJ84C85N301458039,UP81D6035,HONDA,AMAZE,VX PETROL,840227.5,3,2022,2022-08-25,Ma-PUN,Sedan,Petrol,1199,1,0,0,0,0,7172,Private,Dent on door,Alloy wheels,
VEH-10864,BHM78M47P143910537,RJ81B6707,MARUTI,BALENO HATCHBACK,Zeta 1.2,855000.0,1,2024,2024-11-04,Ma-NAG,Hatchback,Petrol,1197,1,0,1,1,1,41964,Private,Dent on door,,
VEH-10865,FIT47B39X055301274,TN19A9738,MARUTI,ALTO 800,LXI,294036.76,6,2019,2019-02-22,Ma-NAG,Hatchback,Petrol,796,1,0,0,1,0,108142,Private,,Alloy wheels,
VEH-10866,ABJ53V47O855482666,MH27C1663,MARUTI,ERTIGA,1.5 VXI CNG,851159.03,5,2020,2020-04-03,Ta-COI,MUV,CNG,1462,1,0,0,1,0,121254,Commercial,,Body kit,
VEH-10867,VBX08P51O179768030,KA43A8126,MARUTI,VITARA BREZZA,VDI,486455.79,15,2010,2010-01-13,Ka-MYS,SUV,Diesel,1248,0,1,0,1,0,141588,Private,,,
VEH-10868,CUQ91M19Q815791623,DL74A8253,MARUTI,WAGON R,1.0 LXI CNG,409662.12,9,2016,2016-10-14,Ka-BAN,Hatchback,CNG,998,1,0,0,1,0,117376,Private,Minor scratches,Alloy wheels,
VEH-10869,DNS16H54F265929353,UP96D1917,HYUNDAI,CRETA,1.5 E DIESEL,569848.21,15,2010,2010-03-18,We-HOW,SUV,Diesel,1493,1,0,0,1,0,57051,Private,Minor scratches,,
VEH-10870,LRR67J81F040956172,MH87A8109,MARUTI,WAGON R,1.0 VXI,419002.38,7,2018,2018-04-27,Ka-BAN,Hatchback,Petrol,998,0,0,0,0,0,54028,Private,Dent on door,Body kit,
VEH-10871,OWF50U24E833282144,DL05D3073,MARUTI,ERTIGA,1.5 VXI CNG,625680.1,11,2014,2014-03-15,We-HOW,MUV,CNG,1462,1,1,0,1,0,135359,Private,Minor scratches,Alloy wheels,
VEH-10872,EDG30O77D581968825,KA07C8227,HYUNDAI,GRAND I10,SPORTZ 1.2 KAPPA VTVT,364032.06,11,2014,2014-06-17,Ta-COI,Hatchback,Petrol,1197,1,1,0,1,0,114644,Private,Minor scratches,,2016-11-16
VEH-10873,IDX32U84K835427580,TN51C9225,MARUTI,SWIFT,VXI,341372.49,14,2011,2011-02-03,Ka-BAN,Hatchback,Petrol,1197,1,0,0,1,0,93701,Private,Dent on door,Body kit,
VEH-10874,OLK78Z48O329888767,DL07C4051,MARUTI,DZIRE,VXI,432288.07,12,2013,2013-02-25,We-KOL,Sedan,Petrol,1197,1,0,0,1,1,44894,Private,Dent on door,,
VEH-10875,RCI35T15P780643388,KA56D3607,MARUTI,BALENO HATCHBACK,Delta 1.2,478989.55,10,2015,2015-07-26,Ma-PUN,Hatchback,Petrol,1197,1,0,0,1,0,77737,Private,,Body kit,
VEH-10876,TIE49O57K121031550,TN90A3482,MARUTI,WAGON R,1.0 LXI CNG,369720.06,11,2014,2014-01-28,Ma-MUM,Hatchback,CNG,998,0,0,0,1,1,50687,Private,Minor scratches,,
VEH-10877,QCJ74R94V071892141,TN70B8614,HONDA,AMAZE,1.5 SMT i-DTEC,728768.75,3,2022,2022-09-05,We-KOL,Sedan,Diesel,1498,1,1,1,0,1,88635,Private,,,2025-01-08
VEH-10878,AZM62J69E982670803,UP78D5290,TOYOTA KIRLOSKAR,INNOVA CRYSTA,2.8 GX AT 7 STR,1873364.37,4,2021,2021-12-25,De-NEW,MUV,Diesel,2755,1,1,0,1,1,147907,Private,,Body kit,
VEH-10879,VSB80F49I549703345,UP24C1571,MARUTI,SWIFT,VXI,324303.86,15,2010,2010-01-26,De-NEW,Hatchback,Petrol,1197,1,0,0,1,0,61213,Private,,Alloy wheels,
VEH-10880,FBF21T87G493697969,UP48D3456,MARUTI,SWIFT,VXI,541646.66,5,2020,2020-10-11,Ma-PUN,Hatchback,Petrol,1197,1,1,1,0,0,36562,Commercial,Minor scratches,Body kit,
VEH-10881,VKT79F84L284167695,RJ50D4391,TOYOTA KIRLOSKAR,INNOVA CRYSTA,2.8 GX AT 7 STR,1873364.37,4,2021,2021-01-15,Ta-CHE,MUV,Diesel,2755,0,0,0,1,0,82785,Private,,,
VEH-10882,GDO99M58D938239047,GJ08B6166,TOYOTA KIRLOSKAR,INNOVA CRYSTA,2.8 GX AT 7 STR,1690711.35,6,2019,2019-12-12,Ma-NAG,MUV,Diesel,2755,0,1,0,1,1,80791,Private,Dent on door,Body kit,
VEH-10883,CYD91Q55Y872652571,RJ07B1372,MARUTI,BALENO HATCHBACK,Zeta 1.2,812250.0,2,2023,2023-08-16,Ta-COI,Hatchback,Petrol,1197,1,1,0,1,1,41148,Private,,,
VEH-10884,SJF47A47W006912789,MH10D2863,MARUTI,ALTO 800,LXI,400000.0,0,2025,2025-06-28,Ta-COI,Hatchback,Petrol,796,1,1,0,0,0,17669,Commercial,Dent on door,Body kit,
VEH-10885,QZE64B29O347526804,GJ27C8041,HONDA,AMAZE,1.2 SMT i-VTEC,631750.0,2,2023,2023-03-05,We-KOL,Sedan,Petrol,1199,1,1,0,1,0,121710,Private,,Alloy wheels,2025-04-01
VEH-10886,PPA12B74V445468465,KA42D8460,MARUTI,SWIFT,VXI,570154.37,4,2021,2021-01-18,Ma-PUN,Hatchback,Petrol,1197,1,0,1,1,0,21135,Private,Minor scratches,,2023-05-30
VEH-10887,HEO93Y91B372621588,KA61A3691,TOYOTA KIRLOSKAR,INNOVA CRYSTA,2.4 V 8S,1323523.76,9,2016,2016-04-16,Ka-MYS,MUV,Diesel,2393,0,1,1,1,0,143792,Private,Dent on door,Alloy wheels,
VEH-10888,VUB65S28R426277429,WB56B6996,MARUTI,ALTO 800,LXI,325802.5,4,2021,2021-02-22,De-GUR,Hatchback,Petrol,796,1,0,0,1,1,76117,Private,,Alloy wheels,2023-06-27
VEH-10889,KOG16T37T923730929,KA18D2600,MARUTI,SWIFT,VDI (DIESEL),685900.0,3,2022,2022-07-26,De-GUR,Hatchback,Diesel,1248,1,1,0,0,1,14711,Private,,Body kit,
VEH-10890,ZNC79W57Z462032345,UP09D9189,MARUTI,ERTIGA,1.5 VXI CNG,594396.1,12,2013,2013-10-10,Ma-NAG,MUV,CNG,1462,0,1,0,1,1,101910,Private,,Alloy wheels,
VEH-10891,OLS31Y92N636104415,TN36D6662,MARUTI,WAGON R,1.0 LXI CNG,301139.3,15,2010,2010-01-19,Ka-MYS,Hatchback,CNG,998,1,0,0,0,1,117344,Private,Minor scratches,,
VEH-10892,CTB26N55O486732530,DL06D8560,HYUNDAI,GRAND I10 NIOS,SPORTZ 1.2 KAPPA VTVT,419115.86,10,2015,2015-04-13,Ta-MAD,Hatchback,Petrol,1197,0,0,0,0,0,46177,Private,Dent on door,,
VEH-10893,YDR42D49L848997456,TN10A4941,MARUTI,SWIFT,1.2 VXi BS IV,409662.12,9,2016,2016-06-01,We-HOW,Hatchback,Petrol,1197,1,1,1,1,1,145764,Private,Dent on door,Alloy wheels,
VEH-10894,SMP46L99U586646723,MH14D3481,MARUTI,SWIFT,1.2 VXi BS IV,529429.06,4,2021,2021-08-27,De-NEW,Hatchback,Petrol,1197,1,1,1,1,1,113555,Private,,,
VEH-10895,EKF35E84A290636982,WB87B5235,MAHINDRA,SCORPIO,S5 2WD 7STR,1047505.94,7,2018,2018-07-20,We-HOW,SUV,Diesel,2184,0,0,0,1,1,118741,Private,Minor scratches,Body kit,
VEH-10896,DGD99L03A513883074,UP17B1549,MARUTI,ALTO,K10 VXI,522500.0,1,2024,2024-06-11,Ma-NAG,Hatchback,Petrol,998,0,1,1,0,1,66673,Private,,Body kit,
VEH-10897,PGR97F79F422711190,RJ08C4522,TOYOTA KIRLOSKAR,INNOVA CRYSTA,2.8 Z 7 STR,2500000.0,0,2025,2025-03-15,Ta-CHE,MUV,Diesel,2755,1,1,0,1,1,127101,Private,,Alloy wheels,
VEH-10898,NJC38R59M703356460,KA74A7417,MARUTI,SWIFT,1.2 VXi BS IV,351234.06,12,2013,2013-05-23,Ta-CHE,Hatchback,Petrol,1197,0,0,1,0,1,134002,Private,Minor scratches,Body kit,
VEH-10899,PCV72I69G542362600,TN77D9830,MAHINDRA,BOLERO,B6 (O),487674.98,14,2011,2011-11-03,Ma-PUN,SUV,Diesel,1498,1,1,0,1,1,17576,Private,,Alloy wheels,
VEH-10900,UFG06J71Y386182909,UP18D1971,MARUTI,ALTO 800,LXI,265368.17,8,2017,2017-11-21,Ka-BAN,Hatchback,Petrol,796,0,0,0,1,0,143482,Private,,,2020-06-26
VEH-10901,KGZ30H49S704585117,GJ68B3581,MARUTI,BALENO HATCHBACK,Zeta 1.2,597078.39,8,2017,2017-09-27,De-NOI,Hatchback,Petrol,1197,1,0,0,1,0,21729,Private,,,
VEH-10902,BGT24W31O775068616,TN12C2657,HONDA,AMAZE,1.2 SMT i-VTEC,631750.0,2,2023,2023-02-20,De-NEW,Sedan,Petrol,1199,1,0,0,1,1,148613,Private,,,2024-10-01
VEH-10903,HGE08K29V652664759,UP99D9266,TOYOTA KIRLOSKAR,INNOVA CRYSTA,2.4 V 8S,1078018.37,13,2012,2012-03-06,Ma-NAG,MUV,Diesel,2393,1,0,0,0,1,43538,Private,,,
VEH-10904,KPZ21Z08E929067819,KA51A2081,HYUNDAI,VENUE,1.2 S PETROL,850000.0,0,2025,2025-05-23,We-KOL,SUV,Petrol,1197,0,1,1,0,0,144099,Private,,Alloy wheels,
VEH-10905,SCK81M12T676498593,UP27B7517,MARUTI,VITARA BREZZA,ZDI PLUS,796104.52,8,2017,2017-10-28,Ka-BAN,SUV,Diesel,1248,1,0,0,1,1,63463,Private,,,
VEH-10906,DDC49Q04U767962590,RJ91A9149,MARUTI,DZIRE,VXI,410673.67,13,2012,2012-11-22,Ma-MUM,Sedan,Petrol,1197,1,0,0,1,0,12172,Private,,Body kit,
VEH-10907,PFA81Q89X274487512,WB77A2313,HYUNDAI,GRAND I10 NIOS,SPORTZ 1.2 KAPPA VTVT,700000.0,0,2025,2025-10-17,Ta-CHE,Hatchback,Petrol,1197,1,1,0,0,1,77035,Private,Dent on door,Body kit,
VEH-10908,HST89R65B794649672,RJ28D8598,MARUTI,VITARA BREZZA,ZDI PLUS,882110.27,6,2019,2019-12-26,Ta-CHE,SUV,Diesel,1248,1,0,1,0,1,121685,Private,,,
VEH-10909,OJI20P55S039265665,TN84C8798,MARUTI,BALENO HATCHBACK,Zeta 1.2,661582.7,6,2019,2019-12-26,Ta-MAD,Hatchback,Petrol,1197,0,1,0,1,0,35613,Private,Dent on door,Alloy wheels,
VEH-10910,OJK23R26G134540124,DL39D2542,TOYOTA KIRLOSKAR,INNOVA CRYSTA,2.8 GX AT 7 STR,1121652.45,14,2011,2011-10-01,Ma-PUN,MUV,Diesel,2755,0,1,1,0,0,99353,Private,Dent on door,,
VEH-10911,LNT77Y20D619798355,DL92B1479,HONDA,AMAZE,1.2 VXMT i-VTEC,586762.2,10,2015,2015-06-04,We-KOL,Sedan,Petrol,1199,0,0,1,0,0,88125,Private,,,
VEH-10912,ULF34Y35B484301278,WB81D7382,HYUNDAI,CRETA,1.5 E DIESEL,631410.76,13,2012,2012-07-01,Ta-CHE,SUV,Diesel,1493,1,0,0,1,0,106277,Private,,,2014-09-29
VEH-10913,OYU31U33V111260272,UP49D4534,MARUTI,ERTIGA,1.5 VXI CNG,768171.03,7,2018,2018-04-02,We-HOW,MUV,CNG,1462,1,0,0,0,0,27343,Private,Dent on door,,
VEH-10914,WGR92B97Y445504883,KA79C6359,TOYOTA KIRLOSKAR,INNOVA CRYSTA,2.8 GX AT 7 STR,1308240.21,11,2014,2014-03-11,Ka-BAN,MUV,Diesel,2755,0,0,1,1,1,46684,Private,,,
VEH-10915,YNC28Y81Z465286889,TN38A8595,MARUTI,BALENO HATCHBACK,Zeta 1.2,696402.84,5,2020,2020-07-18,We-HOW,Hatchback,Petrol,1197,1,1,0,1,0,118419,Private,Dent on door,Body kit,
VEH-10916,DDJ77C42I418966457,RJ62C9140,MARUTI,BALENO HATCHBACK,Delta 1.2,432288.07,12,2013,2013-09-28,Ma-PUN,Hatchback,Petrol,1197,1,1,0,1,0,149019,Private,Minor scratches,Body kit,
VEH-10917,SAL64J55R658539880,GJ25D6182,MARUTI,SWIFT,1.2 VXi BS IV,369720.06,11,2014,2014-11-15,De-GUR,Hatchback,Petrol,1197,0,0,0,0,1,77274,Private,,Alloy wheels,
VEH-10918,BML18W60Y121142550,WB80A9006,MARUTI,WAGON R,1.0 LXI CNG,389179.01,10,2015,2015-01-03,Ka-BAN,Hatchback,CNG,998,1,1,0,1,1,94770,Private,Minor scratches,Alloy wheels,
VEH-10919,ECL47B37Y960719188,DL66C5819,MARUTI,SWIFT,VDI (DIESEL),651605.0,4,2021,2021-02-20,Ta-MAD,Hatchback,Diesel,1248,1,1,1,0,0,139621,Private,,Alloy wheels,
VEH-10920,GKX41G45K603013417,MH73B2355,MARUTI,SWIFT,VXI,600162.5,3,2022,2022-11-01,Ma-PUN,Hatchback,Petrol,1197,1,0,0,1,1,90706,Private,Dent on door,Body kit,2024-07-31
VEH-10921,SGG26T83Z217669713,MH22A9936,MARUTI,BALENO HATCHBACK,Zeta 1.2,538863.25,10,2015,2015-07-23,Ta-COI,Hatchback,Petrol,1197,1,0,0,1,1,81178,Private,,Alloy wheels,
VEH-10922,RIC93D46Q933552134,GJ37C6833,MARUTI,VITARA BREZZA,VXI,540360.09,12,2013,2013-04-05,We-HOW,SUV,Petrol,1462,1,0,1,0,0,118806,Private,,,
VEH-10923,MBT97D01U045447680,GJ07D1217,HYUNDAI,CRETA,1.5 E DIESEL,816007.13,8,2017,2017-07-09,Ma-NAG,SUV,Diesel,1493,0,0,0,1,0,24654,Private,Minor scratches,,
VEH-10924,OWD68G44Q264337051,UP10B3272,MARUTI,SWIFT DZIRE,VDI,508926.4,10,2015,2015-09-08,De-NEW,Sedan,Diesel,1248,0,0,1,0,1,133687,Private,Minor scratches,Alloy wheels,
VEH-10925,RWB17L46C890770544,RJ01B8134,MARUTI,VITARA BREZZA,VXI,1000000.0,0,2025,2025-10-11,Ta-MAD,SUV,Petrol,1462,1,1,0,1,1,66206,Private,Minor scratches,Body kit,
VEH-10926,SLG94A22Z730362601,UP11C5059,MARUTI,SWIFT DZIRE,VDI,508926.4,10,2015,2015-05-03,Ka-MYS,Sedan,Diesel,1248,1,0,0,0,0,26664,Private,,,
VEH-10927,VPY21W60I592933715,RJ82A5729,MARUTI,VITARA BREZZA,VDI,771846.49,6,2019,2019-11-14,Ta-CHE,SUV,Diesel,1248,1,0,0,1,0,118530,Private,,,
VEH-10928,YKH97B07N987827403,TN47D8498,MARUTI,SWIFT,VDI (DIESEL),390139.98,14,2011,2011-08-07,De-NEW,Hatchback,Diesel,1248,0,0,0,1,1,93529,Private,,,2013-08-27
VEH-10929,VGH87Y39P776777582,TN80C8680,HYUNDAI,VENUE,1.2 S PETROL,508926.4,10,2015,2015-04-15,De-NEW,SUV,Petrol,1197,0,1,0,0,0,125814,Private,Minor scratches,Body kit,
VEH-10930,KUS34J43F456471953,GJ49A6419,MARUTI,WAGON R,1.0 LXI CNG,316988.74,14,2011,2011-02-04,Ka-MYS,Hatchback,CNG,998,0,0,0,1,0,74001,Private,,,
VEH-10931,SPU94F60C017351403,DL84D4412,MARUTI,SWIFT,VXI,514564.32,6,2019,2019-01-17,Ka-MYS,Hatchback,Petrol,1197,0,0,0,1,0,148201,Private,,Body kit,
VEH-10932,KEC96D89U798126516,TN42A9481,MARUTI,ERTIGA,1.5 VXI CNG,1100000.0,0,2025,2025-03-04,Ka-MYS,MUV,CNG,1462,0,1,0,1,1,25341,Private,,,
VEH-10933,BZK49U56L712610459,KA97D5126,MARUTI,SWIFT,VXI,700000.0,0,2025,2025-11-17,Ma-NAG,Hatchback,Petrol,1197,0,0,1,1,0,62976,Private,,,
VEH-10934,FDI17S79I640126856,TN94C9612,MARUTI,ERTIGA,1.5 VXI CNG,851159.03,5,2020,2020-04-09,Ma-PUN,MUV,CNG,1462,0,1,0,1,1,127125,Private,Dent on door,Body kit,
VEH-10935,UON04A22V088966342,TN65B9695,MARUTI,DZIRE,VXI,504199.53,9,2016,2016-07-15,Ma-PUN,Sedan,Petrol,1197,1,0,0,1,0,71996,Private,Dent on door,Body kit,
VEH-10936,MDV83G38X241615097,DL46B6281,MARUTI,SWIFT DZIRE,VDI,563907.37,8,2017,2017-02-09,We-KOL,Sedan,Diesel,1248,0,1,0,1,0,33499,Private,,Alloy wheels,
VEH-10937,PJR11O24N531635270,WB75D3321,MARUTI,DZIRE,VXI,478989.55,10,2015,2015-04-18,De-GUR,Sedan,Petrol,1197,1,1,1,1,1,8675,Private,,,
VEH-10938,CVK06E07Z163559151,DL59D4201,MARUTI,SWIFT,VXI,419115.86,10,2015,2015-12-26,We-HOW,Hatchback,Petrol,1197,0,0,1,1,1,13513,Private,Minor scratches,,2017-11-19
VEH-10939,UYR06M58O322236675,UP76D8992,MARUTI,WAGON R,1.0 LXI CNG,617500.0,1,2024,2024-09-09,Ma-MUM,Hatchback,CNG,998,0,0,0,1,1,99865,Private,,Alloy wheels,
VEH-10940,UNF98H06F616804920,DL35B3375,MARUTI,SWIFT,1.2 VXi BS IV,502957.61,5,2020,2020-12-16,Ka-BAN,Hatchback,Petrol,1197,0,0,0,0,0,92464,Private,Minor scratches,,
VEH-10941,CNE74D27R118239160,TN03A6876,MARUTI,VITARA BREZZA,ZDI PLUS,977407.5,4,2021,2021-09-08,Ma-PUN,SUV,Diesel,1248,0,1,0,1,0,108881,Private,,Alloy wheels,
VEH-10942,XJA95U59S337400816,TN85A7149,HONDA,AMAZE,1.2 VXMT i-VTEC,931000.0,1,2024,2024-08-19,Ma-NAG,Sedan,Petrol,1199,1,1,0,1,0,85603,Private,Minor scratches,,
VEH-10943,DWL16U98X473126684,KA86C2919,MARUTI,DZIRE,VXI,390139.98,14,2011,2011-03-03,We-KOL,Sedan,Petrol,1197,0,1,0,0,1,52966,Private,,,
VEH-10944,PBN66G95P483576417,WB31C5233,MAHINDRA,SCORPIO,S11 2WD 7STR,1466111.25,4,2021,2021-02-12,Ta-MAD,SUV,Diesel,2184,0,1,0,1,0,29553,Private,Dent on door,Alloy wheels,
VEH-10945,EIV34Y37V708384347,WB53D1201,HYUNDAI,VENUE,1.2 S PETROL,436340.77,13,2012,2012-10-12,Ka-BAN,SUV,Petrol,1197,0,1,0,0,0,147419,Private,,,2013-12-24
VEH-10946,KXM00O02E226308558,GJ62D2730,MARUTI,BALENO HATCHBACK,Zeta 1.2,597078.39,8,2017,2017-04-24,We-KOL,Hatchback,Petrol,1197,0,1,0,0,1,130004,Private,,Alloy wheels,
VEH-10947,BVR18S44N687807081,GJ73A9937,MARUTI,SWIFT,VDI (DIESEL),558669.84,7,2018,2018-05-25,We-KOL,Hatchback,Diesel,1248,1,1,0,0,1,102884,Private,,Alloy wheels,2019-09-08
VEH-10948,XEE48U67C988458785,KA22D6171,MARUTI,DZIRE,VXI,558669.84,7,2018,2018-06-27,Ma-PUN,Sedan,Petrol,1197,0,1,0,0,0,36135,Commercial,Minor scratches,Body kit,
VEH-10949,MBB66Z34I772425822,WB26D1044,HYUNDAI,CRETA,1.5 E DIESEL,1001842.69,4,2021,2021-02-05,Ka-BAN,SUV,Diesel,1493,1,1,1,1,1,79472,Private,Minor scratches,,
VEH-10950,LGX92N87V355902053,DL55A5923,MARUTI,ERTIGA,1.5 VXI CNG,895956.87,4,2021,2021-06-07,Ta-CHE,MUV,CNG,1462,1,0,0,1,1,65402,Private,Minor scratches,Body kit,2022-12-31
VEH-10951,ACM13R25M144112758,MH86D2561,HONDA,AMAZE,1.5 SMT i-DTEC,508926.4,10,2015,2015-06-11,Ta-COI,Sedan,Diesel,1498,0,1,0,1,0,37684,Private,Minor scratches,,
VEH-10952,AAI91J70N336709626,TN74A4456,MARUTI,SWIFT,VXI,700000.0,0,2025,2025-10-15,Ma-MUM,Hatchback,Petrol,1197,0,0,0,1,0,110102,Private,Dent on door,Body kit,
VEH-10953,AKW38L61U634502356,GJ08B3913,MARUTI,DZIRE,VXI,370632.98,15,2010,2010-04-08,We-HOW,Sedan,Petrol,1197,1,0,0,0,0,55139,Private,Dent on door,Alloy wheels,
VEH-10954,ZAJ10Q00D622670364,TN67A8452,MARUTI,VITARA BREZZA,VXI,487674.98,14,2011,2011-04-17,Ka-MYS,SUV,Petrol,1462,1,1,0,1,0,3696,Private,Minor scratches,,
VEH-10955,NUT69S79R718932603,TN52D8745,MARUTI,ERTIGA,1.5 VXI CNG,564676.29,13,2012,2012-11-01,De-NOI,MUV,CNG,1462,1,0,1,1,0,102366,Private,,Alloy wheels,
VEH-10956,RZH92P39Y330908712,TN57C3185,MARUTI,BALENO HATCHBACK,Zeta 1.2,597078.39,8,2017,2017-08-15,Ta-CHE,Hatchback,Petrol,1197,1,0,0,1,1,27686,Private,,,
VEH-10957,GDQ56B31A213579002,DL54C3004,HONDA,CITY,1.5 V MT,1480000.0,0,2025,2025-06-03,De-NOI,Sedan,Petrol,1498,1,0,1,1,0,147698,Private,Dent on door,,2027-05-06
VEH-10958,LUW67K57R195308708,KA53A7799,MARUTI,BALENO HATCHBACK,Zeta 1.2,567224.47,9,2016,2016-10-19,Ma-NAG,Hatchback,Petrol,1197,0,1,0,1,1,148404,Private,,,
VEH-10959,SFD66M63V535336498,WB67C9527,MARUTI,ALTO 800,LXI,227520.04,11,2014,2014-06-03,Ka-MYS,Hatchback,Petrol,796,0,1,0,0,0,101731,Private,Dent on door,,
VEH-10960,CGZ31N62T297664502,KA65A1425,HONDA,AMAZE,VX PETROL,884450.0,2,2023,2023-10-06,Ta-CHE,Sedan,Petrol,1199,1,0,0,1,1,123189,Private,,,
VEH-10961,DND02K59F175577638,DL53A6747,MARUTI,VITARA BREZZA,VDI,855231.56,4,2021,2021-03-19,Ma-NAG,SUV,Diesel,1248,0,1,0,1,0,131926,Private,,,
VEH-10962,QAZ43J88G649049654,KA98A9415,MARUTI,VITARA BREZZA,ZDI PLUS,718484.33,10,2015,2015-03-25,Ka-MYS,SUV,Diesel,1248,0,1,0,1,0,51195,Private,,,
VEH-10963,AKZ79N03I526139964,MH78C9642,HYUNDAI,CRETA,1.4 E Plus,907838.48,7,2018,2018-01-15,Ta-MAD,SUV,Diesel,1582,0,0,0,0,1,136753,Private,Dent on door,Alloy wheels,
VEH-10964,LJR87E21A878074919,MH10A2756,MARUTI,BALENO HATCHBACK,Zeta 1.2,567224.47,9,2016,2016-01-10,Ka-BAN,Hatchback,Petrol,1197,1,0,0,1,0,122912,Private,,Alloy wheels,
VEH-10965,YHR63T50C128861964,UP11B5260,MARUTI,BALENO HATCHBACK,Zeta 1.2,855000.0,1,2024,2024-09-11,Ka-MYS,Hatchback,Petrol,1197,0,1,0,1,0,126606,Commercial,Minor scratches,Alloy wheels,
VEH-10966,YKP69O37A554949000,GJ89D7465,HONDA,CITY,1.5 V MT,1406000.0,1,2024,2024-01-04,Ma-PUN,Sedan,Petrol,1498,0,0,0,1,1,143695,Private,,Alloy wheels,
VEH-10967,ULH86U31A104151152,DL98D3791,MARUTI,SWIFT,1.2 VXi BS IV,502957.61,5,2020,2020-02-06,De-GUR,Hatchback,Petrol,1197,0,1,0,1,1,37896,Private,,Body kit,
VEH-10968,PWX24R47J598383490,RJ59B1160,MARUTI,ALTO 800,LXI,309512.37,5,2020,2020-03-27,De-NOI,Hatchback,Petrol,796,1,0,0,0,0,117306,Commercial,Dent on door,,
VEH-10969,IRH96T46Z815662049,MH80A9387,HONDA,AMAZE,1.2 SMT i-VTEC,631750.0,2,2023,2023-04-19,We-HOW,Sedan,Petrol,1199,0,1,1,0,1,135196,Private,,Body kit,
VEH-10970,OJR38K95M409676486,UP26C3262,HONDA,AMAZE,1.2 SMT i-VTEC,341372.49,14,2011,2011-03-10,Ka-MYS,Sedan,Petrol,1199,1,0,1,1,1,48646,Private,Dent on door,Alloy wheels,
VEH-10971,WHQ37E17K784011283,RJ92D9644,MARUTI,WAGON R,1.0 VXI,378149.65,9,2016,2016-02-24,We-KOL,Hatchback,Petrol,998,1,1,0,1,1,21430,Private,Dent on door,,
VEH-10972,CEI47B51Z822032502,RJ40C4403,MARUTI,BALENO HATCHBACK,Zeta 1.2,486324.08,12,2013,2013-06-22,Ta-MAD,Hatchback,Petrol,1197,1,0,0,1,0,121862,Private,,,
VEH-10973,ZRH80L04Q313719502,TN97C8777,MARUTI,DZIRE,VXI,410673.67,13,2012,2012-06-02,Ta-CHE,Sedan,Petrol,1197,1,1,0,1,0,52744,Private,Minor scratches,,
VEH-10974,IQZ05Z87Y840536088,DL24A6599,MARUTI,SWIFT DZIRE,VDI,767125.0,2,2023,2023-11-07,Ta-COI,Sedan,Diesel,1248,1,1,0,1,1,6496,Private,Dent on door,,
VEH-10975,ZYY44P61K169102795,DL27C4301,HYUNDAI,VENUE,1.2 S PETROL,459306.07,12,2013,2013-03-16,We-HOW,SUV,Petrol,1197,0,0,0,1,1,1037,Private,,,
VEH-10976,AWZ66X34L646450191,DL57D6777,MARUTI,ALTO 800,LXI,227520.04,11,2014,2014-03-11,Ma-PUN,Hatchback,Petrol,796,0,0,0,1,1,67522,Private,,Body kit,
VEH-10977,WFH52E04K660720656,UP25C3762,MARUTI,VITARA BREZZA,VDI,900243.75,3,2022,2022-02-08,Ka-MYS,SUV,Diesel,1248,0,1,1,1,0,9741,Private,Dent on door,,
VEH-10978,BPP26N55H254394025,MH12C3285,MARUTI,VITARA BREZZA,VDI,661761.88,9,2016,2016-02-23,Ka-MYS,SUV,Diesel,1248,0,0,0,0,0,2311,Private,Minor scratches,,
VEH-10979,TIS96W73U225787466,WB87A9837,MARUTI,VITARA BREZZA,VDI,771846.49,6,2019,2019-04-09,We-KOL,SUV,Diesel,1248,0,0,1,1,0,40600,Private,Dent on door,Body kit,
VEH-10980,HEK31P10U156864380,MH85B9482,MARUTI,BALENO HATCHBACK,Delta 1.2,685900.0,3,2022,2022-04-17,De-NOI,Hatchback,Petrol,1197,0,0,1,0,0,44057,Private,,Body kit,2024-02-05
VEH-10981,HQG62V08C931883508,KA74D4420,MARUTI,VITARA BREZZA,ZDI PLUS,756299.29,9,2016,2016-01-18,Ma-NAG,SUV,Diesel,1248,0,0,0,1,1,84314,Private,,,
VEH-10982,MCI45Q30L923702733,MH40A2491,MARUTI,ALTO 800,LXI,380000.0,1,2024,2024-06-25,Ta-CHE,Hatchback,Petrol,796,0,1,0,1,1,145838,Private,Dent on door,,
VEH-10983,PUN73R60P411545766,WB34C9049,HONDA,AMAZE,1.2 SMT i-VTEC,441174.59,9,2016,2016-11-16,Ta-MAD,Sedan,Petrol,1199,1,0,0,1,1,81988,Private,Dent on door,,
VEH-10984,DBB97Y57A802917241,RJ35A5999,MARUTI,SWIFT,VXI,398160.06,11,2014,2014-06-06,Ma-MUM,Hatchback,Petrol,1197,0,1,1,1,1,28424,Private,,,
VEH-10985,MHB89A86S299551101,UP38A7160,HONDA,AMAZE,1.2 SMT i-VTEC,419115.86,10,2015,2015-08-08,Ma-NAG,Sedan,Petrol,1199,0,0,0,1,1,121248,Private,,Body kit,
VEH-10986,LNH53M33B974927867,KA84C7155,MARUTI,ALTO 800,LXI,361000.0,2,2023,2023-01-12,Ta-MAD,Hatchback,Petrol,796,1,1,0,1,1,133432,Private,Dent on door,Body kit,2024-07-17
VEH-10987,PAR07K94N211783248,GJ28B1184,TOYOTA KIRLOSKAR,INNOVA CRYSTA,2.8 ZX AT 7 STR,1815676.97,7,2018,2018-06-17,Ta-COI,MUV,Diesel,2755,0,0,0,1,1,3686,Private,Minor scratches,,
VEH-10988,ERO02P75P175273988,KA43D2086,MARUTI,ALTO 800,LXI,380000.0,1,2024,2024-08-09,Ka-BAN,Hatchback,Petrol,796,0,0,0,1,1,79464,Private,,,2026-06-22
VEH-10989,JRM01W08E411435466,DL35C6986,HYUNDAI,VENUE,1.2 S PETROL,483480.08,11,2014,2014-02-05,We-KOL,SUV,Petrol,1197,0,0,0,0,1,101243,Private,Minor scratches,,
VEH-10990,OPD71W42M557799806,TN78A9876,HYUNDAI,GRAND I10 NIOS,SPORTZ 1.2 KAPPA VTVT,378252.06,12,2013,2013-04-10,Ma-MUM,Hatchback,Petrol,1197,0,0,0,1,0,121851,Private,,Body kit,2015-07-27
VEH-10991,TWO40I81Q310304403,DL22B7052,MARUTI,SWIFT DZIRE,VDI,624828.11,6,2019,2019-04-08,Ta-CHE,Sedan,Diesel,1248,0,1,0,0,1,22010,Private,Minor scratches,,
VEH-10992,MIP70N82I411049449,GJ12B2228,MARUTI,SWIFT DZIRE,VDI,393797.55,15,2010,2010-09-21,Ta-MAD,Sedan,Diesel,1248,1,1,0,1,0,64683,Private,,Body kit,
VEH-10993,LHE92A28W072390008,RJ83B5877,MARUTI,SWIFT,1.2 VXi BS IV,351234.06,12,2013,2013-04-16,Ta-COI,Hatchback,Petrol,1197,0,0,1,1,1,93867,Private,,Alloy wheels,
VEH-10994,PRC69Q09U093559706,KA28D9677,HYUNDAI,GRAND I10,SPORTZ 1.2 KAPPA VTVT,296506.39,15,2010,2010-04-13,We-KOL,Hatchback,Petrol,1197,1,0,0,1,1,127160,Private,,,2012-04-04
VEH-10995,DRJ48H68D602721282,DL37D4994,MARUTI,ALTO 800,LXI,216144.04,12,2013,2013-11-28,Ma-MUM,Hatchback,Petrol,796,1,1,1,1,1,122523,Private,,Alloy wheels,
VEH-10996,BZZ08L50Y189396356,WB48B1143,MARUTI,VITARA BREZZA,ZDI PLUS,1140000.0,1,2024,2024-07-07,Ta-CHE,SUV,Diesel,1248,0,0,0,1,0,140254,Private,,Body kit,
VEH-10997,OTN95U30Q671325593,TN14D5258,MARUTI,DZIRE,VXI,722000.0,2,2023,2023-09-21,Ma-MUM,Sedan,Petrol,1197,1,0,0,0,0,139957,Private,,,
VEH-10998,DYC34M01H907725626,MH27C6943,MARUTI,VITARA BREZZA,VDI,486455.79,15,2010,2010-10-26,Ma-MUM,SUV,Diesel,1248,0,1,0,1,1,99496,Private,Minor scratches,,
VEH-10999,CWN52H62N067350831,MH32C9269,MARUTI,SWIFT,VXI,488836.11,7,2018,2018-02-18,Ka-MYS,Hatchback,Petrol,1197,1,1,1,0,1,129970,Private,,,2019-04-14
VEH-11000,CTS01S72K775909296,MH94C2469,MARUTI,ALTO 800,LXI,227520.04,11,2014,2014-07-07,Ka-BAN,Hatchback,Petrol,796,1,1,0,0,1,61220,Private,,Body kit,
VEH-11001,ROX00J19S173470672,WB60C3390,TOYOTA KIRLOSKAR,INNOVA CRYSTA,2.8 ZX AT 7 STR,2011830.44,5,2020,2020-08-28,Ka-BAN,MUV,Diesel,2755,0,0,0,1,1,90397,Private,,Body kit,
VEH-11002,GXN18M28F870518439,WB76D3922,MARUTI,ALTO 800,LXI,294036.76,6,2019,2019-07-01,Ma-NAG,Hatchback,Petrol,796,1,1,0,1,1,126366,Commercial,Dent on door,Body kit,
VEH-11003,ZXC33L66V482937427,UP99B5279,MAHINDRA,BOLERO,B6 (O),598736.94,10,2015,2015-11-15,Ka-MYS,SUV,Diesel,1498,1,1,0,1,1,117976,Private,Dent on door,,
VEH-11004,YHZ10S12I312266299,GJ42A5546,HONDA,AMAZE,1.2 VXMT i-VTEC,529552.89,12,2013,2013-08-09,Ta-MAD,Sedan,Petrol,1199,1,1,0,1,0,147330,Private,Minor scratches,Alloy wheels,
VEH-11005,CKX79M68Y748376805,WB89A9488,MAHINDRA,SCORPIO,S5 2WD 7STR,945374.11,9,2016,2016-09-09,We-KOL,SUV,Diesel,2184,1,0,1,1,1,40081,Private,,Alloy wheels,
VEH-11006,TOR76K60O319320624,MH21A9373,MARUTI,WAGON R,1.0 LXI CNG,502957.61,5,2020,2020-08-11,Ma-NAG,Hatchback,CNG,998,1,0,0,0,1,44997,Private,Minor scratches,Alloy wheels,2021-10-13
VEH-11007,GOD09P14Q608171434,GJ87C8140,MARUTI,BALENO HATCHBACK,Delta 1.2,455040.07,11,2014,2014-10-06,De-NEW,Hatchback,Petrol,1197,1,0,1,1,1,92314,Private,,,2016-10-19
VEH-11008,IJE37N52N677890202,DL97C2155,HONDA,AMAZE,1.2 SMT i-VTEC,398160.06,11,2014,2014-08-04,We-HOW,Sedan,Petrol,1199,0,0,1,1,1,2740,Private,,Body kit,
VEH-11009,TQJ61W18Y229744345,DL71B9858,MARUTI,SWIFT DZIRE,VDI,414523.73,14,2011,2011-11-18,Ma-NAG,Sedan,Diesel,1248,1,0,0,0,0,1699,Private,,Body kit,
VEH-11010,RTL94L69A735906120,MH81B9045,MARUTI,WAGON R,1.0 LXI CNG,586625.0,2,2023,2023-01-07,De-NEW,Hatchback,CNG,998,1,0,1,1,0,69542,Private,,,2024-05-03
VEH-11011,NZZ40D08I704994021,TN15B6619,MARUTI,SWIFT,VDI (DIESEL),800000.0,0,2025,2025-04-01,Ka-MYS,Hatchback,Diesel,1248,0,1,0,1,0,119146,Private,,,
VEH-11012,EUP53R92C193799070,DL79D3997,MARUTI,BALENO HATCHBACK,Zeta 1.2,733055.62,4,2021,2021-04-09,We-KOL,Hatchback,Petrol,1197,0,0,0,1,1,82393,Private,Dent on door,Body kit,
VEH-11013,NRR37C63G001882822,TN24D8781,MARUTI,BALENO HATCHBACK,Zeta 1.2,661582.7,6,2019,2019-03-11,Ka-MYS,Hatchback,Petrol,1197,1,0,0,1,1,131183,Private,Minor scratches,,
VEH-11014,SJQ70I84Y488499449,GJ93C7994,MARUTI,BALENO HATCHBACK,Zeta 1.2,661582.7,6,2019,2019-05-13,We-KOL,Hatchback,Petrol,1197,0,0,0,1,1,134135,Private,,Alloy wheels,
VEH-11015,CDO53P91I761662716,KA15D5564,MARUTI,SWIFT,1.2 VXi BS IV,617500.0,1,2024,2024-04-23,Ma-NAG,Hatchback,Petrol,1197,0,0,0,1,0,148116,Private,Dent on door,,
VEH-11016,FOQ28K58D559336355,DL96C5983,HONDA,AMAZE,1.5 SMT i-DTEC,393797.55,15,2010,2010-09-12,We-KOL,Sedan,Diesel,1498,1,0,0,1,1,8836,Private,Dent on door,Alloy wheels,
VEH-11017,KDT94L31E847152455,WB76B8357,MARUTI,BALENO HATCHBACK,Delta 1.2,651605.0,4,2021,2021-08-14,We-KOL,Hatchback,Petrol,1197,0,1,0,1,0,87448,Commercial,,,
VEH-11018,QTR87V04A859598854,MH73A3424,HONDA,AMAZE,1.2 VXMT i-VTEC,529552.89,12,2013,2013-06-08,Ma-NAG,Sedan,Petrol,1199,1,1,0,1,0,30611,Private,,,
VEH-11019,DYN39Q74H462703099,DL29B5565,MARUTI,VITARA BREZZA,VXI,487674.98,14,2011,2011-04-14,Ta-MAD,SUV,Petrol,1462,1,1,1,1,0,42020,Private,,Alloy wheels,
VEH-11020,JLD77I05O433518157,TN56B2084,MARUTI,WAGON R,1.0 VXI,488703.75,4,2021,2021-04-09,De-NOI,Hatchback,Petrol,998,0,1,0,1,0,7925,Private,Minor scratches,,
VEH-11021,TFL56B18R058107416,RJ20D9803,MARUTI,SWIFT DZIRE,VDI,459306.07,12,2013,2013-01-24,Ma-MUM,Sedan,Diesel,1248,0,1,0,1,0,101827,Private,Dent on door,Alloy wheels,
VEH-11022,SVL24E23Y432359226,WB61D9313,HYUNDAI,CRETA,1.4 E Plus,1173250.0,2,2023,2023-03-09,Ma-MUM,SUV,Diesel,1582,1,1,0,0,1,109494,Private,,Alloy wheels,2025-10-26
VEH-11023,GCU92G60Q578464669,GJ31C8883,HONDA,AMAZE,VX PETROL,557424.09,11,2014,2014-02-17,Ka-MYS,Sedan,Petrol,1199,0,0,0,0,1,85782,Private,Minor scratches,Alloy wheels,
VEH-11024,JRF65K37K017631803,GJ42A2437,HYUNDAI,CRETA,1.5 E DIESEL,1110075.0,2,2023,2023-06-16,We-KOL,SUV,Diesel,1493,1,0,0,1,0,136143,Private,Minor scratches,,
VEH-11025,VMK35X76X642551886,DL43D1778,MARUTI,VITARA BREZZA,ZDI PLUS,1028850.0,3,2022,2022-12-04,Ta-MAD,SUV,Diesel,1248,0,1,0,1,0,69092,Private,Dent on door,,
VEH-11026,HKE50E08A738874635,GJ61C2971,MARUTI,SWIFT,1.2 VXi BS IV,369720.06,11,2014,2014-11-11,De-NOI,Hatchback,Petrol,1197,0,1,0,0,1,141584,Private,,Body kit,
VEH-11027,UHL23X59B387391634,UP19B1395,HYUNDAI,GRAND I10 NIOS,SPORTZ 1.2 KAPPA VTVT,488836.11,7,2018,2018-01-22,De-GUR,Hatchback,Petrol,1197,0,0,1,0,1,34401,Commercial,Dent on door,Body kit,
VEH-11028,YWN85A85P374720129,DL65C2828,TOYOTA KIRLOSKAR,INNOVA CRYSTA,2.4 V 8S,1800487.5,3,2022,2022-04-02,Ma-PUN,MUV,Diesel,2393,0,0,0,1,1,59197,Private,Dent on door,,
VEH-11029,WYL10J88L593246113,DL90D2539,MARUTI,WAGON R,1.0 LXI CNG,502957.61,5,2020,2020-07-09,Ta-CHE,Hatchback,CNG,998,0,1,0,0,1,13544,Private,,,
VEH-11030,DRI40W83D127156756,UP82A6904,MARUTI,BALENO HATCHBACK,Delta 1.2,370632.98,15,2010,2010-10-16,Ta-CHE,Hatchback,Petrol,1197,1,0,0,0,0,60499,Private,,Alloy wheels,
VEH-11031,JAH54M42B834536508,RJ75D5332,MAHINDRA,SCORPIO,S9 2WD 7STR,780279.97,14,2011,2011-03-05,Ka-BAN,SUV,Diesel,2184,1,0,0,0,0,18097,Private,,,
VEH-11032,KDA52X56S843624175,TN72C5296,HYUNDAI,CRETA,1.5 E DIESEL,1001842.69,4,2021,2021-06-13,Ta-COI,SUV,Diesel,1493,0,1,0,1,0,119748,Private,Minor scratches,,
VEH-11033,LRW99Y95H621267794,UP92A9253,HYUNDAI,CRETA,1.5 E DIESEL,1054571.25,3,2022,2022-12-23,De-GUR,SUV,Diesel,1493,1,1,1,1,0,39869,Private,Minor scratches,,
VEH-11034,UKJ68Y67D865216340,UP93B2879,HYUNDAI,CRETA,1.4 E Plus,955619.46,6,2019,2019-05-26,Ma-PUN,SUV,Diesel,1582,1,1,1,1,1,50685,Private,,,
VEH-11035,RZX58V34I417652256,RJ71B2390,HONDA,AMAZE,1.2 VXMT i-VTEC,650152.02,8,2017,2017-09-20,Ma-MUM,Sedan,Petrol,1199,0,0,1,1,0,143485,Private,,,2020-02-03
VEH-11036,RHS76P53J832986732,DL19C6028,MAHINDRA,SCORPIO,S11 2WD 7STR,1023840.17,11,2014,2014-02-22,De-NEW,SUV,Diesel,2184,0,0,0,0,0,148405,Private,,,
VEH-11037,GTM80I45R870738412,KA07D1699,HONDA,AMAZE,1.2 SMT i-VTEC,700000.0,0,2025,2025-01-11,Ma-MUM,Sedan,Petrol,1199,1,1,1,1,1,127125,Private,,,
VEH-11038,HMG81F66W971488716,MH01A2088,HONDA,AMAZE,1.2 SMT i-VTEC,570154.37,4,2021,2021-01-26,Ka-BAN,Sedan,Petrol,1199,0,0,1,0,0,48216,Private,Minor scratches,,
VEH-11039,DWF18D70R512539992,RJ46B5429,MARUTI,ALTO,K10 VXI,329305.32,10,2015,2015-04-22,We-HOW,Hatchback,Petrol,998,0,0,0,1,1,46072,Private,,,
VEH-11040,WSD00S13P928016438,UP66B4666,MARUTI,SWIFT,VXI,359339.46,13,2012,2012-05-21,Ta-COI,Hatchback,Petrol,1197,1,0,1,0,0,45377,Private,,,
VEH-11041,UHF55L51C948025670,MH72C2065,HYUNDAI,CRETA,1.4 E Plus,1005915.22,5,2020,2020-11-10,Ma-NAG,SUV,Diesel,1582,0,1,0,1,1,84654,Private,,Body kit,
VEH-11042,QXZ55E52O241785851,UP81D2121,MARUTI,SWIFT,1.2 VXi BS IV,586625.0,2,2023,2023-08-09,We-KOL,Hatchback,Petrol,1197,1,0,0,0,0,143797,Private,Minor scratches,,2024-10-04
VEH-11043,WMM17O08M940523945,GJ57B6839,MARUTI,SWIFT,1.2 VXi BS IV,409662.12,9,2016,2016-09-04,We-KOL,Hatchback,Petrol,1197,1,0,0,1,0,127369,Private,Minor scratches,,
VEH-11044,ARB66N82Q446596018,DL54C3681,MARUTI,BALENO HATCHBACK,Zeta 1.2,538863.25,10,2015,2015-02-22,Ma-NAG,Hatchback,Petrol,1197,1,0,0,1,0,23684,Private,,,
VEH-11045,MMX62T54R971219796,TN20A2298,MARUTI,SWIFT,VXI,700000.0,0,2025,2025-05-03,Ka-BAN,Hatchback,Petrol,1197,0,0,0,1,1,35761,Private,,Alloy wheels,
VEH-11046,OQR02T02S580912688,KA58A5874,HYUNDAI,CRETA,1.5 E DIESEL,816007.13,8,2017,2017-03-06,Ka-BAN,SUV,Diesel,1493,1,1,0,0,1,116367,Private,,Body kit,
VEH-11047,FJG97S59T720773779,MH06A8795,MARUTI,VITARA BREZZA,ZDI PLUS,1028850.0,3,2022,2022-09-27,Ma-MUM,SUV,Diesel,1248,0,0,1,1,0,20872,Private,,Alloy wheels,
VEH-11048,LST21D81E762646394,UP56B1062,MARUTI,ERTIGA,1.5 VXI CNG,693274.35,9,2016,2016-04-13,Ma-NAG,MUV,CNG,1462,1,0,0,1,1,66458,Private,Minor scratches,Body kit,
VEH-11049,KQX24S70Y017499719,DL18C3414,HYUNDAI,CRETA,1.4 E Plus,1005915.22,5,2020,2020-12-24,Ka-BAN,SUV,Diesel,1582,0,1,1,1,0,24647,Private,,Body kit,
VEH-11050,ZYP84Z74T001629006,UP19D4287,HYUNDAI,CRETA,1.4 E Plus,778358.02,10,2015,2015-07-08,Ka-BAN,SUV,Diesel,1582,0,1,0,1,1,73275,Private,,,
VEH-11051,UMU21K79Y123033802,WB54B3140,MARUTI,SWIFT,1.2 VXi BS IV,389179.01,10,2015,2015-06-11,Ta-MAD,Hatchback,Petrol,1197,0,0,0,1,1,56027,Private,,,
VEH-11052,DGX96Y78L009990121,KA77A8456,MARUTI,WAGON R,1.0 VXI,488703.75,4,2021,2021-08-11,Ma-MUM,Hatchback,Petrol,998,0,1,0,1,0,89665,Private,Dent on door,Alloy wheels,
VEH-11053,VHP80N40T429439447,GJ54B8674,TOYOTA KIRLOSKAR,INNOVA CRYSTA,2.8 ZX AT 7 STR,2470000.0,1,2024,2024-07-17,Ta-MAD,MUV,Diesel,2755,1,0,1,1,1,2577,Commercial,Minor scratches,Alloy wheels,
VEH-11054,KPL75C65P632834795,MH82B3132,MARUTI,BALENO HATCHBACK,Zeta 1.2,628503.57,7,2018,2018-12-10,Ta-MAD,Hatchback,Petrol,1197,0,0,0,1,1,71665,Private,Dent on door,Alloy wheels,2021-08-20
VEH-11055,FEI02P30M052938727,DL93C3148,MARUTI,ERTIGA,1.5 VXI CNG,729762.47,8,2017,2017-04-12,Ma-MUM,MUV,CNG,1462,1,0,1,1,0,56656,Private,Minor scratches,Alloy wheels,2020-01-01
VEH-11056,QQX60K53O443129900,MH75C9979,MARUTI,VITARA BREZZA,ZDI PLUS,555949.48,15,2010,2010-02-05,Ma-PUN,SUV,Diesel,1248,0,0,1,0,1,45836,Private,,,
VEH-11057,FUX00F47G379638887,DL70A6406,MARUTI,ALTO 800,LXI,205336.83,13,2012,2012-08-01,Ma-MUM,Hatchback,Petrol,796,0,0,1,1,0,74567,Private,Dent on door,Body kit,2014-03-27
VEH-11058,KNW44L16B024143323,MH33C1420,HONDA,AMAZE,1.2 SMT i-VTEC,570154.37,4,2021,2021-08-27,Ka-MYS,Sedan,Petrol,1199,0,1,0,1,1,87246,Private,,Alloy wheels,
VEH-11059,TWZ24H98C621146997,WB02B6210,MARUTI,SWIFT,VXI,541646.66,5,2020,2020-05-11,Ka-MYS,Hatchback,Petrol,1197,0,0,0,1,0,9336,Private,,,
VEH-11060,CIM20T76Y218534421,KA39C6122,MARUTI,SWIFT,1.2 VXi BS IV,502957.61,5,2020,2020-10-05,Ta-CHE,Hatchback,Petrol,1197,0,0,0,1,1,19312,Private,Minor scratches,,
VEH-11061,YHR26S75M084139705,GJ62D9449,MARUTI,SWIFT,VDI (DIESEL),530736.35,8,2017,2017-03-16,Ta-COI,Hatchback,Diesel,1248,0,1,0,1,0,48414,Private,,,
VEH-11062,WJE98I11I151627907,WB25C4787,HONDA,AMAZE,1.2 VXMT i-VTEC,617644.42,9,2016,2016-10-10,Ta-MAD,Sedan,Petrol,1199,1,1,0,1,1,42934,Private,Dent on door,Body kit,
VEH-11063,LBK17F80G675593811,TN07A9841,HYUNDAI,CRETA,1.5 E DIESEL,904163.03,6,2019,2019-12-01,Ma-MUM,SUV,Diesel,1493,0,0,0,0,1,75149,Private,Dent on door,Alloy wheels,
VEH-11064,PQW84N83C717444326,GJ50C6232,HONDA,CITY,1.5 V MT,759746.28,13,2012,2012-07-09,Ta-COI,Sedan,Petrol,1498,0,1,0,0,1,16981,Private,,Body kit,
VEH-11065,QXR49M41R372344597,MH69C4349,MARUTI,WAGON R,1.0 VXI,570000.0,1,2024,2024-08-05,Ma-PUN,Hatchback,Petrol,998,1,0,0,0,0,112104,Private,Minor scratches,,2026-03-18
VEH-11066,SEI28H86L176329372,WB56C5763,MARUTI,BALENO HATCHBACK,Zeta 1.2,696402.84,5,2020,2020-07-27,Ka-BAN,Hatchback,Petrol,1197,1,1,0,0,1,93995,Commercial,,Alloy wheels,
VEH-11067,ZWN26C79Y241875560,MH26A7386,MARUTI,VITARA BREZZA,ZDI PLUS,648432.11,12,2013,2013-11-03,Ta-COI,SUV,Diesel,1248,0,0,0,1,0,130377,Private,,,
VEH-11068,BLJ51A05D773305425,MH49B3099,MARUTI,ERTIGA,1.5 VXI CNG,943112.5,3,2022,2022-01-02,De-NEW,MUV,CNG,1462,1,1,0,0,0,124030,Private,,Body kit,
VEH-11069,TNL57Z05G387449507,DL23A3680,HYUNDAI,GRAND I10,SPORTZ 1.2 KAPPA VTVT,577600.0,2,2023,2023-09-09,Ma-MUM,Hatchback,Petrol,1197,1,0,0,1,1,103081,Private,Minor scratches,Body kit,
VEH-11070,NRY20D39H321018129,MH91A6225,HONDA,AMAZE,1.2 SMT i-VTEC,665000.0,1,2024,2024-02-06,We-KOL,Sedan,Petrol,1199,1,1,0,1,0,26067,Private,,,
VEH-11071,EXH94Q17Q588893342,KA39A8697,MARUTI,BALENO HATCHBACK,Delta 1.2,619024.75,5,2020,2020-10-06,Ma-NAG,Hatchback,Petrol,1197,0,1,0,1,1,104109,Private,,,2023-05-14
VEH-11072,AJC95E17G692885760,UP34B6360,MAHINDRA,SCORPIO,S11 2WD 7STR,1323165.4,6,2019,2019-03-21,We-KOL,SUV,Diesel,2184,0,1,0,0,0,133793,Private,Minor scratches,,
VEH-11073,UDM00O84E374145847,DL41C4264,MARUTI,BALENO HATCHBACK,Delta 1.2,588073.51,6,2019,2019-06-11,We-HOW,Hatchback,Petrol,1197,1,0,0,0,1,4638,Private,,,
VEH-11074,XNX32F37H437475783,MH38A9111,MARUTI,VITARA BREZZA,VXI,663420.43,8,2017,2017-08-13,Ta-CHE,SUV,Petrol,1462,0,0,0,1,0,3027,Private,,,
VEH-11075,JAO87V40W680547874,TN88D1892,MARUTI,DZIRE,VXI,370632.98,15,2010,2010-09-23,We-HOW,Sedan,Petrol,1197,1,1,0,1,1,117598,Private,Minor scratches,Body kit,
VEH-11076,MRC97T23M304643285,KA58B5966,MARUTI,ALTO 800,LXI,185316.49,15,2010,2010-12-25,Ta-MAD,Hatchback,Petrol,796,1,1,1,1,0,71295,Private,Minor scratches,Body kit,
VEH-11077,QBZ17F43T272538118,TN99C5364,HONDA,CITY,1.5 V MT,1268915.0,3,2022,2022-05-09,Ma-NAG,Sedan,Petrol,1498,0,1,0,1,1,104614,Private,,,
VEH-11078,IIC02T34I031656497,KA67A6099,MARUTI,VITARA BREZZA,VXI,513342.08,13,2012,2012-05-26,Ma-NAG,SUV,Petrol,1462,1,0,0,1,1,129380,Private,Minor scratches,,
VEH-11079,CTP07D63V293561438,UP39A5408,MARUTI,DZIRE,VXI,760000.0,1,2024,2024-09-03,De-NEW,Sedan,Petrol,1197,0,0,1,1,1,64367,Private,Dent on door,,
VEH-11080,OMX53J28K285471411,KA53C8545,MARUTI,SWIFT DZIRE,VDI,436340.77,13,2012,2012-05-13,Ma-NAG,Sedan,Diesel,1248,0,1,1,1,1,103013,Private,Dent on door,,
VEH-11081,ZKU54K94S304932560,UP01C9002,HYUNDAI,GRAND I10,SPORTZ 1.2 KAPPA VTVT,608000.0,1,2024,2024-12-03,Ka-MYS,Hatchback,Petrol,1197,0,0,0,0,0,27577,Private,Minor scratches,Alloy wheels,
VEH-11082,ZOA68B92Q625555760,WB29D6739,HONDA,AMAZE,1.2 VXMT i-VTEC,758305.32,5,2020,2020-10-11,Ma-NAG,Sedan,Petrol,1199,1,1,1,1,1,149806,Private,Dent on door,,
VEH-11083,XPO34X65B642375613,GJ32D9781,MARUTI,DZIRE,VXI,800000.0,0,2025,2025-01-25,We-HOW,Sedan,Petrol,1197,0,0,0,1,1,40351,Private,Minor scratches,Alloy wheels,
VEH-11084,FLK49Z07D954422454,KA50B6443,MAHINDRA,THAR,LX HARD TOP AT 4STR DIESEL,1315427.59,5,2020,2020-01-22,Ma-PUN,SUV,Diesel,2184,1,1,0,1,1,122207,Private,Dent on door,,
VEH-11085,WOO55A30H591018801,RJ71B8398,MARUTI,DZIRE,VXI,760000.0,1,2024,2024-10-09,Ka-BAN,Sedan,Petrol,1197,0,1,0,1,1,5167,Private,,Alloy wheels,
VEH-11086,ZTT51L05Z686347617,WB52A3544,MARUTI,ERTIGA,1.5 VXI CNG,625680.1,11,2014,2014-06-03,Ka-MYS,MUV,CNG,1462,1,1,0,1,0,80831,Private,Minor scratches,,
VEH-11087,YRF80V63U848682192,TN33A5420,MARUTI,ERTIGA,1.5 VXI CNG,808601.08,6,2019,2019-04-20,Ma-NAG,MUV,CNG,1462,0,1,0,1,0,93363,Private,Dent on door,,
VEH-11088,LSA61Q57E745968061,DL23D7005,MARUTI,ALTO 800,LXI,252099.76,9,2016,2016-03-26,We-HOW,Hatchback,Petrol,796,1,1,1,1,1,30706,Private,Dent on door,Body kit,
VEH-11089,GQJ80C41L729124764,KA30D3705,HONDA,AMAZE,1.2 VXMT i-VTEC,840227.5,3,2022,2022-07-12,Ta-CHE,Sedan,Petrol,1199,1,0,0,1,0,41203,Commercial,,Body kit,
VEH-11090,DLV04P72S923301199,WB57B8281,TOYOTA KIRLOSKAR,INNOVA CRYSTA,2.8 Z 7 STR,2256250.0,2,2023,2023-03-18,Ka-MYS,MUV,Diesel,2755,0,1,0,1,1,109578,Private,,,
VEH-11091,TMS32S23E535172617,TN23D1837,HYUNDAI,GRAND I10,SPORTZ 1.2 KAPPA VTVT,296506.39,15,2010,2010-05-10,Ta-COI,Hatchback,Petrol,1197,0,0,1,0,0,40805,Commercial,Minor scratches,,2013-01-12
VEH-11092,IUR90Q63E643661772,WB95C1392,HYUNDAI,GRAND I10,SPORTZ 1.2 KAPPA VTVT,608000.0,1,2024,2024-10-17,Ka-MYS,Hatchback,Petrol,1197,0,0,0,1,0,87279,Private,,Alloy wheels,
VEH-11093,ZGB98H63C391185583,DL42A4603,MARUTI,WAGON R,1.0 VXI,398052.26,8,2017,2017-01-21,Ma-MUM,Hatchback,Petrol,998,1,0,0,1,0,136299,Private,Dent on door,,2019-08-25
VEH-11094,BAC68H97A792128412,KA61D9100,MARUTI,VITARA BREZZA,VXI,698337.3,7,2018,2018-06-07,Ma-MUM,SUV,Petrol,1462,0,1,0,0,1,88826,Private,,Alloy wheels,
VEH-11095,LTE80O99I344917392,DL81B6442,MARUTI,ALTO,K10 VXI,447978.44,4,2021,2021-08-28,Ma-NAG,Hatchback,Petrol,998,0,0,0,1,1,54137,Private,Minor scratches,,
VEH-11096,BYX82H28Q056180771,KA24A8740,MARUTI,ALTO 800,LXI,195069.99,14,2011,2011-05-18,Ma-MUM,Hatchback,Petrol,796,0,0,0,1,1,121922,Private,Dent on door,,
VEH-11097,MAZ45H35S597203057,DL09C1014,HONDA,AMAZE,1.2 VXMT i-VTEC,454025.41,15,2010,2010-10-24,Ma-MUM,Sedan,Petrol,1199,0,0,0,1,1,71726,Private,,Alloy wheels,
VEH-11098,KVD71V88U870015329,KA97B9967,MARUTI,SWIFT,1.2 VXi BS IV,409662.12,9,2016,2016-08-15,Ta-COI,Hatchback,Petrol,1197,0,1,0,1,1,132429,Private,,Body kit,2017-10-01
VEH-11099,ZNL06R51V350520557,GJ73C6456,HONDA,AMAZE,1.5 SMT i-DTEC,657713.8,5,2020,2020-05-11,Ma-MUM,Sedan,Diesel,1498,0,0,0,0,1,3324,Private,,,
VEH-11100,HSJ46G82V967112068,MH53D3072,TOYOTA KIRLOSKAR,INNOVA CRYSTA,2.8 ZX AT 7 STR,1556716.04,10,2015,2015-01-04,Ta-MAD,MUV,Diesel,2755,0,1,0,1,1,115411,Private,,,2016-02-04
VEH-11101,WUK10G83Z608088910,TN69C5314,MARUTI,DZIRE,VXI,619024.75,5,2020,2020-05-04,Ma-PUN,Sedan,Petrol,1197,0,0,1,1,0,140223,Private,,Alloy wheels,
VEH-11102,HZS50P96J217441345,TN94D8718,HONDA,AMAZE,1.2 SMT i-VTEC,570154.37,4,2021,2021-09-07,Ma-PUN,Sedan,Petrol,1199,1,1,0,1,1,98697,Private,Dent on door,,2024-02-10
VEH-11103,AJS79Q61J696967631,GJ06C7305,HYUNDAI,GRAND I10 NIOS,SPORTZ 1.2 KAPPA VTVT,441174.59,9,2016,2016-04-20,Ma-NAG,Hatchback,Petrol,1197,0,1,0,0,1,106221,Private,Dent on door,Alloy wheels,
VEH-11104,PNU06F51Q534768644,MH49A9118,HONDA,AMAZE,1.2 VXMT i-VTEC,884450.0,2,2023,2023-04-07,Ka-MYS,Sedan,Petrol,1199,0,0,1,0,0,26736,Private,,Alloy wheels,
VEH-11105,CNW89H47A999748838,KA07C8592,MAHINDRA,THAR,LX HARD TOP AT 4STR DIESEL,1071424.0,9,2016,2016-03-03,We-HOW,SUV,Diesel,2184,1,0,1,1,1,31974,Private,Minor scratches,Alloy wheels,
VEH-11106,NWE79J84I405299002,WB44D1189,MARUTI,SWIFT,1.2 VXi BS IV,477809.73,6,2019,2019-02-04,Ma-PUN,Hatchback,Petrol,1197,0,1,0,1,0,109298,Private,,Body kit,
VEH-11107,ANE26H45K311231381,KA87A5841,MARUTI,DZIRE,VXI,370632.98,15,2010,2010-01-27,Ma-MUM,Sedan,Petrol,1197,0,1,0,1,0,4425,Private,,,2012-09-07
VEH-11108,FAV44L93B963527927,KA75C5291,MARUTI,SWIFT,VXI,464394.3,8,2017,2017-11-23,Ta-COI,Hatchback,Petrol,1197,0,0,0,1,1,107562,Private,,,
VEH-11109,IMS10H51H507319055,RJ43C6367,HONDA,CITY,1.5 V MT,886130.67,10,2015,2015-04-01,Ma-PUN,Sedan,Petrol,1498,1,0,0,0,0,7803,Private,,,
VEH-11110,UQY75I91Z026542590,RJ15B8047,MARUTI,WAGON R,1.0 LXI CNG,431223.28,8,2017,2017-12-01,Ma-MUM,Hatchback,CNG,998,0,0,0,1,0,97079,Commercial,Minor scratches,Body kit,2019-12-28
VEH-11111,XYW42N51T045275663,DL88A7817,MARUTI,ALTO,K10 VXI,404300.54,6,2019,2019-01-14,De-NOI,Hatchback,Petrol,998,1,1,0,1,1,81946,Private,,,
VEH-11112,JTA78Y00T439316043,RJ66B7041,MARUTI,SWIFT,1.2 VXi BS IV,529429.06,4,2021,2021-02-16,Ma-PUN,Hatchback,Petrol,1197,0,1,1,1,0,68685,Private,Minor scratches,,
VEH-11113,AAN86W09F062777535,DL88D2042,HONDA,AMAZE,1.2 SMT i-VTEC,570154.37,4,2021,2021-06-23,Ta-CHE,Sedan,Petrol,1199,0,1,0,1,1,40974,Private,Minor scratches,Body kit,
VEH-11114,AGF23R47M796761311,KA90C7194,HYUNDAI,GRAND I10 NIOS,SPORTZ 1.2 KAPPA VTVT,341372.49,14,2011,2011-12-07,De-NEW,Hatchback,Petrol,1197,0,0,1,1,0,127330,Private,,Body kit,
VEH-11115,WMN93G48B607726516,WB63A7375,MARUTI,SWIFT,1.2 VXi BS IV,617500.0,1,2024,2024-09-22,Ka-BAN,Hatchback,Petrol,1197,1,1,0,1,1,104518,Private,Dent on door,,
VEH-11116,KGD73A67V158680683,KA73B7181,MARUTI,WAGON R,1.0 VXI,341280.06,11,2014,2014-07-02,Ma-NAG,Hatchback,Petrol,998,1,1,0,1,1,138914,Private,Minor scratches,Alloy wheels,
VEH-11117,DTN12L65D308793306,UP64A6270,HYUNDAI,CRETA,1.5 E DIESEL,569848.21,15,2010,2010-04-26,Ma-NAG,SUV,Diesel,1493,1,0,0,1,1,142854,Private,Dent on door,,
VEH-11118,AJI34J35U309700489,UP53C3926,HONDA,AMAZE,1.2 SMT i-VTEC,631750.0,2,2023,2023-08-12,Ma-PUN,Sedan,Petrol,1199,0,0,0,1,0,16468,Private,Dent on door,Alloy wheels,
VEH-11119,MNO87V23L486940707,TN73D4068,MARUTI,ALTO 800,LXI,380000.0,1,2024,2024-11-14,We-HOW,Hatchback,Petrol,796,0,1,0,1,0,48858,Private,,,
VEH-11120,UMW44K84I373152360,KA73A5707,MARUTI,DZIRE,VXI,588073.51,6,2019,2019-04-02,De-NOI,Sedan,Petrol,1197,0,1,1,1,0,112633,Private,Dent on door,,
VEH-11121,RRO70W71F285359427,DL80B1216,HONDA,AMAZE,1.2 SMT i-VTEC,324303.86,15,2010,2010-06-21,Ka-MYS,Sedan,Petrol,1199,1,1,0,1,0,91450,Private,,Alloy wheels,
VEH-11122,NDV02X53P966649422,DL93C2199,HYUNDAI,CRETA,1.4 E Plus,1058858.12,4,2021,2021-11-04,Ma-NAG,SUV,Diesel,1582,1,1,0,1,1,127725,Private,,,2023-10-24
VEH-11123,UAF32K40H256142536,MH26B8388,MARUTI,DZIRE,VXI,390139.98,14,2011,2011-08-20,Ma-PUN,Sedan,Petrol,1197,1,0,0,0,1,81745,Private,,,
VEH-11124,DCD24K18R196748520,GJ46A4040,MARUTI,VITARA BREZZA,ZDI PLUS,977407.5,4,2021,2021-05-03,Ta-MAD,SUV,Diesel,1248,0,0,0,0,0,74391,Private,Minor scratches,Alloy wheels,
VEH-11125,XCV41J30R515437143,MH90D8056,HYUNDAI,CRETA,1.4 E Plus,778358.02,10,2015,2015-08-16,Ta-COI,SUV,Diesel,1582,0,0,0,0,1,52048,Private,,,
VEH-11126,XMP84K85U339200281,RJ16C9584,MARUTI,SWIFT,1.2 VXi BS IV,333672.35,13,2012,2012-08-12,De-NEW,Hatchback,Petrol,1197,0,0,0,1,0,61758,Private,Dent on door,,2014-10-13
VEH-11127,JOH72O13G681412132,KA10C2731,MARUTI,SWIFT,1.2 VXi BS IV,586625.0,2,2023,2023-08-17,We-HOW,Hatchback,Petrol,1197,1,0,0,1,1,3199,Private,Dent on door,Alloy wheels,
VEH-11128,GGE70P74U335164647,KA94D6986,MARUTI,SWIFT,1.2 VXi BS IV,502957.61,5,2020,2020-06-16,Ka-BAN,Hatchback,Petrol,1197,1,1,0,1,1,30177,Commercial,Dent on door,Body kit,
VEH-11129,QRD88Q98B061395957,GJ50C3221,TOYOTA KIRLOSKAR,INNOVA CRYSTA,2.4 ZX MT 7 STR,2200000.0,0,2025,2025-11-07,We-HOW,MUV,Diesel,2393,1,1,0,1,1,46223,Private,,Alloy wheels,
VEH-11130,XXD51P18W393025808,DL91D4533,MARUTI,DZIRE,VXI,530736.35,8,2017,2017-10-19,De-GUR,Sedan,Petrol,1197,1,1,0,1,0,111953,Private,,,
VEH-11131,QOX75L61D715784105,KA26B5339,HYUNDAI,CRETA,1.4 E Plus,1173250.0,2,2023,2023-04-10,Ta-MAD,SUV,Diesel,1582,0,0,0,1,0,62265,Commercial,Minor scratches,Body kit,
VEH-11132,CNR14H37P637940307,UP20D8986,MARUTI,SWIFT,1.2 VXi BS IV,301139.3,15,2010,2010-11-14,Ma-MUM,Hatchback,Petrol,1197,1,0,0,1,1,144019,Private,Dent on door,Alloy wheels,
VEH-11133,PTV02Q86E464306714,MH98A3124,HYUNDAI,CRETA,1.5 E DIESEL,569848.21,15,2010,2010-08-24,Ta-MAD,SUV,Diesel,1493,1,1,0,1,1,124346,Private,Minor scratches,,2012-11-16
VEH-11134,YIY56I56L502938469,RJ36A5844,MARUTI,WAGON R,1.0 LXI CNG,477809.73,6,2019,2019-11-27,De-GUR,Hatchback,CNG,998,1,0,1,1,0,66826,Private,,Alloy wheels,2021-09-12
VEH-11135,LGJ44E14B227842793,MH18C6716,MARUTI,DZIRE,VXI,432288.07,12,2013,2013-02-25,Ma-MUM,Sedan,Petrol,1197,0,0,0,1,0,51373,Private,,Body kit,
VEH-11136,YLN95K67L445514490,UP23C3495,MARUTI,ERTIGA,1.5 VXI CNG,768171.03,7,2018,2018-07-09,Ta-MAD,MUV,CNG,1462,1,1,1,0,1,130775,Private,,Body kit,
VEH-11137,BPH84L64E319859773,KA77B5441,HYUNDAI,GRAND I10,SPORTZ 1.2 KAPPA VTVT,296506.39,15,2010,2010-11-12,Ma-NAG,Hatchback,Petrol,1197,0,1,0,0,0,47127,Private,,,
VEH-11138,LXE21E26C654973238,RJ69A3245,HONDA,AMAZE,1.2 SMT i-VTEC,441174.59,9,2016,2016-04-18,Ka-MYS,Sedan,Petrol,1199,1,0,0,1,1,90700,Private,Minor scratches,,2018-07-14
VEH-11139,CZI05S03I238748684,GJ61D7192,MARUTI,BALENO HATCHBACK,Delta 1.2,651605.0,4,2021,2021-04-27,We-HOW,Hatchback,Petrol,1197,1,1,1,0,1,78168,Private,Dent on door,,
VEH-11140,RBR33K78A505606718,TN49B7951,MARUTI,BALENO HATCHBACK,Zeta 1.2,661582.7,6,2019,2019-08-08,Ka-BAN,Hatchback,Petrol,1197,0,0,1,0,1,62858,Private,Dent on door,Body kit,
VEH-11141,GYR96B56Q196493493,KA12C1434,MARUTI,DZIRE,VXI,530736.35,8,2017,2017-06-16,Ta-COI,Sedan,Petrol,1197,0,1,0,1,0,8746,Private,,,
VEH-11142,RZG28A23E942886883,DL85C9025,MARUTI,WAGON R,1.0 LXI CNG,301139.3,15,2010,2010-03-17,We-HOW,Hatchback,CNG,998,1,0,0,1,1,135554,Private,,Alloy wheels,
VEH-11143,JEX96F90B376020439,TN80D1733,MARUTI,WAGON R,1.0 LXI CNG,351234.06,12,2013,2013-09-23,Ka-BAN,Hatchback,CNG,998,0,1,0,1,1,39838,Private,Minor scratches,,
VEH-11144,HSD53V02D492717932,RJ24B1275,MARUTI,SWIFT,VXI,341372.49,14,2011,2011-07-04,Ma-NAG,Hatchback,Petrol,1197,0,1,0,1,0,44412,Private,Dent on door,,
VEH-11145,GUQ07T23U632274405,WB41B7799,MARUTI,SWIFT,VXI,631750.0,2,2023,2023-12-04,Ma-NAG,Hatchback,Petrol,1197,0,1,0,0,0,138684,Private,,,
VEH-11146,JOU30S09B226798384,TN99D5363,MARUTI,BALENO HATCHBACK,Zeta 1.2,733055.62,4,2021,2021-04-01,Ma-MUM,Hatchback,Petrol,1197,0,1,1,1,0,97932,Private,,Body kit,
VEH-11147,GKS11O38A182229296,RJ86C5060,MARUTI,DZIRE,VXI,530736.35,8,2017,2017-01-24,Ta-COI,Sedan,Petrol,1197,1,0,0,1,1,99040,Private,,Alloy wheels,
VEH-11148,SWP98E93D915289363,KA68C9466,MAHINDRA,SCORPIO,S11 2WD 7STR,1134448.94,9,2016,2016-07-19,We-KOL,SUV,Diesel,2184,1,0,0,0,0,111658,Private,Minor scratches,Body kit,
VEH-11149,NKL36T02H915211083,MH98C9485,MARUTI,WAGON R,1.0 VXI,378149.65,9,2016,2016-08-24,Ta-CHE,Hatchback,Petrol,998,0,1,1,0,0,9512,Private,,,
VEH-11150,VUO52U57Y463698368,DL27C8518,MAHINDRA,THAR,LX HARD TOP AT 4STR DIESEL,1615000.0,1,2024,2024-12-03,Ta-COI,SUV,Diesel,2184,1,0,0,0,0,81912,Private,,,
VEH-11151,WOR36A39J367708030,UP81D7725,MARUTI,ALTO 800,LXI,227520.04,11,2014,2014-05-16,Ma-PUN,Hatchback,Petrol,796,1,1,0,1,0,75791,Private,,,
VEH-11152,WMT65R30C183579633,GJ01A1206,MARUTI,SWIFT DZIRE,VDI,593586.7,7,2018,2018-10-22,Ka-BAN,Sedan,Diesel,1248,1,1,1,0,0,27752,Private,Dent on door,,
VEH-11153,RZR88F90T037893973,TN19A7454,TOYOTA KIRLOSKAR,INNOVA CRYSTA,2.4 V 8S,1800487.5,3,2022,2022-11-05,Ka-BAN,MUV,Diesel,2393,1,0,0,0,1,87975,Private,Minor scratches,,
VEH-11154,PMA28X05S996995394,WB87C2483,HONDA,AMAZE,1.2 SMT i-VTEC,570154.37,4,2021,2021-02-13,Ka-MYS,Sedan,Petrol,1199,0,1,1,1,1,110476,Private,,Alloy wheels,2023-03-25
VEH-11155,XZN40Z28H696402134,UP48D6417,MARUTI,BALENO HATCHBACK,Zeta 1.2,771637.5,3,2022,2022-07-14,We-HOW,Hatchback,Petrol,1197,0,1,0,0,0,27858,Private,Dent on door,Alloy wheels,2024-11-29
VEH-11156,FGR84D59A182114407,UP27C1890,HYUNDAI,VENUE,1.2 S PETROL,624828.11,6,2019,2019-05-16,Ka-BAN,SUV,Petrol,1197,1,1,1,0,1,41813,Private,,,
VEH-11157,KUV88U95C284681490,GJ16C9181,MARUTI,BALENO HATCHBACK,Zeta 1.2,812250.0,2,2023,2023-02-01,Ma-PUN,Hatchback,Petrol,1197,0,0,0,0,1,21063,Commercial,Dent on door,,
VEH-11158,KZT52S83G846018819,WB39B8368,HONDA,AMAZE,1.2 VXMT i-VTEC,617644.42,9,2016,2016-12-06,Ma-MUM,Sedan,Petrol,1199,1,0,0,1,0,59645,Private,,Body kit,
VEH-11159,SSH65U27U579272445,GJ90B4598,MARUTI,ALTO 800,LXI,252099.76,9,2016,2016-01-06,De-NEW,Hatchback,Petrol,796,0,1,0,1,0,53825,Private,,Alloy wheels,
VEH-11160,RUF20G01B809172550,MH90C1444,MARUTI,WAGON R,1.0 LXI CNG,617500.0,1,2024,2024-07-24,Ma-NAG,Hatchback,CNG,998,1,0,1,1,0,96526,Private,Minor scratches,Alloy wheels,2026-05-29
VEH-11161,JQB66H00M427665832,KA61D8014,MARUTI,VITARA BREZZA,VXI,814506.25,4,2021,2021-03-21,Ka-MYS,SUV,Petrol,1462,0,1,0,0,1,80340,Private,Dent on door,,2022-05-09
VEH-11162,JPJ41V01P937530044,RJ21B6432,MARUTI,ALTO 800,LXI,239494.78,10,2015,2015-07-17,De-NOI,Hatchback,Petrol,796,1,1,0,1,0,2425,Private,Minor scratches,,
VEH-11163,BFU19W75H059856642,WB62C6275,MARUTI,BALENO HATCHBACK,Zeta 1.2,661582.7,6,2019,2019-02-12,Ta-COI,Hatchback,Petrol,1197,1,1,0,0,0,22810,Private,,Alloy wheels,
VEH-11164,BTA07X51H832027951,DL23B7120,MARUTI,BALENO HATCHBACK,Zeta 1.2,900000.0,0,2025,2025-01-20,De-GUR,Hatchback,Petrol,1197,0,1,0,1,0,142483,Private,Minor scratches,Alloy wheels,
VEH-11165,TGV91C50D607153926,MH81C9166,MARUTI,DZIRE,VXI,651605.0,4,2021,2021-01-06,Ka-BAN,Sedan,Petrol,1197,0,0,0,1,0,45231,Private,Minor scratches,Body kit,
VEH-11166,QCR04Q48T126935757,MH72A2739,TOYOTA KIRLOSKAR,INNOVA CRYSTA,2.8 ZX AT 7 STR,1724893.12,8,2017,2017-09-24,Ma-NAG,MUV,Diesel,2755,1,1,1,1,1,80414,Private,Dent on door,,2018-09-29
VEH-11167,AQS41T69T514426927,WB78D2838,MARUTI,ALTO 800,LXI,380000.0,1,2024,2024-06-28,Ma-MUM,Hatchback,Petrol,796,1,1,0,0,1,82241,Private,,Body kit,2026-03-13
VEH-11168,VNJ88H27U581653730,KA87D5234,MARUTI,SWIFT,VXI,700000.0,0,2025,2025-04-05,Ka-MYS,Hatchback,Petrol,1197,0,0,0,1,0,56456,Private,,,
VEH-11169,IJS67V20D417604448,WB07D2083,MARUTI,VITARA BREZZA,VDI,900243.75,3,2022,2022-06-01,Ma-MUM,SUV,Diesel,1248,1,0,0,0,1,56414,Private,Dent on door,Alloy wheels,
VEH-11170,KXV93Y35Z816326429,DL63A4015,MARUTI,SWIFT,VXI,359339.46,13,2012,2012-06-10,Ka-BAN,Hatchback,Petrol,1197,0,0,0,0,1,73514,Private,,,
VEH-11171,KYP42T65W684912711,DL94B7850,MARUTI,ALTO 800,LXI,325802.5,4,2021,2021-08-18,We-KOL,Hatchback,Petrol,796,1,0,0,0,1,59480,Private,,Body kit,
VEH-11172,ICF64M31I032395505,TN33C5366,MARUTI,SWIFT,VDI (DIESEL),619024.75,5,2020,2020-11-04,De-NOI,Hatchback,Diesel,1248,1,1,0,0,1,41927,Commercial,,,
VEH-11173,LKS93W82V485812632,WB11C5247,HYUNDAI,VENUE,1.2 S PETROL,767125.0,2,2023,2023-03-21,Ma-MUM,SUV,Petrol,1197,0,0,0,0,0,110268,Private,,Body kit,
VEH-11174,JVF26C29R677296746,KA51A4542,MARUTI,DZIRE,VXI,651605.0,4,2021,2021-03-26,Ka-MYS,Sedan,Petrol,1197,0,1,1,1,0,7094,Private,,Body kit,
VEH-11175,OCW99X92Z536003955,MH62D7526,MARUTI,SWIFT DZIRE,VDI,728768.75,3,2022,2022-06-17,Ka-MYS,Sedan,Diesel,1248,1,1,0,1,1,61048,Private,Minor scratches,,2024-10-10
VEH-11176,QND32I50G972142784,MH30D9977,MARUTI,WAGON R,1.0 VXI,600000.0,0,2025,2025-04-27,De-GUR,Hatchback,Petrol,998,1,0,0,1,1,9821,Private,,Body kit,
VEH-11177,DBX09A76O317192610,WB67A2999,MARUTI,SWIFT,1.2 VXi BS IV,316988.74,14,2011,2011-07-15,Ma-MUM,Hatchback,Petrol,1197,0,1,0,0,1,112587,Private,Dent on door,Body kit,2013-01-29
VEH-11178,WZG41M58O489543306,WB78A7417,MARUTI,BALENO HATCHBACK,Delta 1.2,558669.84,7,2018,2018-08-23,Ta-CHE,Hatchback,Petrol,1197,0,0,1,1,0,89159,Private,Minor scratches,Alloy wheels,
VEH-11179,YIP85H52N685055689,KA47D1200,MARUTI,ALTO,K10 VXI,364881.24,8,2017,2017-09-12,De-NEW,Hatchback,Petrol,998,0,0,0,1,1,107680,Private,Dent on door,Alloy wheels,
VEH-11180,DJD16T62Q876806734,KA66B3338,HYUNDAI,VENUE,1.2 S PETROL,563907.37,8,2017,2017-07-01,Ma-PUN,SUV,Petrol,1197,1,1,1,1,0,9379,Private,,,
VEH-11181,WMN91I37E483418326,UP77C2317,MARUTI,SWIFT DZIRE,VDI,508926.4,10,2015,2015-07-14,Ka-MYS,Sedan,Diesel,1248,1,0,0,0,0,86026,Private,Dent on door,,
VEH-11182,JLJ81W39U510521714,GJ27C6090,TOYOTA KIRLOSKAR,INNOVA CRYSTA,2.8 ZX AT 7 STR,1267954.95,14,2011,2011-05-28,Ta-MAD,MUV,Diesel,2755,1,0,0,0,1,61942,Private,,Alloy wheels,2013-08-23
VEH-11183,OOJ95J59V428742258,WB28C3930,HYUNDAI,CRETA,1.4 E Plus,602278.6,15,2010,2010-07-06,Ta-CHE,SUV,Diesel,1582,0,0,0,1,1,61140,Private,Minor scratches,,
VEH-11184,ZLO99L21T018285410,WB09C6454,MARUTI,BALENO HATCHBACK,Zeta 1.2,696402.84,5,2020,2020-04-23,Ka-BAN,Hatchback,Petrol,1197,1,1,0,1,1,104822,Private,,Alloy wheels,
VEH-11185,LFT51T89U655575893,TN75A5335,MARUTI,ALTO 800,LXI,252099.76,9,2016,2016-10-23,We-HOW,Hatchback,Petrol,796,0,0,1,1,1,10801,Private,,Alloy wheels,
VEH-11186,EAB00R37A594334626,TN14A3987,TOYOTA KIRLOSKAR,INNOVA CRYSTA,2.8 ZX AT 7 STR,1724893.12,8,2017,2017-10-16,Ma-PUN,MUV,Diesel,2755,1,1,0,1,1,41351,Private,Dent on door,Alloy wheels,
VEH-11187,CNG85R41P243051722,KA05A6565,HONDA,AMAZE,1.2 SMT i-VTEC,665000.0,1,2024,2024-08-17,Ta-MAD,Sedan,Petrol,1199,0,0,1,1,1,11531,Private,,Alloy wheels,
VEH-11188,WIY36P07Q364372483,WB85C6536,HYUNDAI,CRETA,1.4 E Plus,739440.12,11,2014,2014-06-12,Ta-COI,SUV,Diesel,1582,1,0,1,1,0,95470,Private,,,
VEH-11189,VBT18W45H755452218,GJ52D3663,MARUTI,WAGON R,1.0 LXI CNG,586625.0,2,2023,2023-09-22,Ma-NAG,Hatchback,CNG,998,0,1,0,0,1,61579,Private,Dent on door,,
VEH-11190,ILQ32P95N332981978,WB60C7085,TOYOTA KIRLOSKAR,INNOVA CRYSTA,2.8 GX AT 7 STR,1242828.2,12,2013,2013-11-07,Ma-NAG,MUV,Diesel,2755,1,1,0,0,1,74632,Private,Dent on door,Body kit,
VEH-11191,FBO69M84C025612445,GJ40D6386,MARUTI,ALTO 800,LXI,195069.99,14,2011,2011-06-01,Ta-MAD,Hatchback,Petrol,796,1,0,0,1,1,98468,Private,,Alloy wheels,2012-07-19
VEH-11192,VIY87M00D055531636,RJ63B6969,MARUTI,BALENO HATCHBACK,Zeta 1.2,538863.25,10,2015,2015-06-24,Ta-MAD,Hatchback,Petrol,1197,0,1,0,1,0,11605,Private,,Alloy wheels,
VEH-11193,KDV68T50W437521465,KA16B4294,MARUTI,WAGON R,1.0 VXI,570000.0,1,2024,2024-10-02,Ka-BAN,Hatchback,Petrol,998,1,0,0,1,1,145584,Private,Dent on door,,
VEH-11194,UZW99P04I503560517,KA64B9026,TOYOTA KIRLOSKAR,INNOVA CRYSTA,2.4 V 8S,1024117.46,14,2011,2011-10-27,Ma-NAG,MUV,Diesel,2393,1,0,0,1,0,53938,Private,Dent on door,,
VEH-11195,FVC51G02C164326159,MH94A1360,MARUTI,BALENO HATCHBACK,Zeta 1.2,900000.0,0,2025,2025-11-01,Ta-CHE,Hatchback,Petrol,1197,1,1,0,1,0,144716,Private,Dent on door,Body kit,
VEH-11196,ZCK71L74J525127577,RJ16B2197,MARUTI,ALTO 800,LXI,309512.37,5,2020,2020-11-06,We-KOL,Hatchback,Petrol,796,1,1,0,0,1,140683,Private,,Body kit,
VEH-11197,LMB74D08F322132984,WB88C1053,MARUTI,SWIFT,1.2 VXi BS IV,431223.28,8,2017,2017-04-09,We-KOL,Hatchback,Petrol,1197,1,1,1,1,1,124608,Private,,,
VEH-11198,ITG85M98N900097149,MH40D8694,HYUNDAI,CRETA,1.4 E Plus,1173250.0,2,2023,2023-09-26,Ka-BAN,SUV,Diesel,1582,0,1,1,1,0,97634,Private,,Alloy wheels,2026-03-07
VEH-11199,DHM54H77K950375939,KA62B5761,HYUNDAI,CRETA,1.5 E DIESEL,904163.03,6,2019,2019-10-15,Ta-COI,SUV,Diesel,1493,0,1,0,1,1,6377,Private,Dent on door,,
VEH-11200,XXG94L91I711187693,UP47D5237,MARUTI,SWIFT DZIRE,VDI,393797.55,15,2010,2010-06-20,Ka-MYS,Sedan,Diesel,1248,0,0,1,1,0,44816,Private,,Alloy wheels,
VEH-11201,NNE92R51D525137037,TN20A5053,MARUTI,ALTO,K10 VXI,447978.44,4,2021,2021-06-01,De-NEW,Hatchback,Petrol,998,1,1,0,1,1,88265,Private,,Body kit,
VEH-11202,HFR33C01A698110624,KA93A8330,TOYOTA KIRLOSKAR,INNOVA CRYSTA,2.8 Z 7 STR,2500000.0,0,2025,2025-11-16,Ka-BAN,MUV,Diesel,2755,1,0,0,0,1,137881,Private,Minor scratches,Body kit,
VEH-11203,MAD57T34L400923531,KA50C7980,MARUTI,DZIRE,VXI,370632.98,15,2010,2010-03-20,Ma-MUM,Sedan,Petrol,1197,1,0,1,1,0,53064,Commercial,Dent on door,Body kit,
VEH-11204,ZNB14W98Q419000777,MH07A4032,HYUNDAI,GRAND I10,SPORTZ 1.2 KAPPA VTVT,364032.06,11,2014,2014-07-06,Ma-PUN,Hatchback,Petrol,1197,1,0,1,1,1,21534,Private,Minor scratches,,
VEH-11205,XPB46K77N001000760,MH93C5680,HYUNDAI,CRETA,1.4 E Plus,1114587.5,3,2022,2022-09-03,Ka-MYS,SUV,Diesel,1582,1,0,1,1,1,144387,Private,,,
VEH-11206,BDW95A28D535213128,TN46A5067,MARUTI,ALTO 800,LXI,195069.99,14,2011,2011-06-09,Ka-BAN,Hatchback,Petrol,796,0,1,1,1,1,90578,Private,,Body kit,2013-02-05
VEH-11207,AMZ60W46P278224541,GJ53D4602,MARUTI,SWIFT DZIRE,VDI,436340.77,13,2012,2012-12-16,Ta-CHE,Sedan,Diesel,1248,0,1,0,0,1,64332,Private,Minor scratches,,
VEH-11208,YLR12B73Z674986839,DL33A9883,MARUTI,WAGON R,1.0 VXI,359242.16,10,2015,2015-10-07,Ma-PUN,Hatchback,Petrol,998,1,0,0,1,1,26695,Private,,,
VEH-11209,PDM57Q51R757480611,RJ03A4270,MARUTI,VITARA BREZZA,ZDI PLUS,1140000.0,1,2024,2024-01-28,Ma-MUM,SUV,Diesel,1248,0,1,0,1,1,91912,Private,,,
VEH-11210,GNS20B11Z750199026,DL80B1107,MARUTI,SWIFT,VDI (DIESEL),588073.51,6,2019,2019-02-27,We-KOL,Hatchback,Diesel,1248,0,0,0,1,0,52213,Private,Dent on door,Body kit,
VEH-11211,DOC21T93B783879470,KA98A6029,HONDA,CITY,1.5 V MT,1205469.25,4,2021,2021-05-15,De-GUR,Sedan,Petrol,1498,1,0,0,1,0,27081,Private,,,
VEH-11212,JJG47V64G110467631,DL71D5032,MARUTI,BALENO HATCHBACK,Delta 1.2,558669.84,7,2018,2018-01-22,Ta-CHE,Hatchback,Petrol,1197,1,1,0,0,1,97667,Private,Minor scratches,Alloy wheels,
VEH-11213,GXU45O99X582989062,GJ02B2825,HONDA,AMAZE,1.2 SMT i-VTEC,464394.3,8,2017,2017-12-06,Ta-COI,Sedan,Petrol,1199,1,1,0,0,0,18439,Private,Minor scratches,Body kit,
VEH-11214,UNL48E59K296925263,MH49B3317,MARUTI,SWIFT,VDI (DIESEL),685900.0,3,2022,2022-01-27,Ta-CHE,Hatchback,Diesel,1248,1,1,1,1,0,102839,Private,Dent on door,Body kit,
VEH-11215,QEV15B51C475435167,MH53C2182,MAHINDRA,SCORPIO,S11 2WD 7STR,1257007.13,7,2018,2018-02-26,De-NOI,SUV,Diesel,2184,1,1,0,1,0,31438,Private,Minor scratches,,
VEH-11216,CML39K97Q268953598,KA18C5897,MARUTI,SWIFT,VXI,700000.0,0,2025,2025-05-12,Ka-BAN,Hatchback,Petrol,1197,0,0,0,1,0,147880,Private,,Body kit,
VEH-11217,YUB05Y93M615659711,UP86B5034,MARUTI,BALENO HATCHBACK,Delta 1.2,722000.0,2,2023,2023-06-02,Ka-MYS,Hatchback,Petrol,1197,1,0,0,1,0,84940,Private,Dent on door,,
VEH-11218,HZY52T26K128687659,DL33D8760,MARUTI,VITARA BREZZA,VDI,812469.98,5,2020,2020-07-05,We-KOL,SUV,Diesel,1248,0,0,1,0,1,13376,Private,,,
VEH-11219,MNW90C48H783579550,MH36A6675,MARUTI,WAGON R,1.0 VXI,600000.0,0,2025,2025-02-25,Ka-MYS,Hatchback,Petrol,998,0,0,0,1,0,20736,Private,,,
VEH-11220,SIN32A88N857189804,UP39A3325,MARUTI,SWIFT DZIRE,VDI,657713.8,5,2020,2020-07-02,Ma-PUN,Sedan,Diesel,1248,0,0,0,1,0,24710,Private,,,2021-11-04
VEH-11221,XRI59B61I648050607,TN07C9228,MARUTI,ALTO 800,LXI,342950.0,3,2022,2022-11-27,De-NOI,Hatchback,Petrol,796,1,0,0,0,0,70953,Private,Dent on door,,
VEH-11222,JQS86H01W910781313,WB43B8738,MARUTI,DZIRE,VXI,558669.84,7,2018,2018-06-18,We-HOW,Sedan,Petrol,1197,1,0,0,1,0,25944,Private,,Alloy wheels,
VEH-11223,FPJ32Y86B495696992,KA53D3867,HYUNDAI,GRAND I10,SPORTZ 1.2 KAPPA VTVT,446935.87,7,2018,2018-07-02,Ka-MYS,Hatchback,Petrol,1197,0,0,0,1,0,8311,Private,,,
VEH-11224,HYH74N47T500927042,KA17C1130,MARUTI,ERTIGA,1.5 VXI CNG,625680.1,11,2014,2014-06-23,Ka-MYS,MUV,CNG,1462,0,0,0,0,0,133932,Private,,,2017-03-03
VEH-11225,AYQ02H44F236917700,KA30C5544,MARUTI,BALENO HATCHBACK,Delta 1.2,390139.98,14,2011,2011-05-23,Ka-BAN,Hatchback,Petrol,1197,0,0,1,1,1,102111,Private,,Body kit,
VEH-11226,HMH75I32R840913994,DL08D7143,MARUTI,SWIFT DZIRE,VDI,728768.75,3,2022,2022-11-17,Ta-MAD,Sedan,Diesel,1248,0,1,0,0,1,118866,Private,,,
VEH-11227,FEI12J27R481669505,KA07B8692,MARUTI,BALENO HATCHBACK,Delta 1.2,619024.75,5,2020,2020-08-19,Ma-PUN,Hatchback,Petrol,1197,0,1,0,1,1,98244,Private,Minor scratches,,
VEH-11228,PCW11J24I771083046,RJ39D7714,HYUNDAI,GRAND I10,SPORTZ 1.2 KAPPA VTVT,403359.62,9,2016,2016-12-01,Ma-NAG,Hatchback,Petrol,1197,1,0,0,1,1,121188,Private,Dent on door,Alloy wheels,
VEH-11229,HVI00K98V204941538,TN63A8588,HYUNDAI,GRAND I10 NIOS,SPORTZ 1.2 KAPPA VTVT,700000.0,0,2025,2025-03-04,Ta-COI,Hatchback,Petrol,1197,0,0,0,1,1,55399,Private,,Body kit,
VEH-11230,FGA93R26J302670529,RJ54C2072,MARUTI,WAGON R,1.0 LXI CNG,453919.24,7,2018,2018-01-25,Ta-COI,Hatchback,CNG,998,1,1,1,1,0,75777,Private,,Alloy wheels,
VEH-11231,LMQ52G89Y724955451,DL49A9378,MARUTI,BALENO HATCHBACK,Zeta 1.2,438907.48,14,2011,2011-12-04,De-NEW,Hatchback,Petrol,1197,0,0,0,1,1,66705,Private,,Alloy wheels,
VEH-11232,CGH75N12I940669897,DL34A3135,HYUNDAI,CRETA,1.4 E Plus,602278.6,15,2010,2010-10-11,Ta-CHE,SUV,Diesel,1582,0,0,0,1,1,31036,Private,,,
VEH-11233,NVJ48C94V143185480,MH12B8964,MARUTI,SWIFT,VDI (DIESEL),558669.84,7,2018,2018-04-22,Ka-MYS,Hatchback,Diesel,1248,0,1,1,0,0,74770,Private,,Body kit,
VEH-11234,IHG77F83Z341943593,MH94D2132,TOYOTA KIRLOSKAR,INNOVA CRYSTA,2.8 GX AT 7 STR,2075750.0,2,2023,2023-10-02,Ma-PUN,MUV,Diesel,2755,1,0,1,0,1,5491,Private,,Alloy wheels,
VEH-11235,AHZ74N42Y708929661,DL14B1544,MARUTI,SWIFT,VXI,359339.46,13,2012,2012-10-14,We-HOW,Hatchback,Petrol,1197,1,0,0,1,1,136033,Private,,,2014-11-24
VEH-11236,BKW94F50T736248260,TN64C2358,MARUTI,BALENO HATCHBACK,Delta 1.2,588073.51,6,2019,2019-05-13,Ma-MUM,Hatchback,Petrol,1197,1,0,0,1,0,56388,Private,Dent on door,,
VEH-11237,QLV02I93U862236471,MH95A5155,MARUTI,SWIFT,1.2 VXi BS IV,502957.61,5,2020,2020-03-16,We-KOL,Hatchback,Petrol,1197,1,1,1,1,0,79874,Private,Minor scratches,,2022-02-03
VEH-11238,LYN68K77C449766594,DL24A6146,MARUTI,SWIFT,VDI (DIESEL),370632.98,15,2010,2010-12-28,De-GUR,Hatchback,Diesel,1248,1,0,1,1,0,136819,Commercial,Minor scratches,Alloy wheels,2013-08-15
VEH-11239,DRD45B09N588744966,UP13D3409,MARUTI,WAGON R,1.0 LXI CNG,477809.73,6,2019,2019-05-15,We-HOW,Hatchback,CNG,998,0,0,0,0,1,37198,Private,,,2021-01-22
VEH-11240,API28G63P677754036,KA58A7621,MARUTI,DZIRE,VXI,558669.84,7,2018,2018-12-06,Ma-NAG,Sedan,Petrol,1197,1,1,0,1,1,46309,Private,Minor scratches,Alloy wheels,
VEH-11241,JYZ65O29P320507379,GJ74C6240,MARUTI,ALTO,K10 VXI,522500.0,1,2024,2024-05-05,Ka-MYS,Hatchback,Petrol,998,1,1,0,1,1,147629,Private,,,
VEH-11242,JCL30O44A932540607,UP65A9409,MARUTI,BALENO HATCHBACK,Zeta 1.2,597078.39,8,2017,2017-02-04,De-GUR,Hatchback,Petrol,1197,0,0,1,0,0,145401,Private,,Body kit,2018-07-24
VEH-11243,VQX32I82S736112122,TN24C4042,MARUTI,ERTIGA,1.5 VXI CNG,564676.29,13,2012,2012-07-09,De-NEW,MUV,CNG,1462,1,1,0,0,1,99793,Private,,Body kit,
VEH-11244,DWK87E72Z303705605,WB95A3431,MARUTI,ERTIGA,1.5 VXI CNG,729762.47,8,2017,2017-01-11,Ta-COI,MUV,CNG,1462,0,1,0,1,0,5208,Private,,,
VEH-11245,VAQ86N41J470601653,UP55A4377,HYUNDAI,GRAND I10 NIOS,SPORTZ 1.2 KAPPA VTVT,359339.46,13,2012,2012-08-21,Ma-NAG,Hatchback,Petrol,1197,0,0,0,1,0,11139,Private,Minor scratches,Body kit,2014-10-04
VEH-11246,WRY87H10S008874265,WB67D5606,HONDA,AMAZE,1.5 SMT i-DTEC,657713.8,5,2020,2020-01-05,Ta-COI,Sedan,Diesel,1498,0,0,0,1,1,18645,Private,Dent on door,,
VEH-11247,TWC91V47C710028464,WB84D1063,TOYOTA KIRLOSKAR,INNOVA CRYSTA,2.4 ZX MT 7 STR,1617202.16,6,2019,2019-02-17,Ta-COI,MUV,Diesel,2393,0,1,0,1,0,16811,Private,,Alloy wheels,
VEH-11248,OWW22R11W866155626,MH13A5008,MARUTI,BALENO HATCHBACK,Delta 1.2,800000.0,0,2025,2025-04-24,De-GUR,Hatchback,Petrol,1197,1,0,1,1,1,141373,Private,,,2026-10-21
VEH-11249,VNQ68E61B469865425,UP68A2713,MARUTI,VITARA BREZZA,ZDI PLUS,977407.5,4,2021,2021-07-13,Ta-COI,SUV,Diesel,1248,1,0,1,0,1,40738,Private,Minor scratches,,2022-08-29
VEH-11250,YQS57P77O361592095,WB78C7202,MARUTI,ERTIGA,1.5 VXI CNG,594396.1,12,2013,2013-10-16,Ma-MUM,MUV,CNG,1462,0,0,0,0,0,8483,Private,,,
VEH-11251,AKN71B59C248579085,WB74D5972,TOYOTA KIRLOSKAR,INNOVA CRYSTA,2.8 Z 7 STR,2500000.0,0,2025,2025-04-16,De-GUR,MUV,Diesel,2755,0,0,0,1,0,149389,Private,Minor scratches,Alloy wheels,
VEH-11252,HYM98Z77L235513672,RJ89B2259,MARUTI,WAGON R,1.0 LXI CNG,617500.0,1,2024,2024-09-04,Ma-NAG,Hatchback,CNG,998,0,0,1,1,1,127429,Private,,,2026-11-10
VEH-11253,ORX41L07W462126169,UP17C8306,MARUTI,BALENO HATCHBACK,Delta 1.2,651605.0,4,2021,2021-06-07,Ta-COI,Hatchback,Petrol,1197,1,1,1,1,1,149172,Private,,Body kit,
VEH-11254,LZZ09B57L557237724,MH47D4730,HONDA,AMAZE,1.2 VXMT i-VTEC,529552.89,12,2013,2013-01-04,Ka-MYS,Sedan,Petrol,1199,1,1,0,1,0,89088,Private,Dent on door,Body kit,
VEH-11255,QEO11C45G845366791,WB99A5664,MAHINDRA,SCORPIO,S11 2WD 7STR,1134448.94,9,2016,2016-06-11,Ma-NAG,SUV,Diesel,2184,0,0,0,0,0,4637,Private,,Body kit,2018-10-26
VEH-11256,KSU68S52J024143521,KA19D4917,TOYOTA KIRLOSKAR,INNOVA CRYSTA,2.8 ZX AT 7 STR,1204557.2,15,2010,2010-11-21,Ka-MYS,MUV,Diesel,2755,1,0,0,1,1,96126,Private,Minor scratches,,
VEH-11257,TCQ44F65L795883547,TN49A9132,MAHINDRA,SCORPIO,S5 2WD 7STR,945374.11,9,2016,2016-03-28,Ma-MUM,SUV,Diesel,2184,1,1,0,1,0,143297,Private,,,
VEH-11258,XEX79G33V248215008,KA79C8329,MARUTI,VITARA BREZZA,VXI,598736.94,10,2015,2015-11-09,Ka-MYS,SUV,Petrol,1462,0,1,0,1,0,39476,Private,Dent on door,,
VEH-11259,PDK04L29D024973155,TN81D4043,HONDA,AMAZE,1.2 SMT i-VTEC,514564.32,6,2019,2019-08-08,Ta-MAD,Sedan,Petrol,1199,0,1,0,1,0,90548,Private,,,2020-10-31
VEH-11260,KIQ12Y20Q740239649,UP12A7336,MARUTI,WAGON R,1.0 LXI CNG,301139.3,15,2010,2010-01-24,We-KOL,Hatchback,CNG,998,0,1,0,1,1,99474,Private,,Alloy wheels,
VEH-11261,KHF38W41R768220423,RJ24A9604,MARUTI,DZIRE,VXI,685900.0,3,2022,2022-03-05,Ka-MYS,Sedan,Petrol,1197,0,1,0,1,0,28551,Private,Dent on door,Body kit,
VEH-11262,UYQ80R99F096761739,KA88B3119,MAHINDRA,SCORPIO,S11 2WD 7STR,1543275.0,3,2022,2022-07-13,We-HOW,SUV,Diesel,2184,0,1,0,1,1,1375,Private,Minor scratches,Body kit,
VEH-11263,EGU00Q17R561520985,KA52A1863,MARUTI,SWIFT,VXI,700000.0,0,2025,2025-08-18,De-NOI,Hatchback,Petrol,1197,0,1,0,0,1,9257,Private,Dent on door,,
VEH-11264,EIV33U36S125516904,TN26B3274,MARUTI,SWIFT,VXI,600162.5,3,2022,2022-02-18,We-KOL,Hatchback,Petrol,1197,1,0,0,1,1,28742,Private,,,2023-08-28
VEH-11265,SLF78V21G941165778,KA23D5774,MARUTI,SWIFT DZIRE,VDI,483480.08,11,2014,2014-03-20,De-NEW,Sedan,Diesel,1248,1,1,1,1,0,56821,Private,,Body kit,
VEH-11266,ZHP18A39E187472043,GJ52A5351,MARUTI,ERTIGA,1.5 VXI CNG,895956.87,4,2021,2021-03-27,Ma-PUN,MUV,CNG,1462,1,0,1,1,1,14064,Private,,,
VEH-11267,ANZ63P48W855901348,KA87C1183,HONDA,AMAZE,1.2 VXMT i-VTEC,503075.24,13,2012,2012-10-23,Ka-MYS,Sedan,Petrol,1199,0,1,0,0,0,72983,Private,Dent on door,Body kit,2014-10-17
VEH-11268,XDJ97Z60U490462961,MH21C9328,HONDA,AMAZE,1.2 VXMT i-VTEC,931000.0,1,2024,2024-02-18,Ma-NAG,Sedan,Petrol,1199,0,1,0,1,1,45852,Private,Minor scratches,Alloy wheels,
VEH-11269,EAW46C33J068452263,GJ74B1922,MARUTI,SWIFT,1.2 VXi BS IV,389179.01,10,2015,2015-10-21,We-KOL,Hatchback,Petrol,1197,1,1,0,0,1,4938,Private,Minor scratches,Alloy wheels,2017-02-19
VEH-11270,SYK40O03S079487819,UP43D3817,MARUTI,WAGON R,1.0 VXI,488703.75,4,2021,2021-01-28,Ta-CHE,Hatchback,Petrol,998,1,1,0,1,1,58978,Private,,,2022-04-10
VEH-11271,GXB11Z28X607602168,UP02D7954,MARUTI,ERTIGA,1.5 VXI CNG,1045000.0,1,2024,2024-09-06,Ta-COI,MUV,CNG,1462,1,0,1,1,1,145843,Private,Minor scratches,,
VEH-11272,ZYU01C15C568751945,KA30B2218,HONDA,AMAZE,1.2 VXMT i-VTEC,477921.48,14,2011,2011-03-03,Ta-MAD,Sedan,Petrol,1199,1,0,0,1,1,23485,Private,,Body kit,
VEH-11273,OBJ23Y54H345086833,TN84A4087,HONDA,AMAZE,VX PETROL,454025.41,15,2010,2010-05-02,Ta-MAD,Sedan,Petrol,1199,0,0,0,0,0,53745,Private,,,
VEH-11274,BVN47U42U190890219,RJ07A5366,HONDA,AMAZE,1.2 SMT i-VTEC,665000.0,1,2024,2024-03-09,We-HOW,Sedan,Petrol,1199,0,1,0,1,0,122855,Private,,,
VEH-11275,UPU94S87C430963624,WB57A6384,MARUTI,BALENO HATCHBACK,Delta 1.2,685900.0,3,2022,2022-04-27,Ta-CHE,Hatchback,Petrol,1197,1,1,1,1,1,124203,Private,Minor scratches,Alloy wheels,
VEH-11276,ALJ03Q90I356180299,MH16C5462,MARUTI,DZIRE,VXI,390139.98,14,2011,2011-12-14,De-NEW,Sedan,Petrol,1197,0,0,0,1,0,48566,Private,,,
VEH-11277,PIP81A77R874235517,RJ19A8149,HYUNDAI,GRAND I10,SPORTZ 1.2 KAPPA VTVT,470458.81,6,2019,2019-04-12,Ta-COI,Hatchback,Petrol,1197,0,0,0,0,1,42232,Private,Dent on door,Alloy wheels,2020-06-14
VEH-11278,ETQ61G79X835930016,WB22B4227,MARUTI,VITARA BREZZA,ZDI PLUS,682560.11,11,2014,2014-02-16,Ma-NAG,SUV,Diesel,1248,1,0,1,0,1,110771,Commercial,,Alloy wheels,
VEH-11279,MSI40D81P881149179,MH22D1139,HYUNDAI,GRAND I10,SPORTZ 1.2 KAPPA VTVT,577600.0,2,2023,2023-10-07,De-GUR,Hatchback,Petrol,1197,0,0,0,1,0,39314,Private,Dent on door,Body kit,2025-09-16
VEH-11280,PHD12J90P132938457,KA86D1196,MARUTI,SWIFT,1.2 VXi BS IV,316988.74,14,2011,2011-07-27,We-KOL,Hatchback,Petrol,1197,0,0,0,1,0,103919,Private,,,2013-12-20
VEH-11281,XGB92N80Z364092691,GJ71A2022,HYUNDAI,CRETA,1.5 E DIESEL,664642.91,12,2013,2013-02-16,Ta-MAD,SUV,Diesel,1493,1,1,0,0,0,124465,Private,Dent on door,Alloy wheels,
VEH-11282,PTP97K17Q898409933,TN45A3946,MARUTI,SWIFT,VDI (DIESEL),455040.07,11,2014,2014-11-06,Ma-PUN,Hatchback,Diesel,1248,0,1,0,0,0,36649,Private,Dent on door,,
VEH-11283,BIR84N54S444976502,RJ45B8632,MARUTI,SWIFT,VDI (DIESEL),722000.0,2,2023,2023-10-22,De-NEW,Hatchback,Diesel,1248,1,0,0,0,1,30016,Private,Dent on door,,
VEH-11284,DOK84S18Z084927692,KA23D9473,HONDA,AMAZE,VX PETROL,617644.42,9,2016,2016-10-15,Ta-CHE,Sedan,Petrol,1199,0,0,0,1,0,61457,Private,,,
VEH-11285,LME57A19Y783035046,RJ66C9172,TOYOTA KIRLOSKAR,INNOVA CRYSTA,2.8 GX AT 7 STR,2075750.0,2,2023,2023-08-24,Ta-MAD,MUV,Diesel,2755,0,1,0,0,0,113182,Private,Dent on door,Alloy wheels,2025-01-18
VEH-11286,BRX75J19B536722319,TN20A8044,HONDA,AMAZE,1.2 SMT i-VTEC,441174.59,9,2016,2016-03-09,Ma-PUN,Sedan,Petrol,1199,0,1,0,0,1,36130,Private,,,
VEH-11287,BAD58X98F904055783,WB02D5817,MARUTI,BALENO HATCHBACK,Delta 1.2,588073.51,6,2019,2019-06-03,Ta-COI,Hatchback,Petrol,1197,0,1,0,0,1,109496,Private,Dent on door,,2021-11-10
VEH-11288,ESQ36V20T107867079,KA76D4782,MARUTI,WAGON R,1.0 VXI,570000.0,1,2024,2024-11-18,De-NOI,Hatchback,Petrol,998,0,1,0,0,0,120485,Private,Dent on door,,
VEH-11289,YPI54R10N287772634,GJ92B9626,MARUTI,WAGON R,1.0 VXI,419002.38,7,2018,2018-04-01,Ta-COI,Hatchback,Petrol,998,0,0,0,1,1,142069,Private,,,
VEH-11290,IHS09B90D981538718,KA14A8013,HONDA,AMAZE,1.2 SMT i-VTEC,631750.0,2,2023,2023-10-13,Ka-MYS,Sedan,Petrol,1199,1,0,0,1,1,106307,Private,Dent on door,Alloy wheels,
VEH-11291,HWC36W23M072093373,TN64B4488,HYUNDAI,CRETA,1.5 E DIESEL,775206.77,9,2016,2016-05-18,Ka-MYS,SUV,Diesel,1493,0,0,1,0,0,11389,Commercial,,Body kit,
VEH-11292,HER72X20W495484332,TN25B6477,MARUTI,ALTO 800,LXI,239494.78,10,2015,2015-11-02,De-GUR,Hatchback,Petrol,796,0,0,0,1,1,142632,Private,,Alloy wheels,
VEH-11293,LEP18V60T187589704,GJ83C8219,HONDA,AMAZE,1.2 SMT i-VTEC,419115.86,10,2015,2015-03-17,Ma-NAG,Sedan,Petrol,1199,1,0,0,1,0,137269,Private,Minor scratches,,
VEH-11294,UIS75E20S093306578,TN71B5277,HONDA,AMAZE,1.5 SMT i-DTEC,414523.73,14,2011,2011-06-11,Ma-PUN,Sedan,Diesel,1498,0,0,0,1,0,128460,Private,,,2012-08-22
VEH-11295,XQX68Z54P022859483,KA74C3175,HONDA,AMAZE,1.2 SMT i-VTEC,441174.59,9,2016,2016-11-17,De-NOI,Sedan,Petrol,1199,0,1,0,0,0,71647,Private,,,
VEH-11296,JML94D55E606379126,WB32D8423,MARUTI,ALTO 800,LXI,252099.76,9,2016,2016-05-22,Ta-CHE,Hatchback,Petrol,796,0,1,1,1,0,105184,Private,Dent on door,Alloy wheels,
VEH-11297,IYP81L03E721671437,DL26A5472,MARUTI,SWIFT,1.2 VXi BS IV,351234.06,12,2013,2013-05-07,Ma-NAG,Hatchback,Petrol,1197,0,0,0,1,0,111713,Private,Dent on door,,
VEH-11298,VEJ17F27T582534855,DL42C4763,MARUTI,SWIFT DZIRE,VDI,436340.77,13,2012,2012-04-28,Ka-MYS,Sedan,Diesel,1248,0,0,0,1,0,112794,Private,,,2013-07-23
VEH-11299,SRK67O45I071870591,GJ78D6720,MARUTI,WAGON R,1.0 LXI CNG,369720.06,11,2014,2014-11-04,We-HOW,Hatchback,CNG,998,0,1,1,1,0,138148,Private,,Alloy wheels,
VEH-11300,BUK93E67T325798367,GJ62C7068,MARUTI,ALTO 800,LXI,294036.76,6,2019,2019-06-16,Ma-PUN,Hatchback,Petrol,796,0,0,0,1,0,2416,Private,,Body kit,2022-01-13
VEH-11301,TBB46D48K241101528,TN48D4828,TOYOTA KIRLOSKAR,INNOVA CRYSTA,2.8 GX AT 7 STR,1690711.35,6,2019,2019-11-14,We-HOW,MUV,Diesel,2755,0,0,1,1,1,113379,Private,Dent on door,,
VEH-11302,XSO07A07C488727987,KA38A9421,HYUNDAI,GRAND I10 NIOS,SPORTZ 1.2 KAPPA VTVT,600162.5,3,2022,2022-10-18,Ma-NAG,Hatchback,Petrol,1197,1,1,0,0,1,131814,Private,,,
VEH-11303,SLI01F52Y054527204,DL27D5500,MARUTI,ERTIGA,1.5 VXI CNG,729762.47,8,2017,2017-10-03,Ma-MUM,MUV,CNG,1462,0,1,0,1,1,130968,Private,,,
VEH-11304,UVV36I66H406547664,MH96B1199,MARUTI,SWIFT,1.2 VXi BS IV,617500.0,1,2024,2024-06-01,Ka-BAN,Hatchback,Petrol,1197,0,1,0,1,1,83430,Commercial,Dent on door,Body kit,
VEH-11305,HER36I99G468219051,TN99B6010,TOYOTA KIRLOSKAR,INNOVA CRYSTA,2.8 ZX AT 7 STR,1556716.04,10,2015,2015-01-06,Ta-MAD,MUV,Diesel,2755,0,1,0,0,1,79589,Private,Dent on door,Body kit,2017-04-23
VEH-11306,HNM35O13X518803932,MH38D5458,MARUTI,WAGON R,1.0 VXI,341280.06,11,2014,2014-06-17,We-HOW,Hatchback,Petrol,998,0,1,0,1,1,39238,Private,,Alloy wheels,
VEH-11307,MMZ00K20Y021588955,WB73A6769,HYUNDAI,VENUE,1.2 S PETROL,459306.07,12,2013,2013-10-09,Ta-COI,SUV,Petrol,1197,0,1,0,0,1,20196,Private,,Body kit,2016-06-11
VEH-11308,UMI08N16B850214154,RJ70C8215,MAHINDRA,SCORPIO,S11 2WD 7STR,877814.96,14,2011,2011-05-23,Ka-BAN,SUV,Diesel,2184,0,0,0,0,0,79827,Commercial,,Alloy wheels,
VEH-11309,MSM69G07O338294568,DL25D2833,MARUTI,WAGON R,1.0 LXI CNG,650000.0,0,2025,2025-04-11,Ma-PUN,Hatchback,CNG,998,1,1,1,1,0,46120,Private,Dent on door,,2026-07-02
VEH-11310,YKW28U78W929214929,TN81C4130,HYUNDAI,VENUE,1.2 S PETROL,850000.0,0,2025,2025-05-14,Ta-MAD,SUV,Petrol,1197,1,1,0,0,1,48819,Private,Minor scratches,Body kit,2026-07-16
VEH-11311,SAF71C11G024579751,GJ44B6452,MARUTI,BALENO HATCHBACK,Zeta 1.2,661582.7,6,2019,2019-12-05,Ma-NAG,Hatchback,Petrol,1197,0,0,0,0,1,81783,Private,Minor scratches,Alloy wheels,
VEH-11312,OKZ54D28H597934120,DL06C5066,MARUTI,SWIFT,1.2 VXi BS IV,333672.35,13,2012,2012-10-05,De-NEW,Hatchback,Petrol,1197,0,1,0,1,1,104434,Private,Dent on door,Body kit,
VEH-11313,VVD45A01I935607420,MH70A2246,MARUTI,WAGON R,1.0 VXI,419002.38,7,2018,2018-09-10,Ta-COI,Hatchback,Petrol,998,0,0,0,0,0,102919,Private,Dent on door,Body kit,
VEH-11314,TSF67A84I505483902,KA90D4866,HONDA,AMAZE,1.5 SMT i-DTEC,459306.07,12,2013,2013-02-08,De-GUR,Sedan,Diesel,1498,0,1,1,1,1,18824,Private,Dent on door,Alloy wheels,2015-01-09
VEH-11315,YJT52Q16Z450781574,MH71B8302,MARUTI,ALTO,K10 VXI,364881.24,8,2017,2017-02-13,De-NOI,Hatchback,Petrol,998,0,0,0,0,0,55092,Private,,Alloy wheels,
VEH-11316,WOR05S25U316616077,DL52C5458,HYUNDAI,GRAND I10 NIOS,SPORTZ 1.2 KAPPA VTVT,514564.32,6,2019,2019-05-24,Ta-CHE,Hatchback,Petrol,1197,0,1,0,0,0,128869,Private,Minor scratches,Body kit,
VEH-11317,FSU69J55G922380633,KA46C3491,MARUTI,ALTO,K10 VXI,447978.44,4,2021,2021-12-13,Ma-MUM,Hatchback,Petrol,998,1,0,0,0,0,100276,Private,,,
VEH-11318,VTB94M07K981388232,MH48C2221,MARUTI,ALTO 800,LXI,227520.04,11,2014,2014-12-07,Ka-BAN,Hatchback,Petrol,796,1,1,0,1,0,133072,Private,Minor scratches,Alloy wheels,
VEH-11319,ZCA19M72V530555344,TN84B7832,HONDA,AMAZE,1.2 SMT i-VTEC,665000.0,1,2024,2024-08-11,We-HOW,Sedan,Petrol,1199,0,1,0,1,1,25022,Private,,Alloy wheels,2026-12-11
VEH-11320,AXZ80T69I444779034,TN25B1884,MARUTI,SWIFT,VXI,541646.66,5,2020,2020-03-12,Ma-MUM,Hatchback,Petrol,1197,1,1,0,1,1,144530,Private,,Alloy wheels,
VEH-11321,JJQ39G52G641852746,KA32B2726,TOYOTA KIRLOSKAR,INNOVA CRYSTA,2.8 GX AT 7 STR,1525866.99,8,2017,2017-12-05,Ka-MYS,MUV,Diesel,2755,1,1,0,1,1,37443,Private,Minor scratches,,2019-08-13
VEH-11322,AKZ00M67A087030916,GJ67B5935,HONDA,AMAZE,VX PETROL,586762.2,10,2015,2015-12-19,Ma-MUM,Sedan,Petrol,1199,0,1,0,0,0,149770,Private,Dent on door,Alloy wheels,
VEH-11323,PLY25I47A837292434,GJ17C7191,MARUTI,SWIFT,VXI,514564.32,6,2019,2019-04-03,De-GUR,Hatchback,Petrol,1197,0,1,0,0,0,28207,Private,Dent on door,,2021-03-04
VEH-11324,CLJ17F25Y254778766,MH42C6718,MARUTI,WAGON R,1.0 LXI CNG,477809.73,6,2019,2019-02-09,Ta-MAD,Hatchback,CNG,998,0,1,1,0,0,60436,Private,,Alloy wheels,2021-11-04
VEH-11325,EMG07P65J919226643,DL11B5546,MARUTI,VITARA BREZZA,ZDI PLUS,796104.52,8,2017,2017-09-11,Ma-PUN,SUV,Diesel,1248,1,0,0,1,1,148507,Private,Dent on door,,
VEH-11326,TRR66U31F605747577,MH10D8202,HYUNDAI,VENUE,1.2 S PETROL,393797.55,15,2010,2010-08-13,We-HOW,SUV,Petrol,1197,1,0,0,1,0,98659,Commercial,Dent on door,,
VEH-11327,AAL01S61S303137822,KA37C5481,MARUTI,BALENO HATCHBACK,Delta 1.2,410673.67,13,2012,2012-07-22,De-GUR,Hatchback,Petrol,1197,0,0,0,0,1,96692,Private,,,
VEH-11328,JMX92Y84J029722403,WB61A3992,MARUTI,SWIFT,VXI,541646.66,5,2020,2020-05-27,De-GUR,Hatchback,Petrol,1197,0,0,1,1,1,83905,Private,,Alloy wheels,
VEH-11329,NJW22O02F469559067,MH44B7107,HYUNDAI,GRAND I10 NIOS,SPORTZ 1.2 KAPPA VTVT,488836.11,7,2018,2018-07-28,Ma-PUN,Hatchback,Petrol,1197,0,1,0,1,1,55992,Private,Dent on door,Body kit,
VEH-11330,XPJ36R05J748544976,WB87B3902,HYUNDAI,GRAND I10 NIOS,SPORTZ 1.2 KAPPA VTVT,514564.32,6,2019,2019-11-10,Ma-PUN,Hatchback,Petrol,1197,1,1,0,1,0,13660,Private,Minor scratches,Alloy wheels,
VEH-11331,PLD21X70F310254113,RJ31C1080,MARUTI,WAGON R,1.0 VXI,324216.05,12,2013,2013-06-26,De-NEW,Hatchback,Petrol,998,1,1,1,1,1,32911,Private,Dent on door,Body kit,
VEH-11332,HCY28N60L727092596,MH76C9077,MARUTI,ERTIGA,1.5 VXI CNG,992750.0,2,2023,2023-12-27,Ka-BAN,MUV,CNG,1462,1,0,1,0,0,86132,Private,,Alloy wheels,
VEH-11333,XKF07X84K671624726,MH36D7051,MARUTI,SWIFT,1.2 VXi BS IV,369720.06,11,2014,2014-06-19,Ka-MYS,Hatchback,Petrol,1197,1,1,1,1,0,142159,Private,,,
VEH-11334,OFN13G41X137400059,TN26C9462,MARUTI,VITARA BREZZA,VDI,855231.56,4,2021,2021-09-16,De-GUR,SUV,Diesel,1248,1,0,1,1,1,19960,Private,,Alloy wheels,
VEH-11335,RKY16Y71R821128353,MH92B1804,HONDA,AMAZE,1.2 SMT i-VTEC,341372.49,14,2011,2011-01-10,Ta-COI,Sedan,Petrol,1199,1,0,0,0,1,129929,Private,,Alloy wheels,2012-06-04
VEH-11336,NML68P40O594328132,WB14D6504,MARUTI,VITARA BREZZA,VDI,486455.79,15,2010,2010-12-05,Ta-MAD,SUV,Diesel,1248,0,0,0,0,1,145145,Private,Dent on door,Alloy wheels,
VEH-11337,PPI40M45W631358570,UP29D8869,MARUTI,WAGON R,1.0 VXI,277974.74,15,2010,2010-09-09,Ta-COI,Hatchback,Petrol,998,0,0,0,1,0,119729,Private,Dent on door,Body kit,2013-04-02
VEH-11338,CRC74R05L253467389,MH58A4801,TOYOTA KIRLOSKAR,INNOVA CRYSTA,2.8 ZX AT 7 STR,2011830.44,5,2020,2020-12-11,Ka-BAN,MUV,Diesel,2755,1,1,0,1,1,80078,Private,Minor scratches,Body kit,2022-02-25
VEH-11339,OJQ89T99M753470283,GJ12B7276,MARUTI,DZIRE,VXI,722000.0,2,2023,2023-02-08,Ka-BAN,Sedan,Petrol,1197,0,1,1,1,1,129433,Private,Dent on door,,2025-10-08
VEH-11340,BMG12W30E169468186,MH07B8136,MARUTI,WAGON R,1.0 LXI CNG,617500.0,1,2024,2024-09-20,Ta-MAD,Hatchback,CNG,998,0,1,0,1,0,52184,Private,Dent on door,,
VEH-11341,GLB15C85M360070307,MH17A7891,MARUTI,WAGON R,1.0 VXI,419002.38,7,2018,2018-02-04,We-KOL,Hatchback,Petrol,998,0,0,0,1,1,88731,Private,,Alloy wheels,
VEH-11342,NRF75T29L165169332,WB09B8689,TOYOTA KIRLOSKAR,INNOVA CRYSTA,2.4 ZX MT 7 STR,1386548.7,9,2016,2016-11-18,We-HOW,MUV,Diesel,2393,1,1,1,1,0,82243,Private,Minor scratches,Alloy wheels,
VEH-11343,THV53I79M489583513,TN20A7286,MARUTI,VITARA BREZZA,VXI,568800.09,11,2014,2014-12-02,Ma-MUM,SUV,Petrol,1462,1,1,0,1,0,80299,Private,,Alloy wheels,
VEH-11344,ONU01K11F461400736,RJ35C1078,MARUTI,VITARA BREZZA,ZDI PLUS,718484.33,10,2015,2015-03-17,Ta-MAD,SUV,Diesel,1248,0,1,1,0,1,114166,Private,,Body kit,
VEH-11345,XBO02X20V565084965,DL25B9006,MAHINDRA,BOLERO,B6 (O),698337.3,7,2018,2018-01-12,De-GUR,SUV,Diesel,1498,1,0,0,1,1,140738,Private,Dent on door,,
VEH-11346,ASV25Y45V694152414,DL97A2084,MARUTI,DZIRE,VXI,588073.51,6,2019,2019-04-06,Ma-MUM,Sedan,Petrol,1197,1,0,0,1,0,129530,Private,Minor scratches,Body kit,
VEH-11347,QKE34Q69N405264083,TN13A8901,MARUTI,ERTIGA,1.5 VXI CNG,729762.47,8,2017,2017-08-16,Ta-COI,MUV,CNG,1462,1,1,0,1,0,61707,Private,Dent on door,Alloy wheels,
VEH-11348,RZI16E78R271563947,KA07A7520,MARUTI,SWIFT,VXI,541646.66,5,2020,2020-11-22,Ka-MYS,Hatchback,Petrol,1197,1,1,0,0,0,80949,Private,,Alloy wheels,2022-11-25
VEH-11349,RKY88X14R770954759,GJ73A9084,MARUTI,BALENO HATCHBACK,Delta 1.2,390139.98,14,2011,2011-03-03,Ta-COI,Hatchback,Petrol,1197,1,1,1,1,0,109074,Private,Dent on door,,
VEH-11350,TWE85C01C738790121,UP65D3302,MARUTI,VITARA BREZZA,ZDI PLUS,616010.5,13,2012,2012-02-16,Ma-PUN,SUV,Diesel,1248,1,0,0,1,0,64412,Private,Minor scratches,,
VEH-11351,DOS00I30D511324180,WB34C2198,MARUTI,VITARA BREZZA,VXI,857375.0,3,2022,2022-06-28,We-KOL,SUV,Petrol,1462,0,0,0,0,0,9981,Private,,Body kit,
VEH-11352,AGD11N68Z860184456,MH50A4875,HYUNDAI,VENUE,1.2 S PETROL,459306.07,12,2013,2013-03-01,Ma-NAG,SUV,Petrol,1197,1,1,0,0,1,87621,Private,Dent on door,Body kit,
VEH-11353,DYG50C27A964355878,TN86A3896,MARUTI,BALENO HATCHBACK,Delta 1.2,558669.84,7,2018,2018-12-11,Ma-NAG,Hatchback,Petrol,1197,0,0,0,1,1,3000,Private,Minor scratches,,2020-01-03
VEH-11354,BHO04M08I179715835,GJ17C2105,MARUTI,ERTIGA,1.5 VXI CNG,564676.29,13,2012,2012-10-07,De-NEW,MUV,CNG,1462,0,0,0,1,0,127510,Private,,,2015-06-10
VEH-11355,JWB47Z25W089898043,MH72B2677,MARUTI,ALTO 800,LXI,239494.78,10,2015,2015-03-22,Ma-MUM,Hatchback,Petrol,796,1,0,1,0,0,116024,Commercial,Dent on door,,
VEH-11356,PFQ86Q24W699092303,RJ17D4848,MARUTI,BALENO HATCHBACK,Zeta 1.2,438907.48,14,2011,2011-01-04,De-NOI,Hatchback,Petrol,1197,1,0,0,1,0,32366,Private,,Alloy wheels,
VEH-11357,VEX12S94G607879505,KA27C6159,MARUTI,ALTO 800,LXI,361000.0,2,2023,2023-12-10,Ma-NAG,Hatchback,Petrol,796,0,1,1,1,1,10353,Private,,,
VEH-11358,PBP13C65U746082064,RJ30B5218,HYUNDAI,CRETA,1.4 E Plus,907838.48,7,2018,2018-08-28,Ka-BAN,SUV,Diesel,1582,1,0,1,1,1,129285,Private,,,
VEH-11359,FLH04M15H643675170,GJ51A4895,MARUTI,WAGON R,1.0 VXI,341280.06,11,2014,2014-07-09,De-NOI,Hatchback,Petrol,998,1,0,0,1,1,99912,Private,,,
VEH-11360,TZX10E20K707128944,RJ63A7639,MARUTI,SWIFT DZIRE,VDI,393797.55,15,2010,2010-06-02,Ka-MYS,Sedan,Diesel,1248,0,1,0,1,1,113754,Private,Minor scratches,Alloy wheels,
VEH-11361,RDO94I29Y191034297,MH23C1993,MARUTI,BALENO HATCHBACK,Delta 1.2,760000.0,1,2024,2024-09-13,Ma-PUN,Hatchback,Petrol,1197,1,0,0,1,1,72704,Private,Minor scratches,,
VEH-11362,ALG50K13P375087447,UP20A2288,MARUTI,ALTO,K10 VXI,550000.0,0,2025,2025-09-08,We-HOW,Hatchback,Petrol,998,0,1,0,1,0,114918,Private,Dent on door,,
VEH-11363,NYO23X72Y304719256,GJ24D5895,MARUTI,ERTIGA,1.5 VXI CNG,729762.47,8,2017,2017-09-05,De-GUR,MUV,CNG,1462,1,1,0,1,1,64765,Private,,,2019-05-27
VEH-11364,ZMM00V19B427289779,GJ87C1267,MARUTI,VITARA BREZZA,VDI,539009.19,13,2012,2012-10-08,Ma-MUM,SUV,Diesel,1248,0,1,0,1,0,96647,Private,Dent on door,,
VEH-11365,NGA44Z03O278390880,WB09B3231,MARUTI,DZIRE,VXI,370632.98,15,2010,2010-08-26,Ka-BAN,Sedan,Petrol,1197,1,0,0,0,0,137707,Private,,Alloy wheels,2013-01-11
VEH-11366,QRN08K30O087178069,RJ35B9726,TOYOTA KIRLOSKAR,INNOVA CRYSTA,2.4 ZX MT 7 STR,1886225.0,3,2022,2022-07-22,Ta-CHE,MUV,Diesel,2393,1,0,1,0,1,115303,Private,,,2024-06-01
VEH-11367,KAS20K32V363828326,TN68D6219,HONDA,AMAZE,1.2 SMT i-VTEC,631750.0,2,2023,2023-11-25,De-GUR,Sedan,Petrol,1199,1,1,0,1,0,94850,Private,Minor scratches,,2026-02-10
VEH-11368,BSC52P97T662762365,RJ70B9732,TOYOTA KIRLOSKAR,INNOVA CRYSTA,2.8 ZX AT 7 STR,1911238.92,6,2019,2019-01-28,De-NEW,MUV,Diesel,2755,0,0,0,1,1,71955,Private,,Body kit,
VEH-11369,YPB81F28D171579085,MH96B9028,MARUTI,ERTIGA,1.5 VXI CNG,625680.1,11,2014,2014-10-26,We-KOL,MUV,CNG,1462,1,1,0,1,1,113721,Private,Dent on door,Alloy wheels,
VEH-11370,WAJ00D27V634778884,WB41C2524,MARUTI,WAGON R,1.0 VXI,514425.0,3,2022,2022-07-08,De-NOI,Hatchback,Petrol,998,0,1,0,0,0,21024,Private,,,
VEH-11371,CAS95B64D725115667,RJ20C1438,TOYOTA KIRLOSKAR,INNOVA CRYSTA,2.8 Z 7 STR,1837729.73,6,2019,2019-10-18,Ta-COI,MUV,Diesel,2755,1,0,0,1,1,54214,Private,,,
VEH-11372,NCB67V62G396055089,TN75A2942,MARUTI,SWIFT,VXI,631750.0,2,2023,2023-04-06,Ka-BAN,Hatchback,Petrol,1197,1,1,1,0,0,17546,Private,Dent on door,,2024-07-25
VEH-11373,RHF88T19O981230886,GJ13B1483,HYUNDAI,CRETA,1.4 E Plus,862446.56,8,2017,2017-03-01,We-KOL,SUV,Diesel,1582,1,1,1,1,0,59680,Private,,,
VEH-11374,IUK88P76A195989757,MH50D3306,MAHINDRA,SCORPIO,S5 2WD 7STR,945374.11,9,2016,2016-09-15,Ta-COI,SUV,Diesel,2184,0,0,0,1,0,90224,Private,,Body kit,2018-08-14
VEH-11375,SEW32B65T181398394,UP11B1680,HONDA,AMAZE,1.2 VXMT i-VTEC,557424.09,11,2014,2014-06-11,Ka-MYS,Sedan,Petrol,1199,1,0,0,1,1,14853,Private,,,2015-09-02
VEH-11376,SSE12J37R265674402,DL63D9041,MARUTI,BALENO HATCHBACK,Delta 1.2,390139.98,14,2011,2011-04-01,Ma-MUM,Hatchback,Petrol,1197,1,0,0,1,0,71822,Private,,Alloy wheels,
VEH-11377,RDP29K54I173762158,TN66B8859,MARUTI,SWIFT DZIRE,VDI,535712.0,9,2016,2016-05-17,Ka-MYS,Sedan,Diesel,1248,0,0,0,1,0,128935,Private,Minor scratches,,
VEH-11378,FPM25J46O231122445,RJ22D4051,HONDA,CITY,1.5 V MT,981862.24,8,2017,2017-06-06,Ma-NAG,Sedan,Petrol,1498,0,1,0,1,0,133711,Private,,,
VEH-11379,VYY72T76T968659195,UP07A5735,MARUTI,ERTIGA,1.5 VXI CNG,943112.5,3,2022,2022-08-03,Ta-CHE,MUV,CNG,1462,0,0,0,0,1,109967,Private,,Body kit,
VEH-11380,ZTF82D17I946091056,WB44B9174,HONDA,AMAZE,1.2 SMT i-VTEC,514564.32,6,2019,2019-09-21,Ma-MUM,Sedan,Petrol,1199,0,0,0,0,1,44862,Private,,,
VEH-11381,IWW10K60N497534972,MH68C1840,MARUTI,SWIFT,VDI (DIESEL),800000.0,0,2025,2025-08-18,We-HOW,Hatchback,Diesel,1248,1,1,0,0,0,87020,Private,Dent on door,,2026-12-30
VEH-11382,OFF05S10R581354413,KA27C2780,TOYOTA KIRLOSKAR,INNOVA CRYSTA,2.8 ZX AT 7 STR,1556716.04,10,2015,2015-06-13,Ta-COI,MUV,Diesel,2755,1,1,0,1,0,76313,Private,Dent on door,Alloy wheels,
VEH-11383,UMF21T16E175762890,WB25D2370,MARUTI,BALENO HATCHBACK,Delta 1.2,588073.51,6,2019,2019-11-15,Ka-MYS,Hatchback,Petrol,1197,0,1,0,1,0,126194,Private,Minor scratches,Body kit,2021-01-11
VEH-11384,GSB74H28B430434299,UP69A7157,HONDA,AMAZE,1.5 SMT i-DTEC,535712.0,9,2016,2016-03-26,We-KOL,Sedan,Diesel,1498,0,1,0,1,0,138738,Private,,,
VEH-11385,TAZ49P40L598545362,RJ65A1344,TOYOTA KIRLOSKAR,INNOVA CRYSTA,2.8 GX AT 7 STR,1308240.21,11,2014,2014-06-07,De-NOI,MUV,Diesel,2755,1,0,0,0,1,31643,Private,,,
VEH-11386,QAO45E86G374325549,KA91D5131,HONDA,CITY,1.5 V MT,799732.93,12,2013,2013-01-09,Ta-COI,Sedan,Petrol,1498,1,0,0,1,0,76803,Private,Minor scratches,Body kit,2014-02-08
VEH-11387,XQV78X04X137321439,RJ65C2877,HONDA,AMAZE,VX PETROL,980000.0,0,2025,2025-06-23,Ta-MAD,Sedan,Petrol,1199,1,0,0,1,1,144253,Private,,,
VEH-11388,YPJ40E70R490442808,RJ26B2036,MARUTI,SWIFT DZIRE,VDI,459306.07,12,2013,2013-09-03,Ma-MUM,Sedan,Diesel,1248,1,0,1,1,0,93528,Private,Minor scratches,,
VEH-11389,UNQ89V02T592700881,TN66B5592,MAHINDRA,THAR,LX HARD TOP AT 4STR DIESEL,1017852.8,10,2015,2015-10-16,Ta-MAD,SUV,Diesel,2184,0,0,1,1,0,139745,Private,Minor scratches,,
VEH-11390,FNG77R10E809938896,DL49D7866,MARUTI,ALTO 800,LXI,265368.17,8,2017,2017-07-20,De-NEW,Hatchback,Petrol,796,1,1,0,0,1,144365,Private,,Alloy wheels,2020-03-08
VEH-11391,SLF14Y87X113123576,WB05A6966,MARUTI,VITARA BREZZA,VXI,663420.43,8,2017,2017-06-20,Ta-CHE,SUV,Petrol,1462,1,1,0,0,1,50972,Private,,,
VEH-11392,GEV93X95N757500001,GJ43D6241,HYUNDAI,CRETA,1.5 E DIESEL,775206.77,9,2016,2016-06-27,Ma-PUN,SUV,Diesel,1493,1,1,0,1,0,97272,Private,,Alloy wheels,2017-11-21
VEH-11393,RBF15M78G166493981,RJ79D8502,MARUTI,DZIRE,VXI,530736.35,8,2017,2017-07-23,Ta-COI,Sedan,Petrol,1197,1,1,0,1,1,48459,Private,,Alloy wheels,
VEH-11394,CRP09U80U704852665,UP72B5498,MARUTI,ALTO,K10 VXI,329305.32,10,2015,2015-09-09,De-GUR,Hatchback,Petrol,998,1,1,0,1,0,12085,Private,Minor scratches,Body kit,
VEH-11395,YWK62I14L312670547,KA17A4153,MARUTI,WAGON R,1.0 VXI,292604.99,14,2011,2011-07-28,Ka-MYS,Hatchback,Petrol,998,1,1,1,1,0,6269,Private,,Body kit,
VEH-11396,PYS82S99Q258889928,RJ31A1713,MARUTI,BALENO HATCHBACK,Delta 1.2,370632.98,15,2010,2010-01-11,Ma-NAG,Hatchback,Petrol,1197,1,1,0,1,0,32835,Private,,Alloy wheels,
VEH-11397,DTI63V19Z983936445,GJ91D3205,MARUTI,ERTIGA,1.5 VXI CNG,625680.1,11,2014,2014-03-24,Ka-BAN,MUV,CNG,1462,0,0,1,1,0,76160,Private,,Body kit,2016-06-15
VEH-11398,PTJ72Z83I140641675,DL66D1459,MARUTI,SWIFT,1.2 VXi BS IV,650000.0,0,2025,2025-08-25,De-GUR,Hatchback,Petrol,1197,0,1,0,1,0,50625,Private,Dent on door,,
VEH-11399,RUC76I32J381395967,RJ51C2865,MARUTI,SWIFT,1.2 VXi BS IV,409662.12,9,2016,2016-09-23,Ta-MAD,Hatchback,Petrol,1197,1,0,1,1,1,44021,Private,,,
VEH-11400,CSX85T24N873121004,KA57D6482,MARUTI,WAGON R,1.0 VXI,541500.0,2,2023,2023-02-18,Ma-MUM,Hatchback,Petrol,998,0,0,0,1,1,132577,Private,Minor scratches,Alloy wheels,
VEH-11401,OQI65H56R839632285,WB56B9091,MARUTI,DZIRE,VXI,478989.55,10,2015,2015-08-15,Ka-BAN,Sedan,Petrol,1197,0,1,0,1,1,115614,Private,,Alloy wheels,2016-12-03
VEH-11402,RHF08F16Q047059050,TN61A8396,MARUTI,BALENO HATCHBACK,Zeta 1.2,855000.0,1,2024,2024-07-23,Ma-NAG,Hatchback,Petrol,1197,0,1,0,0,0,108884,Private,Dent on door,Alloy wheels,
VEH-11403,ZHJ50V46T737169656,TN31D3301,MARUTI,SWIFT,1.2 VXi BS IV,502957.61,5,2020,2020-05-11,Ma-NAG,Hatchback,Petrol,1197,0,0,0,1,1,7452,Private,Minor scratches,,
VEH-11404,XTF13W62S104416274,KA02D3425,MARUTI,BALENO HATCHBACK,Delta 1.2,410673.67,13,2012,2012-11-21,Ta-MAD,Hatchback,Petrol,1197,1,0,1,1,1,39679,Private,,,2014-10-12
VEH-11405,DUU08M28B705687443,RJ14C4317,MARUTI,ALTO,K10 VXI,447978.44,4,2021,2021-11-13,Ma-NAG,Hatchback,Petrol,998,0,0,0,0,0,20462,Private,Dent on door,,
VEH-11406,GSG20K28W576375527,KA15D4172,MARUTI,WAGON R,1.0 VXI,488703.75,4,2021,2021-03-13,De-GUR,Hatchback,Petrol,998,1,0,1,1,0,148829,Commercial,Dent on door,,2022-04-22
VEH-11407,DRN65R59W693110051,TN10C4937,TOYOTA KIRLOSKAR,INNOVA CRYSTA,2.8 Z 7 STR,1158228.08,15,2010,2010-03-21,Ka-MYS,MUV,Diesel,2755,0,1,0,1,0,116626,Private,Dent on door,Body kit,
VEH-11408,VPA69A39N938247322,WB56C9541,HYUNDAI,CRETA,1.5 E DIESEL,631410.76,13,2012,2012-08-26,We-HOW,SUV,Diesel,1493,0,0,1,1,1,49879,Private,,Body kit,
VEH-11409,JKV97A59C630123342,WB67B2611,MARUTI,VITARA BREZZA,VDI,1050000.0,0,2025,2025-08-10,Ka-MYS,SUV,Diesel,1248,1,1,1,0,0,41894,Private,Dent on door,,
VEH-11410,BKK69A71Q681099802,RJ63B9351,MARUTI,DZIRE,VXI,619024.75,5,2020,2020-10-27,Ma-MUM,Sedan,Petrol,1197,0,1,0,0,1,126074,Private,Dent on door,,2022-11-04
VEH-11411,ILU81I77D893679233,WB47D1852,MARUTI,BALENO HATCHBACK,Delta 1.2,651605.0,4,2021,2021-05-03,Ta-CHE,Hatchback,Petrol,1197,0,1,0,1,1,27118,Private,,Alloy wheels,
VEH-11412,KHU07L59Q022976428,TN99D4230,MARUTI,ALTO 800,LXI,205336.83,13,2012,2012-10-08,Ka-MYS,Hatchback,Petrol,796,0,1,0,0,0,90512,Private,,,
VEH-11413,BEO93V22S803844965,KA80C5055,MARUTI,BALENO HATCHBACK,Delta 1.2,588073.51,6,2019,2019-07-19,Ma-NAG,Hatchback,Petrol,1197,1,0,0,0,1,36979,Private,Dent on door,Body kit,
VEH-11414,APV28S60V526875308,DL36B2908,MARUTI,VITARA BREZZA,VXI,630249.41,9,2016,2016-07-25,Ta-CHE,SUV,Petrol,1462,1,1,1,1,0,74473,Private,,,
VEH-11415,RJZ65R17H529663362,KA80C6228,MARUTI,ALTO 800,LXI,380000.0,1,2024,2024-04-20,De-NOI,Hatchback,Petrol,796,1,1,0,1,0,62486,Private,,,
VEH-11416,FHG43O77Q929966121,RJ82C1312,HYUNDAI,CRETA,1.4 E Plus,819324.23,9,2016,2016-01-27,Ta-MAD,SUV,Diesel,1582,0,0,0,1,0,83030,Private,,,
VEH-11417,CLR34J30S912113152,GJ63D5225,HONDA,AMAZE,1.2 SMT i-VTEC,378252.06,12,2013,2013-05-05,Ma-MUM,Sedan,Petrol,1199,0,1,0,0,0,78770,Private,,Alloy wheels,2015-02-10
VEH-11418,UPE55I35F858266566,WB63A5498,TOYOTA KIRLOSKAR,INNOVA CRYSTA,2.8 Z 7 STR,2256250.0,2,2023,2023-02-25,We-KOL,MUV,Diesel,2755,1,0,1,1,0,48961,Private,,,
VEH-11419,LTW96H29T901536652,RJ75B4585,MARUTI,BALENO HATCHBACK,Zeta 1.2,696402.84,5,2020,2020-03-16,Ta-CHE,Hatchback,Petrol,1197,1,1,0,0,0,120316,Private,Minor scratches,,
VEH-11420,ZOI31L08G516420111,MH86C1972,MARUTI,SWIFT,VXI,700000.0,0,2025,2025-08-24,Ka-BAN,Hatchback,Petrol,1197,0,1,1,0,1,62283,Commercial,Minor scratches,Body kit,
VEH-11421,PUL94W80Z519037441,UP02B7207,MARUTI,ERTIGA,1.5 VXI CNG,1100000.0,0,2025,2025-04-02,We-KOL,MUV,CNG,1462,0,1,0,1,1,9851,Private,Dent on door,,
VEH-11422,FSE33M15P528179233,GJ62D5771,HYUNDAI,CRETA,1.4 E Plus,1114587.5,3,2022,2022-10-09,De-NOI,SUV,Diesel,1582,1,1,1,1,1,108730,Private,,Alloy wheels,
VEH-11423,QJC27U75T865772564,WB22A9479,MARUTI,DZIRE,VXI,558669.84,7,2018,2018-04-27,Ka-BAN,Sedan,Petrol,1197,0,0,0,1,1,138252,Private,,Alloy wheels,2021-01-06
VEH-11424,ZAW04S90W811668402,WB18A5270,TOYOTA KIRLOSKAR,INNOVA CRYSTA,2.8 Z 7 STR,2036265.62,4,2021,2021-03-01,Ma-MUM,MUV,Diesel,2755,0,1,0,1,1,108508,Private,,Body kit,
VEH-11425,HPT66E00U807081286,GJ47D5459,MARUTI,BALENO HATCHBACK,Zeta 1.2,438907.48,14,2011,2011-11-03,De-GUR,Hatchback,Petrol,1197,0,1,0,1,0,53545,Private,Dent on door,Body kit,
VEH-11426,LVH85B44X744162783,GJ01D3096,MARUTI,ALTO 800,LXI,239494.78,10,2015,2015-10-19,Ta-MAD,Hatchback,Petrol,796,1,0,1,0,1,12856,Private,,,
VEH-11427,RJZ37V80T908802376,MH42C9450,MARUTI,SWIFT,1.2 VXi BS IV,301139.3,15,2010,2010-08-01,Ka-BAN,Hatchback,Petrol,1197,1,1,0,1,0,114929,Private,Dent on door,,2013-02-05
VEH-11428,GHM25N85C006488153,GJ44D1714,HYUNDAI,VENUE,1.2 S PETROL,624828.11,6,2019,2019-07-01,We-HOW,SUV,Petrol,1197,0,0,1,1,0,24743,Private,,Body kit,
VEH-11429,ICF52X61W070174893,GJ40C3185,MARUTI,SWIFT,VXI,359339.46,13,2012,2012-01-26,Ma-NAG,Hatchback,Petrol,1197,1,1,0,1,0,93540,Private,Dent on door,,
VEH-11430,KCY21G63N516044105,TN38B8487,MARUTI,ERTIGA,1.5 VXI CNG,992750.0,2,2023,2023-06-09,We-KOL,MUV,CNG,1462,1,0,0,1,1,73682,Private,,,
VEH-11431,IDR58S94F289160980,TN34D6120,MARUTI,ALTO,K10 VXI,312840.05,11,2014,2014-05-27,Ma-MUM,Hatchback,Petrol,998,0,0,1,1,1,5468,Private,Minor scratches,Alloy wheels,
VEH-11432,UCZ23O34U310247584,RJ37D4437,MARUTI,ERTIGA,1.5 VXI CNG,658610.63,10,2015,2015-08-01,We-HOW,MUV,CNG,1462,1,0,0,1,1,2147,Private,,Alloy wheels,
VEH-11433,IUX34W27G704911161,KA20A8196,MARUTI,SWIFT,VXI,378252.06,12,2013,2013-01-24,We-KOL,Hatchback,Petrol,1197,0,1,0,1,0,42503,Private,Minor scratches,Body kit,
VEH-11434,KJB75Q56Z265242608,MH66C6655,MARUTI,SWIFT,1.2 VXi BS IV,301139.3,15,2010,2010-03-19,Ma-MUM,Hatchback,Petrol,1197,1,0,0,1,0,82475,Private,Dent on door,,
VEH-11435,ITL43Y97B862236376,UP63B3450,HONDA,AMAZE,1.5 SMT i-DTEC,563907.37,8,2017,2017-09-26,Ma-PUN,Sedan,Diesel,1498,0,1,0,0,0,18406,Private,,,2018-10-19
VEH-11436,YZQ27E32F351219016,DL16D5836,MARUTI,VITARA BREZZA,ZDI PLUS,616010.5,13,2012,2012-09-19,De-NEW,SUV,Diesel,1248,1,1,1,1,0,121120,Private,Minor scratches,Alloy wheels,
VEH-11437,KOL04L85P604611299,GJ38A8881,HONDA,CITY,1.5 V MT,1087936.0,6,2019,2019-07-11,We-KOL,Sedan,Petrol,1498,1,0,1,1,0,112255,Private,Minor scratches,,
VEH-11438,TLG96P11Y380007897,WB23C4871,MARUTI,VITARA BREZZA,VDI,628673.79,10,2015,2015-06-05,Ka-BAN,SUV,Diesel,1248,0,1,0,1,0,20629,Private,Dent on door,Alloy wheels,
VEH-11439,PPD13G22A978617069,WB26D6092,MARUTI,BALENO HATCHBACK,Zeta 1.2,661582.7,6,2019,2019-02-09,Ta-COI,Hatchback,Petrol,1197,0,1,0,1,1,89591,Private,,,
VEH-11440,ACZ32V73V980502202,DL70D3928,MARUTI,BALENO HATCHBACK,Delta 1.2,722000.0,2,2023,2023-08-17,Ka-MYS,Hatchback,Petrol,1197,1,1,0,1,1,117211,Private,,Alloy wheels,
VEH-11441,VIG19U78S273027894,MH47B3504,HYUNDAI,CRETA,1.5 E DIESEL,1001842.69,4,2021,2021-12-15,Ka-MYS,SUV,Diesel,1493,0,0,0,1,1,140710,Private,Minor scratches,,
VEH-11442,JXA43R67W410754885,GJ18D7586,MARUTI,BALENO HATCHBACK,Zeta 1.2,486324.08,12,2013,2013-04-23,Ma-MUM,Hatchback,Petrol,1197,1,1,0,0,0,88993,Private,Dent on door,,2015-12-28
VEH-11443,ZKB69K42Q514094865,WB12D8411,MAHINDRA,SCORPIO,S11 2WD 7STR,1134448.94,9,2016,2016-02-28,Ma-MUM,SUV,Diesel,2184,1,1,0,1,0,110849,Private,,Body kit,2018-02-17
VEH-11444,OUW50S89R790500733,KA94C1879,MARUTI,ALTO,K10 VXI,550000.0,0,2025,2025-08-15,Ta-MAD,Hatchback,Petrol,998,0,1,0,0,1,47977,Private,,Body kit,
VEH-11445,RGH51D13O974021239,DL19D8239,TOYOTA KIRLOSKAR,INNOVA CRYSTA,2.8 Z 7 STR,2143437.5,3,2022,2022-06-03,We-KOL,MUV,Diesel,2755,1,1,0,1,0,141043,Private,,,
VEH-11446,OLO43E41U931055763,WB67C9434,MARUTI,ALTO 800,LXI,400000.0,0,2025,2025-10-28,Ka-BAN,Hatchback,Petrol,796,1,0,0,0,0,124734,Private,Minor scratches,,
VEH-11447,CTH71X23Q743651667,GJ23A9864,MARUTI,SWIFT,VXI,514564.32,6,2019,2019-07-14,Ta-COI,Hatchback,Petrol,1197,1,0,0,0,1,64717,Private,Minor scratches,,
VEH-11448,WWM86T26B548379935,DL78C3353,MARUTI,ERTIGA,1.5 VXI CNG,564676.29,13,2012,2012-12-11,Ka-MYS,MUV,CNG,1462,0,0,1,1,1,95588,Private,Dent on door,,
VEH-11449,XSX41W57C265513286,MH63C4222,MARUTI,SWIFT,VXI,570154.37,4,2021,2021-01-17,De-NEW,Hatchback,Petrol,1197,1,1,0,0,1,76126,Private,Dent on door,,
VEH-11450,MCK27N89Q572181318,GJ30D8109,HYUNDAI,CRETA,1.5 E DIESEL,951750.55,5,2020,2020-04-26,De-NOI,SUV,Diesel,1493,1,0,0,0,0,110713,Private,,,
VEH-11451,BYC52Z62Q542742448,WB46A1797,HONDA,AMAZE,1.2 SMT i-VTEC,359339.46,13,2012,2012-03-10,Ka-BAN,Sedan,Petrol,1199,1,1,0,0,1,79318,Private,,,
VEH-11452,GEU28C86Z578623019,WB21D6218,MARUTI,SWIFT,VDI (DIESEL),760000.0,1,2024,2024-11-07,Ta-COI,Hatchback,Diesel,1248,0,0,0,0,0,2567,Private,,Body kit,
VEH-11453,VTY92J58W179965393,WB90D1534,MARUTI,VITARA BREZZA,ZDI PLUS,756299.29,9,2016,2016-12-17,We-HOW,SUV,Diesel,1248,1,0,0,0,1,32764,Private,,Alloy wheels,
VEH-11454,QRO49S18W839722189,MH12B3462,HONDA,AMAZE,1.2 SMT i-VTEC,631750.0,2,2023,2023-01-18,Ta-CHE,Sedan,Petrol,1199,1,0,0,1,0,86294,Private,Dent on door,,
VEH-11455,ETT41L69Q283540052,RJ09A5430,MARUTI,WAGON R,1.0 VXI,541500.0,2,2023,2023-11-18,Ma-NAG,Hatchback,Petrol,998,1,1,0,1,0,84905,Private,Minor scratches,Alloy wheels,
VEH-11456,JEG60D66V426916715,WB18A9070,MARUTI,SWIFT,VXI,359339.46,13,2012,2012-11-22,We-KOL,Hatchback,Petrol,1197,0,0,1,0,1,20847,Private,,Alloy wheels,2013-12-21
VEH-11457,DQN86F32Z665054450,RJ93D1437,MARUTI,BALENO HATCHBACK,Delta 1.2,800000.0,0,2025,2025-11-21,Ma-PUN,Hatchback,Petrol,1197,0,1,0,0,0,105958,Private,,Body kit,
VEH-11458,UIA54R54K723838688,MH91A4533,HYUNDAI,CRETA,1.5 E DIESEL,816007.13,8,2017,2017-07-01,Ma-PUN,SUV,Diesel,1493,1,1,0,1,0,7031,Private,,,
VEH-11459,GLW47I31Q857179815,UP04A1935,MARUTI,BALENO HATCHBACK,Delta 1.2,588073.51,6,2019,2019-08-23,Ta-COI,Hatchback,Petrol,1197,1,1,1,0,0,22942,Private,,Body kit,
VEH-11460,CFY90J68J162494659,DL41B6462,MARUTI,DZIRE,VXI,760000.0,1,2024,2024-06-15,Ta-CHE,Sedan,Petrol,1197,0,0,1,1,0,10572,Private,,,
VEH-11461,FVK31B53I312157528,UP21A9658,MARUTI,SWIFT DZIRE,VDI,624828.11,6,2019,2019-03-12,Ma-PUN,Sedan,Diesel,1248,0,0,0,1,0,28350,Private,,Body kit,
VEH-11462,XPR01I88L227514223,DL46A8752,MARUTI,BALENO HATCHBACK,Zeta 1.2,567224.47,9,2016,2016-12-28,Ma-NAG,Hatchback,Petrol,1197,1,1,0,0,0,131211,Private,,,
VEH-11463,FXH57H41R007360939,GJ30A4184,MARUTI,DZIRE,VXI,455040.07,11,2014,2014-06-21,Ma-MUM,Sedan,Petrol,1197,0,0,0,1,1,53278,Private,,Body kit,2016-09-20
VEH-11464,TRE54Q32W768332830,KA34D6332,MARUTI,VITARA BREZZA,VXI,698337.3,7,2018,2018-08-09,Ma-PUN,SUV,Petrol,1462,1,0,0,1,1,51975,Private,Dent on door,,
VEH-11465,OCR62T92N780432932,MH68B7625,HYUNDAI,GRAND I10 NIOS,SPORTZ 1.2 KAPPA VTVT,514564.32,6,2019,2019-05-16,De-GUR,Hatchback,Petrol,1197,0,1,0,1,1,89273,Private,,,2020-08-19
VEH-11466,ANT90U61P483602210,UP60C6828,MARUTI,WAGON R,1.0 VXI,600000.0,0,2025,2025-12-03,De-NEW,Hatchback,Petrol,998,0,0,0,0,1,48931,Private,,,
VEH-11467,WLW96I18B765879995,RJ25A1441,MARUTI,ALTO,K10 VXI,384085.51,7,2018,2018-02-13,We-HOW,Hatchback,Petrol,998,0,1,0,0,1,23906,Private,,Body kit,
VEH-11468,GOD30Z69G155067766,KA56C3148,MARUTI,DZIRE,VXI,530736.35,8,2017,2017-09-05,Ka-MYS,Sedan,Petrol,1197,0,1,0,1,1,116246,Private,Dent on door,Body kit,
VEH-11469,DWY51E21B353152206,GJ10A4714,HONDA,AMAZE,1.2 VXMT i-VTEC,477921.48,14,2011,2011-05-09,De-GUR,Sedan,Petrol,1199,0,0,0,1,0,48103,Private,,Body kit,
VEH-11470,SEC05P39S993437855,MH16C6129,HYUNDAI,CRETA,1.4 E Plus,602278.6,15,2010,2010-09-24,We-HOW,SUV,Diesel,1582,1,1,0,0,1,16003,Private,Dent on door,Body kit,
VEH-11471,LDO87C72D200137825,UP40A8362,MARUTI,VITARA BREZZA,VXI,513342.08,13,2012,2012-07-12,Ka-MYS,SUV,Petrol,1462,0,0,0,1,1,133126,Private,Minor scratches,,
VEH-11472,HCO68N33B847091309,MH37C2518,MARUTI,ALTO,K10 VXI,425579.52,5,2020,2020-06-20,Ma-PUN,Hatchback,Petrol,998,1,0,0,0,1,97144,Private,,,2022-08-29
VEH-11473,TKY25W82T681662144,UP06D8500,MARUTI,SWIFT,VDI (DIESEL),432288.07,12,2013,2013-12-05,Ka-BAN,Hatchback,Diesel,1248,0,0,0,1,1,99317,Private,,,
VEH-11474,GHZ22G26X273138270,UP01B6095,MARUTI,DZIRE,VXI,685900.0,3,2022,2022-08-18,Ma-MUM,Sedan,Petrol,1197,1,1,0,0,0,92061,Private,Dent on door,Alloy wheels,
VEH-11475,UJQ67M80T946332103,WB84A7864,MARUTI,BALENO HATCHBACK,Delta 1.2,685900.0,3,2022,2022-07-06,Ta-COI,Hatchback,Petrol,1197,1,1,1,1,1,10232,Private,,Alloy wheels,2024-11-03
VEH-11476,ZBY43S65E113143159,WB48D7356,MARUTI,SWIFT,VXI,514564.32,6,2019,2019-01-27,We-HOW,Hatchback,Petrol,1197,0,1,0,0,0,28272,Private,Minor scratches,,
VEH-11477,AJW28Q61D528184462,MH66D3279,HONDA,AMAZE,VX PETROL,454025.41,15,2010,2010-04-13,Ma-PUN,Sedan,Petrol,1199,1,0,1,0,1,23217,Private,Minor scratches,,2012-03-01
VEH-11478,TKQ46U46E323837978,RJ95B6312,MARUTI,SWIFT,VDI (DIESEL),685900.0,3,2022,2022-03-22,Ta-CHE,Hatchback,Diesel,1248,0,1,0,0,1,72956,Private,,,2023-05-25
VEH-11479,ODG99J02N396874145,TN60B9029,MARUTI,VITARA BREZZA,VDI,900243.75,3,2022,2022-02-10,Ma-MUM,SUV,Diesel,1248,0,0,0,1,0,123868,Private,Minor scratches,Alloy wheels,2024-10-31
VEH-11480,UZQ66Y25K715977824,MH51C7109,HYUNDAI,CRETA,1.4 E Plus,819324.23,9,2016,2016-03-23,Ma-MUM,SUV,Diesel,1582,1,0,0,1,0,1161,Private,,,
VEH-11481,JUI98O41U127435837,KA97B1374,HONDA,AMAZE,1.2 VXMT i-VTEC,650152.02,8,2017,2017-05-25,Ka-MYS,Sedan,Petrol,1199,1,0,1,1,1,19056,Private,,,2019-09-11
VEH-11482,QRH08G27P164816782,TN31C4726,MARUTI,ERTIGA,1.5 VXI CNG,851159.03,5,2020,2020-01-25,Ka-BAN,MUV,CNG,1462,1,0,0,1,1,3555,Private,Minor scratches,Alloy wheels,2022-08-05
VEH-11483,OWS84R40A857001995,KA81A8075,MARUTI,BALENO HATCHBACK,Zeta 1.2,771637.5,3,2022,2022-08-02,Ma-MUM,Hatchback,Petrol,1197,0,0,1,1,1,52593,Private,,,2024-03-12
VEH-11484,VZH36D18T664810901,UP27D8925,MAHINDRA,SCORPIO,S5 2WD 7STR,770013.12,13,2012,2012-09-20,Ma-NAG,SUV,Diesel,2184,0,0,0,0,1,100858,Private,,Body kit,
VEH-11485,BLR52L78Y760497424,TN47B4839,TOYOTA KIRLOSKAR,INNOVA CRYSTA,2.8 ZX AT 7 STR,1334689.42,13,2012,2012-12-11,Ka-BAN,MUV,Diesel,2755,1,1,0,0,1,51184,Private,,,
VEH-11486,BCU26G74J152094143,UP91B7131,MARUTI,WAGON R,1.0 LXI CNG,333672.35,13,2012,2012-11-21,Ta-CHE,Hatchback,CNG,998,1,0,0,1,0,78531,Private,,,2014-03-02
VEH-11487,SRW02Z14X308493223,GJ56D4299,MARUTI,SWIFT,VXI,570154.37,4,2021,2021-11-09,Ma-NAG,Hatchback,Petrol,1197,1,1,0,0,0,4180,Private,Dent on door,,
VEH-11488,TSF94T43V046553018,RJ60A7097,MAHINDRA,BOLERO,B6 (O),814506.25,4,2021,2021-11-27,Ka-MYS,SUV,Diesel,1498,1,1,0,1,1,97205,Private,,Alloy wheels,
VEH-11489,GOP79N09Z482325257,DL13B7626,MARUTI,SWIFT DZIRE,VDI,767125.0,2,2023,2023-12-10,Ma-NAG,Sedan,Diesel,1248,1,1,0,1,0,23823,Private,Minor scratches,Body kit,
VEH-11490,NWE67L67I221970498,RJ17B6261,HONDA,AMAZE,1.2 VXMT i-VTEC,454025.41,15,2010,2010-05-02,De-NEW,Sedan,Petrol,1199,1,1,0,0,0,102164,Private,,Alloy wheels,
VEH-11491,FKE11S87B974265990,RJ87D4188,MARUTI,SWIFT,1.2 VXi BS IV,617500.0,1,2024,2024-12-24,We-HOW,Hatchback,Petrol,1197,0,0,1,1,0,109112,Private,Minor scratches,,2027-02-05
VEH-11492,AIS70Y24T264868717,WB57D7235,MARUTI,SWIFT,1.2 VXi BS IV,502957.61,5,2020,2020-02-06,De-NOI,Hatchback,Petrol,1197,0,0,1,1,0,25234,Private,,,
VEH-11493,HRX64N13N341560069,RJ89A6755,HYUNDAI,CRETA,1.4 E Plus,1173250.0,2,2023,2023-11-20,Ka-BAN,SUV,Diesel,1582,0,0,0,0,1,52801,Private,,,2025-08-26
VEH-11494,RKY19U74W724923216,RJ09B1298,MARUTI,ERTIGA,1.5 VXI CNG,1045000.0,1,2024,2024-03-18,Ta-MAD,MUV,CNG,1462,0,0,0,1,0,100642,Private,Dent on door,,
VEH-11495,EST46Z45F005255408,RJ59A9791,MARUTI,BALENO HATCHBACK,Zeta 1.2,900000.0,0,2025,2025-05-14,Ka-BAN,Hatchback,Petrol,1197,1,0,0,0,1,118506,Private,,,
VEH-11496,DEK27A24S302631345,DL86C7767,HONDA,AMAZE,1.2 VXMT i-VTEC,884450.0,2,2023,2023-12-23,Ta-CHE,Sedan,Petrol,1199,0,0,1,1,1,41205,Private,,,
VEH-11497,DSW89D76S660299660,WB51D9807,MARUTI,SWIFT,1.2 VXi BS IV,431223.28,8,2017,2017-05-02,We-HOW,Hatchback,Petrol,1197,1,1,0,1,1,26009,Private,Dent on door,Alloy wheels,2018-05-02
VEH-11498,VCV97Z46H929626934,RJ95D1778,MARUTI,ALTO 800,LXI,239494.78,10,2015,2015-05-03,Ta-MAD,Hatchback,Petrol,796,0,1,0,1,1,59774,Private,Dent on door,,
VEH-11499,GFW78N74F064149443,GJ27D5182,MARUTI,SWIFT,VXI,324303.86,15,2010,2010-03-03,We-HOW,Hatchback,Petrol,1197,1,0,0,1,1,8468,Private,,Body kit,
VEH-11500,YUR72L46M794363394,KA31A6925,MAHINDRA,SCORPIO,S11 2WD 7STR,1134448.94,9,2016,2016-06-05,We-HOW,SUV,Diesel,2184,0,0,0,0,1,25051,Private,,Body kit,
VEH-11501,IDA51Z02S807108558,GJ86D3901,MARUTI,WAGON R,1.0 LXI CNG,409662.12,9,2016,2016-02-17,Ta-MAD,Hatchback,CNG,998,1,1,0,1,1,82728,Private,Dent on door,,2018-08-02
VEH-11502,ZHO87C29J507719905,DL57B9874,MARUTI,SWIFT,VDI (DIESEL),504199.53,9,2016,2016-10-01,We-KOL,Hatchback,Diesel,1248,1,1,1,1,1,97336,Private,Dent on door,,
VEH-11503,DRR50Q03S132825147,KA11C5828,MARUTI,DZIRE,VXI,504199.53,9,2016,2016-02-14,Ma-PUN,Sedan,Petrol,1197,1,1,0,0,1,128178,Private,,,2017-07-03
VEH-11504,CWY32P22Y559563752,WB65B9408,MARUTI,ALTO 800,LXI,294036.76,6,2019,2019-06-27,Ka-MYS,Hatchback,Petrol,796,1,1,0,1,0,32301,Private,Minor scratches,Body kit,
VEH-11505,QUN76J49C078545783,DL95D5017,MARUTI,BALENO HATCHBACK,Zeta 1.2,812250.0,2,2023,2023-03-15,De-NEW,Hatchback,Petrol,1197,1,0,0,1,0,122282,Private,Dent on door,,
VEH-11506,NOR14O67Q626493418,MH70C2899,HYUNDAI,CRETA,1.4 E Plus,602278.6,15,2010,2010-03-28,Ma-PUN,SUV,Diesel,1582,0,0,0,1,0,41829,Private,Dent on door,Alloy wheels,2012-09-26
VEH-11507,UJW27L40G168232985,GJ19D7628,HONDA,CITY,1.5 V MT,1145195.79,5,2020,2020-06-21,We-HOW,Sedan,Petrol,1498,1,0,0,1,1,4546,Private,,Alloy wheels,2023-01-02
VEH-11508,VEC01O03I355690720,WB51D2597,HYUNDAI,VENUE,1.2 S PETROL,657713.8,5,2020,2020-05-10,Ma-PUN,SUV,Petrol,1197,1,1,1,1,1,81486,Private,Dent on door,,
VEH-11509,PVY42D90S912446966,UP45A3489,MARUTI,VITARA BREZZA,VXI,735091.89,6,2019,2019-06-13,De-NEW,SUV,Petrol,1462,0,1,0,0,1,62600,Private,,,
VEH-11510,DRT15P77U706792499,WB52A6342,MARUTI,SWIFT,1.2 VXi BS IV,586625.0,2,2023,2023-08-23,Ma-PUN,Hatchback,Petrol,1197,0,1,0,1,0,117237,Private,,,2025-07-08
VEH-11511,XCQ78D74D347657461,RJ84A3038,MARUTI,ERTIGA,1.5 VXI CNG,895956.87,4,2021,2021-01-18,De-NOI,MUV,CNG,1462,1,1,1,1,0,105983,Private,Dent on door,Body kit,
VEH-11512,TJX50V14R063183211,KA81D8520,HYUNDAI,VENUE,1.2 S PETROL,483480.08,11,2014,2014-02-04,Ka-BAN,SUV,Petrol,1197,1,1,0,1,0,41980,Private,Minor scratches,Alloy wheels,
VEH-11513,HTX99K08O307473716,GJ43C8046,HYUNDAI,GRAND I10,SPORTZ 1.2 KAPPA VTVT,424589.08,8,2017,2017-09-01,Ka-BAN,Hatchback,Petrol,1197,0,1,1,1,0,110745,Private,Minor scratches,,
VEH-11514,PHO18P06M161184268,GJ20A5468,HONDA,AMAZE,1.2 VXMT i-VTEC,586762.2,10,2015,2015-07-18,Ma-MUM,Sedan,Petrol,1199,0,1,1,1,1,131564,Private,Minor scratches,,
VEH-11515,LEJ71K41A310728632,KA33C6835,MARUTI,SWIFT,1.2 VXi BS IV,369720.06,11,2014,2014-12-27,Ka-MYS,Hatchback,Petrol,1197,1,1,1,0,1,93852,Private,,Body kit,
VEH-11516,UMM66Y41N311574806,UP18A5563,HYUNDAI,GRAND I10,SPORTZ 1.2 KAPPA VTVT,495219.8,5,2020,2020-04-19,Ka-MYS,Hatchback,Petrol,1197,0,1,0,1,1,138831,Private,Dent on door,Alloy wheels,
VEH-11517,JJO01S78B751587819,UP44C9294,MARUTI,SWIFT,1.2 VXi BS IV,477809.73,6,2019,2019-07-13,De-GUR,Hatchback,Petrol,1197,0,1,1,1,1,8323,Private,Minor scratches,Alloy wheels,
VEH-11518,YQU40U46K488869403,UP42C9989,MARUTI,SWIFT,1.2 VXi BS IV,650000.0,0,2025,2025-09-21,De-NEW,Hatchback,Petrol,1197,0,0,0,1,1,12686,Private,,Alloy wheels,
VEH-11519,OOO01E81C681483086,UP46B3323,HONDA,CITY,1.5 V MT,1033539.2,7,2018,2018-01-16,De-GUR,Sedan,Petrol,1498,1,1,0,1,0,114945,Private,,,
VEH-11520,EVR25E74N492909698,MH26D3536,HYUNDAI,CRETA,1.5 E DIESEL,951750.55,5,2020,2020-10-10,Ka-BAN,SUV,Diesel,1493,0,0,0,1,1,63729,Private,Dent on door,Alloy wheels,
VEH-11521,IAU14R81J614841485,TN27D9178,MARUTI,VITARA BREZZA,ZDI PLUS,756299.29,9,2016,2016-06-24,Ma-PUN,SUV,Diesel,1248,0,1,0,0,1,83125,Private,,Body kit,
VEH-11522,RLG48A00V715344815,TN62A6608,MARUTI,DZIRE,VXI,530736.35,8,2017,2017-04-15,De-NOI,Sedan,Petrol,1197,0,1,0,1,1,132240,Private,Dent on door,,
VEH-11523,JFB68M86F094290164,DL97A7855,MARUTI,VITARA BREZZA,ZDI PLUS,1200000.0,0,2025,2025-03-25,Ka-BAN,SUV,Diesel,1248,0,0,1,1,0,67921,Private,Dent on door,Body kit,
VEH-11524,FPX93S20K049887781,RJ37A5508,MARUTI,ALTO,K10 VXI,447978.44,4,2021,2021-01-25,We-KOL,Hatchback,Petrol,998,1,1,0,1,0,118289,Private,,Body kit,
VEH-11525,AQF47J02A951163837,MH47A9112,MARUTI,WAGON R,1.0 LXI CNG,316988.74,14,2011,2011-03-11,Ka-BAN,Hatchback,CNG,998,0,0,0,1,0,146079,Private,Dent on door,,
VEH-11526,MTQ13S99W951288891,GJ32D7437,MARUTI,BALENO HATCHBACK,Zeta 1.2,661582.7,6,2019,2019-01-02,Ta-CHE,Hatchback,Petrol,1197,1,1,0,0,1,58267,Private,,Body kit,
VEH-11527,UTM54K54X666658990,TN87C4733,TOYOTA KIRLOSKAR,INNOVA CRYSTA,2.8 GX AT 7 STR,1606175.78,7,2018,2018-01-27,Ta-CHE,MUV,Diesel,2755,1,1,0,0,1,48659,Private,Dent on door,Body kit,
VEH-11528,AJH49V73Q597528465,GJ72C5294,MARUTI,VITARA BREZZA,ZDI PLUS,682560.11,11,2014,2014-11-14,Ma-MUM,SUV,Diesel,1248,0,1,0,1,0,95837,Private,,,
VEH-11529,HSD28S49H421429497,DL84C3827,HONDA,AMAZE,1.2 VXMT i-VTEC,503075.24,13,2012,2012-07-11,We-KOL,Sedan,Petrol,1199,1,0,0,1,0,81836,Private,,,
VEH-11530,RDI78L85M656783658,TN85B1266,HYUNDAI,CRETA,1.5 E DIESEL,816007.13,8,2017,2017-01-04,Ta-COI,SUV,Diesel,1493,1,0,0,0,1,120308,Commercial,Dent on door,Body kit,
VEH-11531,UMX68L55O140551973,DL35B5019,MARUTI,DZIRE,VXI,722000.0,2,2023,2023-10-02,We-KOL,Sedan,Petrol,1197,1,1,0,0,1,57086,Private,Minor scratches,Alloy wheels,
VEH-11532,YFE46R99U628948376,DL59D8140,MARUTI,SWIFT DZIRE,VDI,624828.11,6,2019,2019-07-08,Ma-PUN,Sedan,Diesel,1248,1,0,0,0,1,94412,Private,,Alloy wheels,
VEH-11533,ZGO33G80N208743593,UP81B7235,MARUTI,BALENO HATCHBACK,Zeta 1.2,538863.25,10,2015,2015-05-02,Ma-PUN,Hatchback,Petrol,1197,1,0,0,0,1,127946,Private,Minor scratches,Body kit,
VEH-11534,THC63O52F948858226,RJ46A4834,HONDA,CITY,1.5 V MT,1335700.0,2,2023,2023-07-21,Ka-BAN,Sedan,Petrol,1498,1,1,1,1,0,20961,Private,Dent on door,Alloy wheels,2025-06-07
VEH-11535,MZY89N81R231521842,KA59B4734,HYUNDAI,VENUE,1.2 S PETROL,728768.75,3,2022,2022-09-11,De-NEW,SUV,Petrol,1197,1,0,1,0,1,103966,Private,Minor scratches,Body kit,
VEH-11536,JGE22I79R895139768,KA94C8693,MARUTI,DZIRE,VXI,530736.35,8,2017,2017-04-11,Ka-MYS,Sedan,Petrol,1197,0,0,1,1,0,46651,Private,,Alloy wheels,
VEH-11537,DAU04N87F336239782,DL66D3647,HYUNDAI,GRAND I10,SPORTZ 1.2 KAPPA VTVT,296506.39,15,2010,2010-02-17,Ma-NAG,Hatchback,Petrol,1197,0,1,0,1,0,53372,Private,,Body kit,
VEH-11538,NJO35Q37U835369760,MH20B4262,HONDA,CITY,1.5 V MT,799732.93,12,2013,2013-10-26,Ma-MUM,Sedan,Petrol,1498,1,1,0,0,0,100359,Private,,,
VEH-11539,BII37N82Y695549448,TN86B3830,HONDA,AMAZE,1.2 SMT i-VTEC,514564.32,6,2019,2019-07-15,Ma-NAG,Sedan,Petrol,1199,1,0,1,1,0,98958,Private,Minor scratches,Body kit,
VEH-11540,NWO69D28O214420300,RJ20C6595,MARUTI,WAGON R,1.0 VXI,441055.13,6,2019,2019-05-16,Ma-PUN,Hatchback,Petrol,998,1,1,0,1,0,95591,Private,Dent on door,,
VEH-11541,KXQ20J58B400760601,DL95C6148,MARUTI,ALTO 800,LXI,227520.04,11,2014,2014-10-05,De-GUR,Hatchback,Petrol,796,1,0,1,0,1,140627,Private,,,
VEH-11542,HMP43G41I227831457,RJ95D7434,MARUTI,SWIFT,VDI (DIESEL),370632.98,15,2010,2010-07-05,Ma-PUN,Hatchback,Diesel,1248,1,0,1,1,1,39920,Private,Minor scratches,Alloy wheels,
VEH-11543,ANY00X30P681511740,TN07A5417,MARUTI,BALENO HATCHBACK,Delta 1.2,478989.55,10,2015,2015-10-02,Ta-COI,Hatchback,Petrol,1197,1,1,0,1,0,146007,Commercial,Dent on door,,
VEH-11544,LMF88L89D902031042,WB19A4630,MARUTI,ALTO 800,LXI,216144.04,12,2013,2013-08-02,Ta-MAD,Hatchback,Petrol,796,1,0,1,1,1,128945,Private,Minor scratches,Alloy wheels,
VEH-11545,JIU34D60Z755036205,WB61C9759,HYUNDAI,CRETA,1.4 E Plus,907838.48,7,2018,2018-10-26,We-KOL,SUV,Diesel,1582,1,1,0,0,0,145152,Private,,,
VEH-11546,ZIJ72L28F543132751,KA29B5940,HYUNDAI,GRAND I10 NIOS,SPORTZ 1.2 KAPPA VTVT,419115.86,10,2015,2015-11-05,We-KOL,Hatchback,Petrol,1197,1,1,0,1,0,77979,Private,,,
VEH-11547,EVT32S33T908221198,DL38D3420,TOYOTA KIRLOSKAR,INNOVA CRYSTA,2.8 ZX AT 7 STR,1556716.04,10,2015,2015-08-02,Ka-BAN,MUV,Diesel,2755,0,0,0,0,0,29806,Private,Minor scratches,,
VEH-11548,XEQ93Z10Y257771692,MH82A4473,HYUNDAI,GRAND I10,SPORTZ 1.2 KAPPA VTVT,608000.0,1,2024,2024-03-16,De-NEW,Hatchback,Petrol,1197,0,1,0,1,0,110803,Private,,,
VEH-11549,FTW46L07U731089171,UP92B7076,MARUTI,ALTO 800,LXI,309512.37,5,2020,2020-12-04,De-NEW,Hatchback,Petrol,796,0,0,0,1,1,57242,Private,,,2023-02-23
VEH-11550,VPE04F70K008335585,RJ96B1342,MARUTI,VITARA BREZZA,VXI,857375.0,3,2022,2022-04-10,De-GUR,SUV,Petrol,1462,1,0,0,1,1,45343,Private,Minor scratches,Alloy wheels,
VEH-11551,BOC75H70L952684249,WB42C2812,TOYOTA KIRLOSKAR,INNOVA CRYSTA,2.8 GX AT 7 STR,2185000.0,1,2024,2024-02-12,Ta-CHE,MUV,Diesel,2755,0,0,1,1,1,51001,Private,Minor scratches,Alloy wheels,
VEH-11552,ELZ42F16T448518380,GJ92A4276,MARUTI,SWIFT,VDI (DIESEL),370632.98,15,2010,2010-03-09,Ta-COI,Hatchback,Diesel,1248,1,0,0,1,0,106058,Private,,Body kit,
VEH-11553,TCU87N89L262206645,MH93B1955,MARUTI,DZIRE,VXI,558669.84,7,2018,2018-06-15,Ka-MYS,Sedan,Petrol,1197,0,0,0,0,0,23123,Commercial,,Body kit,
VEH-11554,RPX36I90X600021897,UP49B8876,MARUTI,WAGON R,1.0 LXI CNG,586625.0,2,2023,2023-10-22,Ma-NAG,Hatchback,CNG,998,1,0,0,1,1,3968,Private,Minor scratches,,
VEH-11555,ZBP41X45M692170449,UP02B7854,MARUTI,DZIRE,VXI,455040.07,11,2014,2014-08-18,De-NEW,Sedan,Petrol,1197,0,1,0,1,0,33876,Private,Dent on door,,
VEH-11556,ZDN11V76M473955125,UP94D3258,MARUTI,SWIFT,VXI,631750.0,2,2023,2023-04-22,Ka-BAN,Hatchback,Petrol,1197,1,1,0,1,1,27126,Private,,,
VEH-11557,EFU27Q98I310662389,GJ72C8738,MARUTI,SWIFT,VDI (DIESEL),478989.55,10,2015,2015-10-22,We-HOW,Hatchback,Diesel,1248,1,0,0,0,1,41009,Private,,Alloy wheels,2018-03-24
VEH-11558,RAW20K33T812674580,WB23A2993,MARUTI,SWIFT DZIRE,VDI,807500.0,1,2024,2024-08-09,Ka-BAN,Sedan,Diesel,1248,1,0,0,0,0,29292,Private,,,
VEH-11559,MCK63J32S009492193,TN84A9963,MARUTI,VITARA BREZZA,VDI,1050000.0,0,2025,2025-08-27,We-KOL,SUV,Diesel,1248,0,1,0,1,0,88581,Commercial,Minor scratches,,
VEH-11560,NIN85C30U884421505,WB67D6026,MAHINDRA,SCORPIO,S5 2WD 7STR,694936.85,15,2010,2010-06-27,Ma-NAG,SUV,Diesel,2184,0,1,0,1,1,40635,Private,,Alloy wheels,
VEH-11561,DBE41W06Z708838039,DL99B9133,MARUTI,ALTO 800,LXI,400000.0,0,2025,2025-06-25,Ma-PUN,Hatchback,Petrol,796,0,1,0,1,0,130219,Private,Minor scratches,Body kit,2028-02-05
VEH-11562,CFZ58B38I758743122,MH57B9100,HONDA,AMAZE,1.2 SMT i-VTEC,464394.3,8,2017,2017-11-04,Ta-CHE,Sedan,Petrol,1199,0,1,0,1,0,129807,Private,Dent on door,Alloy wheels,
VEH-11563,QGB67Z98Y350861388,TN69B3329,MARUTI,DZIRE,VXI,588073.51,6,2019,2019-03-01,Ma-NAG,Sedan,Petrol,1197,1,1,0,1,1,138297,Private,Minor scratches,,
VEH-11564,DTI36Z81Z154429021,UP29D1396,MARUTI,SWIFT,VXI,600162.5,3,2022,2022-12-04,Ma-MUM,Hatchback,Petrol,1197,0,0,0,0,0,105106,Commercial,Minor scratches,,2024-08-24
VEH-11565,MQM63T94V465143579,GJ13A4733,TOYOTA KIRLOSKAR,INNOVA CRYSTA,2.4 ZX MT 7 STR,1985500.0,2,2023,2023-06-02,Ma-PUN,MUV,Diesel,2393,0,1,1,1,0,24674,Private,Minor scratches,Body kit,
VEH-11566,QPK59L48D553444679,WB91B4818,MARUTI,SWIFT,VDI (DIESEL),800000.0,0,2025,2025-04-24,De-NOI,Hatchback,Diesel,1248,0,1,0,1,0,109264,Private,,Alloy wheels,2026-07-06
VEH-11567,HTX68Q87J963612161,DL97C8738,MARUTI,VITARA BREZZA,VDI,771846.49,6,2019,2019-07-28,De-GUR,SUV,Diesel,1248,1,1,1,1,1,137492,Private,,,
VEH-11568,LUB80D05O652121082,KA85C6270,MARUTI,ALTO 800,LXI,342950.0,3,2022,2022-01-20,De-NEW,Hatchback,Petrol,796,1,0,0,0,0,149315,Private,Dent on door,,2023-10-29
VEH-11569,ZGM35B51E587334100,RJ24C9390,HYUNDAI,VENUE,1.2 S PETROL,459306.07,12,2013,2013-12-19,Ma-MUM,SUV,Petrol,1197,0,1,0,1,0,25870,Private,Minor scratches,,
VEH-11570,ULV24S39Z529421332,TN29A7622,MARUTI,SWIFT,1.2 VXi BS IV,477809.73,6,2019,2019-02-15,Ka-BAN,Hatchback,Petrol,1197,0,1,0,0,1,25158,Private,,,
VEH-11571,RHG49N04K518221217,UP27B8800,MARUTI,SWIFT,1.2 VXi BS IV,333672.35,13,2012,2012-07-26,Ta-CHE,Hatchback,Petrol,1197,0,0,0,1,1,71878,Private,,Alloy wheels,
VEH-11572,AHU04P57T044439723,DL89C3083,MARUTI,BALENO HATCHBACK,Zeta 1.2,661582.7,6,2019,2019-07-20,We-HOW,Hatchback,Petrol,1197,1,0,0,1,1,93192,Private,,Body kit,
VEH-11573,VAF52M81L260865246,MH79A8771,MARUTI,DZIRE,VXI,619024.75,5,2020,2020-01-15,Ma-MUM,Sedan,Petrol,1197,1,0,0,1,0,90123,Private,,,
VEH-11574,DUK99H64U070916310,GJ40B4294,HYUNDAI,CRETA,1.4 E Plus,1005915.22,5,2020,2020-12-03,De-NOI,SUV,Diesel,1582,0,1,0,1,0,77511,Private,Minor scratches,Body kit,2022-01-15
VEH-11575,BOD33G24T591795782,MH47C2006,MARUTI,DZIRE,VXI,651605.0,4,2021,2021-01-01,Ka-MYS,Sedan,Petrol,1197,0,0,0,1,0,39264,Private,Dent on door,Body kit,
VEH-11576,NFK70X18O977602120,TN10C8016,MARUTI,SWIFT,1.2 VXi BS IV,617500.0,1,2024,2024-03-21,Ta-MAD,Hatchback,Petrol,1197,0,1,0,1,1,122330,Private,,,
VEH-11577,DLU83G89K221286923,GJ20B4211,MARUTI,DZIRE,VXI,619024.75,5,2020,2020-03-20,Ta-MAD,Sedan,Petrol,1197,1,1,0,1,1,79665,Private,,Body kit,
VEH-11578,UUW06Z02D508641462,KA07D7277,MARUTI,DZIRE,VXI,390139.98,14,2011,2011-11-01,Ma-NAG,Sedan,Petrol,1197,1,1,0,1,0,147824,Private,Dent on door,Body kit,2013-10-24
VEH-11579,VXE99Z43V902022978,UP04C9397,MARUTI,DZIRE,VXI,410673.67,13,2012,2012-10-07,Ka-MYS,Sedan,Petrol,1197,0,0,0,1,0,63375,Private,Dent on door,Body kit,
VEH-11580,OBY59U25L572583789,DL92C4763,MARUTI,DZIRE,VXI,651605.0,4,2021,2021-03-10,Ma-NAG,Sedan,Petrol,1197,0,1,0,1,1,11310,Private,,,
VEH-11581,OQH50R18Y224987007,KA20D5742,HYUNDAI,VENUE,1.2 S PETROL,624828.11,6,2019,2019-06-27,Ma-NAG,SUV,Petrol,1197,1,0,1,1,0,54344,Private,Dent on door,,
VEH-11582,KJH09V38G497015560,MH29D6171,MARUTI,VITARA BREZZA,VDI,771846.49,6,2019,2019-12-08,De-GUR,SUV,Diesel,1248,1,0,0,0,1,58466,Commercial,Dent on door,Body kit,
VEH-11583,PSK29S76W577490658,WB07A9439,MARUTI,DZIRE,VXI,685900.0,3,2022,2022-06-24,Ma-PUN,Sedan,Petrol,1197,1,0,1,0,1,43428,Private,,Alloy wheels,
VEH-11584,DYD57D61D467017322,RJ38A8386,MARUTI,DZIRE,VXI,410673.67,13,2012,2012-10-16,We-KOL,Sedan,Petrol,1197,1,1,1,1,0,7408,Commercial,,Body kit,
VEH-11585,GNU60G08K281714425,UP31A3088,MARUTI,WAGON R,1.0 VXI,419002.38,7,2018,2018-12-10,Ta-MAD,Hatchback,Petrol,998,0,1,0,1,1,66219,Private,,,
VEH-11586,DCW69W76Y319322313,RJ44B9938,MARUTI,VITARA BREZZA,VXI,540360.09,12,2013,2013-09-28,De-GUR,SUV,Petrol,1462,1,1,0,1,0,127268,Private,,Alloy wheels,
VEH-11587,YSZ09H57K604043495,WB74C2684,MARUTI,BALENO HATCHBACK,Delta 1.2,722000.0,2,2023,2023-09-28,Ka-MYS,Hatchback,Petrol,1197,0,0,1,0,1,127357,Private,,,
VEH-11588,MRN21Y71K215792638,UP65B4410,MARUTI,SWIFT,VDI (DIESEL),588073.51,6,2019,2019-11-18,Ma-MUM,Hatchback,Diesel,1248,0,1,0,1,0,6899,Private,Dent on door,Body kit,
VEH-11589,XXK60O40Z426416673,WB12C6897,MARUTI,WAGON R,1.0 LXI CNG,351234.06,12,2013,2013-02-07,De-NEW,Hatchback,CNG,998,0,1,1,0,0,16550,Private,,,
VEH-11590,JSI27S03H016061113,UP34A4213,HONDA,AMAZE,1.2 VXMT i-VTEC,503075.24,13,2012,2012-08-26,Ka-MYS,Sedan,Petrol,1199,1,1,1,0,0,42480,Private,,,
VEH-11591,SJW18X45G513419193,KA50D2976,HONDA,AMAZE,1.2 VXMT i-VTEC,798216.12,4,2021,2021-05-26,Ta-MAD,Sedan,Petrol,1199,1,1,1,1,1,47824,Private,,,
VEH-11592,HZH00L40A221127561,MH12A1739,MARUTI,ERTIGA,1.5 VXI CNG,808601.08,6,2019,2019-03-23,We-HOW,MUV,CNG,1462,0,1,0,0,0,141708,Private,Dent on door,Alloy wheels,
VEH-11593,IKT72J27F499075586,DL65A5710,MARUTI,ALTO 800,LXI,195069.99,14,2011,2011-12-09,We-KOL,Hatchback,Petrol,796,1,0,1,1,1,110142,Private,Minor scratches,Body kit,
VEH-11594,LOA24N17C621728733,WB94C2782,TOYOTA KIRLOSKAR,INNOVA CRYSTA,2.8 Z 7 STR,1658551.08,8,2017,2017-10-03,Ma-NAG,MUV,Diesel,2755,0,1,1,1,1,115361,Private,,Body kit,
VEH-11595,JGT19N00U023715130,UP34D9602,MARUTI,SWIFT,VXI,398160.06,11,2014,2014-05-09,Ta-MAD,Hatchback,Petrol,1197,0,1,1,1,1,9021,Private,,,
VEH-11596,JYC60M24U651587581,TN14B1432,MARUTI,VITARA BREZZA,VXI,513342.08,13,2012,2012-10-17,Ma-NAG,SUV,Petrol,1462,0,0,0,1,0,17582,Private,,,
VEH-11597,IRP63F91U840286316,UP16C3381,HYUNDAI,GRAND I10,SPORTZ 1.2 KAPPA VTVT,521284.0,4,2021,2021-04-13,Ka-BAN,Hatchback,Petrol,1197,0,1,0,1,0,144568,Private,Dent on door,Alloy wheels,
VEH-11598,YQL02B10I808728130,DL56A1458,HYUNDAI,GRAND I10 NIOS,SPORTZ 1.2 KAPPA VTVT,665000.0,1,2024,2024-07-26,De-GUR,Hatchback,Petrol,1197,0,1,0,0,1,14030,Private,Minor scratches,Body kit,2027-03-14
VEH-11599,QUZ17R38R396425595,GJ61B9824,HONDA,CITY,1.5 V MT,981862.24,8,2017,2017-12-20,We-HOW,Sedan,Petrol,1498,1,0,1,1,1,138789,Private,,,
VEH-11600,EJX13M44F592719697,MH77C9766,HONDA,AMAZE,VX PETROL,557424.09,11,2014,2014-06-19,Ma-NAG,Sedan,Petrol,1199,1,1,1,0,1,55289,Private,Dent on door,,
VEH-11601,SIX31K24V492676646,DL48A7987,MARUTI,WAGON R,1.0 VXI,488703.75,4,2021,2021-09-26,De-NOI,Hatchback,Petrol,998,1,1,0,0,1,67395,Private,,,
VEH-11602,RGC36C48G968457841,MH94D2023,MARUTI,BALENO HATCHBACK,Zeta 1.2,538863.25,10,2015,2015-01-21,Ma-MUM,Hatchback,Petrol,1197,1,1,0,1,1,35580,Private,Minor scratches,Body kit,
VEH-11603,LXS14C26R631328825,MH69C7195,MARUTI,WAGON R,1.0 VXI,488703.75,4,2021,2021-05-09,Ka-MYS,Hatchback,Petrol,998,1,1,0,1,0,89733,Commercial,,Body kit,
VEH-11604,TVJ47B17T450998710,KA33B7520,HONDA,AMAZE,1.2 SMT i-VTEC,464394.3,8,2017,2017-10-16,Ma-MUM,Sedan,Petrol,1199,1,1,1,0,1,106513,Private,Dent on door,,
VEH-11605,SPS01I42L283712070,KA37B5674,MARUTI,SWIFT,VDI (DIESEL),760000.0,1,2024,2024-01-04,Ta-COI,Hatchback,Diesel,1248,1,1,0,1,1,97045,Private,Dent on door,,
VEH-11606,LDC29Y20P186216010,MH80A2743,MAHINDRA,SCORPIO,S11 2WD 7STR,924015.75,13,2012,2012-08-04,Ma-MUM,SUV,Diesel,2184,1,0,0,0,0,36590,Private,,Alloy wheels,
VEH-11607,WUM69I63T947239791,DL07B1905,MARUTI,ALTO 800,LXI,227520.04,11,2014,2014-08-21,De-NOI,Hatchback,Petrol,796,0,1,0,0,0,126552,Private,Dent on door,Body kit,
VEH-11608,GFQ34V33T079520844,GJ95C4771,MARUTI,ERTIGA,1.5 VXI CNG,1100000.0,0,2025,2025-10-13,We-HOW,MUV,CNG,1462,1,0,1,0,0,95949,Private,Minor scratches,,2028-04-02
VEH-11609,UMF35I61D644897780,WB74B8050,TOYOTA KIRLOSKAR,INNOVA CRYSTA,2.4 ZX MT 7 STR,1536342.05,7,2018,2018-06-10,Ta-CHE,MUV,Diesel,2393,1,0,0,1,1,62306,Private,,,
VEH-11610,XBI92M58I930998550,TN22A8592,MARUTI,ERTIGA,1.5 VXI CNG,1045000.0,1,2024,2024-08-09,De-GUR,MUV,CNG,1462,0,1,0,0,0,67057,Private,,Body kit,2026-11-29
VEH-11611,WMI66P05C680565073,RJ76B6421,MARUTI,SWIFT,VXI,341372.49,14,2011,2011-03-15,De-NOI,Hatchback,Petrol,1197,1,1,1,1,0,141062,Private,,,
VEH-11612,IIP42M98K134032359,RJ06D5961,MARUTI,SWIFT,VXI,398160.06,11,2014,2014-11-12,We-HOW,Hatchback,Petrol,1197,0,0,0,1,0,117086,Private,Minor scratches,Body kit,
VEH-11613,XOS06P40U483430376,RJ56A3102,MARUTI,BALENO HATCHBACK,Delta 1.2,558669.84,7,2018,2018-11-06,De-NOI,Hatchback,Petrol,1197,1,0,0,0,0,64818,Private,Dent on door,,2021-05-07
VEH-11614,FPK63S83R512516954,DL83A2562,HONDA,AMAZE,1.2 SMT i-VTEC,514564.32,6,2019,2019-03-03,Ma-PUN,Sedan,Petrol,1199,0,0,0,0,0,119150,Private,Dent on door,,
VEH-11615,IXK44I34E500600636,MH63A9077,MARUTI,ERTIGA,1.5 VXI CNG,1100000.0,0,2025,2025-03-09,Ma-NAG,MUV,CNG,1462,1,1,1,0,0,55064,Private,Dent on door,Alloy wheels,
VEH-11616,BUC88M37F360026998,KA75B2105,MARUTI,SWIFT,VXI,631750.0,2,2023,2023-11-05,De-GUR,Hatchback,Petrol,1197,1,0,0,1,1,35041,Commercial,,,
VEH-11617,EBJ83N16Z904414700,MH92D7810,MARUTI,ERTIGA,1.5 VXI CNG,564676.29,13,2012,2012-11-13,Ka-MYS,MUV,CNG,1462,0,0,1,0,0,140549,Private,Minor scratches,,2014-10-31
VEH-11618,XBP79K90Y033515444,KA84B7857,MARUTI,ALTO 800,LXI,216144.04,12,2013,2013-02-26,Ma-NAG,Hatchback,Petrol,796,1,0,0,1,1,126810,Commercial,,Alloy wheels,
VEH-11619,UMB62O71M693264726,GJ85D2487,HONDA,AMAZE,1.2 SMT i-VTEC,341372.49,14,2011,2011-05-15,Ma-NAG,Sedan,Petrol,1199,1,0,0,0,0,132474,Private,Minor scratches,Body kit,
VEH-11620,RDH40Z60A330821834,MH58B8284,MARUTI,ALTO 800,LXI,195069.99,14,2011,2011-02-06,We-HOW,Hatchback,Petrol,796,0,1,0,1,0,13994,Private,Dent on door,Body kit,
VEH-11621,IXP58G36X956785300,TN62B9471,MARUTI,WAGON R,1.0 VXI,341280.06,11,2014,2014-08-09,Ma-NAG,Hatchback,Petrol,998,0,0,0,1,0,12480,Private,,,
VEH-11622,SZM88Y52G826789291,UP56D5458,HYUNDAI,VENUE,1.2 S PETROL,692330.31,4,2021,2021-10-18,We-HOW,SUV,Petrol,1197,1,0,0,1,0,20522,Private,Dent on door,Alloy wheels,
VEH-11623,TRI11Y17C457909140,KA91C9573,MARUTI,ERTIGA,1.5 VXI CNG,1100000.0,0,2025,2025-11-16,De-NEW,MUV,CNG,1462,1,0,0,1,0,103197,Private,Dent on door,,
VEH-11624,UYZ70W71Z835121177,GJ74C2935,MARUTI,SWIFT,VXI,341372.49,14,2011,2011-01-24,Ma-MUM,Hatchback,Petrol,1197,1,0,0,0,1,113326,Private,,Body kit,
VEH-11625,WSV88Y44U450709608,TN69D1649,MARUTI,BALENO HATCHBACK,Delta 1.2,530736.35,8,2017,2017-09-01,Ma-PUN,Hatchback,Petrol,1197,0,1,1,0,0,140674,Private,Dent on door,,
VEH-11626,FZO62Q58X276558751,UP76B1864,MARUTI,BALENO HATCHBACK,Zeta 1.2,597078.39,8,2017,2017-03-21,Ka-MYS,Hatchback,Petrol,1197,1,0,0,1,0,137044,Commercial,,Alloy wheels,
VEH-11627,MJT16Z55S730814301,RJ68C2765,MARUTI,VITARA BREZZA,ZDI PLUS,977407.5,4,2021,2021-05-10,Ma-NAG,SUV,Diesel,1248,1,0,0,1,0,71618,Commercial,Dent on door,,
VEH-11628,EFS08W03Y044171346,RJ67C5021,MARUTI,ALTO 800,LXI,325802.5,4,2021,2021-10-08,De-GUR,Hatchback,Petrol,796,0,1,0,1,0,53758,Private,,,2023-10-08
VEH-11629,LBU13H99M331476963,UP60A1426,MAHINDRA,SCORPIO,S11 2WD 7STR,1800000.0,0,2025,2025-03-15,De-NOI,SUV,Diesel,2184,1,0,0,1,1,59325,Private,Dent on door,Alloy wheels,
VEH-11630,UGS36Q83T226035611,DL09D6665,HYUNDAI,GRAND I10,SPORTZ 1.2 KAPPA VTVT,328538.93,13,2012,2012-04-12,De-NOI,Hatchback,Petrol,1197,0,0,0,1,1,35262,Private,Minor scratches,,2013-08-04
VEH-11631,XIV65B49N749548637,TN34D2618,HONDA,AMAZE,1.2 SMT i-VTEC,464394.3,8,2017,2017-12-26,Ka-MYS,Sedan,Petrol,1199,0,1,0,1,0,64101,Private,Dent on door,,
VEH-11632,WLN15J80J812453106,KA32B2674,HONDA,AMAZE,1.2 VXMT i-VTEC,586762.2,10,2015,2015-06-04,Ta-COI,Sedan,Petrol,1199,1,0,0,0,0,118444,Private,Minor scratches,Alloy wheels,
VEH-11633,PMJ99P87K388691064,DL02D7581,MARUTI,SWIFT DZIRE,VDI,807500.0,1,2024,2024-05-06,Ta-MAD,Sedan,Diesel,1248,1,0,0,1,1,143927,Private,,,2025-08-03
VEH-11634,TWS69O79O737186573,GJ25D9768,MARUTI,WAGON R,1.0 LXI CNG,557293.75,3,2022,2022-03-11,Ka-MYS,Hatchback,CNG,998,0,0,0,1,1,8986,Private,,,
VEH-11635,NBV38D13D487325070,DL65B6563,MARUTI,DZIRE,VXI,685900.0,3,2022,2022-02-16,Ta-CHE,Sedan,Petrol,1197,0,0,0,0,0,125633,Private,Dent on door,,
VEH-11636,EGL66T06Z488490414,UP09B3447,HONDA,CITY,1.5 V MT,841824.14,11,2014,2014-12-14,We-HOW,Sedan,Petrol,1498,0,0,0,1,0,143976,Private,Minor scratches,Body kit,
VEH-11637,AMU69O29G169024520,GJ91A4036,MARUTI,SWIFT,VDI (DIESEL),530736.35,8,2017,2017-03-11,Ka-MYS,Hatchback,Diesel,1248,0,0,0,1,1,104848,Private,Minor scratches,Body kit,
VEH-11638,XRH77V18J841993982,MH99D1932,HYUNDAI,CRETA,1.4 E Plus,667344.71,13,2012,2012-11-04,Ma-PUN,SUV,Diesel,1582,1,0,1,1,0,56110,Private,,Body kit,
VEH-11639,XFL02T54D021444917,RJ81A5450,MARUTI,DZIRE,VXI,588073.51,6,2019,2019-03-23,Ka-BAN,Sedan,Petrol,1197,0,1,0,1,1,105984,Private,,,
VEH-11640,WEZ94S81L785983374,TN28C7904,MARUTI,DZIRE,VXI,390139.98,14,2011,2011-03-04,Ka-MYS,Sedan,Petrol,1197,1,1,1,1,0,124813,Private,,Alloy wheels,2013-05-26
VEH-11641,GBU32L83T126867880,DL20D1102,MARUTI,ERTIGA,1.5 VXI CNG,808601.08,6,2019,2019-03-07,De-GUR,MUV,CNG,1462,1,0,1,0,1,58175,Private,Minor scratches,,
VEH-11642,RGB12O80R066300272,RJ42C4802,HONDA,AMAZE,1.5 SMT i-DTEC,436340.77,13,2012,2012-07-12,Ta-MAD,Sedan,Diesel,1498,1,1,0,0,0,51793,Private,Dent on door,Body kit,
VEH-11643,NAW92B75G353001316,UP46A3977,MARUTI,ERTIGA,1.5 VXI CNG,1045000.0,1,2024,2024-12-06,Ma-PUN,MUV,CNG,1462,1,0,0,0,1,97732,Private,,,
VEH-11644,WCC71U88M397568252,TN57C2152,MARUTI,VITARA BREZZA,VXI,950000.0,1,2024,2024-01-05,Ma-MUM,SUV,Petrol,1462,0,0,0,1,1,138537,Private,Dent on door,Body kit,2026-07-12
VEH-11645,XTK87A26N975653855,KA01C6253,HYUNDAI,CRETA,1.4 E Plus,862446.56,8,2017,2017-12-28,Ta-MAD,SUV,Diesel,1582,0,1,0,0,0,23178,Private,Dent on door,Alloy wheels,
VEH-11646,ARZ88L05I349853709,RJ86C8874,MARUTI,SWIFT,VDI (DIESEL),722000.0,2,2023,2023-06-01,De-NOI,Hatchback,Diesel,1248,0,1,0,1,0,112575,Private,,,
VEH-11647,QAH41S63I157154818,GJ50D1974,MARUTI,SWIFT,1.2 VXi BS IV,529429.06,4,2021,2021-09-10,Ma-MUM,Hatchback,Petrol,1197,1,0,0,1,1,84237,Private,Minor scratches,Alloy wheels,
VEH-11648,ZKX88K66L513125339,DL17C9126,MARUTI,DZIRE,VXI,619024.75,5,2020,2020-01-11,Ka-BAN,Sedan,Petrol,1197,0,1,0,1,0,47457,Private,Dent on door,Body kit,
VEH-11649,OPA85T96Z393378272,DL78D1335,MARUTI,ERTIGA,1.5 VXI CNG,895956.87,4,2021,2021-05-22,De-GUR,MUV,CNG,1462,0,1,0,0,1,81976,Private,Minor scratches,Alloy wheels,
VEH-11650,DGM63I78T631256540,TN28A4719,TOYOTA KIRLOSKAR,INNOVA CRYSTA,2.8 ZX AT 7 STR,1911238.92,6,2019,2019-02-28,Ma-PUN,MUV,Diesel,2755,0,1,0,1,1,65212,Private,Dent on door,Alloy wheels,2021-11-11
VEH-11651,PZY05R95R213413750,DL14C1797,HONDA,AMAZE,VX PETROL,557424.09,11,2014,2014-01-25,We-KOL,Sedan,Petrol,1199,1,1,0,1,1,91368,Private,,,
VEH-11652,DUH76B11B894394976,GJ19A5130,MARUTI,ALTO 800,LXI,216144.04,12,2013,2013-06-25,Ta-CHE,Hatchback,Petrol,796,1,0,0,1,1,102434,Private,Dent on door,,
VEH-11653,IQU39Y91X782177111,TN11A2450,MARUTI,VITARA BREZZA,VXI,698337.3,7,2018,2018-09-19,Ka-BAN,SUV,Petrol,1462,1,1,0,1,1,107000,Private,,,2020-03-24
VEH-11654,YPT77D87T126902854,KA55C8518,HONDA,AMAZE,VX PETROL,980000.0,0,2025,2025-01-21,Ma-PUN,Sedan,Petrol,1199,1,0,0,1,1,82440,Private,Dent on door,Body kit,2026-09-07
VEH-11655,LYQ32Q53E845627114,GJ50B7033,MARUTI,WAGON R,1.0 VXI,541500.0,2,2023,2023-11-02,Ma-NAG,Hatchback,Petrol,998,0,0,0,1,0,148752,Private,,Body kit,
VEH-11656,QQA80P38T505631678,TN33A9063,TOYOTA KIRLOSKAR,INNOVA CRYSTA,2.8 ZX AT 7 STR,2600000.0,0,2025,2025-04-23,De-NOI,MUV,Diesel,2755,1,0,1,1,0,102122,Private,Minor scratches,,2026-08-05
VEH-11657,TFO54L55I879079488,WB66C6146,MARUTI,SWIFT,VDI (DIESEL),558669.84,7,2018,2018-12-21,De-GUR,Hatchback,Diesel,1248,0,0,0,1,1,106797,Private,Minor scratches,,
VEH-11658,IRA97H27T337886305,UP47C8907,MARUTI,WAGON R,1.0 LXI CNG,316988.74,14,2011,2011-07-01,Ma-NAG,Hatchback,CNG,998,1,0,0,1,1,6799,Commercial,Dent on door,,2013-03-16
VEH-11659,WGM96D18S781306787,RJ96C2626,MARUTI,SWIFT,1.2 VXi BS IV,586625.0,2,2023,2023-01-25,Ma-MUM,Hatchback,Petrol,1197,1,1,0,1,0,64309,Private,Minor scratches,Body kit,2025-04-26
VEH-11660,XRV74C24D596144254,MH64B4298,MARUTI,SWIFT,VXI,441174.59,9,2016,2016-03-01,Ma-NAG,Hatchback,Petrol,1197,0,1,0,1,0,134505,Private,Dent on door,,2017-03-19
VEH-11661,TFJ79Z38O046254967,UP90B2812,MARUTI,WAGON R,1.0 LXI CNG,453919.24,7,2018,2018-08-12,Ka-BAN,Hatchback,CNG,998,0,1,0,1,1,8722,Private,Minor scratches,Body kit,2020-01-01
VEH-11662,ACH95S59F481635130,KA07D1050,MARUTI,BALENO HATCHBACK,Delta 1.2,685900.0,3,2022,2022-08-17,Ka-BAN,Hatchback,Petrol,1197,1,0,0,1,0,122319,Private,Dent on door,,
VEH-11663,OQS36T10A692171356,KA33C6214,MARUTI,WAGON R,1.0 LXI CNG,586625.0,2,2023,2023-02-18,De-NEW,Hatchback,CNG,998,1,1,0,1,1,80841,Private,,,
VEH-11664,RNC76K84A315274138,MH70D7538,MARUTI,VITARA BREZZA,VDI,1050000.0,0,2025,2025-01-05,De-NOI,SUV,Diesel,1248,1,1,0,0,0,96777,Private,,,
VEH-11665,BYS49G40O982766373,GJ39C8930,MARUTI,WAGON R,1.0 VXI,541500.0,2,2023,2023-05-21,Ma-NAG,Hatchback,Petrol,998,1,0,1,1,1,123714,Private,Dent on door,Alloy wheels,
VEH-11666,YWR85L28D444081357,UP90D9723,MARUTI,WAGON R,1.0 VXI,541500.0,2,2023,2023-11-22,Ma-PUN,Hatchback,Petrol,998,0,0,0,0,0,130580,Private,,Alloy wheels,
VEH-11667,ZBS11H05E483914991,GJ97C8835,HONDA,CITY,1.5 V MT,1205469.25,4,2021,2021-12-03,Ma-MUM,Sedan,Petrol,1498,0,0,0,1,0,74337,Private,Minor scratches,Body kit,
VEH-11668,HRY63V99X839760673,MH47C1280,HONDA,AMAZE,VX PETROL,980000.0,0,2025,2025-11-17,Ka-BAN,Sedan,Petrol,1199,0,0,0,1,0,138389,Private,Minor scratches,Body kit,
VEH-11669,UZA91F99C444486872,RJ30C5615,MARUTI,SWIFT DZIRE,VDI,850000.0,0,2025,2025-01-11,Ma-NAG,Sedan,Diesel,1248,1,1,1,1,0,63656,Private,,,
VEH-11670,PON11M52O699927140,WB68D5462,MARUTI,SWIFT,1.2 VXi BS IV,431223.28,8,2017,2017-06-01,Ta-CHE,Hatchback,Petrol,1197,1,0,1,1,0,89803,Private,Dent on door,,
VEH-11671,FKO25K13G348888490,KA98B2031,MAHINDRA,BOLERO,B6 (O),814506.25,4,2021,2021-09-06,De-GUR,SUV,Diesel,1498,0,0,0,1,0,60015,Private,Dent on door,,
VEH-11672,WVF72R02P415217461,WB67B7159,MARUTI,SWIFT,VXI,378252.06,12,2013,2013-10-19,Ma-MUM,Hatchback,Petrol,1197,1,1,0,1,1,53811,Private,,,
VEH-11673,FJV85B93P769147274,MH22D3558,MARUTI,ALTO,K10 VXI,496375.0,2,2023,2023-04-17,We-KOL,Hatchback,Petrol,998,1,0,1,1,0,44715,Private,,Body kit,
VEH-11674,PDN90F56A242196892,DL29D4518,TOYOTA KIRLOSKAR,INNOVA CRYSTA,2.8 ZX AT 7 STR,2229175.0,3,2022,2022-03-14,Ka-BAN,MUV,Diesel,2755,0,0,0,0,0,43986,Private,,Alloy wheels,2023-04-23
VEH-11675,IVA31V84N520146001,TN59A8111,MARUTI,ALTO,K10 VXI,471556.25,3,2022,2022-11-06,Ta-MAD,Hatchback,Petrol,998,1,0,0,1,0,10962,Private,,,
VEH-11676,JVJ41I37S371158879,UP08C9005,MARUTI,SWIFT,VXI,600162.5,3,2022,2022-03-01,Ka-MYS,Hatchback,Petrol,1197,1,1,0,0,1,37827,Private,,Alloy wheels,
VEH-11677,OVZ44J84P366750852,GJ25A8961,HONDA,AMAZE,1.2 VXMT i-VTEC,477921.48,14,2011,2011-01-09,We-KOL,Sedan,Petrol,1199,1,1,1,1,1,90736,Private,Dent on door,,
VEH-11678,TIU04Z61P971786987,MH50B8763,MARUTI,BALENO HATCHBACK,Delta 1.2,390139.98,14,2011,2011-09-01,Ta-COI,Hatchback,Petrol,1197,0,1,0,1,1,73258,Private,Dent on door,Alloy wheels,2012-11-15
VEH-11679,DYU84C71S669020256,DL21A6297,HONDA,AMAZE,1.5 SMT i-DTEC,483480.08,11,2014,2014-07-13,Ma-PUN,Sedan,Diesel,1498,1,1,0,1,1,2473,Private,,Alloy wheels,
VEH-11680,UZS78I29P181557396,UP65A8950,MARUTI,VITARA BREZZA,VXI,773780.94,5,2020,2020-07-12,Ma-MUM,SUV,Petrol,1462,1,1,0,0,1,32218,Private,Dent on door,Body kit,
VEH-11681,YNC04R94R236572579,KA98B9634,HYUNDAI,CRETA,1.5 E DIESEL,736446.44,10,2015,2015-11-16,Ka-MYS,SUV,Diesel,1493,1,0,0,0,1,16734,Private,,Body kit,
VEH-11682,WBM88A56N015226344,DL51D8560,TOYOTA KIRLOSKAR,INNOVA CRYSTA,2.4 V 8S,1995000.0,1,2024,2024-10-21,De-NEW,MUV,Diesel,2393,1,0,0,0,1,110237,Private,,,
VEH-11683,EMQ52Q10X226304937,UP26A8618,MARUTI,BALENO HATCHBACK,Delta 1.2,722000.0,2,2023,2023-03-06,De-NEW,Hatchback,Petrol,1197,1,1,0,0,0,91143,Private,,,
VEH-11684,AMK45B01B026198496,MH70B6947,MARUTI,BALENO HATCHBACK,Delta 1.2,530736.35,8,2017,2017-07-26,Ta-CHE,Hatchback,Petrol,1197,0,0,1,1,1,61386,Private,,,
VEH-11685,WKS01Q23V389045563,TN70A1350,MARUTI,BALENO HATCHBACK,Zeta 1.2,855000.0,1,2024,2024-07-28,Ka-MYS,Hatchback,Petrol,1197,1,0,1,0,1,43799,Private,Minor scratches,,2026-11-02
VEH-11686,EFH54N26I653055222,UP66B2066,MARUTI,VITARA BREZZA,VXI,950000.0,1,2024,2024-09-21,De-NOI,SUV,Petrol,1462,1,0,0,1,1,139556,Private,,Alloy wheels,2026-10-30
VEH-11687,YEH64L98Z206079248,RJ33C9077,MARUTI,DZIRE,VXI,558669.84,7,2018,2018-06-27,Ka-BAN,Sedan,Petrol,1197,0,1,1,1,0,128914,Private,,Body kit,
VEH-11688,ZNA46R90Q326100120,DL81A6882,MARUTI,WAGON R,1.0 LXI CNG,586625.0,2,2023,2023-01-01,Ta-MAD,Hatchback,CNG,998,0,0,1,0,1,126085,Private,,,
VEH-11689,SAU95R24W112889891,WB77B3539,MARUTI,ALTO 800,LXI,252099.76,9,2016,2016-01-14,Ka-BAN,Hatchback,Petrol,796,0,1,0,0,1,61849,Private,Minor scratches,Alloy wheels,2018-07-04
VEH-11690,LYR11Q90S313893696,MH63A7615,MARUTI,SWIFT,VXI,665000.0,1,2024,2024-08-25,Ka-MYS,Hatchback,Petrol,1197,1,0,0,1,0,68955,Private,Dent on door,,2027-04-28
VEH-11691,DUG42C04E862610140,KA65A5822,MARUTI,ALTO 800,LXI,380000.0,1,2024,2024-03-17,Ta-MAD,Hatchback,Petrol,796,0,0,0,1,0,101071,Private,Dent on door,,
VEH-11692,WQF01I97P314914223,MH18C7642,HYUNDAI,CRETA,1.4 E Plus,1300000.0,0,2025,2025-03-06,Ma-NAG,SUV,Diesel,1582,1,1,0,1,0,115775,Private,,,
VEH-11693,SKB50L39K922126886,GJ31A9435,MARUTI,SWIFT,1.2 VXi BS IV,557293.75,3,2022,2022-06-07,Ta-COI,Hatchback,Petrol,1197,1,1,0,1,0,31341,Commercial,,Alloy wheels,
VEH-11694,GTS86J56U728439656,UP31A6534,TOYOTA KIRLOSKAR,INNOVA CRYSTA,2.8 ZX AT 7 STR,1478880.24,11,2014,2014-02-28,Ma-PUN,MUV,Diesel,2755,0,1,1,1,0,96572,Private,,,
VEH-11695,YFO80J68M767110504,DL56C4535,HONDA,CITY,1.5 V MT,886130.67,10,2015,2015-06-17,Ma-PUN,Sedan,Petrol,1498,0,1,1,0,0,114157,Private,Minor scratches,Alloy wheels,
VEH-11696,ONQ50F93X344802741,WB17D9309,MARUTI,WAGON R,1.0 LXI CNG,557293.75,3,2022,2022-03-22,Ka-MYS,Hatchback,CNG,998,0,0,0,1,1,113269,Private,,,2024-03-06
VEH-11697,JAD05V95O768190787,KA81B8974,MARUTI,ALTO 800,LXI,205336.83,13,2012,2012-11-07,Ma-MUM,Hatchback,Petrol,796,1,0,0,0,0,19300,Private,,,2014-03-05
VEH-11698,NCZ11Y46Z668302196,KA99D6665,HONDA,AMAZE,VX PETROL,529552.89,12,2013,2013-08-05,Ma-MUM,Sedan,Petrol,1199,1,1,1,1,1,9594,Private,Dent on door,,
VEH-11699,AUW29Q78I988467374,KA79C6712,MARUTI,ALTO 800,LXI,309512.37,5,2020,2020-04-24,Ma-NAG,Hatchback,Petrol,796,1,0,0,1,1,57606,Private,Minor scratches,Alloy wheels,
VEH-11700,TSF29L63B072215215,RJ77B9065,HYUNDAI,VENUE,1.2 S PETROL,508926.4,10,2015,2015-10-14,Ta-MAD,SUV,Petrol,1197,0,0,1,0,1,16813,Private,,Alloy wheels,
VEH-11701,NOY79T42L311238311,UP87D6638,HYUNDAI,GRAND I10,SPORTZ 1.2 KAPPA VTVT,312111.99,14,2011,2011-07-03,Ka-MYS,Hatchback,Petrol,1197,0,1,0,1,1,51486,Private,Minor scratches,Alloy wheels,
VEH-11702,MWS36D78Y516468046,KA66D8377,MAHINDRA,SCORPIO,S5 2WD 7STR,694936.85,15,2010,2010-09-28,Ma-MUM,SUV,Diesel,2184,0,1,1,1,0,83826,Private,Dent on door,,
VEH-11703,XYF88Z26R935244113,TN80B6272,HONDA,CITY,1.5 V MT,1268915.0,3,2022,2022-12-04,We-KOL,Sedan,Petrol,1498,1,1,0,0,0,68005,Private,,,2024-11-27
VEH-11704,GGA66Y33F442321101,MH62C9021,MARUTI,VITARA BREZZA,ZDI PLUS,682560.11,11,2014,2014-05-22,We-KOL,SUV,Diesel,1248,1,0,1,0,0,142929,Private,,Alloy wheels,
VEH-11705,LUD65F66B772387860,RJ34A6203,TOYOTA KIRLOSKAR,INNOVA CRYSTA,2.8 Z 7 STR,1422000.23,11,2014,2014-07-17,We-HOW,MUV,Diesel,2755,0,1,0,0,1,39753,Private,,,
VEH-11706,XUH63R01R116749710,DL26D3898,MARUTI,WAGON R,1.0 LXI CNG,586625.0,2,2023,2023-06-04,Ta-CHE,Hatchback,CNG,998,1,1,0,0,0,128123,Private,Minor scratches,,
VEH-11707,KTL28J90K470734941,WB46B4763,HONDA,AMAZE,1.5 SMT i-DTEC,593586.7,7,2018,2018-06-01,Ta-MAD,Sedan,Diesel,1498,1,1,0,1,1,40567,Private,Minor scratches,,
VEH-11708,IPG74H03L077009573,TN58C8285,HYUNDAI,GRAND I10,SPORTZ 1.2 KAPPA VTVT,424589.08,8,2017,2017-07-20,Ka-MYS,Hatchback,Petrol,1197,0,1,1,0,1,110870,Private,Minor scratches,Body kit,2019-07-14
VEH-11709,NQL98Y19Q531395111,UP18B9412,MARUTI,ALTO 800,LXI,205336.83,13,2012,2012-03-04,Ma-PUN,Hatchback,Petrol,796,1,1,1,0,0,120636,Private,Dent on door,Alloy wheels,
VEH-11710,VLY62S10I890650413,UP48A3761,HONDA,AMAZE,1.2 SMT i-VTEC,488836.11,7,2018,2018-09-19,Ta-MAD,Sedan,Petrol,1199,1,1,0,1,1,80146,Private,Dent on door,Alloy wheels,2021-01-04
VEH-11711,LZL48Y45U534231473,TN70D9808,MAHINDRA,SCORPIO,S11 2WD 7STR,877814.96,14,2011,2011-06-15,Ka-MYS,SUV,Diesel,2184,1,0,0,1,0,116141,Private,,Body kit,2012-11-16
VEH-11712,YSE72V49Y801588331,TN48A8059,HYUNDAI,CRETA,1.4 E Plus,1005915.22,5,2020,2020-10-19,Ma-MUM,SUV,Diesel,1582,1,0,0,1,0,128565,Private,Dent on door,Alloy wheels,2022-10-29
VEH-11713,FZA74A78S303725977,UP73A2644,MARUTI,BALENO HATCHBACK,Zeta 1.2,597078.39,8,2017,2017-02-09,Ma-PUN,Hatchback,Petrol,1197,1,0,1,1,0,104511,Private,,,
VEH-11714,LAN22D17L224837107,GJ58A5775,MARUTI,SWIFT,VXI,441174.59,9,2016,2016-10-07,Ma-MUM,Hatchback,Petrol,1197,0,1,0,0,1,102180,Private,Minor scratches,Body kit,2017-11-14
VEH-11715,JPE64S72P121590733,WB32D4291,HYUNDAI,CRETA,1.5 E DIESEL,951750.55,5,2020,2020-09-21,Ma-PUN,SUV,Diesel,1493,1,0,1,1,1,122206,Private,Dent on door,,
VEH-11716,OMS43K60Z200366616,GJ21C8838,HYUNDAI,GRAND I10,SPORTZ 1.2 KAPPA VTVT,403359.62,9,2016,2016-09-03,Ta-MAD,Hatchback,Petrol,1197,0,1,0,0,1,120562,Private,Minor scratches,Alloy wheels,2018-05-08
VEH-11717,DOI61X46U466547820,WB64D6349,MARUTI,DZIRE,VXI,722000.0,2,2023,2023-02-21,Ma-MUM,Sedan,Petrol,1197,0,1,0,0,0,31039,Private,,Alloy wheels,
VEH-11718,UUB51Y66H266087154,RJ76B2069,MARUTI,WAGON R,1.0 VXI,541500.0,2,2023,2023-06-28,De-NOI,Hatchback,Petrol,998,1,1,0,0,1,143146,Private,Minor scratches,Body kit,
VEH-11719,NIQ12B94I409192216,GJ58A5110,MARUTI,SWIFT DZIRE,VDI,692330.31,4,2021,2021-08-25,Ta-MAD,Sedan,Diesel,1248,1,1,0,0,1,47999,Private,Minor scratches,Body kit,
VEH-11720,WBS06F84E523406094,WB71C8265,MARUTI,ERTIGA,1.5 VXI CNG,625680.1,11,2014,2014-11-12,De-NOI,MUV,CNG,1462,1,0,0,1,0,111252,Private,,Body kit,
VEH-11721,ZMM37V25C712104609,KA04D3057,MAHINDRA,SCORPIO,S11 2WD 7STR,1134448.94,9,2016,2016-05-05,De-NEW,SUV,Diesel,2184,1,1,0,1,1,132269,Private,Dent on door,,
VEH-11722,TIW74D72G097010948,TN57A6852,MAHINDRA,SCORPIO,S11 2WD 7STR,1023840.17,11,2014,2014-11-15,Ka-MYS,SUV,Diesel,2184,1,0,0,1,0,3448,Private,Dent on door,Alloy wheels,
VEH-11723,DIG72Y64G852828512,DL36A3738,MARUTI,WAGON R,1.0 LXI CNG,586625.0,2,2023,2023-01-08,Ka-MYS,Hatchback,CNG,998,0,1,0,1,0,93685,Private,,Alloy wheels,
VEH-11724,IRT99H40K949489797,MH58D9096,MARUTI,SWIFT,VDI (DIESEL),685900.0,3,2022,2022-03-18,Ta-MAD,Hatchback,Diesel,1248,0,1,1,0,1,72796,Private,Minor scratches,Alloy wheels,2024-07-21
VEH-11725,MGR53V25M436141779,MH77A3195,HONDA,AMAZE,1.5 SMT i-DTEC,535712.0,9,2016,2016-05-12,Ma-MUM,Sedan,Diesel,1498,0,1,0,0,1,67785,Private,,Body kit,
VEH-11726,IVR38V49W526811737,TN93A1394,HONDA,CITY,1.5 V MT,841824.14,11,2014,2014-10-05,Ka-MYS,Sedan,Petrol,1498,1,1,1,0,1,39335,Private,Minor scratches,,
VEH-11727,HPL82Y23P447631755,UP84A5576,MAHINDRA,SCORPIO,S9 2WD 7STR,741265.97,15,2010,2010-04-01,Ma-NAG,SUV,Diesel,2184,1,0,0,1,1,132676,Private,,Alloy wheels,
VEH-11728,XSA35Y16X483313966,KA67B4821,MARUTI,BALENO HATCHBACK,Zeta 1.2,567224.47,9,2016,2016-05-15,We-HOW,Hatchback,Petrol,1197,1,1,0,0,1,86571,Private,,Body kit,
VEH-11729,YMS07I11U679031774,KA92B8458,HONDA,AMAZE,1.2 SMT i-VTEC,464394.3,8,2017,2017-09-09,De-GUR,Sedan,Petrol,1199,1,0,0,0,1,67655,Private,Minor scratches,Alloy wheels,
VEH-11730,BEA81D97P993947719,KA73C8528,HYUNDAI,VENUE,1.2 S PETROL,624828.11,6,2019,2019-07-21,Ma-NAG,SUV,Petrol,1197,0,0,0,1,1,103795,Private,Minor scratches,,
VEH-11731,PVZ11O31V412496186,MH61B1067,HYUNDAI,GRAND I10,SPORTZ 1.2 KAPPA VTVT,328538.93,13,2012,2012-11-15,Ma-MUM,Hatchback,Petrol,1197,0,0,0,0,0,8574,Private,,Body kit,
VEH-11732,QSF76N43V103872557,TN10A4685,MARUTI,WAGON R,1.0 LXI CNG,333672.35,13,2012,2012-12-14,Ta-COI,Hatchback,CNG,998,0,0,0,0,0,74671,Private,Minor scratches,Alloy wheels,
VEH-11733,NSG73H17G411373625,DL88D7753,MARUTI,SWIFT,VDI (DIESEL),588073.51,6,2019,2019-12-16,Ka-MYS,Hatchback,Diesel,1248,1,0,0,0,1,107098,Private,,,
VEH-11734,KCV21E71J777343846,RJ26C5292,MARUTI,BALENO HATCHBACK,Delta 1.2,760000.0,1,2024,2024-06-28,Ma-PUN,Hatchback,Petrol,1197,1,0,1,1,0,64848,Private,,,
VEH-11735,QXO81O91N620226153,WB24C3672,MARUTI,ALTO,K10 VXI,282338.15,13,2012,2012-04-12,Ta-MAD,Hatchback,Petrol,998,1,1,0,1,0,23846,Private,,,
VEH-11736,XOC18J70R563615060,UP18B3603,HYUNDAI,GRAND I10,SPORTZ 1.2 KAPPA VTVT,403359.62,9,2016,2016-03-19,Ma-NAG,Hatchback,Petrol,1197,0,1,1,1,0,129721,Private,,Body kit,
VEH-11737,MNA13V04R970113651,KA13B2985,MARUTI,WAGON R,1.0 LXI CNG,650000.0,0,2025,2025-07-27,Ma-MUM,Hatchback,CNG,998,0,1,0,0,1,140289,Private,,,
VEH-11738,PLQ95R94R226875612,UP53D7495,MARUTI,BALENO HATCHBACK,Zeta 1.2,771637.5,3,2022,2022-11-12,De-NEW,Hatchback,Petrol,1197,0,0,0,1,0,134672,Private,,Body kit,
VEH-11739,BSU68N46U942349868,WB74C8617,MARUTI,ALTO 800,LXI,195069.99,14,2011,2011-05-16,De-GUR,Hatchback,Petrol,796,1,0,0,0,1,34773,Private,Minor scratches,Body kit,
VEH-11740,OJO37N88M811942547,MH01B8440,HYUNDAI,CRETA,1.4 E Plus,602278.6,15,2010,2010-01-25,Ta-CHE,SUV,Diesel,1582,1,0,0,1,0,131072,Private,Minor scratches,,
VEH-11741,UBJ36E12S452186284,TN11D7925,MARUTI,BALENO HATCHBACK,Delta 1.2,760000.0,1,2024,2024-10-22,We-HOW,Hatchback,Petrol,1197,0,0,1,1,0,110683,Private,Dent on door,,
VEH-11742,NDC22U74H990828390,UP75A4129,MARUTI,VITARA BREZZA,VXI,735091.89,6,2019,2019-04-05,Ka-MYS,SUV,Petrol,1462,0,1,0,0,0,32015,Private,,,
VEH-11743,OVB12Q84D335623302,WB74C8881,MARUTI,ERTIGA,1.5 VXI CNG,768171.03,7,2018,2018-03-15,Ta-COI,MUV,CNG,1462,1,1,0,1,0,86644,Private,,Alloy wheels,2019-04-23
VEH-11744,QNC21Z83I748697646,KA36C8308,MARUTI,BALENO HATCHBACK,Zeta 1.2,462007.87,13,2012,2012-01-04,We-HOW,Hatchback,Petrol,1197,1,0,1,1,1,30047,Private,,Alloy wheels,
VEH-11745,BSH16A97B818915601,UP55A3305,MARUTI,BALENO HATCHBACK,Zeta 1.2,511920.08,11,2014,2014-03-13,De-GUR,Hatchback,Petrol,1197,0,0,0,0,1,74750,Private,Minor scratches,Alloy wheels,
VEH-11746,WEV82Z45F471572006,UP86D4942,MARUTI,SWIFT DZIRE,VDI,807500.0,1,2024,2024-09-13,Ma-MUM,Sedan,Diesel,1248,0,0,0,1,0,12744,Private,,Body kit,
VEH-11747,VPJ69X12J590987878,RJ72C7056,TOYOTA KIRLOSKAR,INNOVA CRYSTA,2.8 GX AT 7 STR,2300000.0,0,2025,2025-08-22,Ma-MUM,MUV,Diesel,2755,1,0,1,0,1,77754,Private,Dent on door,Body kit,
VEH-11748,OJO30M86M037137151,WB93B5196,HYUNDAI,GRAND I10,SPORTZ 1.2 KAPPA VTVT,296506.39,15,2010,2010-12-04,Ma-MUM,Hatchback,Petrol,1197,0,1,0,1,0,11689,Private,Minor scratches,,
VEH-11749,WLO58S59R316478856,MH60B7174,HYUNDAI,CRETA,1.4 E Plus,819324.23,9,2016,2016-02-03,Ma-PUN,SUV,Diesel,1582,0,0,0,1,0,135361,Private,Dent on door,,
VEH-11750,ADJ71D05P139244510,KA54D8020,HONDA,AMAZE,1.2 SMT i-VTEC,359339.46,13,2012,2012-03-11,Ma-PUN,Sedan,Petrol,1199,1,0,0,1,1,59038,Private,,,
VEH-11751,NRL98C61Y739332759,KA59C9237,MARUTI,SWIFT,VXI,600162.5,3,2022,2022-07-14,Ma-MUM,Hatchback,Petrol,1197,1,1,1,1,1,31691,Private,,Body kit,2024-01-08
VEH-11752,EXY26K26X851595066,TN89D5008,HONDA,AMAZE,1.2 SMT i-VTEC,324303.86,15,2010,2010-06-16,Ka-BAN,Sedan,Petrol,1199,0,0,1,1,0,49703,Commercial,Minor scratches,,
VEH-11753,SSU65N94L227965218,UP17D2921,MARUTI,SWIFT,1.2 VXi BS IV,369720.06,11,2014,2014-06-10,Ta-CHE,Hatchback,Petrol,1197,1,0,0,0,0,1101,Private,Minor scratches,,
VEH-11754,KWZ61N44Q058667343,TN02D7962,MARUTI,SWIFT,1.2 VXi BS IV,586625.0,2,2023,2023-04-07,Ta-COI,Hatchback,Petrol,1197,1,0,1,0,0,142490,Private,Dent on door,,
VEH-11755,MOG77Y15R445361755,WB81D7602,HONDA,CITY,1.5 V MT,886130.67,10,2015,2015-04-04,Ta-COI,Sedan,Petrol,1498,1,0,1,1,1,44520,Private,Minor scratches,Body kit,
VEH-11756,SPO81V29G706169675,UP68B1679,MARUTI,SWIFT DZIRE,VDI,436340.77,13,2012,2012-08-13,Ka-MYS,Sedan,Diesel,1248,0,0,0,0,0,123276,Private,,,2014-01-11
VEH-11757,CDX80I79R543596886,DL63C3379,MARUTI,SWIFT DZIRE,VDI,850000.0,0,2025,2025-12-05,Ma-NAG,Sedan,Diesel,1248,0,0,0,1,0,84340,Private,Minor scratches,Alloy wheels,
VEH-11758,HMY04Q41B077774079,DL94B1741,MARUTI,SWIFT DZIRE,VDI,593586.7,7,2018,2018-07-27,Ka-MYS,Sedan,Diesel,1248,0,0,0,1,1,54746,Private,,Body kit,
VEH-11759,QQC50F48W248733815,GJ24A3215,MARUTI,WAGON R,1.0 VXI,600000.0,0,2025,2025-04-08,Ka-BAN,Hatchback,Petrol,998,1,0,1,1,1,68917,Private,,,
VEH-11760,PPQ94G93E393721969,TN96C9833,TOYOTA KIRLOSKAR,INNOVA CRYSTA,2.8 ZX AT 7 STR,1724893.12,8,2017,2017-07-03,We-HOW,MUV,Diesel,2755,1,0,0,0,0,141415,Commercial,Dent on door,,
VEH-11761,GWI13H91N992042244,GJ69B3557,MARUTI,BALENO HATCHBACK,Zeta 1.2,597078.39,8,2017,2017-11-17,Ta-CHE,Hatchback,Petrol,1197,0,1,0,0,1,147600,Private,,Alloy wheels,
VEH-11762,AYH48E46J655947885,MH69B2806,MARUTI,VITARA BREZZA,VDI,997500.0,1,2024,2024-11-09,Ka-MYS,SUV,Diesel,1248,0,1,0,1,1,81055,Private,Dent on door,Alloy wheels,
VEH-11763,XVH58M79W144603018,GJ45C8577,MARUTI,BALENO HATCHBACK,Delta 1.2,558669.84,7,2018,2018-03-04,Ta-COI,Hatchback,Petrol,1197,0,1,0,0,0,70075,Private,Dent on door,Body kit,
VEH-11764,HFV13Y08U271298009,TN64B9041,HONDA,CITY,1.5 V MT,1335700.0,2,2023,2023-02-12,Ma-PUN,Sedan,Petrol,1498,0,1,0,1,0,149934,Private,Minor scratches,,2024-10-31
VEH-11765,SFD10L67P279966089,UP67D9044,HYUNDAI,VENUE,1.2 S PETROL,414523.73,14,2011,2011-03-26,We-KOL,SUV,Petrol,1197,1,1,0,1,0,98926,Private,Minor scratches,Body kit,
VEH-11766,VXC39O97D313495678,KA91C6121,MARUTI,SWIFT,VDI (DIESEL),588073.51,6,2019,2019-05-09,Ma-NAG,Hatchback,Diesel,1248,0,0,0,1,0,97734,Commercial,,Alloy wheels,2020-08-22
VEH-11767,HNC96K23B033019775,RJ63D8857,MARUTI,SWIFT DZIRE,VDI,563907.37,8,2017,2017-11-07,Ma-NAG,Sedan,Diesel,1248,1,0,0,0,1,53941,Private,,,2019-11-25
VEH-11768,EHO80C29P957877422,UP40B2397,MARUTI,SWIFT,VXI,631750.0,2,2023,2023-09-20,Ma-NAG,Hatchback,Petrol,1197,1,1,1,1,1,8137,Private,,Body kit,
VEH-11769,IAN35E92R685036903,DL71A2790,MARUTI,BALENO HATCHBACK,Delta 1.2,530736.35,8,2017,2017-08-22,Ma-MUM,Hatchback,Petrol,1197,0,0,0,1,0,146882,Private,Minor scratches,Alloy wheels,
VEH-11770,ZCX23F32O263080038,GJ51A9542,MARUTI,BALENO HATCHBACK,Delta 1.2,619024.75,5,2020,2020-12-18,Ma-PUN,Hatchback,Petrol,1197,1,0,1,1,1,38737,Private,Dent on door,,
VEH-11771,NWM84W35M194529324,MH80A4885,HYUNDAI,GRAND I10,SPORTZ 1.2 KAPPA VTVT,521284.0,4,2021,2021-02-23,Ka-BAN,Hatchback,Petrol,1197,1,0,0,0,1,80843,Private,,Body kit,
VEH-11772,TVC60H73U241706631,UP19A1017,MARUTI,WAGON R,1.0 VXI,441055.13,6,2019,2019-01-27,Ma-NAG,Hatchback,Petrol,998,0,1,0,1,0,71969,Private,Minor scratches,,
VEH-11773,XPZ67W82H777483584,DL69C4540,HONDA,AMAZE,1.2 SMT i-VTEC,378252.06,12,2013,2013-05-24,Ma-MUM,Sedan,Petrol,1199,0,0,0,1,1,43142,Private,Dent on door,,
VEH-11774,IUZ57W13S922748542,GJ35C4212,MARUTI,VITARA BREZZA,VDI,539009.19,13,2012,2012-11-08,Ma-NAG,SUV,Diesel,1248,0,0,0,1,1,2438,Private,,Body kit,
VEH-11775,SJY12B02Z828500246,KA48C8203,MARUTI,VITARA BREZZA,ZDI PLUS,977407.5,4,2021,2021-11-15,Ma-NAG,SUV,Diesel,1248,0,1,0,1,0,66780,Private,,,
VEH-11776,NUJ44Z19O963651979,RJ69A9917,MARUTI,SWIFT DZIRE,VDI,436340.77,13,2012,2012-10-11,De-NEW,Sedan,Diesel,1248,0,0,1,0,0,46819,Private,,Alloy wheels,
VEH-11777,NFE11X86Z477148302,DL60D3085,MARUTI,SWIFT,VXI,488836.11,7,2018,2018-09-28,Ma-MUM,Hatchback,Petrol,1197,0,0,1,1,1,9885,Private,,,2020-02-07
VEH-11778,DBL00D89I627390642,MH77A6489,MARUTI,BALENO HATCHBACK,Zeta 1.2,511920.08,11,2014,2014-09-05,Ka-BAN,Hatchback,Petrol,1197,1,1,0,0,1,6484,Private,,Alloy wheels,
VEH-11779,COH09U71A144719041,KA80B5757,MARUTI,SWIFT,1.2 VXi BS IV,369720.06,11,2014,2014-06-03,De-NEW,Hatchback,Petrol,1197,0,1,0,1,0,125998,Private,,,
VEH-11780,HOJ43W12L261350022,RJ23C3218,MARUTI,SWIFT,VDI (DIESEL),800000.0,0,2025,2025-03-25,De-GUR,Hatchback,Diesel,1248,1,0,1,0,1,30789,Private,,Body kit,
VEH-11781,EIY00I98R522376043,MH89A9638,MARUTI,ALTO 800,LXI,195069.99,14,2011,2011-02-27,Ka-BAN,Hatchback,Petrol,796,1,1,0,1,0,9523,Private,,,
VEH-11782,GJG03D56O605932715,WB52B9412,HYUNDAI,GRAND I10,SPORTZ 1.2 KAPPA VTVT,495219.8,5,2020,2020-01-01,We-HOW,Hatchback,Petrol,1197,1,1,0,1,1,56579,Private,,,
VEH-11783,EPL25N93T071882187,UP95B9758,MARUTI,ERTIGA,1.5 VXI CNG,509620.35,15,2010,2010-05-25,De-GUR,MUV,CNG,1462,0,1,0,1,1,28604,Private,Minor scratches,Body kit,
VEH-11784,WXW14X13C245115497,TN58A4057,MARUTI,ALTO 800,LXI,400000.0,0,2025,2025-04-23,We-KOL,Hatchback,Petrol,796,1,1,0,1,1,138739,Private,Dent on door,Body kit,
VEH-11785,RFL55C33H540539805,GJ11B8687,HONDA,AMAZE,VX PETROL,477921.48,14,2011,2011-03-20,Ta-MAD,Sedan,Petrol,1199,1,0,0,1,1,87918,Private,Dent on door,,
VEH-11786,LYP41L02U249489323,GJ27A3121,HONDA,AMAZE,VX PETROL,758305.32,5,2020,2020-12-24,We-KOL,Sedan,Petrol,1199,1,0,0,0,0,113960,Private,Dent on door,,
VEH-11787,NPS35R87X881299601,MH31B3329,MARUTI,SWIFT,VXI,341372.49,14,2011,2011-05-20,Ta-MAD,Hatchback,Petrol,1197,0,1,0,1,0,16539,Private,,Body kit,2012-06-12
VEH-11788,LZF12L06D819902371,GJ06B8981,HYUNDAI,CRETA,1.5 E DIESEL,631410.76,13,2012,2012-01-14,Ma-NAG,SUV,Diesel,1493,0,1,0,1,0,23349,Private,,Body kit,
VEH-11789,NMF42L21A869521844,RJ79A5284,MARUTI,VITARA BREZZA,ZDI PLUS,882110.27,6,2019,2019-08-05,Ma-MUM,SUV,Diesel,1248,1,0,1,0,1,107875,Private,Minor scratches,,2020-10-09
VEH-11790,NNJ52X50X933249625,TN80C8915,HONDA,CITY,1.5 V MT,1205469.25,4,2021,2021-07-25,Ka-MYS,Sedan,Petrol,1498,0,1,0,1,0,65418,Private,Minor scratches,,2023-07-14
VEH-11791,EQV07E33F914626791,TN82B7298,MARUTI,ERTIGA,1.5 VXI CNG,658610.63,10,2015,2015-09-15,Ta-MAD,MUV,CNG,1462,0,1,1,1,0,54142,Private,Dent on door,,
VEH-11792,ITP05R76Z628788646,UP01A7726,MARUTI,BALENO HATCHBACK,Delta 1.2,588073.51,6,2019,2019-12-26,De-NEW,Hatchback,Petrol,1197,1,1,0,0,0,100896,Private,Minor scratches,Alloy wheels,
VEH-11793,OTJ66O71P946174849,KA75B9420,MARUTI,BALENO HATCHBACK,Delta 1.2,455040.07,11,2014,2014-04-17,Ma-PUN,Hatchback,Petrol,1197,1,0,0,1,1,119370,Private,Minor scratches,Alloy wheels,
VEH-11794,VQL93T14B930454087,WB22A1391,TOYOTA KIRLOSKAR,INNOVA CRYSTA,2.8 Z 7 STR,2256250.0,2,2023,2023-05-22,Ta-MAD,MUV,Diesel,2755,1,1,1,0,0,98883,Private,,,2024-12-14
VEH-11795,HNP32G01C460894600,TN21C4471,HONDA,AMAZE,1.2 VXMT i-VTEC,720390.05,6,2019,2019-11-21,We-HOW,Sedan,Petrol,1199,1,0,1,1,1,75170,Private,Minor scratches,,
VEH-11796,AKN05M01X757740403,MH57D2470,MARUTI,BALENO HATCHBACK,Zeta 1.2,696402.84,5,2020,2020-02-16,De-NEW,Hatchback,Petrol,1197,0,0,1,1,1,40751,Private,,Alloy wheels,
VEH-11797,BTZ26U00H213126602,RJ11A3365,MARUTI,BALENO HATCHBACK,Zeta 1.2,511920.08,11,2014,2014-05-04,Ma-NAG,Hatchback,Petrol,1197,1,1,1,1,1,109260,Private,Dent on door,,
VEH-11798,EUN85M59Z351690702,GJ42B1036,MARUTI,SWIFT,VXI,514564.32,6,2019,2019-08-18,Ka-MYS,Hatchback,Petrol,1197,0,0,0,1,1,118192,Private,Dent on door,Alloy wheels,
VEH-11799,JVB09U19A768050179,WB80A5773,MARUTI,SWIFT,VXI,359339.46,13,2012,2012-04-10,De-NOI,Hatchback,Petrol,1197,1,0,0,1,0,129978,Private,Minor scratches,,
VEH-11800,RPY18F28G435142616,GJ42C6148,MARUTI,SWIFT,1.2 VXi BS IV,333672.35,13,2012,2012-12-16,De-NEW,Hatchback,Petrol,1197,1,1,1,1,0,91855,Private,,,2014-10-08
VEH-11801,ANI45P77C293284218,TN45B3389,TOYOTA KIRLOSKAR,INNOVA CRYSTA,2.4 V 8S,1393182.91,8,2017,2017-11-08,Ma-MUM,MUV,Diesel,2393,0,0,0,0,0,78688,Commercial,,Alloy wheels,2020-06-06
VEH-11802,DRJ45V21E629620364,RJ77A3589,MARUTI,BALENO HATCHBACK,Zeta 1.2,416962.11,15,2010,2010-10-27,Ma-PUN,Hatchback,Petrol,1197,0,1,0,0,0,92004,Private,Dent on door,,
VEH-11803,DWL70X89L657579095,TN58B3028,MARUTI,ALTO 800,LXI,380000.0,1,2024,2024-11-15,We-HOW,Hatchback,Petrol,796,1,0,0,1,0,93363,Private,Dent on door,,
VEH-11804,YUY30I43B297057976,UP11D8086,HONDA,AMAZE,1.2 VXMT i-VTEC,684370.55,7,2018,2018-08-19,We-HOW,Sedan,Petrol,1199,0,0,0,0,1,113474,Private,Dent on door,Body kit,
VEH-11805,XGG68H16T419483589,WB74C2819,MARUTI,BALENO HATCHBACK,Delta 1.2,685900.0,3,2022,2022-07-07,Ka-MYS,Hatchback,Petrol,1197,0,0,0,0,1,23098,Private,Minor scratches,Alloy wheels,2024-06-08
VEH-11806,JZM00A74E452529980,TN29B7599,MARUTI,BALENO HATCHBACK,Delta 1.2,504199.53,9,2016,2016-08-05,Ma-PUN,Hatchback,Petrol,1197,0,0,0,0,1,48197,Private,,Alloy wheels,
VEH-11807,RAA22F07E462393693,GJ69B9397,MARUTI,WAGON R,1.0 VXI,488703.75,4,2021,2021-10-07,Ta-CHE,Hatchback,Petrol,998,1,1,1,0,0,148953,Private,,,2024-06-04
VEH-11808,BIP90U73P718149891,DL09D1211,MARUTI,BALENO HATCHBACK,Delta 1.2,390139.98,14,2011,2011-01-07,Ma-PUN,Hatchback,Petrol,1197,0,0,0,1,0,148820,Private,Minor scratches,,
VEH-11809,FMU78W50C023064335,DL58D9562,TOYOTA KIRLOSKAR,INNOVA CRYSTA,2.8 ZX AT 7 STR,1911238.92,6,2019,2019-04-02,We-HOW,MUV,Diesel,2755,1,1,1,1,0,112646,Private,Minor scratches,,
VEH-11810,SIP64P58E475948987,DL51C3084,MARUTI,SWIFT,1.2 VXi BS IV,369720.06,11,2014,2014-11-01,Ka-BAN,Hatchback,Petrol,1197,0,0,0,1,1,48197,Private,,,
VEH-11811,CXL00J08B233505915,GJ53C8001,MARUTI,BALENO HATCHBACK,Zeta 1.2,733055.62,4,2021,2021-09-15,De-GUR,Hatchback,Petrol,1197,1,0,1,1,0,26259,Private,Minor scratches,Body kit,2023-01-30
VEH-11812,JVX00F08L219720444,TN32A4948,MARUTI,ALTO 800,LXI,227520.04,11,2014,2014-02-26,Ka-BAN,Hatchback,Petrol,796,0,0,1,1,0,32757,Private,,Body kit,
VEH-11813,ELA44P92A644881987,DL12C8972,HONDA,CITY,1.5 V MT,1205469.25,4,2021,2021-01-20,Ma-PUN,Sedan,Petrol,1498,0,1,0,1,1,108906,Private,,Body kit,
VEH-11814,FOO37V91J036599050,RJ40B9550,MARUTI,SWIFT DZIRE,VDI,436340.77,13,2012,2012-09-06,We-KOL,Sedan,Diesel,1248,1,1,0,1,0,17512,Commercial,Minor scratches,Body kit,
VEH-11815,XLR15N55F919930793,KA45B2066,MARUTI,SWIFT,VDI (DIESEL),685900.0,3,2022,2022-06-13,Ta-CHE,Hatchback,Diesel,1248,1,0,0,1,1,141903,Private,Minor scratches,Alloy wheels,
VEH-11816,BQS94Y33H120469242,WB16C8924,HONDA,AMAZE,1.5 SMT i-DTEC,508926.4,10,2015,2015-12-14,Ma-MUM,Sedan,Diesel,1498,0,0,0,0,0,140406,Private,,,
VEH-11817,FVD39G76D253554295,WB57B1298,MARUTI,SWIFT,VXI,324303.86,15,2010,2010-04-03,We-KOL,Hatchback,Petrol,1197,1,1,0,1,0,78823,Private,,Body kit,
VEH-11818,RQI69A55Y606008629,RJ36C6968,HONDA,AMAZE,1.2 VXMT i-VTEC,477921.48,14,2011,2011-06-26,We-KOL,Sedan,Petrol,1199,1,1,0,1,0,17472,Private,Minor scratches,,
VEH-11819,HPG34Z31Z218981804,UP13D3023,HYUNDAI,GRAND I10 NIOS,SPORTZ 1.2 KAPPA VTVT,419115.86,10,2015,2015-07-20,Ta-CHE,Hatchback,Petrol,1197,0,0,0,0,0,133334,Private,,,
VEH-11820,TNC86Q67A207417929,GJ20A9479,HONDA,CITY,1.5 V MT,1205469.25,4,2021,2021-06-16,Ma-NAG,Sedan,Petrol,1498,1,0,0,0,0,127888,Private,,,2022-06-20
VEH-11821,IPQ80O86U433032190,WB21A3319,MARUTI,VITARA BREZZA,ZDI PLUS,796104.52,8,2017,2017-09-16,We-HOW,SUV,Diesel,1248,0,0,0,1,0,5984,Private,,,
VEH-11822,GKE65P72X512558990,TN47B3850,MARUTI,SWIFT,1.2 VXi BS IV,586625.0,2,2023,2023-03-06,Ma-MUM,Hatchback,Petrol,1197,1,0,0,0,1,122360,Private,,,
VEH-11823,JTW25Z25C224061587,DL41A5970,MARUTI,ALTO,K10 VXI,297198.05,12,2013,2013-08-14,Ta-COI,Hatchback,Petrol,998,0,0,0,0,0,89982,Private,Dent on door,,
VEH-11824,VMH84L64A259977061,DL90D2374,MARUTI,VITARA BREZZA,VDI,812469.98,5,2020,2020-11-10,Ta-COI,SUV,Diesel,1248,0,1,0,1,0,67808,Private,Dent on door,Alloy wheels,
VEH-11825,QSS17K03E668730731,TN14C6196,MARUTI,VITARA BREZZA,ZDI PLUS,682560.11,11,2014,2014-10-14,We-KOL,SUV,Diesel,1248,1,0,1,1,1,93202,Private,,,2016-02-12
VEH-11826,JCZ46S69B560614083,KA25C7059,MARUTI,WAGON R,1.0 VXI,292604.99,14,2011,2011-11-27,We-KOL,Hatchback,Petrol,998,1,1,0,0,1,75219,Private,Minor scratches,Body kit,
VEH-11827,IIF69N74N714237593,UP49A9286,HONDA,CITY,1.5 V MT,886130.67,10,2015,2015-07-09,Ma-MUM,Sedan,Petrol,1498,0,1,0,0,1,109534,Private,,,
VEH-11828,CFL37P28I775846394,RJ41D9557,HONDA,CITY,1.5 V MT,1406000.0,1,2024,2024-08-13,Ma-MUM,Sedan,Petrol,1498,1,1,0,0,1,111640,Private,Dent on door,,2026-07-07
VEH-11829,SUC79P19H603565692,KA27B7810,MARUTI,ALTO 800,LXI,325802.5,4,2021,2021-06-16,Ma-NAG,Hatchback,Petrol,796,1,1,0,1,1,56778,Private,,,2023-05-10
VEH-11830,WVC91A62M412861392,TN90D5156,MARUTI,WAGON R,1.0 VXI,277974.74,15,2010,2010-01-14,De-NOI,Hatchback,Petrol,998,1,0,0,1,1,112661,Private,,,
VEH-11831,LVJ02S22C593073301,TN84A2548,HYUNDAI,VENUE,1.2 S PETROL,692330.31,4,2021,2021-09-03,Ma-NAG,SUV,Petrol,1197,1,0,0,1,0,107483,Private,Dent on door,Body kit,
VEH-11832,OMB32N99O393175016,TN33D8638,MARUTI,SWIFT,1.2 VXi BS IV,351234.06,12,2013,2013-11-19,We-HOW,Hatchback,Petrol,1197,0,0,1,0,0,117292,Private,Minor scratches,Alloy wheels,
VEH-11833,MHE39J73I632632753,KA17D8557,MARUTI,SWIFT,1.2 VXi BS IV,316988.74,14,2011,2011-07-05,Ka-BAN,Hatchback,Petrol,1197,0,1,0,0,1,21166,Private,,Alloy wheels,
VEH-11834,LEM55C91T410404187,UP05A7597,HONDA,AMAZE,1.2 VXMT i-VTEC,617644.42,9,2016,2016-10-02,Ma-MUM,Sedan,Petrol,1199,1,1,0,1,0,53555,Private,Dent on door,,
VEH-11835,LEE14O59Y097139877,GJ83B8722,MARUTI,SWIFT,VDI (DIESEL),619024.75,5,2020,2020-12-23,Ta-CHE,Hatchback,Diesel,1248,1,0,1,1,0,21973,Private,,,2022-09-21
VEH-11836,IVX95Z90Y071480212,UP11B6080,MARUTI,BALENO HATCHBACK,Delta 1.2,800000.0,0,2025,2025-07-12,Ta-COI,Hatchback,Petrol,1197,0,0,1,0,1,11458,Private,Dent on door,Body kit,
VEH-11837,CUD40O24A510003506,RJ60B5808,MARUTI,SWIFT,1.2 VXi BS IV,586625.0,2,2023,2023-08-27,Ma-MUM,Hatchback,Petrol,1197,1,1,0,1,0,16952,Private,,Alloy wheels,
VEH-11838,FSV81T36C927650562,DL08C3176,MARUTI,ERTIGA,1.5 VXI CNG,693274.35,9,2016,2016-01-20,Ta-MAD,MUV,CNG,1462,1,1,0,1,0,75192,Private,Dent on door,,
VEH-11839,PDO63P87M162510507,KA74B6840,MARUTI,SWIFT,1.2 VXi BS IV,529429.06,4,2021,2021-12-18,Ta-COI,Hatchback,Petrol,1197,1,0,0,0,1,11006,Private,,Body kit,
VEH-11840,DNT73M02Q333483152,WB78A1653,HONDA,AMAZE,1.2 SMT i-VTEC,488836.11,7,2018,2018-08-13,Ka-BAN,Sedan,Petrol,1199,0,0,0,1,0,110402,Private,,,
VEH-11841,THL00F85K188748637,WB21C6578,HONDA,AMAZE,VX PETROL,720390.05,6,2019,2019-10-17,Ma-MUM,Sedan,Petrol,1199,0,0,0,1,0,12810,Private,,Alloy wheels,
VEH-11842,DXQ53K54U773688428,MH73B5065,MARUTI,WAGON R,1.0 LXI CNG,333672.35,13,2012,2012-11-16,Ka-MYS,Hatchback,CNG,998,0,1,0,1,1,58137,Private,,Alloy wheels,
VEH-11843,NTN43V83V324711664,WB39C6713,TOYOTA KIRLOSKAR,INNOVA CRYSTA,2.8 ZX AT 7 STR,1724893.12,8,2017,2017-12-13,Ka-BAN,MUV,Diesel,2755,0,1,0,0,1,90883,Private,Minor scratches,,
VEH-11844,PCK13B53L925670955,DL35D1268,MARUTI,SWIFT,VXI,570154.37,4,2021,2021-01-06,De-GUR,Hatchback,Petrol,1197,1,1,0,0,1,39084,Private,,Alloy wheels,2022-01-26
VEH-11845,CKR17F76O734691065,RJ26A4834,HONDA,AMAZE,1.5 SMT i-DTEC,508926.4,10,2015,2015-01-05,Ka-MYS,Sedan,Diesel,1498,1,0,0,0,0,64460,Private,Dent on door,Body kit,
VEH-11846,CPX63F22O075026956,UP31C9744,MARUTI,SWIFT,1.2 VXi BS IV,477809.73,6,2019,2019-11-13,Ma-PUN,Hatchback,Petrol,1197,0,1,0,1,0,27959,Private,Minor scratches,,2022-07-31
VEH-11847,VMO79N78Q034305063,UP35D1228,MARUTI,SWIFT DZIRE,VDI,692330.31,4,2021,2021-07-27,Ta-COI,Sedan,Diesel,1248,0,0,0,1,1,62577,Private,Minor scratches,,2023-01-30
VEH-11848,TEM04O20Y110401359,RJ18A9946,MARUTI,WAGON R,1.0 VXI,398052.26,8,2017,2017-01-19,We-HOW,Hatchback,Petrol,998,1,0,0,1,0,32147,Private,,Body kit,
VEH-11849,JEM97O51G940647114,GJ82B2573,MARUTI,SWIFT DZIRE,VDI,624828.11,6,2019,2019-08-03,Ka-MYS,Sedan,Diesel,1248,0,0,0,1,0,45135,Private,,,
VEH-11850,LDN25N64K902009187,RJ45C2567,MARUTI,VITARA BREZZA,VDI,947625.0,2,2023,2023-11-15,Ka-BAN,SUV,Diesel,1248,1,1,0,1,0,21152,Private,,Body kit,
VEH-11851,QGG28H00X508815161,TN16B7945,HONDA,AMAZE,1.2 VXMT i-VTEC,650152.02,8,2017,2017-12-01,We-HOW,Sedan,Petrol,1199,0,0,0,1,1,8194,Private,,Body kit,
VEH-11852,LDE98K98S201616174,UP31A8455,MARUTI,DZIRE,VXI,410673.67,13,2012,2012-01-15,Ta-MAD,Sedan,Petrol,1197,0,0,1,1,0,30105,Private,Dent on door,,2014-07-29
VEH-11853,HYN05H14Q230309731,TN89A8506,MARUTI,WAGON R,1.0 LXI CNG,333672.35,13,2012,2012-02-07,Ma-NAG,Hatchback,CNG,998,0,1,0,1,0,115037,Private,Minor scratches,,
VEH-11854,UNA85Z50V003510385,GJ18A7962,MARUTI,SWIFT,1.2 VXi BS IV,333672.35,13,2012,2012-06-24,We-HOW,Hatchback,Petrol,1197,1,1,0,1,0,88295,Private,Dent on door,Alloy wheels,
VEH-11855,WKM90V01Y900613246,KA03A8680,MARUTI,ALTO 800,LXI,342950.0,3,2022,2022-05-22,De-GUR,Hatchback,Petrol,796,0,0,0,1,0,83212,Private,Minor scratches,Body kit,
VEH-11856,XNA19Z43P980185010,MH82C1261,HYUNDAI,GRAND I10 NIOS,SPORTZ 1.2 KAPPA VTVT,665000.0,1,2024,2024-10-01,Ma-NAG,Hatchback,Petrol,1197,1,1,0,0,1,98246,Private,Dent on door,Body kit,
VEH-11857,GHJ17X90E382795786,KA42C3137,HONDA,AMAZE,1.5 SMT i-DTEC,414523.73,14,2011,2011-11-05,Ma-PUN,Sedan,Diesel,1498,1,0,0,0,1,31396,Private,,Body kit,
VEH-11858,JFD08K63U138931736,WB80C4313,HONDA,AMAZE,1.2 SMT i-VTEC,398160.06,11,2014,2014-05-25,Ka-MYS,Sedan,Petrol,1199,0,1,1,1,0,75897,Private,Minor scratches,Body kit,
VEH-11859,RTN63Y41Y082396821,WB28D4773,MARUTI,DZIRE,VXI,370632.98,15,2010,2010-03-09,Ka-MYS,Sedan,Petrol,1197,1,1,0,1,0,36084,Private,Dent on door,Alloy wheels,
VEH-11860,ZZB02X39R894818768,RJ66C3401,MARUTI,ERTIGA,1.5 VXI CNG,509620.35,15,2010,2010-01-27,We-HOW,MUV,CNG,1462,1,0,1,1,1,47208,Private,,,
VEH-11861,NFG15A93L869652125,WB76A4779,HONDA,CITY,1.5 V MT,932769.13,9,2016,2016-12-18,Ma-PUN,Sedan,Petrol,1498,0,1,0,1,1,145746,Private,,,2018-05-05
VEH-11862,NZP15U00Q284052475,UP15C6663,MAHINDRA,SCORPIO,S11 2WD 7STR,1710000.0,1,2024,2024-09-14,We-KOL,SUV,Diesel,2184,0,1,1,1,0,16939,Private,Dent on door,Body kit,2026-03-22
VEH-11863,VAX25R48W933603746,DL27A3169,HONDA,AMAZE,1.2 VXMT i-VTEC,931000.0,1,2024,2024-08-09,Ma-MUM,Sedan,Petrol,1199,0,1,1,0,1,121534,Private,,,2026-07-27
VEH-11864,YQE43G17X981766724,GJ26B6924,HYUNDAI,CRETA,1.5 E DIESEL,1110075.0,2,2023,2023-01-11,We-HOW,SUV,Diesel,1493,0,1,1,1,0,8973,Private,Minor scratches,,2025-04-09
VEH-11865,PED07C40G372767710,WB14C3583,MARUTI,SWIFT,VDI (DIESEL),370632.98,15,2010,2010-07-16,Ta-MAD,Hatchback,Diesel,1248,1,1,1,1,1,79790,Private,,,
VEH-11866,LOT78B27Q610096220,KA68A9550,MARUTI,SWIFT DZIRE,VDI,850000.0,0,2025,2025-11-24,Ta-COI,Sedan,Diesel,1248,0,0,0,0,0,27478,Private,,Body kit,
VEH-11867,PNM97V52X285586408,MH39D4289,MARUTI,WAGON R,1.0 LXI CNG,617500.0,1,2024,2024-05-27,Ma-NAG,Hatchback,CNG,998,0,1,0,1,1,87410,Private,,Alloy wheels,
VEH-11868,UXF00L35R370592245,UP89D9146,TOYOTA KIRLOSKAR,INNOVA CRYSTA,2.8 ZX AT 7 STR,1638648.47,9,2016,2016-12-25,We-HOW,MUV,Diesel,2755,0,1,0,1,1,42052,Private,Minor scratches,Alloy wheels,2019-02-08
VEH-11869,WGL03M13Y634710659,KA70A7731,MARUTI,ALTO 800,LXI,216144.04,12,2013,2013-10-02,Ma-PUN,Hatchback,Petrol,796,0,0,0,1,0,52133,Private,,Body kit,
VEH-11870,MSE63G63M487355897,GJ43C9384,HYUNDAI,GRAND I10 NIOS,SPORTZ 1.2 KAPPA VTVT,398160.06,11,2014,2014-05-26,Ka-BAN,Hatchback,Petrol,1197,1,1,0,1,0,36757,Private,,,
VEH-11871,LAV24M70Y017903343,UP53A9459,MAHINDRA,SCORPIO,S11 2WD 7STR,1134448.94,9,2016,2016-02-22,Ka-MYS,SUV,Diesel,2184,0,1,0,1,0,94684,Private,Dent on door,Body kit,2018-07-19
VEH-11872,UTP43Z95P214387965,GJ04A9916,MARUTI,SWIFT,VXI,541646.66,5,2020,2020-06-02,Ta-MAD,Hatchback,Petrol,1197,1,1,0,1,1,11993,Private,Dent on door,Alloy wheels,2022-05-03
VEH-11873,CED53O48Y885109116,UP15C7594,MARUTI,ALTO,K10 VXI,471556.25,3,2022,2022-02-16,Ma-NAG,Hatchback,Petrol,998,1,1,1,1,0,23189,Private,,Body kit,
VEH-11874,SJC08Z12S075727535,TN78C9423,MARUTI,WAGON R,1.0 LXI CNG,431223.28,8,2017,2017-12-05,De-NEW,Hatchback,CNG,998,1,1,1,1,1,23400,Private,Minor scratches,,
VEH-11875,ZIP69L38E855116204,DL48B2637,MARUTI,VITARA BREZZA,VDI,997500.0,1,2024,2024-11-28,De-NEW,SUV,Diesel,1248,0,1,0,0,1,127853,Private,Minor scratches,Body kit,2026-07-19
VEH-11876,BPO74A30Z773989647,WB27A9520,MAHINDRA,SCORPIO,S11 2WD 7STR,1800000.0,0,2025,2025-02-16,Ka-MYS,SUV,Diesel,2184,0,1,1,0,0,41693,Private,,,
VEH-11877,MTZ43Q43L138639447,DL76A4071,MARUTI,BALENO HATCHBACK,Zeta 1.2,462007.87,13,2012,2012-12-24,We-KOL,Hatchback,Petrol,1197,0,0,1,0,1,133838,Private,,Body kit,2015-04-11
VEH-11878,JNK18D90E029200661,WB26D6762,HYUNDAI,CRETA,1.4 E Plus,1114587.5,3,2022,2022-09-20,Ma-NAG,SUV,Diesel,1582,1,1,0,0,0,118666,Private,,Alloy wheels,
VEH-11879,CQE12S66V043035854,DL10A5494,MARUTI,WAGON R,1.0 VXI,464268.56,5,2020,2020-05-08,Ka-MYS,Hatchback,Petrol,998,1,1,0,1,1,48204,Private,Minor scratches,Alloy wheels,
VEH-11880,EHA36X25O340924622,DL70B4633,HONDA,AMAZE,1.2 SMT i-VTEC,570154.37,4,2021,2021-09-06,De-GUR,Sedan,Petrol,1199,1,0,0,0,0,13560,Private,,,
VEH-11881,KSW78T34V631914743,UP77D5726,MARUTI,SWIFT,VXI,700000.0,0,2025,2025-07-04,We-KOL,Hatchback,Petrol,1197,1,1,1,0,0,138751,Private,,Body kit,
VEH-11882,PJQ39U22F574572620,KA88C9905,MARUTI,WAGON R,1.0 VXI,308005.25,13,2012,2012-09-05,Ma-MUM,Hatchback,Petrol,998,1,1,0,0,1,19074,Private,,,
VEH-11883,KMA14Q34Y246562684,GJ11C9061,MARUTI,BALENO HATCHBACK,Zeta 1.2,538863.25,10,2015,2015-06-07,Ma-PUN,Hatchback,Petrol,1197,0,0,0,1,1,119240,Private,Minor scratches,,
VEH-11884,XEY29H58Q796666005,WB12C4770,TOYOTA KIRLOSKAR,INNOVA CRYSTA,2.8 ZX AT 7 STR,2011830.44,5,2020,2020-04-02,Ka-MYS,MUV,Diesel,2755,0,0,0,1,1,83953,Private,,Body kit,
VEH-11885,LXF19B50R533980863,GJ57B4005,MARUTI,SWIFT,VXI,631750.0,2,2023,2023-03-18,De-NEW,Hatchback,Petrol,1197,1,0,0,0,0,62242,Private,Minor scratches,,
VEH-11886,RZE00W26K549992459,UP37D7307,MARUTI,DZIRE,VXI,410673.67,13,2012,2012-09-22,We-HOW,Sedan,Petrol,1197,0,0,0,1,0,8475,Private,Minor scratches,,
VEH-11887,IZY87H46A974740126,GJ71D6909,TOYOTA KIRLOSKAR,INNOVA CRYSTA,2.4 V 8S,1543692.97,6,2019,2019-07-27,Ta-COI,MUV,Diesel,2393,1,0,1,0,0,17174,Private,Minor scratches,Body kit,
VEH-11888,UTH28W78C894713896,MH57B1894,MARUTI,DZIRE,VXI,370632.98,15,2010,2010-08-27,Ma-NAG,Sedan,Petrol,1197,0,1,1,0,0,97352,Private,,Alloy wheels,
VEH-11889,OAE59C12S259063339,MH42D1611,HYUNDAI,CRETA,1.4 E Plus,907838.48,7,2018,2018-01-09,We-HOW,SUV,Diesel,1582,1,1,1,1,1,31098,Private,,,
VEH-11890,DTM37X81G571784399,DL99A4366,HYUNDAI,GRAND I10,SPORTZ 1.2 KAPPA VTVT,608000.0,1,2024,2024-01-26,Ma-MUM,Hatchback,Petrol,1197,0,0,0,1,0,30963,Private,Dent on door,Body kit,2025-03-19
VEH-11891,GPC32J49X764039870,DL20B4169,MARUTI,VITARA BREZZA,VDI,512058.73,14,2011,2011-03-22,We-KOL,SUV,Diesel,1248,0,0,0,0,1,92394,Private,,Alloy wheels,2012-11-11
VEH-11892,ZPL42A70E595052531,DL94A3500,MARUTI,SWIFT,1.2 VXi BS IV,617500.0,1,2024,2024-05-27,We-HOW,Hatchback,Petrol,1197,1,1,1,1,1,110550,Private,Dent on door,,
VEH-11893,BNJ98Y38F008356393,WB05A6238,MARUTI,ERTIGA,1.5 VXI CNG,1100000.0,0,2025,2025-03-17,Ka-MYS,MUV,CNG,1462,0,0,0,1,1,55716,Private,,Body kit,
VEH-11894,EEE93D51D045939581,KA34C1672,MARUTI,SWIFT,1.2 VXi BS IV,369720.06,11,2014,2014-05-06,De-NEW,Hatchback,Petrol,1197,0,1,1,1,1,131171,Private,,,
VEH-11895,TRX53P29O936382465,RJ12B1043,MARUTI,VITARA BREZZA,ZDI PLUS,585209.97,14,2011,2011-09-27,Ka-BAN,SUV,Diesel,1248,0,0,0,1,1,27498,Private,Minor scratches,Alloy wheels,
VEH-11896,EIG76M32Y086572418,KA59B2513,HONDA,AMAZE,1.2 SMT i-VTEC,514564.32,6,2019,2019-11-14,Ta-COI,Sedan,Petrol,1199,1,0,0,1,0,57469,Private,,Alloy wheels,2021-09-19
VEH-11897,MFS70N60W557543503,KA88D2645,MARUTI,VITARA BREZZA,VDI,900243.75,3,2022,2022-06-18,Ma-MUM,SUV,Diesel,1248,1,1,0,1,1,75113,Commercial,,Body kit,
VEH-11898,MOX73O83E349644716,TN27B4470,MAHINDRA,BOLERO,B6 (O),513342.08,13,2012,2012-11-19,Ta-CHE,SUV,Diesel,1498,1,1,0,1,0,28148,Private,,,
VEH-11899,KIY12R01M640177685,KA74B6609,MARUTI,VITARA BREZZA,VXI,902500.0,2,2023,2023-12-28,Ka-BAN,SUV,Petrol,1462,0,1,1,1,0,129773,Private,Dent on door,Alloy wheels,
VEH-11900,FVA29I01X753739369,RJ27D4620,HONDA,AMAZE,1.2 SMT i-VTEC,419115.86,10,2015,2015-11-15,Ta-COI,Sedan,Petrol,1199,1,0,0,1,1,36809,Private,,,
VEH-11901,EYX71D90E259943499,DL62C3468,MARUTI,SWIFT DZIRE,VDI,508926.4,10,2015,2015-09-26,Ka-MYS,Sedan,Diesel,1248,1,0,1,0,0,114815,Private,Dent on door,Alloy wheels,2017-06-14
VEH-11902,HNG64Z98Q356044270,MH40C8169,HONDA,AMAZE,1.2 VXMT i-VTEC,503075.24,13,2012,2012-03-03,Ka-MYS,Sedan,Petrol,1199,1,0,0,0,0,25943,Private,,Body kit,
VEH-11903,RVP95T87F358796493,KA78B1211,MARUTI,DZIRE,VXI,504199.53,9,2016,2016-10-16,Ma-MUM,Sedan,Petrol,1197,1,0,1,1,1,138198,Private,,,
VEH-11904,MQT83I55T426280511,GJ70C6175,HONDA,AMAZE,1.2 SMT i-VTEC,700000.0,0,2025,2025-01-21,Ta-COI,Sedan,Petrol,1199,1,0,0,1,0,86490,Private,Minor scratches,Body kit,
VEH-11905,OWR25E17J784113924,TN06D4502,HONDA,AMAZE,1.2 SMT i-VTEC,631750.0,2,2023,2023-02-28,Ma-NAG,Sedan,Petrol,1199,1,1,0,1,0,11747,Private,Minor scratches,,
VEH-11906,ZZO96R29A561816280,TN13D8113,MARUTI,SWIFT,VXI,419115.86,10,2015,2015-10-19,Ma-PUN,Hatchback,Petrol,1197,0,0,0,0,1,11364,Private,,,
VEH-11907,SQZ17X82U217004744,DL53D3766,TOYOTA KIRLOSKAR,INNOVA CRYSTA,2.4 ZX MT 7 STR,1985500.0,2,2023,2023-04-12,Ma-PUN,MUV,Diesel,2393,0,0,0,0,1,59609,Private,,Alloy wheels,
VEH-11908,ROZ34I46A772244388,GJ20D6092,MARUTI,DZIRE,VXI,722000.0,2,2023,2023-05-19,De-NEW,Sedan,Petrol,1197,0,0,0,1,0,96365,Private,Minor scratches,,
VEH-11909,SNI71J26K323441823,MH17B3687,MARUTI,BALENO HATCHBACK,Delta 1.2,685900.0,3,2022,2022-08-01,Ka-BAN,Hatchback,Petrol,1197,1,1,0,1,1,93102,Private,,Alloy wheels,
VEH-11910,VPP97Q09A418422360,TN45A8756,MARUTI,SWIFT,VXI,570154.37,4,2021,2021-10-12,Ma-NAG,Hatchback,Petrol,1197,0,0,1,1,1,136317,Private,,Body kit,
VEH-11911,YRK72Q99E671614850,KA37D5343,HYUNDAI,GRAND I10 NIOS,SPORTZ 1.2 KAPPA VTVT,541646.66,5,2020,2020-05-27,Ka-MYS,Hatchback,Petrol,1197,0,1,1,1,0,61579,Private,,Body kit,2022-06-24
VEH-11912,EJF09O47Z090059787,KA47A9456,MAHINDRA,SCORPIO,S11 2WD 7STR,1624500.0,2,2023,2023-02-14,Ka-BAN,SUV,Diesel,2184,1,0,0,1,0,67503,Private,Minor scratches,Alloy wheels,
VEH-11913,SUT45Y53Z928243340,MH97D5435,MARUTI,ALTO,K10 VXI,404300.54,6,2019,2019-11-05,De-NEW,Hatchback,Petrol,998,0,1,0,1,1,79119,Private,,Alloy wheels,
VEH-11914,TCO21V92C534969906,MH26A4285,MARUTI,ALTO,K10 VXI,346637.18,9,2016,2016-12-20,Ma-MUM,Hatchback,Petrol,998,0,0,0,1,0,9542,Private,,,2019-03-31
VEH-11915,EDY26B32Q796413952,WB12D8856,MARUTI,ALTO 800,LXI,239494.78,10,2015,2015-03-28,Ma-PUN,Hatchback,Petrol,796,0,0,1,1,1,28674,Private,Minor scratches,,2016-10-16
VEH-11916,AYS78U68E325131017,WB16A6163,MARUTI,WAGON R,1.0 LXI CNG,453919.24,7,2018,2018-03-28,Ta-COI,Hatchback,CNG,998,1,0,0,0,1,142089,Private,Minor scratches,Alloy wheels,2019-05-24
VEH-11917,DZY09Q94U716500510,WB79B9253,HONDA,AMAZE,1.2 VXMT i-VTEC,720390.05,6,2019,2019-08-28,Ma-NAG,Sedan,Petrol,1199,0,0,0,1,0,95556,Private,,Body kit,
VEH-11918,QVP39S67K123744581,WB36B1596,MARUTI,SWIFT,VXI,464394.3,8,2017,2017-11-22,De-NOI,Hatchback,Petrol,1197,0,1,0,1,1,76444,Private,,,
VEH-11919,SVS04W86R753280814,RJ36A1866,HONDA,AMAZE,1.2 SMT i-VTEC,570154.37,4,2021,2021-10-27,Ma-NAG,Sedan,Petrol,1199,1,1,1,1,0,125954,Private,,,
VEH-11920,TKV35K29U380547084,DL36D1297,MARUTI,SWIFT,VDI (DIESEL),410673.67,13,2012,2012-11-10,Ta-COI,Hatchback,Diesel,1248,1,0,0,1,1,112079,Private,,,
VEH-11921,OYV01W64V518310910,WB47B9044,MARUTI,BALENO HATCHBACK,Zeta 1.2,597078.39,8,2017,2017-03-01,Ta-COI,Hatchback,Petrol,1197,0,0,0,1,1,95082,Private,Minor scratches,Alloy wheels,
VEH-11922,DWS90D07W680071420,DL54B1978,MARUTI,BALENO HATCHBACK,Zeta 1.2,696402.84,5,2020,2020-02-21,We-KOL,Hatchback,Petrol,1197,1,0,0,1,0,93074,Private,,Body kit,
VEH-11923,GIL63W83E891323848,UP28C1250,MARUTI,ALTO 800,LXI,342950.0,3,2022,2022-07-11,Ka-MYS,Hatchback,Petrol,796,0,1,0,1,1,123316,Private,,Body kit,
VEH-11924,RHM94Y18D425126618,DL16B2501,MARUTI,SWIFT,VXI,464394.3,8,2017,2017-07-27,Ka-BAN,Hatchback,Petrol,1197,0,1,1,1,0,102490,Private,Dent on door,,
VEH-11925,PGY16Q16V766402192,RJ78A4511,HONDA,AMAZE,1.2 SMT i-VTEC,359339.46,13,2012,2012-04-06,De-GUR,Sedan,Petrol,1199,0,1,0,1,1,54818,Private,,,
VEH-11926,OTI05V91B376791365,MH85C5124,HYUNDAI,CRETA,1.5 E DIESEL,1230000.0,0,2025,2025-01-14,Ma-NAG,SUV,Diesel,1493,0,1,0,0,0,113957,Private,Dent on door,,
VEH-11927,AOT14I74B800740544,GJ55D5820,MARUTI,BALENO HATCHBACK,Zeta 1.2,661582.7,6,2019,2019-03-28,Ka-MYS,Hatchback,Petrol,1197,1,0,0,1,1,30592,Private,Minor scratches,Body kit,
VEH-11928,QYU25P91M375992764,RJ66A2055,MARUTI,WAGON R,1.0 LXI CNG,557293.75,3,2022,2022-10-04,Ma-MUM,Hatchback,CNG,998,1,0,0,0,1,68557,Private,,Body kit,
VEH-11929,VWP71E88Q104986187,WB05C4393,MARUTI,SWIFT,1.2 VXi BS IV,453919.24,7,2018,2018-11-26,Ma-PUN,Hatchback,Petrol,1197,1,1,1,1,0,29378,Private,,,
VEH-11930,NNC81T91D148018515,WB66D3692,MARUTI,SWIFT,VXI,464394.3,8,2017,2017-04-25,Ma-MUM,Hatchback,Petrol,1197,1,0,0,0,0,20516,Private,,,
VEH-11931,ETP18W43Q087797289,KA19A6194,MARUTI,SWIFT,1.2 VXi BS IV,557293.75,3,2022,2022-04-23,De-NOI,Hatchback,Petrol,1197,0,0,0,0,0,92299,Private,,Alloy wheels,
VEH-11932,DNB33J70J391761294,WB08A5875,MARUTI,SWIFT DZIRE,VDI,535712.0,9,2016,2016-01-09,Ka-MYS,Sedan,Diesel,1248,0,1,0,0,0,98106,Commercial,Dent on door,,
VEH-11933,DON98K70L502330966,GJ11D9961,HONDA,AMAZE,1.2 SMT i-VTEC,378252.06,12,2013,2013-08-23,Ta-MAD,Sedan,Petrol,1199,1,0,0,1,1,113169,Private,,,
VEH-11934,YWW14K69T035409803,KA64D9566,HYUNDAI,GRAND I10 NIOS,SPORTZ 1.2 KAPPA VTVT,488836.11,7,2018,2018-09-19,Ta-MAD,Hatchback,Petrol,1197,0,0,0,1,1,58514,Private,,,
VEH-11935,PNL95K83O928328122,GJ68B8768,HONDA,AMAZE,1.2 VXMT i-VTEC,586762.2,10,2015,2015-05-17,Ma-PUN,Sedan,Petrol,1199,1,1,0,0,1,67601,Private,Dent on door,,
VEH-11936,WUW31S69O075740989,MH29B7279,MARUTI,SWIFT,1.2 VXi BS IV,477809.73,6,2019,2019-10-09,Ka-BAN,Hatchback,Petrol,1197,0,0,0,1,1,118531,Private,Dent on door,Body kit,
VEH-11937,EJP16W46Q667314377,GJ35B3231,MARUTI,DZIRE,VXI,432288.07,12,2013,2013-03-07,Ma-NAG,Sedan,Petrol,1197,0,1,0,0,0,87052,Private,Minor scratches,Body kit,
VEH-11938,GPA98U33P451908959,WB84B4219,HYUNDAI,GRAND I10,SPORTZ 1.2 KAPPA VTVT,470458.81,6,2019,2019-02-09,Ma-NAG,Hatchback,Petrol,1197,1,1,1,1,1,127123,Private,,,
VEH-11939,QDE93M85E323692713,TN49C2704,HONDA,AMAZE,1.5 SMT i-DTEC,624828.11,6,2019,2019-11-15,Ma-PUN,Sedan,Diesel,1498,0,0,0,1,0,136718,Private,Minor scratches,,
VEH-11940,ATE49L01O751796557,DL55B1518,HONDA,CITY,1.5 V MT,932769.13,9,2016,2016-12-24,Ma-PUN,Sedan,Petrol,1498,0,1,0,1,0,87249,Private,,,
VEH-11941,FST44U43L719468003,GJ72C5894,MARUTI,SWIFT,VDI (DIESEL),478989.55,10,2015,2015-06-14,Ka-MYS,Hatchback,Diesel,1248,0,1,0,0,0,76862,Private,,,
VEH-11942,ION45M68Z110270933,KA77D9545,MARUTI,SWIFT,1.2 VXi BS IV,586625.0,2,2023,2023-08-26,Ka-MYS,Hatchback,Petrol,1197,1,0,1,0,0,118986,Private,Minor scratches,,
VEH-11943,DBG86Z33A951693753,DL73B1229,MARUTI,ERTIGA,1.5 VXI CNG,564676.29,13,2012,2012-10-02,Ma-NAG,MUV,CNG,1462,1,0,0,1,0,31915,Private,Dent on door,Alloy wheels,
VEH-11944,FXO79U83F256675808,RJ65D1652,MARUTI,BALENO HATCHBACK,Zeta 1.2,538863.25,10,2015,2015-05-20,Ta-MAD,Hatchback,Petrol,1197,1,0,0,1,1,41070,Private,Dent on door,,
VEH-11945,EDI62D30Y347288702,TN04C5249,MARUTI,ALTO 800,LXI,325802.5,4,2021,2021-06-23,Ka-MYS,Hatchback,Petrol,796,0,0,1,1,1,69220,Private,Dent on door,,
VEH-11946,DHC90L19H934702400,DL40D6995,MARUTI,BALENO HATCHBACK,Delta 1.2,588073.51,6,2019,2019-10-13,We-HOW,Hatchback,Petrol,1197,0,1,0,1,1,1635,Private,,,
VEH-11947,NEH19M13N632088155,TN39B6892,MARUTI,ALTO,K10 VXI,312840.05,11,2014,2014-02-06,Ma-NAG,Hatchback,Petrol,998,1,1,0,1,0,20666,Private,,Body kit,
VEH-11948,UOL14G76J099722787,TN74A4221,TOYOTA KIRLOSKAR,INNOVA CRYSTA,2.8 GX AT 7 STR,1690711.35,6,2019,2019-05-21,De-NOI,MUV,Diesel,2755,1,0,1,0,0,72619,Private,Dent on door,,
VEH-11949,DET05Q02R563502485,MH28A1689,MARUTI,SWIFT,VDI (DIESEL),685900.0,3,2022,2022-02-10,Ka-BAN,Hatchback,Diesel,1248,0,0,1,1,0,103324,Private,,,
VEH-11950,MZU07I82W266367093,DL27C9294,HYUNDAI,CRETA,1.4 E Plus,1300000.0,0,2025,2025-12-24,Ma-PUN,SUV,Diesel,1582,1,1,0,1,0,136301,Private,Minor scratches,,
VEH-11951,ZII57I83N347238933,WB28D3154,MARUTI,BALENO HATCHBACK,Delta 1.2,432288.07,12,2013,2013-09-27,De-NOI,Hatchback,Petrol,1197,1,0,0,1,1,58315,Private,,Alloy wheels,
VEH-11952,YYD59L59E948730762,GJ07A8190,HYUNDAI,GRAND I10,SPORTZ 1.2 KAPPA VTVT,383191.64,10,2015,2015-08-17,We-HOW,Hatchback,Petrol,1197,0,1,1,1,0,81613,Commercial,Dent on door,Body kit,
VEH-11953,IDP14B29C375755171,DL85B9089,HYUNDAI,VENUE,1.2 S PETROL,593586.7,7,2018,2018-02-17,Ta-COI,SUV,Petrol,1197,1,1,0,0,1,111707,Private,,Body kit,
VEH-11954,WIJ73Z60O782324637,RJ19A1933,MARUTI,BALENO HATCHBACK,Zeta 1.2,567224.47,9,2016,2016-12-20,Ka-MYS,Hatchback,Petrol,1197,1,0,0,1,0,82877,Private,Minor scratches,,2018-03-08
VEH-11955,ZOK07S48V448136258,KA63A3035,MARUTI,WAGON R,1.0 VXI,341280.06,11,2014,2014-05-16,Ka-MYS,Hatchback,Petrol,998,1,1,0,1,1,7558,Private,,Alloy wheels,2015-08-06
VEH-11956,LHH57P36T341153771,TN86A9252,MARUTI,WAGON R,1.0 VXI,541500.0,2,2023,2023-10-17,Ka-BAN,Hatchback,Petrol,998,1,0,1,0,1,46399,Private,,Body kit,
VEH-11957,VIU71A98D123792819,DL27C1549,MARUTI,BALENO HATCHBACK,Zeta 1.2,511920.08,11,2014,2014-08-17,Ma-MUM,Hatchback,Petrol,1197,0,1,0,1,0,28412,Private,Dent on door,,
VEH-11958,LUF06P74O497201407,WB58C1889,MARUTI,BALENO HATCHBACK,Delta 1.2,410673.67,13,2012,2012-10-03,Ma-NAG,Hatchback,Petrol,1197,1,1,0,0,1,128373,Private,Dent on door,Body kit,
VEH-11959,JDG62K97F778438457,TN75C1715,MARUTI,BALENO HATCHBACK,Delta 1.2,455040.07,11,2014,2014-07-25,De-GUR,Hatchback,Petrol,1197,1,0,1,0,1,139839,Private,,Body kit,
VEH-11960,IXG22H28Z967335719,GJ19C5701,MARUTI,ERTIGA,1.5 VXI CNG,992750.0,2,2023,2023-08-12,Ta-COI,MUV,CNG,1462,0,1,0,0,0,121386,Private,Minor scratches,Body kit,2024-09-15
VEH-11961,SRG71Y24O933461741,WB04A6521,MARUTI,WAGON R,1.0 LXI CNG,351234.06,12,2013,2013-04-08,Ta-MAD,Hatchback,CNG,998,1,1,0,0,0,125263,Private,,,2014-06-02
VEH-11962,RXY36C46T593155602,MH13A4804,MARUTI,BALENO HATCHBACK,Zeta 1.2,900000.0,0,2025,2025-12-07,We-HOW,Hatchback,Petrol,1197,0,0,0,1,1,16727,Private,,Alloy wheels,
VEH-11963,CSJ65Y02O577736919,DL43A8279,TOYOTA KIRLOSKAR,INNOVA CRYSTA,2.4 ZX MT 7 STR,1386548.7,9,2016,2016-06-05,Ka-BAN,MUV,Diesel,2393,0,1,0,1,0,71165,Private,Dent on door,,
VEH-11964,OOF11R71E611142389,MH11C4238,MARUTI,VITARA BREZZA,VDI,1050000.0,0,2025,2025-01-22,Ma-MUM,SUV,Diesel,1248,1,0,1,1,1,108077,Private,,,
VEH-11965,SQX31D86E770498095,UP79B9797,HYUNDAI,GRAND I10 NIOS,SPORTZ 1.2 KAPPA VTVT,665000.0,1,2024,2024-05-21,De-NOI,Hatchback,Petrol,1197,0,0,0,1,0,43289,Private,,Body kit,
VEH-11966,ZTL89U05E246304974,DL29D1906,MARUTI,DZIRE,VXI,390139.98,14,2011,2011-09-18,De-NOI,Sedan,Petrol,1197,1,0,0,1,0,92897,Commercial,,,
VEH-11967,FCC55A80U607250864,UP80D9786,HYUNDAI,GRAND I10 NIOS,SPORTZ 1.2 KAPPA VTVT,600162.5,3,2022,2022-04-03,We-HOW,Hatchback,Petrol,1197,1,0,0,1,1,41325,Private,Dent on door,Body kit,
VEH-11968,LLM08N44J519207822,DL13B3977,TOYOTA KIRLOSKAR,INNOVA CRYSTA,2.8 ZX AT 7 STR,1556716.04,10,2015,2015-11-15,Ma-PUN,MUV,Diesel,2755,1,1,0,1,0,119490,Commercial,,Body kit,
VEH-11969,IXX97P16X046125390,MH37A4136,MARUTI,VITARA BREZZA,ZDI PLUS,555949.48,15,2010,2010-07-24,Ta-COI,SUV,Diesel,1248,0,1,1,1,1,149321,Private,Minor scratches,Alloy wheels,2012-07-11
VEH-11970,GSH51S49A205210223,DL08C4273,MARUTI,VITARA BREZZA,VXI,663420.43,8,2017,2017-10-04,Ma-NAG,SUV,Petrol,1462,0,1,0,1,1,131930,Private,Dent on door,,
VEH-11971,RUZ34M82D355281738,WB83B4697,MARUTI,ALTO 800,LXI,265368.17,8,2017,2017-06-26,Ta-COI,Hatchback,Petrol,796,0,1,0,0,0,57109,Private,,Alloy wheels,
VEH-11972,ERD66Q52Y845135059,GJ97D8667,MARUTI,DZIRE,VXI,685900.0,3,2022,2022-04-25,Ma-MUM,Sedan,Petrol,1197,0,0,0,1,0,135855,Commercial,,,
VEH-11973,ZNB56K12S042434871,GJ56A9700,MARUTI,BALENO HATCHBACK,Zeta 1.2,438907.48,14,2011,2011-11-12,Ma-NAG,Hatchback,Petrol,1197,1,1,0,1,1,110800,Private,Dent on door,,2012-12-25
VEH-11974,BZM32N97A354674984,GJ46C5534,TOYOTA KIRLOSKAR,INNOVA CRYSTA,2.8 ZX AT 7 STR,1556716.04,10,2015,2015-05-26,Ka-BAN,MUV,Diesel,2755,1,1,0,0,0,104445,Private,Minor scratches,,2017-02-28
VEH-11975,VMP82H70U152480374,DL16A1081,MARUTI,BALENO HATCHBACK,Delta 1.2,685900.0,3,2022,2022-08-14,Ma-NAG,Hatchback,Petrol,1197,1,1,0,1,1,75844,Private,,Alloy wheels,2024-08-01
VEH-11976,TMQ71I81I579359062,RJ21A5090,MAHINDRA,SCORPIO,S11 2WD 7STR,972648.16,12,2013,2013-10-28,Ma-NAG,SUV,Diesel,2184,1,1,0,1,1,17044,Private,,Alloy wheels,
VEH-11977,BPI06R28I567807126,DL58C4285,HONDA,AMAZE,1.2 SMT i-VTEC,398160.06,11,2014,2014-04-23,Ka-BAN,Sedan,Petrol,1199,0,1,1,0,0,53082,Private,,,
VEH-11978,ATC28B40C248555536,RJ38D8515,MARUTI,ALTO 800,LXI,195069.99,14,2011,2011-04-02,Ta-COI,Hatchback,Petrol,796,1,1,0,1,1,137444,Private,,,
VEH-11979,YBR67O66L924479423,UP62B9775,MARUTI,ERTIGA,1.5 VXI CNG,693274.35,9,2016,2016-05-11,Ta-MAD,MUV,CNG,1462,1,0,0,1,0,56013,Private,Dent on door,,
VEH-11980,KPI24V08H126503938,MH63C5444,HYUNDAI,GRAND I10 NIOS,SPORTZ 1.2 KAPPA VTVT,324303.86,15,2010,2010-01-01,Ma-NAG,Hatchback,Petrol,1197,0,0,0,1,1,33497,Private,Dent on door,Alloy wheels,2012-05-22
VEH-11981,DNY49T31A959725991,RJ70A1517,HYUNDAI,CRETA,1.4 E Plus,778358.02,10,2015,2015-02-22,Ma-NAG,SUV,Diesel,1582,1,0,0,1,1,107930,Private,Minor scratches,,
VEH-11982,RGQ93J26N380588943,DL97C3623,MARUTI,DZIRE,VXI,651605.0,4,2021,2021-09-24,Ka-BAN,Sedan,Petrol,1197,0,0,0,0,1,73943,Private,,Alloy wheels,
VEH-11983,OOS91V27C938430552,UP20D3593,HYUNDAI,CRETA,1.4 E Plus,702468.11,12,2013,2013-05-06,Ma-MUM,SUV,Diesel,1582,1,0,0,0,1,56705,Private,Minor scratches,,2015-02-23
VEH-11984,GFU61S79U243018349,WB09A8175,MARUTI,SWIFT,VXI,570154.37,4,2021,2021-06-23,De-NOI,Hatchback,Petrol,1197,1,1,0,1,0,18390,Private,Dent on door,,
VEH-11985,HXL73O63H632486149,KA59A2872,MARUTI,SWIFT DZIRE,VDI,728768.75,3,2022,2022-04-07,Ta-MAD,Sedan,Diesel,1248,0,1,0,1,0,79366,Private,Minor scratches,,2024-05-11
VEH-11986,YDP53H66C947342909,GJ91D8822,MARUTI,ALTO 800,LXI,309512.37,5,2020,2020-01-28,Ma-MUM,Hatchback,Petrol,796,1,1,0,1,1,110324,Private,,Body kit,
VEH-11987,XOC11W11P494300350,RJ92D5813,MARUTI,SWIFT DZIRE,VDI,414523.73,14,2011,2011-07-14,We-HOW,Sedan,Diesel,1248,0,0,0,1,0,106175,Private,,Body kit,
VEH-11988,PGQ20C41H794174003,TN78A6524,HONDA,CITY,1.5 V MT,1335700.0,2,2023,2023-12-04,We-KOL,Sedan,Petrol,1498,0,0,0,0,0,66031,Private,Dent on door,Alloy wheels,
VEH-11989,NJO21B15E950843878,KA45B6326,HONDA,AMAZE,1.5 SMT i-DTEC,593586.7,7,2018,2018-07-08,Ma-PUN,Sedan,Diesel,1498,0,1,0,1,1,147108,Private,Minor scratches,,2019-08-06
VEH-11990,PUJ38N11X451916636,GJ49D3558,MARUTI,SWIFT,VXI,600162.5,3,2022,2022-02-05,Ma-MUM,Hatchback,Petrol,1197,1,1,0,1,1,37826,Private,,Alloy wheels,
VEH-11991,ZMN98T15Q153473544,UP73D8634,MAHINDRA,SCORPIO,S9 2WD 7STR,821347.33,13,2012,2012-08-14,Ka-BAN,SUV,Diesel,2184,0,0,0,1,0,99191,Private,,,
VEH-11992,QRS79S08U794899603,UP14A7014,MARUTI,SWIFT,VXI,398160.06,11,2014,2014-08-15,Ta-CHE,Hatchback,Petrol,1197,1,0,0,1,1,136469,Private,,Alloy wheels,
VEH-11993,EXR89H58E021267159,DL11C2539,TOYOTA KIRLOSKAR,INNOVA CRYSTA,2.8 ZX AT 7 STR,2470000.0,1,2024,2024-01-05,Ka-BAN,MUV,Diesel,2755,0,0,0,0,0,33435,Private,,Alloy wheels,
VEH-11994,AEU71Z46A884944553,TN88B8391,HYUNDAI,VENUE,1.2 S PETROL,767125.0,2,2023,2023-02-22,Ma-NAG,SUV,Petrol,1197,0,0,0,0,1,76528,Private,,Alloy wheels,2025-02-20
VEH-11995,QNI10E39P603258702,GJ12B2837,MARUTI,SWIFT,1.2 VXi BS IV,431223.28,8,2017,2017-10-12,Ta-MAD,Hatchback,Petrol,1197,1,1,1,1,0,43500,Private,Minor scratches,Alloy wheels,
VEH-11996,HOR85I46V376964419,RJ39D7693,MARUTI,ERTIGA,1.5 VXI CNG,851159.03,5,2020,2020-04-01,Ta-CHE,MUV,CNG,1462,1,0,0,1,0,16498,Private,,Body kit,
VEH-11997,VBS48B47C481434810,RJ73C1391,MARUTI,SWIFT,1.2 VXi BS IV,586625.0,2,2023,2023-10-08,Ka-BAN,Hatchback,Petrol,1197,0,0,1,0,0,49776,Private,Dent on door,,
VEH-11998,IHE81M37V746549525,DL25D9501,HONDA,AMAZE,1.2 VXMT i-VTEC,454025.41,15,2010,2010-12-10,We-KOL,Sedan,Petrol,1199,1,0,1,1,1,74949,Private,Dent on door,,
VEH-11999,FLT58T88O890035400,RJ20D1350,MARUTI,WAGON R,1.0 VXI,378149.65,9,2016,2016-06-03,Ta-COI,Hatchback,Petrol,998,1,1,0,1,0,11914,Private,,,
VEH-12000,OWH38H66R523602596,MH27B1562,MARUTI,VITARA BREZZA,ZDI PLUS,882110.27,6,2019,2019-05-04,Ta-CHE,SUV,Diesel,1248,1,0,0,0,1,52900,Private,,Alloy wheels,
VEH-12001,ROU21N19F002791559,KA29A6647,MARUTI,ALTO 800,LXI,239494.78,10,2015,2015-08-21,We-HOW,Hatchback,Petrol,796,0,1,0,0,0,46586,Private,Dent on door,Body kit,2017-09-01
VEH-12002,TQR65A03R999917877,WB77D8281,HONDA,AMAZE,1.5 SMT i-DTEC,767125.0,2,2023,2023-03-13,Ta-CHE,Sedan,Diesel,1498,1,1,1,1,0,130006,Private,Dent on door,Alloy wheels,
VEH-12003,ZEW53V61W959304874,WB56C2355,HONDA,AMAZE,1.5 SMT i-DTEC,692330.31,4,2021,2021-05-21,We-KOL,Sedan,Diesel,1498,1,1,0,1,1,61767,Private,Dent on door,Body kit,
VEH-12004,AZL68B88E174870719,RJ63D5690,MARUTI,BALENO HATCHBACK,Zeta 1.2,567224.47,9,2016,2016-05-21,Ta-COI,Hatchback,Petrol,1197,0,0,0,1,1,139053,Private,Minor scratches,,
VEH-12005,EVF92K54E923474787,MH81B2942,MAHINDRA,SCORPIO,S11 2WD 7STR,1710000.0,1,2024,2024-02-14,Ma-MUM,SUV,Diesel,2184,0,1,0,0,0,93055,Private,Dent on door,Body kit,2025-08-07
VEH-12006,YJY00J92H687073171,WB17D9479,MARUTI,SWIFT,VXI,464394.3,8,2017,2017-02-03,We-HOW,Hatchback,Petrol,1197,1,1,0,0,1,16057,Private,,,
VEH-12007,BXL09M56D242601317,GJ91A2269,TOYOTA KIRLOSKAR,INNOVA CRYSTA,2.4 V 8S,1024117.46,14,2011,2011-08-18,Ta-CHE,MUV,Diesel,2393,0,0,0,1,0,149041,Private,Minor scratches,Body kit,
VEH-12008,KHL46Z43L252641385,KA74D3893,MARUTI,SWIFT,1.2 VXi BS IV,333672.35,13,2012,2012-03-11,Ka-BAN,Hatchback,Petrol,1197,1,0,0,1,0,147029,Private,,,2013-09-08
VEH-12009,OQF59K62P443746314,TN64B2870,MARUTI,BALENO HATCHBACK,Zeta 1.2,812250.0,2,2023,2023-11-17,Ta-COI,Hatchback,Petrol,1197,0,0,1,0,1,20654,Private,Minor scratches,,
VEH-12010,FDZ92W14V734649410,UP65A1311,HONDA,AMAZE,1.2 SMT i-VTEC,464394.3,8,2017,2017-12-13,Ma-NAG,Sedan,Petrol,1199,0,0,0,1,1,117587,Private,Dent on door,,2020-04-29
VEH-12011,ELC24P30G482134654,TN26D1503,MARUTI,WAGON R,1.0 LXI CNG,351234.06,12,2013,2013-01-24,Ma-NAG,Hatchback,CNG,998,0,1,1,1,0,46716,Private,Minor scratches,Alloy wheels,2014-12-01
VEH-12012,QRI90G17M615216539,KA78A6820,MARUTI,SWIFT,1.2 VXi BS IV,369720.06,11,2014,2014-10-04,Ta-MAD,Hatchback,Petrol,1197,1,1,0,1,1,19004,Private,Dent on door,Body kit,
VEH-12013,FYM80P55L206253768,TN62D2705,HONDA,AMAZE,1.5 SMT i-DTEC,535712.0,9,2016,2016-11-26,Ka-BAN,Sedan,Diesel,1498,0,0,0,1,0,24852,Private,Dent on door,,
VEH-12014,PQE58J93A335775875,UP97A1987,MARUTI,BALENO HATCHBACK,Zeta 1.2,812250.0,2,2023,2023-04-23,De-NEW,Hatchback,Petrol,1197,0,0,0,1,1,106366,Private,,,
VEH-12015,FLE60J79Y359255206,DL35A3754,HYUNDAI,CRETA,1.5 E DIESEL,599840.22,14,2011,2011-02-19,Ma-NAG,SUV,Diesel,1493,0,1,0,1,0,4629,Private,,,2012-11-28
VEH-12016,MCA48O98Q802956119,KA22A9567,MARUTI,DZIRE,VXI,588073.51,6,2019,2019-05-03,Ka-BAN,Sedan,Petrol,1197,1,1,0,0,0,57819,Private,,Alloy wheels,
VEH-12017,XRL80I45P870617477,DL45D1918,MARUTI,DZIRE,VXI,390139.98,14,2011,2011-11-17,We-KOL,Sedan,Petrol,1197,1,0,0,1,0,24309,Private,Minor scratches,Body kit,2014-06-05
VEH-12018,BQH11L19W439073978,RJ14D3725,MARUTI,VITARA BREZZA,VXI,773780.94,5,2020,2020-02-19,De-NOI,SUV,Petrol,1462,1,1,0,1,1,143422,Private,,,
VEH-12019,IAM64S16S178134216,UP21A1910,HONDA,AMAZE,1.5 SMT i-DTEC,508926.4,10,2015,2015-02-10,Ka-BAN,Sedan,Diesel,1498,0,0,0,1,1,73926,Private,Dent on door,Alloy wheels,
VEH-12020,URE37J12L556451377,WB35C6926,MARUTI,ERTIGA,1.5 VXI CNG,768171.03,7,2018,2018-02-07,Ka-BAN,MUV,CNG,1462,0,1,0,1,1,112776,Private,Minor scratches,Alloy wheels,
VEH-12021,XHD81G30E361809402,DL92D4851,MARUTI,DZIRE,VXI,800000.0,0,2025,2025-08-23,De-GUR,Sedan,Petrol,1197,0,0,0,0,1,37710,Private,,,
VEH-12022,BDE55T29L176150081,GJ69C5517,HYUNDAI,CRETA,1.4 E Plus,907838.48,7,2018,2018-05-10,Ma-NAG,SUV,Diesel,1582,0,1,0,0,1,31259,Private,Minor scratches,,
VEH-12023,FSB17U04K001053278,KA34A8683,HYUNDAI,GRAND I10 NIOS,SPORTZ 1.2 KAPPA VTVT,341372.49,14,2011,2011-11-10,We-HOW,Hatchback,Petrol,1197,0,0,0,0,1,131126,Private,,Body kit,2014-05-10
VEH-12024,ORJ08L62T709773904,RJ32A6206,MARUTI,WAGON R,1.0 VXI,308005.25,13,2012,2012-11-10,Ma-PUN,Hatchback,Petrol,998,1,1,0,1,1,121769,Private,Minor scratches,,
VEH-12025,DFP16E45Z124698717,KA56A4298,MARUTI,SWIFT,VXI,570154.37,4,2021,2021-11-28,Ma-MUM,Hatchback,Petrol,1197,0,0,0,1,0,139485,Private,Dent on door,,
VEH-12026,EGQ90G32K793044293,KA54A2897,MARUTI,DZIRE,VXI,390139.98,14,2011,2011-11-18,Ka-MYS,Sedan,Petrol,1197,0,1,0,1,1,142148,Private,Minor scratches,,
VEH-12027,HTO54T60R409793495,KA10C8260,MARUTI,VITARA BREZZA,ZDI PLUS,648432.11,12,2013,2013-02-18,Ma-NAG,SUV,Diesel,1248,1,0,1,0,1,134382,Private,,Body kit,
VEH-12028,NMO53M17L039053698,UP11A6998,MARUTI,BALENO HATCHBACK,Zeta 1.2,511920.08,11,2014,2014-11-28,Ma-NAG,Hatchback,Petrol,1197,0,1,1,1,0,13923,Private,Dent on door,,
VEH-12029,YXL54M77L337145538,UP65A1198,MARUTI,SWIFT DZIRE,VDI,535712.0,9,2016,2016-09-05,De-NEW,Sedan,Diesel,1248,1,1,0,1,1,15614,Private,Dent on door,,
VEH-12030,VJE30E77B066999039,KA85C2014,MARUTI,BALENO HATCHBACK,Delta 1.2,390139.98,14,2011,2011-08-10,Ma-MUM,Hatchback,Petrol,1197,1,0,0,0,0,104405,Private,,Alloy wheels,
VEH-12031,VXM21P87F956325576,RJ42A5094,MARUTI,VITARA BREZZA,VDI,771846.49,6,2019,2019-03-18,Ma-NAG,SUV,Diesel,1248,0,1,0,0,1,17662,Private,,,
VEH-12032,QVS80Y42E496038626,WB27D6358,MARUTI,SWIFT,1.2 VXi BS IV,650000.0,0,2025,2025-12-01,Ta-COI,Hatchback,Petrol,1197,0,1,0,0,0,129840,Private,,,
VEH-12033,LJU01Y95C505296824,KA57C1395,HYUNDAI,CRETA,1.5 E DIESEL,816007.13,8,2017,2017-06-21,De-GUR,SUV,Diesel,1493,1,1,0,1,0,96056,Private,Dent on door,,
VEH-12034,HEX50I92V190571718,DL83A6014,MARUTI,VITARA BREZZA,VDI,812469.98,5,2020,2020-10-07,Ta-MAD,SUV,Diesel,1248,0,0,0,0,0,28655,Private,,Body kit,
VEH-12035,KQX84S76D608101669,DL64C4090,MARUTI,BALENO HATCHBACK,Zeta 1.2,438907.48,14,2011,2011-01-13,Ka-BAN,Hatchback,Petrol,1197,0,0,0,0,1,60167,Private,,Alloy wheels,
VEH-12036,CLA10K28R359537931,RJ22C3037,HONDA,AMAZE,1.2 SMT i-VTEC,631750.0,2,2023,2023-03-13,Ta-CHE,Sedan,Petrol,1199,1,0,0,1,0,90605,Private,,,
VEH-12037,GPR45Q67W567825893,RJ66C1132,MARUTI,ALTO 800,LXI,216144.04,12,2013,2013-05-28,Ka-MYS,Hatchback,Petrol,796,0,0,0,1,0,74890,Private,Dent on door,Body kit,
VEH-12038,XIK56P22V054709879,MH21A5840,HONDA,AMAZE,1.5 SMT i-DTEC,436340.77,13,2012,2012-09-20,Ma-NAG,Sedan,Diesel,1498,1,0,0,1,0,107797,Private,Minor scratches,Alloy wheels,
VEH-12039,PTK04V03F900195016,DL24A1370,MARUTI,WAGON R,1.0 VXI,398052.26,8,2017,2017-11-17,Ta-COI,Hatchback,Petrol,998,0,1,1,1,0,86466,Private,,Body kit,2019-11-05
VEH-12040,OBB91S23W952282311,KA44A1731,MARUTI,BALENO HATCHBACK,Delta 1.2,370632.98,15,2010,2010-09-03,Ta-CHE,Hatchback,Petrol,1197,1,0,1,0,0,90677,Private,,,2012-07-19
VEH-12041,YGF17I26O275074199,RJ16C1920,HONDA,AMAZE,1.2 SMT i-VTEC,441174.59,9,2016,2016-06-17,De-NOI,Sedan,Petrol,1199,0,0,0,1,1,80045,Commercial,,,2018-10-03
VEH-12042,TUN56Y60O664190299,GJ14A9656,MARUTI,BALENO HATCHBACK,Delta 1.2,558669.84,7,2018,2018-05-21,Ma-PUN,Hatchback,Petrol,1197,0,0,0,1,0,109046,Private,Dent on door,Body kit,
VEH-12043,LCT99C42T204956213,RJ91C1938,MARUTI,WAGON R,1.0 VXI,277974.74,15,2010,2010-08-17,Ka-BAN,Hatchback,Petrol,998,1,0,0,1,0,118892,Private,,,
VEH-12044,KWE31Y96H640621919,RJ50D8486,MARUTI,SWIFT,1.2 VXi BS IV,477809.73,6,2019,2019-08-16,Ka-MYS,Hatchback,Petrol,1197,0,0,1,0,0,3278,Private,Dent on door,,
VEH-12045,LJY81G87V633527897,UP82B9794,HYUNDAI,GRAND I10,SPORTZ 1.2 KAPPA VTVT,296506.39,15,2010,2010-03-09,Ma-PUN,Hatchback,Petrol,1197,0,0,0,0,0,81968,Private,Minor scratches,,2012-08-07
VEH-12046,YHG01W30L318623958,TN84B8658,MARUTI,VITARA BREZZA,VXI,463291.23,15,2010,2010-03-06,Ka-BAN,SUV,Petrol,1462,0,1,0,1,1,13492,Private,,,
VEH-12047,MRB21N00P546139472,MH53A9223,MARUTI,VITARA BREZZA,ZDI PLUS,977407.5,4,2021,2021-03-22,De-NOI,SUV,Diesel,1248,0,1,0,0,0,71962,Private,,,
VEH-12048,NYL33E01H844312898,UP92A4466,HYUNDAI,CRETA,1.4 E Plus,955619.46,6,2019,2019-08-01,Ta-CHE,SUV,Diesel,1582,0,0,0,1,0,98782,Private,Minor scratches,,
VEH-12049,NBE38Q04W781342821,RJ78B1604,HONDA,AMAZE,1.2 SMT i-VTEC,441174.59,9,2016,2016-01-26,Ma-PUN,Sedan,Petrol,1199,1,1,0,1,0,140807,Private,,,
VEH-12050,KYK31J70S554441685,KA76D4252,TOYOTA KIRLOSKAR,INNOVA CRYSTA,2.4 V 8S,1543692.97,6,2019,2019-01-25,Ka-BAN,MUV,Diesel,2393,1,1,1,1,1,15709,Private,,Alloy wheels,
VEH-12051,OPL92F91T325889661,GJ13D9496,HYUNDAI,GRAND I10,SPORTZ 1.2 KAPPA VTVT,495219.8,5,2020,2020-01-01,De-NOI,Hatchback,Petrol,1197,1,0,0,1,1,37664,Private,,,
VEH-12052,SJA19W73B018229188,RJ16B3764,MARUTI,SWIFT,VDI (DIESEL),455040.07,11,2014,2014-02-05,Ma-MUM,Hatchback,Diesel,1248,1,0,1,0,0,24830,Private,Dent on door,,
VEH-12053,CHO13X29E029625731,GJ70B6977,MARUTI,SWIFT,VXI,441174.59,9,2016,2016-11-13,Ma-NAG,Hatchback,Petrol,1197,0,1,0,1,0,95527,Private,,Body kit,
VEH-12054,HDI10T43C508527659,WB36A9849,HYUNDAI,CRETA,1.5 E DIESEL,858954.87,7,2018,2018-04-23,We-HOW,SUV,Diesel,1493,0,1,0,0,1,96737,Private,,,
VEH-12055,OCE94N68E779995653,GJ63C9302,MARUTI,SWIFT,1.2 VXi BS IV,617500.0,1,2024,2024-08-12,Ta-MAD,Hatchback,Petrol,1197,0,1,0,1,0,84833,Commercial,,Body kit,2025-12-13
VEH-12056,WVS28S16E103043036,DL75B6489,MARUTI,WAGON R,1.0 VXI,514425.0,3,2022,2022-06-08,Ma-NAG,Hatchback,Petrol,998,0,0,1,1,0,60403,Private,,,
VEH-12057,UGA06Y46B861522086,TN61C9526,MARUTI,DZIRE,VXI,760000.0,1,2024,2024-11-01,We-HOW,Sedan,Petrol,1197,1,0,1,0,0,8142,Private,Minor scratches,Alloy wheels,
VEH-12058,SNX08N47P722281687,MH43D9171,MARUTI,WAGON R,1.0 LXI CNG,389179.01,10,2015,2015-10-18,We-HOW,Hatchback,CNG,998,0,1,0,1,1,34279,Private,,Body kit,
VEH-12059,XMX85B47X519951580,TN36B2389,MARUTI,VITARA BREZZA,ZDI PLUS,1140000.0,1,2024,2024-02-17,Ma-MUM,SUV,Diesel,1248,1,1,1,1,0,37760,Private,,Body kit,
VEH-12060,EQY23R06R358981960,DL96C2813,MARUTI,VITARA BREZZA,ZDI PLUS,1083000.0,2,2023,2023-01-04,Ma-PUN,SUV,Diesel,1248,0,0,1,0,0,16114,Private,Dent on door,,
VEH-12061,LTT58B25H497850933,RJ81A6485,MARUTI,WAGON R,1.0 LXI CNG,617500.0,1,2024,2024-02-12,Ma-NAG,Hatchback,CNG,998,0,0,0,1,0,82320,Commercial,Dent on door,Alloy wheels,
VEH-12062,UQM22R14N398647921,MH87A7463,MARUTI,ALTO,K10 VXI,447978.44,4,2021,2021-09-20,Ma-PUN,Hatchback,Petrol,998,1,1,1,0,1,8016,Private,Minor scratches,Alloy wheels,
VEH-12063,BHF33Z42D364163966,TN07D2321,MARUTI,ALTO 800,LXI,380000.0,1,2024,2024-06-13,Ma-MUM,Hatchback,Petrol,796,1,1,0,1,1,109241,Private,Dent on door,,
VEH-12064,WWU79M50S630348672,UP89C4734,MARUTI,SWIFT,VXI,441174.59,9,2016,2016-10-19,Ma-PUN,Hatchback,Petrol,1197,0,1,0,1,1,115293,Private,Minor scratches,Body kit,2018-12-17
VEH-12065,ASJ88G08K164215356,MH74C5290,MARUTI,ALTO,K10 VXI,404300.54,6,2019,2019-09-04,Ta-MAD,Hatchback,Petrol,998,0,1,0,1,0,92204,Private,,Alloy wheels,
VEH-12066,JYK81H72F682588512,WB48D7668,MARUTI,ERTIGA,1.5 VXI CNG,992750.0,2,2023,2023-04-05,Ma-NAG,MUV,CNG,1462,0,0,0,1,1,46990,Private,,Alloy wheels,
VEH-12067,MZU21L57Q282539111,MH12D2519,HYUNDAI,GRAND I10,SPORTZ 1.2 KAPPA VTVT,296506.39,15,2010,2010-11-13,Ma-PUN,Hatchback,Petrol,1197,1,1,0,0,1,70311,Private,Minor scratches,Body kit,
VEH-12068,TXQ47F51D997827109,WB12A7426,MARUTI,VITARA BREZZA,VXI,857375.0,3,2022,2022-02-25,Ka-MYS,SUV,Petrol,1462,1,0,0,0,1,13722,Private,,,2023-04-09
VEH-12069,NJR83G17N792354364,UP86B4207,MARUTI,BALENO HATCHBACK,Delta 1.2,558669.84,7,2018,2018-12-09,Ma-PUN,Hatchback,Petrol,1197,1,1,0,0,0,58335,Private,,Alloy wheels,
VEH-12070,QJJ43W72P340982154,GJ68B4143,HONDA,AMAZE,1.2 VXMT i-VTEC,617644.42,9,2016,2016-06-12,We-KOL,Sedan,Petrol,1199,1,0,0,1,0,40005,Private,Dent on door,,
VEH-12071,IVM44C72H187436832,MH02D7403,HYUNDAI,CRETA,1.5 E DIESEL,664642.91,12,2013,2013-02-13,Ta-CHE,SUV,Diesel,1493,0,0,0,1,1,13854,Private,,,
VEH-12072,RSI34O26Z156725062,WB73D8213,MARUTI,DZIRE,VXI,651605.0,4,2021,2021-09-06,Ma-NAG,Sedan,Petrol,1197,1,1,0,1,1,117486,Private,,,
VEH-12073,TPA56E46M445803485,WB62A4944,TOYOTA KIRLOSKAR,INNOVA CRYSTA,2.8 GX AT 7 STR,2075750.0,2,2023,2023-11-20,De-GUR,MUV,Diesel,2755,0,0,0,1,1,87608,Private,Dent on door,,
VEH-12074,EKY44W07K672366621,DL46A4224,TOYOTA KIRLOSKAR,INNOVA CRYSTA,2.4 ZX MT 7 STR,2090000.0,1,2024,2024-01-07,Ka-BAN,MUV,Diesel,2393,0,1,0,1,1,148858,Private,Minor scratches,,
VEH-12075,OOJ46F17H595402019,KA26D7885,HYUNDAI,GRAND I10 NIOS,SPORTZ 1.2 KAPPA VTVT,378252.06,12,2013,2013-10-20,Ta-MAD,Hatchback,Petrol,1197,1,0,0,1,1,66236,Private,,,2015-04-16
VEH-12076,EYA34U00O352473721,MH11D2500,MARUTI,WAGON R,1.0 LXI CNG,586625.0,2,2023,2023-12-20,Ka-BAN,Hatchback,CNG,998,0,1,0,1,0,94999,Private,,,
VEH-12077,UZY72W60T136188711,UP27A8020,MARUTI,ALTO 800,LXI,342950.0,3,2022,2022-12-09,Ma-PUN,Hatchback,Petrol,796,1,1,0,1,1,114082,Private,,Body kit,2024-09-13
VEH-12078,YWO54X05D176408778,KA53C4539,MARUTI,DZIRE,VXI,390139.98,14,2011,2011-03-12,Ta-MAD,Sedan,Petrol,1197,1,1,1,1,1,131648,Private,,,
VEH-12079,BWH67K46N343866340,TN88D1467,MARUTI,BALENO HATCHBACK,Zeta 1.2,597078.39,8,2017,2017-12-24,Ma-NAG,Hatchback,Petrol,1197,1,0,0,0,0,28192,Private,,,
VEH-12080,FGF87F62L717762950,RJ01D8240,MARUTI,VITARA BREZZA,VDI,661761.88,9,2016,2016-10-16,Ka-BAN,SUV,Diesel,1248,1,0,0,1,1,69274,Private,,,
VEH-12081,VKH83W05H250975690,KA99A1120,MARUTI,SWIFT DZIRE,VDI,692330.31,4,2021,2021-01-07,Ma-MUM,Sedan,Diesel,1248,0,1,1,0,1,30765,Private,Minor scratches,Body kit,
VEH-12082,GKA74K86H544550408,TN26C9989,HYUNDAI,CRETA,1.5 E DIESEL,816007.13,8,2017,2017-09-18,Ma-MUM,SUV,Diesel,1493,1,1,0,1,1,65424,Private,,,
VEH-12083,KRH67O58L912802678,WB12A1372,MARUTI,BALENO HATCHBACK,Zeta 1.2,538863.25,10,2015,2015-12-14,Ma-PUN,Hatchback,Petrol,1197,1,1,0,0,0,2591,Private,Minor scratches,Alloy wheels,
VEH-12084,OED54D62S127985262,TN39D2635,MARUTI,SWIFT DZIRE,VDI,483480.08,11,2014,2014-02-07,Ta-COI,Sedan,Diesel,1248,0,1,0,0,0,90001,Private,Minor scratches,,
VEH-12085,EWW13B39G201932456,DL57B2367,TOYOTA KIRLOSKAR,INNOVA CRYSTA,2.4 ZX MT 7 STR,1317221.27,10,2015,2015-09-14,We-HOW,MUV,Diesel,2393,1,0,1,1,1,141155,Private,,Alloy wheels,
VEH-12086,RQI75C54W896505887,UP43B5596,MARUTI,WAGON R,1.0 VXI,292604.99,14,2011,2011-10-26,Ma-MUM,Hatchback,Petrol,998,1,0,1,0,1,71085,Private,Minor scratches,Alloy wheels,
VEH-12087,SLL52N04W461140808,WB70D4884,TOYOTA KIRLOSKAR,INNOVA CRYSTA,2.8 ZX AT 7 STR,1638648.47,9,2016,2016-06-25,Ka-BAN,MUV,Diesel,2755,1,1,0,1,0,66253,Private,,Body kit,
VEH-12088,TMI66P18M878797701,UP46B9374,MARUTI,SWIFT,1.2 VXi BS IV,477809.73,6,2019,2019-02-22,Ma-NAG,Hatchback,Petrol,1197,0,1,1,1,0,142318,Private,Dent on door,Body kit,
VEH-12089,EAC69B57G368924412,RJ49A5158,HONDA,AMAZE,1.2 SMT i-VTEC,600162.5,3,2022,2022-09-09,Ka-MYS,Sedan,Petrol,1199,0,1,0,1,1,147568,Private,,,
VEH-12090,OBV33L62S087767233,KA74B7758,MARUTI,BALENO HATCHBACK,Zeta 1.2,416962.11,15,2010,2010-03-22,De-NOI,Hatchback,Petrol,1197,1,0,0,1,1,71853,Private,,Body kit,
VEH-12091,XGX66B30Q876272595,MH66B6415,MARUTI,BALENO HATCHBACK,Zeta 1.2,696402.84,5,2020,2020-08-10,We-HOW,Hatchback,Petrol,1197,0,0,1,1,1,88777,Private,,,
VEH-12092,DFP52W72E484626339,WB96A3930,MARUTI,WAGON R,1.0 LXI CNG,586625.0,2,2023,2023-04-14,Ka-MYS,Hatchback,CNG,998,1,0,0,0,1,103783,Private,,Alloy wheels,2025-08-20
VEH-12093,TAE60T81Y883827292,KA37B6381,HONDA,CITY,1.5 V MT,759746.28,13,2012,2012-04-27,Ma-NAG,Sedan,Petrol,1498,0,1,1,1,0,104960,Private,,,2014-12-04
VEH-12094,UAP12E36S876416193,TN92A6459,TOYOTA KIRLOSKAR,INNOVA CRYSTA,2.4 V 8S,1078018.37,13,2012,2012-05-16,Ta-MAD,MUV,Diesel,2393,1,0,0,1,1,99228,Private,,Alloy wheels,
VEH-12095,HHA18G45R420602333,UP70D1979,MARUTI,DZIRE,VXI,390139.98,14,2011,2011-09-22,Ta-CHE,Sedan,Petrol,1197,0,0,0,0,0,143661,Private,,Alloy wheels,
VEH-12096,OEP89J02Z890266845,GJ03D5957,MARUTI,SWIFT DZIRE,VDI,767125.0,2,2023,2023-10-20,Ta-COI,Sedan,Diesel,1248,1,1,0,0,1,63782,Private,Minor scratches,Alloy wheels,2025-01-16
VEH-12097,RFE65P68F415249880,GJ85D5807,MAHINDRA,BOLERO,B6 (O),598736.94,10,2015,2015-02-09,Ma-NAG,SUV,Diesel,1498,1,0,0,1,1,139491,Private,,Body kit,
VEH-12098,XQP95G19A496729080,WB14C1897,MARUTI,BALENO HATCHBACK,Delta 1.2,504199.53,9,2016,2016-09-08,Ta-MAD,Hatchback,Petrol,1197,1,0,0,1,0,74655,Private,Minor scratches,,
VEH-12099,DIM43R98G800137697,UP38B6175,MARUTI,ERTIGA,1.5 VXI CNG,1045000.0,1,2024,2024-10-15,We-KOL,MUV,CNG,1462,0,1,0,0,0,73743,Private,,,
VEH-12100,WRE10V78X880907925,GJ19C5312,MARUTI,SWIFT,VDI (DIESEL),800000.0,0,2025,2025-02-24,Ka-MYS,Hatchback,Diesel,1248,1,0,0,1,1,19321,Private,Minor scratches,,
VEH-12101,JSA57M70E329045889,DL42D2425,MARUTI,SWIFT,VXI,488836.11,7,2018,2018-07-16,Ka-MYS,Hatchback,Petrol,1197,1,1,0,1,1,11268,Private,Dent on door,Alloy wheels,
VEH-12102,HKY67Y83I785823785,MH81A2502,MARUTI,ERTIGA,1.5 VXI CNG,536442.48,14,2011,2011-01-16,Ka-MYS,MUV,CNG,1462,1,0,0,1,0,1732,Private,Minor scratches,Body kit,
VEH-12103,MYY41Y74N204363986,RJ62D9609,HYUNDAI,GRAND I10 NIOS,SPORTZ 1.2 KAPPA VTVT,464394.3,8,2017,2017-09-02,Ma-PUN,Hatchback,Petrol,1197,0,1,1,1,1,43595,Private,,,2018-11-29
VEH-12104,OKU90O62A016442957,GJ60B8561,MARUTI,DZIRE,VXI,558669.84,7,2018,2018-01-07,Ka-BAN,Sedan,Petrol,1197,1,0,0,1,1,37591,Private,,,
VEH-12105,YGC28S08B090573717,WB22A1713,MARUTI,VITARA BREZZA,ZDI PLUS,838004.76,7,2018,2018-10-01,Ma-PUN,SUV,Diesel,1248,1,0,0,0,1,71786,Private,,,
VEH-12106,YGB25C66N820518004,DL22A2802,MARUTI,VITARA BREZZA,VDI,900243.75,3,2022,2022-05-22,Ma-PUN,SUV,Diesel,1248,0,1,0,0,1,69777,Private,Minor scratches,,
VEH-12107,JSN52T17A061340342,UP27A9820,HYUNDAI,GRAND I10,SPORTZ 1.2 KAPPA VTVT,640000.0,0,2025,2025-09-22,Ta-MAD,Hatchback,Petrol,1197,0,0,1,0,1,134657,Private,,Body kit,
VEH-12108,JRB85N67M859392521,WB91A9369,MARUTI,SWIFT DZIRE,VDI,767125.0,2,2023,2023-05-12,We-HOW,Sedan,Diesel,1248,1,1,0,0,1,108775,Private,Dent on door,Alloy wheels,2024-10-25
VEH-12109,RAV44A85M551628259,TN96D4541,MARUTI,VITARA BREZZA,ZDI PLUS,1028850.0,3,2022,2022-07-04,Ka-BAN,SUV,Diesel,1248,0,1,0,0,0,10852,Private,Minor scratches,,
VEH-12110,FGW67B07E708269412,RJ28C5926,HONDA,CITY,1.5 V MT,1087936.0,6,2019,2019-01-05,We-KOL,Sedan,Petrol,1498,1,0,0,1,1,50556,Private,,Body kit,2020-12-11
VEH-12111,WIW51D41I863023271,TN92C1280,MARUTI,VITARA BREZZA,VXI,814506.25,4,2021,2021-02-08,Ka-MYS,SUV,Petrol,1462,0,1,0,1,0,124111,Private,Minor scratches,,
VEH-12112,JBT69C45S144172876,MH12C6616,MARUTI,WAGON R,1.0 LXI CNG,389179.01,10,2015,2015-02-13,Ta-COI,Hatchback,CNG,998,0,0,0,1,0,63652,Private,,Alloy wheels,
VEH-12113,UJL07G06H245253712,MH13C7398,MARUTI,ALTO 800,LXI,239494.78,10,2015,2015-11-09,Ta-CHE,Hatchback,Petrol,796,1,1,1,1,1,141803,Private,Minor scratches,Alloy wheels,
VEH-12114,LXH24F01N750128196,GJ22B8846,MARUTI,SWIFT,1.2 VXi BS IV,431223.28,8,2017,2017-11-23,We-KOL,Hatchback,Petrol,1197,1,1,0,0,1,129291,Private,,Body kit,2020-05-08
VEH-12115,ZKM27F37X686386194,MH60D3623,MARUTI,ERTIGA,1.5 VXI CNG,564676.29,13,2012,2012-10-13,Ka-MYS,MUV,CNG,1462,1,0,0,1,0,77390,Private,,Body kit,
VEH-12116,YCX37L86X765858596,DL02C6030,MARUTI,SWIFT,1.2 VXi BS IV,529429.06,4,2021,2021-03-06,Ta-CHE,Hatchback,Petrol,1197,0,1,0,1,1,13866,Private,Minor scratches,,
VEH-12117,QJW05H84I425451782,MH14B5803,MARUTI,SWIFT DZIRE,VDI,414523.73,14,2011,2011-12-10,De-NEW,Sedan,Diesel,1248,0,0,0,1,1,115866,Private,,,
VEH-12118,JGY35F89W347729580,KA98A6039,HONDA,AMAZE,1.5 SMT i-DTEC,436340.77,13,2012,2012-12-21,Ka-MYS,Sedan,Diesel,1498,0,0,1,1,0,10860,Private,Dent on door,Body kit,2014-05-10
VEH-12119,CHY00H19X600676207,GJ91A1291,MARUTI,VITARA BREZZA,VXI,540360.09,12,2013,2013-07-18,Ma-MUM,SUV,Petrol,1462,0,1,0,1,1,138660,Private,Dent on door,,
VEH-12120,SVC43A33C829036012,KA29C6417,MARUTI,SWIFT,1.2 VXi BS IV,316988.74,14,2011,2011-12-05,Ma-NAG,Hatchback,Petrol,1197,1,0,0,0,0,20633,Private,,,
VEH-12121,YDA42S76G851768952,GJ53A9863,MARUTI,ERTIGA,1.5 VXI CNG,808601.08,6,2019,2019-05-04,Ta-CHE,MUV,CNG,1462,1,0,0,0,1,137929,Private,,,2021-12-25
VEH-12122,NTV50E64G477125693,KA28D5861,MARUTI,BALENO HATCHBACK,Delta 1.2,432288.07,12,2013,2013-07-17,Ka-MYS,Hatchback,Petrol,1197,0,1,0,1,0,131536,Private,Minor scratches,Body kit,
VEH-12123,FWZ18P22W662986848,WB07C7397,HONDA,AMAZE,1.2 SMT i-VTEC,488836.11,7,2018,2018-05-05,Ta-CHE,Sedan,Petrol,1199,0,0,0,0,0,37602,Private,Minor scratches,Alloy wheels,2019-07-13
VEH-12124,END20A38G904408589,DL48D2149,MARUTI,SWIFT,1.2 VXi BS IV,453919.24,7,2018,2018-03-23,Ma-MUM,Hatchback,Petrol,1197,0,1,0,1,0,19275,Private,,Alloy wheels,
VEH-12125,HUY29C65T099235282,WB35D7694,MARUTI,WAGON R,1.0 LXI CNG,301139.3,15,2010,2010-05-22,We-KOL,Hatchback,CNG,998,0,0,0,1,0,48455,Private,,Body kit,
VEH-12126,RLT35B61R446004775,MH89A2306,HONDA,AMAZE,1.2 VXMT i-VTEC,758305.32,5,2020,2020-01-26,Ta-CHE,Sedan,Petrol,1199,1,0,1,0,0,139097,Private,,,
VEH-12127,UYM56G90V619514536,RJ76D2117,HYUNDAI,CRETA,1.4 E Plus,1114587.5,3,2022,2022-01-22,Ma-MUM,SUV,Diesel,1582,0,0,1,0,0,59520,Private,Dent on door,,
VEH-12128,VCY86B86J694754101,MH19A4986,MARUTI,SWIFT,VXI,631750.0,2,2023,2023-04-14,De-NOI,Hatchback,Petrol,1197,0,1,0,0,1,33637,Private,Minor scratches,,
VEH-12129,UJZ37G26R307274310,GJ66A1462,MARUTI,BALENO HATCHBACK,Delta 1.2,651605.0,4,2021,2021-11-17,Ta-CHE,Hatchback,Petrol,1197,0,1,0,1,0,148189,Private,Dent on door,,
VEH-12130,BXZ09G60U495549621,MH13C5765,MARUTI,BALENO HATCHBACK,Delta 1.2,760000.0,1,2024,2024-12-09,Ka-MYS,Hatchback,Petrol,1197,0,0,0,1,1,119707,Private,Minor scratches,Alloy wheels,
VEH-12131,STP34X71T895032374,KA16B1695,HYUNDAI,VENUE,1.2 S PETROL,728768.75,3,2022,2022-05-10,We-HOW,SUV,Petrol,1197,1,1,0,1,0,136469,Private,Minor scratches,Alloy wheels,
VEH-12132,NFV82P83Y128955111,UP29A1212,MARUTI,ALTO 800,LXI,185316.49,15,2010,2010-06-04,We-HOW,Hatchback,Petrol,796,0,0,0,1,1,61202,Private,,,
VEH-12133,FQR02D62P187248403,KA65A5320,MARUTI,DZIRE,VXI,478989.55,10,2015,2015-04-21,Ma-NAG,Sedan,Petrol,1197,1,1,0,1,0,1703,Private,Dent on door,,2016-09-29
VEH-12134,LUX36T46G356221241,DL75A6924,MARUTI,BALENO HATCHBACK,Zeta 1.2,661582.7,6,2019,2019-03-17,Ma-NAG,Hatchback,Petrol,1197,0,0,0,1,0,81443,Private,,,2021-02-25
VEH-12135,CPV24W68A562137245,WB09C1118,MARUTI,ALTO 800,LXI,216144.04,12,2013,2013-08-11,Ta-CHE,Hatchback,Petrol,796,1,1,1,0,1,36393,Private,Minor scratches,,
VEH-12136,QAF98E56X344194744,TN45C6830,MARUTI,VITARA BREZZA,ZDI PLUS,648432.11,12,2013,2013-11-10,Ma-PUN,SUV,Diesel,1248,0,1,0,1,1,63494,Commercial,,,
VEH-12137,RQJ31L53O638012357,DL66C1420,HYUNDAI,GRAND I10,SPORTZ 1.2 KAPPA VTVT,424589.08,8,2017,2017-10-05,De-NOI,Hatchback,Petrol,1197,1,1,1,0,0,8347,Private,,,
VEH-12138,KYG49X92I485955312,MH93D4763,TOYOTA KIRLOSKAR,INNOVA CRYSTA,2.8 ZX AT 7 STR,1204557.2,15,2010,2010-01-24,Ta-COI,MUV,Diesel,2755,0,0,0,0,0,88166,Private,Minor scratches,Body kit,
VEH-12139,WOT28S30M032335571,KA97C4143,HYUNDAI,GRAND I10 NIOS,SPORTZ 1.2 KAPPA VTVT,570154.37,4,2021,2021-01-16,We-HOW,Hatchback,Petrol,1197,1,1,0,1,1,25676,Private,Minor scratches,Body kit,2022-08-20
VEH-12140,SBD43Z78X565816500,UP69A2928,HONDA,AMAZE,1.2 VXMT i-VTEC,684370.55,7,2018,2018-09-17,De-GUR,Sedan,Petrol,1199,1,1,0,1,1,93597,Private,,,
VEH-12141,KGB71R81Y679310761,DL24A2098,HONDA,AMAZE,1.2 SMT i-VTEC,665000.0,1,2024,2024-11-06,Ka-MYS,Sedan,Petrol,1199,0,0,1,0,1,94993,Private,Dent on door,,
VEH-12142,PMB06T19O674224225,WB18A2718,HONDA,AMAZE,1.2 VXMT i-VTEC,720390.05,6,2019,2019-07-08,Ma-NAG,Sedan,Petrol,1199,1,0,0,1,0,4116,Private,Dent on door,Body kit,
VEH-12143,VYL32N24C717063470,KA80D7042,HONDA,AMAZE,1.2 VXMT i-VTEC,617644.42,9,2016,2016-06-01,We-KOL,Sedan,Petrol,1199,1,0,1,0,0,55399,Private,Minor scratches,,
VEH-12144,YSR13B82Y029677455,MH99B9995,MARUTI,BALENO HATCHBACK,Delta 1.2,722000.0,2,2023,2023-10-10,Ka-BAN,Hatchback,Petrol,1197,1,0,0,1,0,110431,Private,,Body kit,
VEH-12145,MKC95B25G662205492,UP05A9862,MARUTI,WAGON R,1.0 LXI CNG,409662.12,9,2016,2016-01-20,Ta-CHE,Hatchback,CNG,998,0,1,0,0,0,55489,Private,Minor scratches,Alloy wheels,
VEH-12146,HFW13H13U362413562,GJ11D8163,HONDA,AMAZE,1.2 SMT i-VTEC,464394.3,8,2017,2017-07-25,Ma-NAG,Sedan,Petrol,1199,0,1,0,1,1,147797,Private,Dent on door,Body kit,
VEH-12147,RFC49V38U472087439,KA20B6773,MARUTI,BALENO HATCHBACK,Delta 1.2,478989.55,10,2015,2015-07-04,Ma-NAG,Hatchback,Petrol,1197,0,0,0,0,0,116913,Private,,Alloy wheels,2016-11-06
VEH-12148,THU31C30O817783661,TN74C8654,MARUTI,ERTIGA,1.5 VXI CNG,851159.03,5,2020,2020-11-22,We-KOL,MUV,CNG,1462,0,1,0,0,1,116201,Private,Minor scratches,,
VEH-12149,TKY97L55T030155643,GJ11D5452,MARUTI,VITARA BREZZA,ZDI PLUS,796104.52,8,2017,2017-11-08,Ta-CHE,SUV,Diesel,1248,0,0,1,1,0,148277,Private,Dent on door,Body kit,
VEH-12150,RCM62Y24I133005966,WB16C5176,MARUTI,SWIFT,VXI,324303.86,15,2010,2010-06-15,Ma-PUN,Hatchback,Petrol,1197,0,0,0,1,0,44420,Private,,,2011-08-08
VEH-12151,EFY17E95Q047242511,MH41C4474,MARUTI,SWIFT DZIRE,VDI,535712.0,9,2016,2016-12-24,Ka-MYS,Sedan,Diesel,1248,1,1,1,0,1,79185,Private,Minor scratches,,
VEH-12152,SPL05W54P512712095,RJ70D4752,MARUTI,VITARA BREZZA,ZDI PLUS,648432.11,12,2013,2013-10-19,Ta-MAD,SUV,Diesel,1248,1,1,0,1,0,84426,Private,,,
VEH-12153,HSL06L65T772877245,RJ19C7699,TOYOTA KIRLOSKAR,INNOVA CRYSTA,2.4 V 8S,1024117.46,14,2011,2011-03-15,Ma-NAG,MUV,Diesel,2393,0,1,0,0,0,34601,Private,Dent on door,Body kit,2012-10-30
VEH-12154,XUO43E89R111503889,MH39B3162,MARUTI,VITARA BREZZA,VXI,950000.0,1,2024,2024-07-03,We-HOW,SUV,Petrol,1462,1,1,0,1,0,25701,Private,,Body kit,
VEH-12155,VWE92T09N087667328,UP65C7376,HYUNDAI,GRAND I10,SPORTZ 1.2 KAPPA VTVT,495219.8,5,2020,2020-07-19,Ma-NAG,Hatchback,Petrol,1197,0,0,1,1,1,135092,Private,,,
VEH-12156,AYZ15Q03N395764704,RJ07B8296,MAHINDRA,SCORPIO,S11 2WD 7STR,1624500.0,2,2023,2023-08-01,Ka-BAN,SUV,Diesel,2184,1,0,1,1,1,99546,Private,Minor scratches,,
VEH-12157,TUI94C08U245363477,WB75A1335,MARUTI,BALENO HATCHBACK,Zeta 1.2,567224.47,9,2016,2016-05-09,Ma-PUN,Hatchback,Petrol,1197,0,1,0,1,0,20408,Private,,Body kit,
VEH-12158,RUD22P61L977125575,WB09C9809,HONDA,AMAZE,VX PETROL,557424.09,11,2014,2014-09-05,Ma-NAG,Sedan,Petrol,1199,0,1,0,1,1,1426,Private,Minor scratches,,
VEH-12159,WGX80R40I282084851,MH31A2472,MARUTI,WAGON R,1.0 VXI,419002.38,7,2018,2018-01-22,De-GUR,Hatchback,Petrol,998,0,1,1,1,1,58673,Private,Minor scratches,Alloy wheels,
VEH-12160,ECA59N97C158628354,TN56A7098,MARUTI,SWIFT,VDI (DIESEL),504199.53,9,2016,2016-01-05,Ta-COI,Hatchback,Diesel,1248,1,0,1,1,0,112073,Private,Minor scratches,,
VEH-12161,EGT10M21Y251847880,KA70A9305,HONDA,AMAZE,1.2 VXMT i-VTEC,798216.12,4,2021,2021-01-20,De-NEW,Sedan,Petrol,1199,1,1,0,1,0,17657,Private,,,
VEH-12162,CNE22B44G284707376,UP90D9604,MARUTI,ERTIGA,1.5 VXI CNG,1100000.0,0,2025,2025-08-19,Ka-MYS,MUV,CNG,1462,0,0,0,1,1,67466,Commercial,Minor scratches,,
VEH-12163,HMO35L55I676098487,KA77D9374,MARUTI,SWIFT,1.2 VXi BS IV,389179.01,10,2015,2015-08-09,De-NEW,Hatchback,Petrol,1197,1,0,0,0,0,110880,Private,,,
VEH-12164,VSO66K83G483212930,UP73B7040,MARUTI,WAGON R,1.0 LXI CNG,529429.06,4,2021,2021-03-14,Ta-CHE,Hatchback,CNG,998,0,0,0,1,0,98772,Private,,Alloy wheels,
VEH-12165,DVG51N54W177888856,WB96A7133,MARUTI,SWIFT,1.2 VXi BS IV,586625.0,2,2023,2023-05-13,Ta-COI,Hatchback,Petrol,1197,0,1,0,1,1,92768,Private,,Body kit,
VEH-12166,WYH06C34J979096065,DL63D2227,HYUNDAI,CRETA,1.4 E Plus,1235000.0,1,2024,2024-08-13,Ma-NAG,SUV,Diesel,1582,1,0,0,1,0,32007,Private,Dent on door,Body kit,2027-03-24
VEH-12167,WXK10Y98A379159134,WB82C2137,HYUNDAI,GRAND I10 NIOS,SPORTZ 1.2 KAPPA VTVT,514564.32,6,2019,2019-11-07,Ma-NAG,Hatchback,Petrol,1197,0,1,0,1,0,99671,Private,,Body kit,
VEH-12168,BIO66K98B019956118,UP84C3019,MARUTI,SWIFT,1.2 VXi BS IV,409662.12,9,2016,2016-01-24,Ma-PUN,Hatchback,Petrol,1197,1,1,1,0,0,126061,Private,Minor scratches,Alloy wheels,
VEH-12169,GUU17B14D567136354,GJ38D3419,MARUTI,ALTO 800,LXI,205336.83,13,2012,2012-10-04,Ma-NAG,Hatchback,Petrol,796,1,1,1,0,1,132885,Private,,,
VEH-12170,XSQ71E44K698110109,KA95B6347,HONDA,AMAZE,1.2 SMT i-VTEC,324303.86,15,2010,2010-08-05,Ka-BAN,Sedan,Petrol,1199,0,1,0,1,0,50421,Private,,,2012-02-27
VEH-12171,VDY58V73C722529482,UP40C6515,MARUTI,BALENO HATCHBACK,Delta 1.2,651605.0,4,2021,2021-10-25,Ka-MYS,Hatchback,Petrol,1197,0,1,0,0,0,13807,Private,,,2022-10-29
VEH-12172,SOV75X66A277349079,MH10D9904,MARUTI,DZIRE,VXI,685900.0,3,2022,2022-11-16,Ka-BAN,Sedan,Petrol,1197,1,0,0,1,1,75685,Private,,Body kit,
VEH-12173,LRL79V31O161995091,RJ76D4072,MARUTI,WAGON R,1.0 VXI,292604.99,14,2011,2011-12-10,De-GUR,Hatchback,Petrol,998,0,1,1,1,0,125326,Private,,,2014-02-14
VEH-12174,HHG45J73Z892554206,WB86A3374,MARUTI,DZIRE,VXI,504199.53,9,2016,2016-05-16,Ka-BAN,Sedan,Petrol,1197,1,0,0,1,0,66690,Commercial,,Body kit,
VEH-12175,QXQ30P57N053954508,RJ61A2744,HONDA,AMAZE,1.2 SMT i-VTEC,464394.3,8,2017,2017-12-18,Ka-BAN,Sedan,Petrol,1199,1,0,1,1,0,77639,Private,,,
VEH-12176,OJX93W00V908558688,UP91D4023,HYUNDAI,CRETA,1.5 E DIESEL,1168500.0,1,2024,2024-05-17,Ma-NAG,SUV,Diesel,1493,0,0,0,1,1,111386,Private,,,
VEH-12177,SXI74W95U423031822,MH32D7898,MARUTI,VITARA BREZZA,ZDI PLUS,838004.76,7,2018,2018-07-24,Ta-MAD,SUV,Diesel,1248,0,1,0,1,0,103511,Private,,Alloy wheels,2020-12-12
VEH-12178,KLD23V90S788809835,UP93A6642,MARUTI,SWIFT DZIRE,VDI,563907.37,8,2017,2017-12-23,Ma-MUM,Sedan,Diesel,1248,1,0,1,0,1,71750,Private,Dent on door,,
VEH-12179,DYA28H84G433710125,RJ93B3938,HYUNDAI,GRAND I10 NIOS,SPORTZ 1.2 KAPPA VTVT,398160.06,11,2014,2014-04-27,Ta-MAD,Hatchback,Petrol,1197,1,0,1,0,1,82339,Private,,,2016-06-24
VEH-12180,ZHY03M20X164547414,MH53B1197,MARUTI,WAGON R,1.0 LXI CNG,529429.06,4,2021,2021-12-21,We-KOL,Hatchback,CNG,998,0,1,1,0,1,117231,Private,,Body kit,
VEH-12181,JAX33B54T031210746,DL53C8539,MARUTI,WAGON R,1.0 VXI,292604.99,14,2011,2011-12-12,De-GUR,Hatchback,Petrol,998,0,0,0,1,0,91943,Private,,,2013-02-22
VEH-12182,KJH50U95N895341644,TN67D6143,HYUNDAI,VENUE,1.2 S PETROL,767125.0,2,2023,2023-07-20,Ta-MAD,SUV,Petrol,1197,0,0,0,0,0,60122,Private,,Alloy wheels,2024-09-17
VEH-12183,AOD53Q97O594156881,KA99B3443,HYUNDAI,GRAND I10 NIOS,SPORTZ 1.2 KAPPA VTVT,324303.86,15,2010,2010-03-25,Ta-MAD,Hatchback,Petrol,1197,0,1,0,0,0,137920,Private,,Body kit,
VEH-12184,JSX06D73C633174881,WB49B6697,MARUTI,VITARA BREZZA,ZDI PLUS,882110.27,6,2019,2019-07-11,Ma-PUN,SUV,Diesel,1248,1,1,0,1,0,58773,Private,,,2021-02-21
VEH-12185,JKA33O95C110177500,KA52C9155,MAHINDRA,THAR,LX HARD TOP AT 4STR DIESEL,1315427.59,5,2020,2020-01-13,De-GUR,SUV,Diesel,2184,1,1,1,0,1,34561,Private,,,2021-11-08
VEH-12186,DJA30A49T744946762,RJ33D8073,MARUTI,SWIFT,VXI,570154.37,4,2021,2021-01-13,Ka-MYS,Hatchback,Petrol,1197,0,1,0,0,1,52688,Private,Minor scratches,Body kit,
VEH-12187,STV86S67S338944040,WB26D4067,MARUTI,ALTO 800,LXI,294036.76,6,2019,2019-07-06,De-NEW,Hatchback,Petrol,796,0,0,0,1,1,15377,Private,Minor scratches,,
VEH-12188,MGE72R85D813937055,WB86A2881,MARUTI,SWIFT,VDI (DIESEL),432288.07,12,2013,2013-12-19,Ma-NAG,Hatchback,Diesel,1248,1,0,0,1,0,128917,Private,,Alloy wheels,
VEH-12189,DQZ43L17A755606175,DL07D8640,MARUTI,WAGON R,1.0 VXI,308005.25,13,2012,2012-07-04,De-GUR,Hatchback,Petrol,998,0,1,0,0,1,37605,Private,,,
VEH-12190,VUR59I27M553094668,GJ28C3100,HYUNDAI,GRAND I10 NIOS,SPORTZ 1.2 KAPPA VTVT,324303.86,15,2010,2010-04-01,Ka-BAN,Hatchback,Petrol,1197,0,0,0,0,0,97096,Private,,,
VEH-12191,GCI63Y22R334044533,DL27C3872,MARUTI,VITARA BREZZA,VDI,733254.16,7,2018,2018-01-11,Ta-COI,SUV,Diesel,1248,0,0,1,1,0,4196,Private,Minor scratches,Alloy wheels,
VEH-12192,WEA40N11R182408862,GJ62A7624,MARUTI,BALENO HATCHBACK,Zeta 1.2,511920.08,11,2014,2014-08-09,Ka-BAN,Hatchback,Petrol,1197,0,0,0,1,1,128725,Private,Dent on door,Body kit,
VEH-12193,JEK28N45Z303355975,MH98C3949,MARUTI,BALENO HATCHBACK,Delta 1.2,530736.35,8,2017,2017-09-04,Ma-MUM,Hatchback,Petrol,1197,0,0,0,1,0,75569,Private,,,
VEH-12194,IHE55J44N245386250,RJ58D9266,MARUTI,SWIFT,1.2 VXi BS IV,477809.73,6,2019,2019-11-08,Ka-BAN,Hatchback,Petrol,1197,1,1,0,0,1,4250,Private,Minor scratches,Alloy wheels,
VEH-12195,ACQ66I52M409056873,DL04A8674,MAHINDRA,SCORPIO,S11 2WD 7STR,972648.16,12,2013,2013-11-14,De-NOI,SUV,Diesel,2184,1,0,0,0,1,125332,Private,Minor scratches,Alloy wheels,
VEH-12196,GJC51M10C432710195,MH06C2572,HYUNDAI,CRETA,1.5 E DIESEL,664642.91,12,2013,2013-01-05,Ma-NAG,SUV,Diesel,1493,0,0,0,1,0,91691,Private,Dent on door,Body kit,
VEH-12197,VJM19X33N466934193,UP92C5029,MARUTI,VITARA BREZZA,VDI,597240.1,11,2014,2014-07-14,Ta-CHE,SUV,Diesel,1248,1,1,0,1,1,30787,Private,,Body kit,
VEH-12198,UBQ10P14P513662687,WB86A7671,MARUTI,VITARA BREZZA,VDI,661761.88,9,2016,2016-06-07,Ta-COI,SUV,Diesel,1248,0,1,0,0,0,60959,Private,,Alloy wheels,
VEH-12199,HZA56N33P532172842,RJ29A9866,TOYOTA KIRLOSKAR,INNOVA CRYSTA,2.8 Z 7 STR,1837729.73,6,2019,2019-09-21,De-GUR,MUV,Diesel,2755,1,0,0,0,1,68756,Private,,Alloy wheels,
VEH-12200,SMC56K56M638691242,TN36C6343,MARUTI,VITARA BREZZA,VDI,661761.88,9,2016,2016-09-24,We-HOW,SUV,Diesel,1248,0,1,0,1,1,118035,Private,,Body kit,
VEH-12201,ODX93P76P648782074,MH77C3905,HYUNDAI,CRETA,1.4 E Plus,907838.48,7,2018,2018-09-21,Ka-BAN,SUV,Diesel,1582,0,0,0,1,0,96640,Private,,,
VEH-12202,HMU95N46R464668044,DL78D8371,MARUTI,BALENO HATCHBACK,Delta 1.2,370632.98,15,2010,2010-03-04,Ta-MAD,Hatchback,Petrol,1197,0,0,1,0,1,54999,Private,Minor scratches,,
VEH-12203,MLX13E43Y130540441,DL04A7310,MARUTI,SWIFT,VXI,488836.11,7,2018,2018-02-22,Ta-CHE,Hatchback,Petrol,1197,0,0,0,1,1,88495,Private,Dent on door,,
VEH-12204,XKA23S48X185294504,GJ30B6039,MARUTI,VITARA BREZZA,VXI,735091.89,6,2019,2019-10-19,Ma-MUM,SUV,Petrol,1462,0,1,0,1,1,83993,Private,,,
VEH-12205,IEV36U47Q082852455,UP12D9153,MARUTI,SWIFT,1.2 VXi BS IV,650000.0,0,2025,2025-07-01,De-NOI,Hatchback,Petrol,1197,1,1,1,0,0,18546,Private,Dent on door,Alloy wheels,
VEH-12206,JEV53T27S475762073,UP01B9071,HYUNDAI,GRAND I10 NIOS,SPORTZ 1.2 KAPPA VTVT,700000.0,0,2025,2025-03-21,Ka-MYS,Hatchback,Petrol,1197,1,0,0,0,1,40475,Private,Minor scratches,Alloy wheels,
VEH-12207,BTB50N70F681966216,UP89D5740,HYUNDAI,CRETA,1.4 E Plus,1235000.0,1,2024,2024-09-14,Ma-PUN,SUV,Diesel,1582,1,0,0,0,1,83445,Private,Dent on door,Alloy wheels,2026-03-03
VEH-12208,UXT11Z73J093558771,WB30C1325,TOYOTA KIRLOSKAR,INNOVA CRYSTA,2.4 V 8S,1134756.18,12,2013,2013-04-09,Ta-CHE,MUV,Diesel,2393,0,0,0,0,1,55314,Private,,,2014-10-16
VEH-12209,ULB71J90Z933329431,KA68D8828,HYUNDAI,GRAND I10,SPORTZ 1.2 KAPPA VTVT,521284.0,4,2021,2021-07-21,De-NOI,Hatchback,Petrol,1197,0,1,1,1,0,3602,Private,Minor scratches,,
VEH-12210,KRL38J68C987738051,WB24C1555,HYUNDAI,CRETA,1.5 E DIESEL,1168500.0,1,2024,2024-12-13,We-HOW,SUV,Diesel,1493,0,1,0,1,1,35944,Private,,,
VEH-12211,YCC44V88T497492820,KA25A2063,MARUTI,SWIFT,1.2 VXi BS IV,333672.35,13,2012,2012-11-22,De-GUR,Hatchback,Petrol,1197,0,1,0,1,0,38676,Private,Dent on door,,
VEH-12212,LKJ21X43Q504457416,TN27B7725,HYUNDAI,CRETA,1.5 E DIESEL,775206.77,9,2016,2016-08-11,We-HOW,SUV,Diesel,1493,1,1,0,1,1,67588,Private,,,
VEH-12213,WZG20H37I118933385,GJ74C2028,MARUTI,SWIFT,1.2 VXi BS IV,316988.74,14,2011,2011-12-21,De-GUR,Hatchback,Petrol,1197,0,0,1,1,1,48472,Private,,Body kit,
VEH-12214,VHH41E35J318403108,UP91D7276,MARUTI,SWIFT,VXI,570154.37,4,2021,2021-06-15,We-KOL,Hatchback,Petrol,1197,0,1,0,1,0,141743,Private,,Body kit,
VEH-12215,XCY59K33Y234022917,MH66B4037,MARUTI,VITARA BREZZA,VDI,997500.0,1,2024,2024-12-02,De-GUR,SUV,Diesel,1248,0,0,0,1,1,105214,Private,Dent on door,,2027-08-07
VEH-12216,KQC61O35W682609189,UP92D1888,MARUTI,DZIRE,VXI,760000.0,1,2024,2024-05-04,Ka-BAN,Sedan,Petrol,1197,0,1,1,1,1,58438,Private,Minor scratches,Alloy wheels,
VEH-12217,LZR17Z75M151960056,RJ90C9654,MARUTI,BALENO HATCHBACK,Delta 1.2,651605.0,4,2021,2021-09-10,De-NEW,Hatchback,Petrol,1197,0,1,0,0,0,22575,Private,,,
VEH-12218,BLE17P46A399727972,UP87B7988,MARUTI,VITARA BREZZA,VDI,628673.79,10,2015,2015-10-06,Ta-CHE,SUV,Diesel,1248,1,0,0,1,0,32634,Private,Dent on door,,
VEH-12219,MPS32H83J447090293,KA07A5591,MARUTI,WAGON R,1.0 VXI,600000.0,0,2025,2025-12-13,Ta-COI,Hatchback,Petrol,998,0,0,0,0,1,68300,Private,,,
VEH-12220,TFS58B79Q791782548,WB57B1326,MARUTI,SWIFT,VXI,631750.0,2,2023,2023-04-06,Ka-BAN,Hatchback,Petrol,1197,1,0,0,1,1,147081,Private,,,2025-03-10
VEH-12221,CTS82N25F531671217,MH51A1599,MARUTI,VITARA BREZZA,ZDI PLUS,1200000.0,0,2025,2025-06-13,De-GUR,SUV,Diesel,1248,0,1,0,1,1,26011,Private,,,
VEH-12222,UAT60M50N335735541,GJ21B7422,MARUTI,SWIFT DZIRE,VDI,624828.11,6,2019,2019-09-08,De-GUR,Sedan,Diesel,1248,0,1,0,1,1,86736,Private,,Alloy wheels,
VEH-12223,OUB30K97K131407182,GJ65B5515,MARUTI,DZIRE,VXI,619024.75,5,2020,2020-05-17,Ta-COI,Sedan,Petrol,1197,1,0,0,0,1,71498,Private,Minor scratches,,
VEH-12224,SPB92M14Y324187309,UP55B9306,MARUTI,ALTO 800,LXI,252099.76,9,2016,2016-12-17,Ma-PUN,Hatchback,Petrol,796,0,1,0,1,1,125172,Private,Dent on door,,
VEH-12225,LGN28P96H310499015,KA16D8407,MARUTI,SWIFT,VDI (DIESEL),760000.0,1,2024,2024-08-03,We-HOW,Hatchback,Diesel,1248,0,1,0,1,0,47931,Private,,Alloy wheels,
VEH-12226,NBU03T03M903557727,TN40D7849,HYUNDAI,CRETA,1.4 E Plus,739440.12,11,2014,2014-01-27,Ma-PUN,SUV,Diesel,1582,0,0,0,1,1,132350,Private,,Alloy wheels,
VEH-12227,JYF44A53Q111004766,MH20A2685,MARUTI,ERTIGA,1.5 VXI CNG,625680.1,11,2014,2014-10-22,Ta-MAD,MUV,CNG,1462,1,1,1,1,1,88666,Private,Dent on door,,
VEH-12228,AFR00W78L322113672,UP94D1379,MARUTI,VITARA BREZZA,VXI,1000000.0,0,2025,2025-07-21,Ma-PUN,SUV,Petrol,1462,1,0,0,1,0,142798,Private,,Body kit,
VEH-12229,RYP93M73A239929246,RJ39B7408,MARUTI,ALTO 800,LXI,216144.04,12,2013,2013-12-13,We-KOL,Hatchback,Petrol,796,1,1,0,0,1,2435,Private,,,2016-02-03
VEH-12230,TKB92M42Z414350667,MH59A4192,MARUTI,SWIFT,VXI,464394.3,8,2017,2017-02-11,We-HOW,Hatchback,Petrol,1197,0,1,0,1,1,84598,Private,Dent on door,,
VEH-12231,IGI56L67T892409015,DL56A8485,HONDA,AMAZE,1.2 VXMT i-VTEC,477921.48,14,2011,2011-08-09,Ka-MYS,Sedan,Petrol,1199,1,1,0,1,0,50985,Private,,Body kit,
VEH-12232,RZG56J51I738795376,RJ16A7899,MARUTI,BALENO HATCHBACK,Zeta 1.2,661582.7,6,2019,2019-01-19,We-KOL,Hatchback,Petrol,1197,0,1,0,1,1,122765,Private,,,2021-07-30
VEH-12233,JDG22S35C901730768,TN16A9913,MARUTI,SWIFT,1.2 VXi BS IV,557293.75,3,2022,2022-11-21,Ta-CHE,Hatchback,Petrol,1197,1,1,0,0,1,14690,Private,Minor scratches,Body kit,
VEH-12234,BBA11Z01U516544523,TN99D2586,MARUTI,BALENO HATCHBACK,Zeta 1.2,438907.48,14,2011,2011-09-06,Ma-NAG,Hatchback,Petrol,1197,1,0,0,1,0,10452,Private,Minor scratches,Alloy wheels,
VEH-12235,OYA43X86D074672546,DL40C2475,HYUNDAI,CRETA,1.4 E Plus,819324.23,9,2016,2016-01-08,De-NOI,SUV,Diesel,1582,1,1,1,1,1,124826,Private,,Body kit,
VEH-12236,NMU35D77T013448542,KA86B4989,HYUNDAI,CRETA,1.4 E Plus,702468.11,12,2013,2013-02-28,We-HOW,SUV,Diesel,1582,0,1,1,1,1,63957,Private,Minor scratches,Body kit,2015-07-20
VEH-12237,RRI44V79Z241934451,TN69C8950,MARUTI,SWIFT,VXI,631750.0,2,2023,2023-02-05,Ta-MAD,Hatchback,Petrol,1197,1,0,0,1,0,139036,Private,Minor scratches,Alloy wheels,
VEH-12238,SWM84L02T490028354,GJ33D6437,MARUTI,SWIFT,VDI (DIESEL),722000.0,2,2023,2023-08-19,Ma-PUN,Hatchback,Diesel,1248,1,0,0,1,1,53725,Private,,,
VEH-12239,RFX66X32U515698947,DL47D2861,HONDA,AMAZE,1.2 SMT i-VTEC,631750.0,2,2023,2023-03-06,Ka-BAN,Sedan,Petrol,1199,1,1,0,1,1,128682,Private,,Alloy wheels,
VEH-12240,NNT31F02P370035320,MH39B6309,HONDA,AMAZE,1.2 SMT i-VTEC,464394.3,8,2017,2017-05-04,We-HOW,Sedan,Petrol,1199,1,0,0,1,1,122073,Private,Minor scratches,Alloy wheels,
VEH-12241,SNC46I55K087031313,RJ38B1640,MARUTI,WAGON R,1.0 VXI,600000.0,0,2025,2025-09-16,Ta-MAD,Hatchback,Petrol,998,1,0,0,1,0,81979,Private,Dent on door,,
VEH-12242,QKN18E65Q277186111,GJ60D1028,HYUNDAI,VENUE,1.2 S PETROL,767125.0,2,2023,2023-02-26,Ka-MYS,SUV,Petrol,1197,1,1,0,1,1,63953,Private,,Alloy wheels,2025-10-14
VEH-12243,LYC39U94Q458575520,RJ34B8502,MARUTI,DZIRE,VXI,530736.35,8,2017,2017-08-14,Ta-MAD,Sedan,Petrol,1197,1,0,0,1,0,125377,Private,,Body kit,2019-06-22
VEH-12244,ALL68T51F347796380,TN62D8834,MARUTI,SWIFT,VXI,464394.3,8,2017,2017-03-23,Ka-BAN,Hatchback,Petrol,1197,0,1,0,0,1,122236,Private,Minor scratches,Body kit,
VEH-12245,ZUP10K91C496315664,MH42C8596,MARUTI,ALTO,K10 VXI,404300.54,6,2019,2019-07-01,De-GUR,Hatchback,Petrol,998,1,0,0,1,0,93539,Private,Dent on door,Body kit,
VEH-12246,HYV74E96Q474912102,KA13D5729,HONDA,AMAZE,1.2 VXMT i-VTEC,503075.24,13,2012,2012-12-11,We-KOL,Sedan,Petrol,1199,1,1,1,1,1,55747,Private,Dent on door,,2014-08-16
VEH-12247,HFA45D91F826332439,RJ40B3795,MARUTI,WAGON R,1.0 VXI,277974.74,15,2010,2010-03-28,Ma-PUN,Hatchback,Petrol,998,0,0,0,0,0,42673,Private,,Alloy wheels,2011-05-06
VEH-12248,FOE26P26M686719005,KA06C3761,MARUTI,VITARA BREZZA,VXI,487674.98,14,2011,2011-07-02,Ta-CHE,SUV,Petrol,1462,1,1,1,1,1,147889,Private,,,
VEH-12249,RZE11Y38V815686260,MH29D5277,MARUTI,VITARA BREZZA,ZDI PLUS,718484.33,10,2015,2015-10-03,Ma-NAG,SUV,Diesel,1248,0,1,0,1,0,29388,Commercial,Minor scratches,Body kit,
VEH-12250,JDO96B98Y428357150,KA37C1700,MARUTI,ALTO 800,LXI,216144.04,12,2013,2013-11-04,Ta-MAD,Hatchback,Petrol,796,1,1,1,0,1,148133,Private,,Alloy wheels,
VEH-12251,EGD94E45I423142562,WB04D2232,MARUTI,ALTO,K10 VXI,346637.18,9,2016,2016-10-24,Ma-MUM,Hatchback,Petrol,998,0,0,0,1,0,15834,Private,,Alloy wheels,
VEH-12252,LYT36B11Q120578492,RJ95B5401,MARUTI,VITARA BREZZA,VDI,661761.88,9,2016,2016-11-05,We-HOW,SUV,Diesel,1248,1,1,0,1,0,32423,Private,,,2017-12-27
VEH-12253,PVH54F94G276392146,UP32D6019,HYUNDAI,CRETA,1.4 E Plus,1005915.22,5,2020,2020-11-01,Ka-MYS,SUV,Diesel,1582,0,1,0,1,0,79821,Private,Dent on door,Alloy wheels,
VEH-12254,DPK09W74N813429867,GJ82A7254,MARUTI,ALTO 800,LXI,294036.76,6,2019,2019-02-16,We-KOL,Hatchback,Petrol,796,0,1,0,1,0,13553,Private,Minor scratches,Alloy wheels,
VEH-12255,TNY85R25Y451139589,GJ16D6619,HYUNDAI,CRETA,1.5 E DIESEL,816007.13,8,2017,2017-12-28,Ma-PUN,SUV,Diesel,1493,1,1,1,1,0,44798,Private,,,2020-01-25
VEH-12256,KXZ16R90S415717648,TN45A5837,MARUTI,DZIRE,VXI,685900.0,3,2022,2022-07-16,Ta-COI,Sedan,Petrol,1197,1,0,0,0,0,136322,Private,,Alloy wheels,2023-07-30
VEH-12257,LQX22Q87F837726350,RJ66D9514,MARUTI,SWIFT,1.2 VXi BS IV,316988.74,14,2011,2011-08-05,We-HOW,Hatchback,Petrol,1197,0,1,0,1,0,110536,Private,Minor scratches,Body kit,
VEH-12258,SNQ83K65B101463290,UP75C4245,MARUTI,BALENO HATCHBACK,Delta 1.2,410673.67,13,2012,2012-11-22,We-KOL,Hatchback,Petrol,1197,0,1,0,1,1,121327,Private,Minor scratches,,
VEH-12259,KAB04S91O402188772,UP26D8821,HYUNDAI,CRETA,1.4 E Plus,633977.47,14,2011,2011-11-06,Ma-PUN,SUV,Diesel,1582,0,1,0,1,0,135463,Private,,,
VEH-12260,PEH95U88D609822765,MH91A5299,MARUTI,DZIRE,VXI,390139.98,14,2011,2011-12-16,Ma-NAG,Sedan,Petrol,1197,1,0,0,0,1,46517,Private,Minor scratches,Alloy wheels,
VEH-12261,BUE84T10W103325980,DL03A5043,MARUTI,ALTO 800,LXI,294036.76,6,2019,2019-06-04,We-HOW,Hatchback,Petrol,796,1,0,0,1,1,37959,Private,Minor scratches,Alloy wheels,2020-12-06
VEH-12262,XPM15H54J051776437,DL70D6235,MARUTI,SWIFT,VDI (DIESEL),410673.67,13,2012,2012-02-12,Ma-PUN,Hatchback,Diesel,1248,0,1,0,1,0,91240,Private,Dent on door,Alloy wheels,
VEH-12263,MTH45X06G578749087,MH53A4476,HONDA,AMAZE,1.2 SMT i-VTEC,488836.11,7,2018,2018-05-09,We-KOL,Sedan,Petrol,1199,1,0,0,1,1,82432,Private,,,2019-06-16
VEH-12264,ITR31P64W541974971,WB22A8506,MARUTI,VITARA BREZZA,ZDI PLUS,616010.5,13,2012,2012-01-11,Ta-MAD,SUV,Diesel,1248,0,1,1,1,0,85506,Private,Dent on door,,
VEH-12265,MPE44U37S219482790,MH36C5134,MARUTI,ALTO 800,LXI,325802.5,4,2021,2021-12-21,We-KOL,Hatchback,Petrol,796,1,1,1,0,0,72996,Private,,,2024-07-24
VEH-12266,TLS53M91E572872386,UP21A6077,MARUTI,WAGON R,1.0 LXI CNG,529429.06,4,2021,2021-08-16,Ma-MUM,Hatchback,CNG,998,1,1,0,1,1,4386,Private,,Body kit,2023-07-06
VEH-12267,SYO27I12C462380025,KA54D6910,MARUTI,ERTIGA,1.5 VXI CNG,992750.0,2,2023,2023-05-27,Ma-PUN,MUV,CNG,1462,1,1,0,1,0,93664,Private,Minor scratches,,
VEH-12268,KKX94L04Q359263354,UP80B3172,MARUTI,ERTIGA,1.5 VXI CNG,1045000.0,1,2024,2024-08-22,Ma-NAG,MUV,CNG,1462,0,0,1,0,1,141101,Private,,Body kit,
VEH-12269,IXD63J70B098416247,TN78B4484,TOYOTA KIRLOSKAR,INNOVA CRYSTA,2.4 ZX MT 7 STR,1985500.0,2,2023,2023-01-25,De-NOI,MUV,Diesel,2393,1,0,1,0,1,147224,Private,Dent on door,Alloy wheels,
VEH-12270,SYY04R98N827266318,GJ29A9834,MARUTI,BALENO HATCHBACK,Zeta 1.2,696402.84,5,2020,2020-07-26,Ta-MAD,Hatchback,Petrol,1197,1,1,0,1,1,145292,Private,Minor scratches,,
VEH-12271,PGD23Q20T098156530,WB22B5769,MARUTI,DZIRE,VXI,455040.07,11,2014,2014-01-28,Ta-MAD,Sedan,Petrol,1197,0,1,0,0,0,19210,Private,Minor scratches,,
VEH-12272,OZL40G90J238669193,DL74B4729,TOYOTA KIRLOSKAR,INNOVA CRYSTA,2.8 ZX AT 7 STR,1815676.97,7,2018,2018-04-16,Ta-COI,MUV,Diesel,2755,0,0,0,1,0,48777,Private,,,
VEH-12273,IKW10N48X705650490,DL18B8430,MARUTI,ERTIGA,1.5 VXI CNG,594396.1,12,2013,2013-10-27,Ka-BAN,MUV,CNG,1462,1,0,0,1,0,30621,Private,Dent on door,Body kit,
VEH-12274,JOI79X87O741793683,GJ51A3696,MARUTI,WAGON R,1.0 LXI CNG,316988.74,14,2011,2011-05-27,Ma-PUN,Hatchback,CNG,998,0,0,0,1,1,110079,Private,Minor scratches,,
VEH-12275,HHR96F19S342543631,DL95C1589,MARUTI,ALTO,K10 VXI,364881.24,8,2017,2017-06-14,Ma-MUM,Hatchback,Petrol,998,1,0,0,1,0,1991,Private,Dent on door,Body kit,2019-01-22
VEH-12276,TJY97I33Z951861358,UP25D5047,MARUTI,WAGON R,1.0 LXI CNG,431223.28,8,2017,2017-06-25,We-KOL,Hatchback,CNG,998,0,1,1,1,1,88775,Private,,,2019-08-04
VEH-12277,KLJ83G70S160266908,TN34C7423,MARUTI,WAGON R,1.0 LXI CNG,650000.0,0,2025,2025-02-07,Ta-MAD,Hatchback,CNG,998,1,1,0,1,0,120553,Private,,Alloy wheels,
VEH-12278,PBT93A19Q035259862,WB51B8774,HONDA,AMAZE,1.2 VXMT i-VTEC,557424.09,11,2014,2014-08-02,Ma-NAG,Sedan,Petrol,1199,0,0,0,1,1,6564,Private,Minor scratches,,
VEH-12279,GWX31M91O079439442,DL12D2457,MARUTI,BALENO HATCHBACK,Zeta 1.2,511920.08,11,2014,2014-06-10,We-HOW,Hatchback,Petrol,1197,1,0,0,1,1,112880,Private,,,
VEH-12280,BVM11V37C573130731,TN18C5330,MARUTI,VITARA BREZZA,VXI,1000000.0,0,2025,2025-04-06,Ma-PUN,SUV,Petrol,1462,0,1,0,1,1,106622,Private,Minor scratches,,
VEH-12281,AAS86I75X080059084,KA49B3355,MARUTI,BALENO HATCHBACK,Delta 1.2,478989.55,10,2015,2015-05-20,Ma-PUN,Hatchback,Petrol,1197,0,1,0,1,1,75116,Private,Minor scratches,,
VEH-12282,BZW17G95F716259382,RJ12A5025,MARUTI,BALENO HATCHBACK,Delta 1.2,504199.53,9,2016,2016-01-22,Ma-PUN,Hatchback,Petrol,1197,1,1,1,0,1,100661,Private,,,
VEH-12283,VLF56W88U916764382,UP92D4453,HONDA,CITY,1.5 V MT,1205469.25,4,2021,2021-04-02,Ma-NAG,Sedan,Petrol,1498,1,0,1,1,0,19895,Private,Minor scratches,Alloy wheels,2023-02-13
VEH-12284,JRU84S46Z945826305,RJ22A3004,MARUTI,SWIFT,1.2 VXi BS IV,389179.01,10,2015,2015-04-12,Ma-MUM,Hatchback,Petrol,1197,1,0,1,0,0,1612,Private,Dent on door,Body kit,
VEH-12285,TEF83I85E225813742,MH61C3611,MARUTI,BALENO HATCHBACK,Zeta 1.2,812250.0,2,2023,2023-08-19,Ka-BAN,Hatchback,Petrol,1197,1,0,0,1,0,9267,Private,Minor scratches,Alloy wheels,2026-04-07
VEH-12286,POO64Q53R558231405,DL77D2560,MARUTI,SWIFT,1.2 VXi BS IV,586625.0,2,2023,2023-09-14,De-NOI,Hatchback,Petrol,1197,1,0,0,1,0,14473,Private,Dent on door,,2025-03-20
VEH-12287,EOD04B06K751686226,DL32D1490,MARUTI,SWIFT DZIRE,VDI,393797.55,15,2010,2010-04-04,Ma-PUN,Sedan,Diesel,1248,1,0,0,1,1,101454,Private,Minor scratches,Body kit,
VEH-12288,CXH00V93R751380084,WB34D2944,HYUNDAI,GRAND I10 NIOS,SPORTZ 1.2 KAPPA VTVT,378252.06,12,2013,2013-12-14,We-KOL,Hatchback,Petrol,1197,0,0,0,1,1,143245,Private,Dent on door,,
VEH-12289,NHO23L67D803231298,UP45B8593,HYUNDAI,CRETA,1.5 E DIESEL,599840.22,14,2011,2011-07-09,Ka-BAN,SUV,Diesel,1493,1,0,1,1,0,23702,Private,Minor scratches,,
VEH-12290,WVX30B32I473743482,UP10B2727,MARUTI,DZIRE,VXI,432288.07,12,2013,2013-03-02,Ma-NAG,Sedan,Petrol,1197,1,0,0,1,1,147063,Private,,,
VEH-12291,GGB11H10A465607237,RJ30D9800,TOYOTA KIRLOSKAR,INNOVA CRYSTA,2.4 V 8S,1393182.91,8,2017,2017-03-18,Ma-NAG,MUV,Diesel,2393,1,0,0,1,1,105677,Private,Dent on door,,
VEH-12292,TJS81F14N452124873,UP15B4823,MARUTI,ERTIGA,1.5 VXI CNG,992750.0,2,2023,2023-03-22,De-GUR,MUV,CNG,1462,1,1,0,1,1,132737,Private,Dent on door,Body kit,2025-08-09
VEH-12293,LRD47K45K593336899,TN96C2979,MARUTI,ERTIGA,1.5 VXI CNG,768171.03,7,2018,2018-12-12,Ta-MAD,MUV,CNG,1462,0,1,0,0,1,70650,Private,Minor scratches,Body kit,2021-03-10
VEH-12294,ZVX54C44V844747687,UP39B7407,MARUTI,ERTIGA,1.5 VXI CNG,992750.0,2,2023,2023-03-15,De-NEW,MUV,CNG,1462,1,1,0,1,1,2563,Private,Dent on door,Body kit,2025-01-22
VEH-12295,XZU52S62T370674344,WB42D7699,MARUTI,ERTIGA,1.5 VXI CNG,943112.5,3,2022,2022-07-12,Ma-MUM,MUV,CNG,1462,0,0,0,1,0,105840,Private,,,
VEH-12296,LNT93E31I912777094,RJ55A5156,MARUTI,BALENO HATCHBACK,Delta 1.2,370632.98,15,2010,2010-03-03,We-HOW,Hatchback,Petrol,1197,0,1,0,1,1,49577,Private,Dent on door,Alloy wheels,
VEH-12297,BCB76O70X448120647,DL83A2967,HYUNDAI,CRETA,1.4 E Plus,633977.47,14,2011,2011-07-06,Ka-MYS,SUV,Diesel,1582,1,1,0,0,0,49332,Private,Minor scratches,,2013-01-27
VEH-12298,MAM47H76K699015951,DL51D4591,HYUNDAI,GRAND I10,SPORTZ 1.2 KAPPA VTVT,470458.81,6,2019,2019-11-28,Ka-MYS,Hatchback,Petrol,1197,0,1,0,1,1,104998,Private,,Alloy wheels,2021-09-04
VEH-12299,TSC82X83Y889455829,RJ84D7490,MARUTI,VITARA BREZZA,VDI,696591.45,8,2017,2017-04-03,Ta-MAD,SUV,Diesel,1248,0,1,0,0,0,68610,Private,Minor scratches,,
VEH-12300,OCP36D60D267509918,MH56B4922,MARUTI,BALENO HATCHBACK,Zeta 1.2,416962.11,15,2010,2010-02-21,De-NOI,Hatchback,Petrol,1197,0,1,1,1,1,55356,Private,Minor scratches,Alloy wheels,
VEH-12301,AOB42J74D687758770,WB41A2370,MARUTI,ERTIGA,1.5 VXI CNG,564676.29,13,2012,2012-06-26,Ta-COI,MUV,CNG,1462,1,1,0,0,1,26166,Private,,,
VEH-12302,DNQ43M77O272827499,DL22D7313,TOYOTA KIRLOSKAR,INNOVA CRYSTA,2.8 ZX AT 7 STR,2229175.0,3,2022,2022-10-09,We-KOL,MUV,Diesel,2755,1,1,0,1,1,10070,Private,,Body kit,
VEH-12303,AOU74I14S283645382,KA28C8814,MARUTI,WAGON R,1.0 LXI CNG,502957.61,5,2020,2020-12-23,Ma-NAG,Hatchback,CNG,998,1,1,0,1,1,40649,Private,Dent on door,,
VEH-12304,RGR77J66J644487955,RJ22C6285,MAHINDRA,THAR,LX HARD TOP AT 4STR DIESEL,829047.46,14,2011,2011-09-26,De-NEW,SUV,Diesel,2184,0,1,0,1,1,56093,Commercial,,,
VEH-12305,CUM78O23P352556202,KA95A6533,MARUTI,VITARA BREZZA,ZDI PLUS,838004.76,7,2018,2018-10-21,Ta-MAD,SUV,Diesel,1248,1,1,0,0,1,88198,Private,Minor scratches,Alloy wheels,
VEH-12306,GBN09O98N288194770,WB11D8384,MARUTI,WAGON R,1.0 VXI,398052.26,8,2017,2017-07-02,We-KOL,Hatchback,Petrol,998,0,1,0,1,0,21770,Private,,,
VEH-12307,JPU83D95M543828982,GJ39B2271,TOYOTA KIRLOSKAR,INNOVA CRYSTA,2.8 ZX AT 7 STR,1556716.04,10,2015,2015-09-03,Ta-COI,MUV,Diesel,2755,0,1,0,0,1,118044,Private,Minor scratches,Body kit,
VEH-12308,EER51R66H254503710,MH81C1585,MARUTI,ERTIGA,1.5 VXI CNG,1100000.0,0,2025,2025-08-02,De-NEW,MUV,CNG,1462,0,1,0,0,0,75582,Private,Dent on door,Body kit,
VEH-12309,JQF05G82L946348549,DL55C8610,MARUTI,SWIFT,VDI (DIESEL),651605.0,4,2021,2021-03-08,De-NOI,Hatchback,Diesel,1248,0,1,0,1,1,26521,Private,Minor scratches,,
VEH-12310,ODL62D49M415626027,RJ52A8238,MARUTI,SWIFT,VXI,514564.32,6,2019,2019-06-17,We-KOL,Hatchback,Petrol,1197,0,0,0,1,1,127492,Private,,Alloy wheels,
VEH-12311,CJQ60I93V066991684,MH49A9072,HYUNDAI,GRAND I10 NIOS,SPORTZ 1.2 KAPPA VTVT,341372.49,14,2011,2011-06-06,Ta-MAD,Hatchback,Petrol,1197,0,1,1,1,1,74533,Private,,Alloy wheels,2013-04-05
VEH-12312,TCO64V98J990835833,KA21A9986,HYUNDAI,CRETA,1.4 E Plus,667344.71,13,2012,2012-08-15,We-HOW,SUV,Diesel,1582,0,0,0,1,1,38172,Private,Minor scratches,Body kit,
VEH-12313,XXN21N63N762754960,UP74B6520,MARUTI,BALENO HATCHBACK,Zeta 1.2,597078.39,8,2017,2017-12-14,De-GUR,Hatchback,Petrol,1197,1,1,1,1,1,75907,Private,,,
VEH-12314,TLZ51I63Y436829632,UP19C5206,MARUTI,ALTO,K10 VXI,268221.24,14,2011,2011-02-12,Ma-PUN,Hatchback,Petrol,998,1,0,1,0,0,113970,Private,,Alloy wheels,2012-10-24
VEH-12315,YLN01B05J706720855,WB41A7808,HONDA,AMAZE,1.2 SMT i-VTEC,488836.11,7,2018,2018-03-06,We-HOW,Sedan,Petrol,1199,0,0,1,1,0,62766,Private,,Alloy wheels,
VEH-12316,XTJ06D15S676691226,DL11A3824,MARUTI,WAGON R,1.0 VXI,488703.75,4,2021,2021-05-08,Ta-MAD,Hatchback,Petrol,998,0,0,0,1,0,149740,Private,Dent on door,Body kit,2022-11-20
VEH-12317,CHX62D72L762635412,KA23C7496,MARUTI,ERTIGA,1.5 VXI CNG,658610.63,10,2015,2015-06-26,Ka-BAN,MUV,CNG,1462,1,1,0,0,0,116477,Private,Dent on door,Alloy wheels,
VEH-12318,BAB07X81K363083150,GJ73C2523,MARUTI,ALTO 800,LXI,185316.49,15,2010,2010-01-20,We-KOL,Hatchback,Petrol,796,0,0,0,1,0,101886,Private,Dent on door,Alloy wheels,
VEH-12319,FAF64J65E038139097,RJ99C7158,HONDA,CITY,1.5 V MT,759746.28,13,2012,2012-08-10,Ka-MYS,Sedan,Petrol,1498,1,1,0,1,1,27043,Private,Minor scratches,Alloy wheels,2014-09-11
VEH-12320,GHR23Q88F273588784,GJ95D5821,MARUTI,ERTIGA,1.5 VXI CNG,729762.47,8,2017,2017-02-25,Ma-PUN,MUV,CNG,1462,0,0,0,0,1,111051,Private,,,
VEH-12321,HRF02K46S488486043,MH55B1015,MARUTI,VITARA BREZZA,VXI,698337.3,7,2018,2018-12-14,Ka-MYS,SUV,Petrol,1462,0,0,0,1,1,33894,Private,Minor scratches,Alloy wheels,
VEH-12322,TXT49I75I828460572,WB32A1825,MARUTI,ERTIGA,1.5 VXI CNG,509620.35,15,2010,2010-07-03,We-HOW,MUV,CNG,1462,0,1,0,1,1,111551,Private,,Alloy wheels,
VEH-12323,UEX80Q10Y753718782,TN62D5199,HONDA,CITY,1.5 V MT,886130.67,10,2015,2015-06-02,Ma-PUN,Sedan,Petrol,1498,1,0,0,0,1,129778,Private,Minor scratches,,2017-02-06
VEH-12324,IDO39K26I716974535,RJ78B4032,MARUTI,WAGON R,1.0 VXI,308005.25,13,2012,2012-10-25,Ma-PUN,Hatchback,Petrol,998,0,1,0,0,0,95436,Private,Dent on door,,2014-08-14
VEH-12325,ECP58S77O020381615,GJ04A7845,MARUTI,VITARA BREZZA,ZDI PLUS,1083000.0,2,2023,2023-10-17,Ta-CHE,SUV,Diesel,1248,1,1,0,0,1,117956,Private,Dent on door,Body kit,
VEH-12326,HYD65U20G392663760,DL37D2552,HYUNDAI,CRETA,1.5 E DIESEL,904163.03,6,2019,2019-04-24,Ma-MUM,SUV,Diesel,1493,1,0,0,1,1,22301,Private,Minor scratches,Body kit,
VEH-12327,QPE02I97B267746193,UP81C9375,MARUTI,SWIFT DZIRE,VDI,692330.31,4,2021,2021-06-21,We-HOW,Sedan,Diesel,1248,0,0,0,1,0,44683,Private,,,
VEH-12328,HLZ49A11L538251037,TN46A3407,MARUTI,ERTIGA,1.5 VXI CNG,625680.1,11,2014,2014-07-19,Ta-COI,MUV,CNG,1462,1,1,1,0,0,70128,Private,,Alloy wheels,
VEH-12329,FOK59R01Z103515750,DL76D7827,HONDA,CITY,1.5 V MT,1145195.79,5,2020,2020-12-08,Ma-PUN,Sedan,Petrol,1498,1,0,0,1,1,107939,Private,,Body kit,
VEH-12330,TOP28L99Z066225276,GJ09D4876,MARUTI,SWIFT,VXI,541646.66,5,2020,2020-02-18,Ta-MAD,Hatchback,Petrol,1197,0,1,1,1,0,129366,Private,,,
VEH-12331,NTN85U74Q414665528,MH13A3474,MARUTI,BALENO HATCHBACK,Zeta 1.2,696402.84,5,2020,2020-07-09,De-NOI,Hatchback,Petrol,1197,1,0,0,1,1,145351,Private,Dent on door,,
VEH-12332,MSU51A94V256371532,UP89A5964,MARUTI,SWIFT DZIRE,VDI,767125.0,2,2023,2023-11-21,Ta-MAD,Sedan,Diesel,1248,0,0,1,0,1,37366,Private,,,
VEH-12333,XHS09S45X380662962,DL31A1600,MARUTI,SWIFT,VDI (DIESEL),390139.98,14,2011,2011-01-01,Ma-PUN,Hatchback,Diesel,1248,0,0,0,0,1,25719,Private,Dent on door,Body kit,
VEH-12334,HBD10K99E415363960,RJ28D7479,MARUTI,DZIRE,VXI,651605.0,4,2021,2021-09-05,De-NOI,Sedan,Petrol,1197,0,0,1,1,0,61301,Private,,Body kit,
VEH-12335,LCE12U68R801570275,WB80A3266,HYUNDAI,GRAND I10 NIOS,SPORTZ 1.2 KAPPA VTVT,541646.66,5,2020,2020-10-20,Ta-COI,Hatchback,Petrol,1197,0,1,1,1,0,23641,Private,,Body kit,
VEH-12336,PSV42L65W073764850,DL33B4801,TOYOTA KIRLOSKAR,INNOVA CRYSTA,2.4 V 8S,1024117.46,14,2011,2011-08-15,Ma-NAG,MUV,Diesel,2393,0,1,0,0,1,41646,Private,,,
VEH-12337,GOV14M46F794724397,DL10D3974,TOYOTA KIRLOSKAR,INNOVA CRYSTA,2.8 Z 7 STR,1219187.45,14,2011,2011-12-14,Ma-MUM,MUV,Diesel,2755,0,0,0,1,1,39921,Private,Minor scratches,Body kit,
VEH-12338,LFU73Z81O186855165,TN08C2880,HONDA,AMAZE,1.5 SMT i-DTEC,728768.75,3,2022,2022-06-11,Ma-MUM,Sedan,Diesel,1498,0,1,1,1,1,124260,Private,,,
VEH-12339,UYS81X78T717000301,TN26D6775,MARUTI,SWIFT,VDI (DIESEL),558669.84,7,2018,2018-12-11,Ta-MAD,Hatchback,Diesel,1248,0,0,0,0,1,36735,Private,Minor scratches,Body kit,
VEH-12340,GGK93W06J658458889,RJ70B5834,MARUTI,ALTO,K10 VXI,522500.0,1,2024,2024-09-19,Ta-CHE,Hatchback,Petrol,998,1,1,0,0,0,104380,Private,,Alloy wheels,
VEH-12341,HHY93X53H006895370,KA44C3542,MARUTI,SWIFT,VXI,665000.0,1,2024,2024-12-12,Ta-CHE,Hatchback,Petrol,1197,1,0,0,1,1,37659,Private,Minor scratches,,
VEH-12342,OOM94W96F588985859,GJ47C4189,MARUTI,SWIFT,VXI,398160.06,11,2014,2014-04-14,We-KOL,Hatchback,Petrol,1197,0,0,0,1,0,95590,Private,,,2016-06-16
VEH-12343,EVH48F94H646075857,TN09B6687,HYUNDAI,CRETA,1.4 E Plus,1058858.12,4,2021,2021-12-14,Ta-COI,SUV,Diesel,1582,1,0,0,0,0,84489,Private,,Alloy wheels,
VEH-12344,RON48V99T560529516,TN27B8195,MARUTI,BALENO HATCHBACK,Zeta 1.2,462007.87,13,2012,2012-09-02,Ma-PUN,Hatchback,Petrol,1197,0,0,1,1,1,10651,Commercial,Dent on door,Alloy wheels,
VEH-12345,ESL42J28U159203406,RJ92B2083,MARUTI,BALENO HATCHBACK,Delta 1.2,410673.67,13,2012,2012-09-04,Ma-NAG,Hatchback,Petrol,1197,0,0,0,1,0,52309,Private,,Body kit,
VEH-12346,QLJ45Z30Y454412977,RJ31A9454,MARUTI,SWIFT,VXI,570154.37,4,2021,2021-03-07,Ma-MUM,Hatchback,Petrol,1197,0,0,1,1,1,26331,Private,,Body kit,
VEH-12347,IBX67I35T795280633,KA04C5033,HONDA,AMAZE,VX PETROL,980000.0,0,2025,2025-09-19,We-HOW,Sedan,Petrol,1199,1,0,0,0,1,47554,Private,Dent on door,Alloy wheels,
VEH-12348,JVU98I40H754927941,WB06B6991,MARUTI,BALENO HATCHBACK,Delta 1.2,760000.0,1,2024,2024-05-19,Ka-BAN,Hatchback,Petrol,1197,1,1,0,1,1,129814,Private,,,
VEH-12349,JYK08H47A094735639,UP80A2319,HONDA,CITY,1.5 V MT,841824.14,11,2014,2014-04-13,Ma-PUN,Sedan,Petrol,1498,0,0,0,1,1,66252,Commercial,Dent on door,Body kit,
VEH-12350,JEH58A99N993836786,UP43B9887,MARUTI,SWIFT,VXI,324303.86,15,2010,2010-04-23,Ma-NAG,Hatchback,Petrol,1197,1,1,0,0,0,10407,Private,,,
VEH-12351,AYK63V85W850190500,WB14D8868,MARUTI,VITARA BREZZA,VXI,598736.94,10,2015,2015-04-10,Ma-NAG,SUV,Petrol,1462,1,0,1,1,1,145135,Private,Minor scratches,Body kit,
VEH-12352,EBT95T18E608767652,RJ50A2482,MARUTI,SWIFT,VDI (DIESEL),685900.0,3,2022,2022-04-28,De-GUR,Hatchback,Diesel,1248,0,1,0,1,0,47922,Private,,,
VEH-12353,JEB57L46L004628706,UP13D7154,MARUTI,SWIFT DZIRE,VDI,807500.0,1,2024,2024-10-10,Ka-BAN,Sedan,Diesel,1248,0,1,1,0,0,112011,Private,Minor scratches,,2027-01-22
VEH-12354,LXG22W78F721622149,TN59D4437,HONDA,AMAZE,VX PETROL,650152.02,8,2017,2017-10-22,Ma-MUM,Sedan,Petrol,1199,1,0,0,1,0,100197,Private,Dent on door,,
VEH-12355,LPJ74N01R634413753,KA53A3997,MARUTI,SWIFT,VXI,631750.0,2,2023,2023-02-10,Ka-MYS,Hatchback,Petrol,1197,1,0,0,1,1,34015,Private,,Body kit,
VEH-12356,PJK52J07I363063794,TN73B4816,MARUTI,BALENO HATCHBACK,Delta 1.2,530736.35,8,2017,2017-07-04,Ta-COI,Hatchback,Petrol,1197,0,1,0,1,0,53867,Private,,,
VEH-12357,XEW22O95E320153312,TN50A2684,HYUNDAI,GRAND I10,SPORTZ 1.2 KAPPA VTVT,364032.06,11,2014,2014-10-22,Ta-CHE,Hatchback,Petrol,1197,0,1,1,1,0,101728,Private,Dent on door,,
VEH-12358,OXN05Y70R544564544,GJ57C8880,HONDA,AMAZE,1.2 SMT i-VTEC,514564.32,6,2019,2019-08-13,De-NEW,Sedan,Petrol,1199,1,0,0,0,1,23919,Private,,Alloy wheels,
VEH-12359,IRO05C81A058819411,KA28C5191,TOYOTA KIRLOSKAR,INNOVA CRYSTA,2.4 ZX MT 7 STR,1536342.05,7,2018,2018-06-11,Ma-PUN,MUV,Diesel,2393,0,0,0,1,1,74274,Private,,,
VEH-12360,AGY74X82E725720342,UP52D9664,HONDA,AMAZE,1.2 SMT i-VTEC,631750.0,2,2023,2023-03-07,Ma-NAG,Sedan,Petrol,1199,0,1,1,0,0,106012,Private,,Body kit,
VEH-12361,XYC24F61P958965900,RJ48B5125,HYUNDAI,GRAND I10 NIOS,SPORTZ 1.2 KAPPA VTVT,324303.86,15,2010,2010-06-06,Ka-MYS,Hatchback,Petrol,1197,1,0,1,1,0,5437,Private,,,
VEH-12362,NKT30F34Q913622804,KA03D6303,HONDA,AMAZE,VX PETROL,684370.55,7,2018,2018-11-01,Ma-NAG,Sedan,Petrol,1199,0,1,0,1,1,140337,Private,,Body kit,
VEH-12363,MBL26L98X598637665,MH49D1104,MARUTI,BALENO HATCHBACK,Delta 1.2,588073.51,6,2019,2019-08-26,Ka-BAN,Hatchback,Petrol,1197,0,1,0,0,1,109664,Private,,Body kit,
VEH-12364,SXJ79J95A823065080,UP20B8762,MARUTI,ALTO 800,LXI,325802.5,4,2021,2021-11-13,Ta-COI,Hatchback,Petrol,796,0,1,1,1,0,18374,Private,Minor scratches,Alloy wheels,
VEH-12365,BUX85G86R578305834,TN76D7082,MARUTI,SWIFT,VXI,514564.32,6,2019,2019-04-23,We-KOL,Hatchback,Petrol,1197,1,0,1,1,0,142001,Private,Minor scratches,Alloy wheels,
VEH-12366,AEJ67N03B573974597,DL04D5780,HYUNDAI,CRETA,1.4 E Plus,1235000.0,1,2024,2024-09-04,Ma-PUN,SUV,Diesel,1582,1,0,0,0,1,34918,Private,,,
VEH-12367,ZQI78W47E396766038,MH46B6680,MARUTI,DZIRE,VXI,530736.35,8,2017,2017-02-19,Ma-MUM,Sedan,Petrol,1197,0,0,0,1,1,37301,Private,,,
VEH-12368,DMH54J85R833627267,GJ91C6782,MARUTI,DZIRE,VXI,455040.07,11,2014,2014-12-17,De-NOI,Sedan,Petrol,1197,1,0,0,0,0,113879,Private,Minor scratches,Alloy wheels,
VEH-12369,MGQ87A09Q795739449,RJ70B8944,MARUTI,SWIFT DZIRE,VDI,459306.07,12,2013,2013-03-27,Ma-NAG,Sedan,Diesel,1248,1,0,1,0,1,39111,Commercial,,Alloy wheels,
VEH-12370,MVU80X57V525690023,UP12B1231,HYUNDAI,GRAND I10,SPORTZ 1.2 KAPPA VTVT,403359.62,9,2016,2016-12-23,We-HOW,Hatchback,Petrol,1197,1,1,0,1,1,36414,Private,,,
VEH-12371,WKR33H95A815112615,TN55D2256,HYUNDAI,GRAND I10,SPORTZ 1.2 KAPPA VTVT,640000.0,0,2025,2025-04-17,De-NEW,Hatchback,Petrol,1197,1,0,0,1,1,119596,Private,Dent on door,Body kit,2026-11-29
VEH-12372,AAY82Q84Z256647803,GJ05B8633,MARUTI,VITARA BREZZA,ZDI PLUS,1200000.0,0,2025,2025-03-07,Ma-PUN,SUV,Diesel,1248,0,1,0,0,0,53055,Private,,,
VEH-12373,HCF63D97W817555202,GJ83A5185,MARUTI,SWIFT,VXI,541646.66,5,2020,2020-06-23,Ma-MUM,Hatchback,Petrol,1197,1,0,0,0,1,141355,Private,,,
VEH-12374,SJP52D45Q337262085,WB08A7464,MARUTI,SWIFT,VXI,378252.06,12,2013,2013-04-09,Ka-BAN,Hatchback,Petrol,1197,0,0,0,1,1,141000,Private,Minor scratches,,
VEH-12375,KAZ17F89Y793294473,KA30B6502,MARUTI,SWIFT,VXI,378252.06,12,2013,2013-02-15,Ma-NAG,Hatchback,Petrol,1197,0,0,0,1,1,20983,Private,Dent on door,Body kit,
VEH-12376,WDN67K26E203260804,GJ33A7532,MARUTI,SWIFT DZIRE,VDI,414523.73,14,2011,2011-12-05,Ta-COI,Sedan,Diesel,1248,1,0,0,1,0,139715,Private,Minor scratches,Body kit,
VEH-12377,UAC67B07E441057484,MH75D8195,MARUTI,DZIRE,VXI,530736.35,8,2017,2017-12-06,We-KOL,Sedan,Petrol,1197,1,0,1,1,1,141513,Private,,,
VEH-12378,CBB70U11T595682979,KA60B6139,MARUTI,VITARA BREZZA,ZDI PLUS,1140000.0,1,2024,2024-12-03,We-HOW,SUV,Diesel,1248,0,1,1,1,0,31773,Private,Minor scratches,,
VEH-12379,YPO33A75P115848438,GJ57B2625,HONDA,AMAZE,1.2 SMT i-VTEC,488836.11,7,2018,2018-05-26,Ta-CHE,Sedan,Petrol,1199,1,1,1,1,1,120763,Private,,Body kit,
VEH-12380,XJG38P45O191466571,UP14B3041,HONDA,AMAZE,1.2 VXMT i-VTEC,758305.32,5,2020,2020-06-20,Ta-CHE,Sedan,Petrol,1199,1,1,1,1,0,115216,Private,Dent on door,Alloy wheels,
VEH-12381,JPU77N98O410587902,RJ14D5315,MARUTI,BALENO HATCHBACK,Delta 1.2,432288.07,12,2013,2013-04-04,Ta-CHE,Hatchback,Petrol,1197,0,1,0,1,0,100112,Private,Minor scratches,Body kit,
VEH-12382,CWL14L79J717720106,KA44A5018,HONDA,AMAZE,1.2 SMT i-VTEC,441174.59,9,2016,2016-08-22,Ta-MAD,Sedan,Petrol,1199,1,0,0,1,1,47515,Private,Dent on door,,
VEH-12383,PKX22H39B492056207,TN99B3151,MARUTI,WAGON R,1.0 VXI,464268.56,5,2020,2020-03-22,Ma-NAG,Hatchback,Petrol,998,1,1,0,1,0,119278,Private,,,
VEH-12384,YXO28H43C369922884,KA68C6726,MARUTI,SWIFT,VDI (DIESEL),558669.84,7,2018,2018-02-26,Ta-CHE,Hatchback,Diesel,1248,0,1,0,1,0,4590,Private,,,
VEH-12385,UPN56W41H671659245,RJ40D2013,MARUTI,BALENO HATCHBACK,Delta 1.2,722000.0,2,2023,2023-01-12,Ta-COI,Hatchback,Petrol,1197,1,1,0,0,1,38603,Private,Minor scratches,Alloy wheels,
VEH-12386,IWN84Y71E744475298,GJ33C2549,MARUTI,SWIFT,1.2 VXi BS IV,529429.06,4,2021,2021-05-26,Ka-BAN,Hatchback,Petrol,1197,1,1,1,0,1,84999,Private,,,
VEH-12387,BXN96Z68X717083298,GJ43D4771,MARUTI,ALTO 800,LXI,342950.0,3,2022,2022-02-13,Ta-MAD,Hatchback,Petrol,796,1,0,0,0,1,86982,Private,Minor scratches,Body kit,
VEH-12388,JCQ53K87J068222083,DL40D2175,HYUNDAI,CRETA,1.4 E Plus,1235000.0,1,2024,2024-05-04,Ta-CHE,SUV,Diesel,1582,1,1,1,0,0,107300,Private,Minor scratches,Alloy wheels,2025-08-21
VEH-12389,YKW84I44M596217411,GJ15D4353,MARUTI,WAGON R,1.0 VXI,514425.0,3,2022,2022-10-19,Ka-BAN,Hatchback,Petrol,998,1,0,0,1,1,18166,Private,Dent on door,Alloy wheels,
VEH-12390,EIE96P81B802122718,UP44D7300,MARUTI,WAGON R,1.0 LXI CNG,431223.28,8,2017,2017-12-18,Ma-NAG,Hatchback,CNG,998,1,0,1,1,1,75524,Private,Minor scratches,Body kit,
VEH-12391,HRR53Y84H860532137,WB10D6116,MARUTI,SWIFT,VDI (DIESEL),685900.0,3,2022,2022-06-03,Ma-MUM,Hatchback,Diesel,1248,1,1,0,1,1,149498,Private,Minor scratches,Alloy wheels,
VEH-12392,WWT29F20Y059131844,TN13B6934,MAHINDRA,SCORPIO,S11 2WD 7STR,1392805.69,5,2020,2020-09-28,We-KOL,SUV,Diesel,2184,1,1,1,0,1,52576,Private,Dent on door,,
VEH-12393,YBG96S44M640864341,RJ08D7948,HONDA,AMAZE,1.2 SMT i-VTEC,665000.0,1,2024,2024-04-18,Ta-COI,Sedan,Petrol,1199,1,0,0,1,1,67015,Private,,Body kit,
VEH-12394,FPA91A42R509882931,WB28D5723,MARUTI,VITARA BREZZA,VDI,567378.09,12,2013,2013-11-02,De-GUR,SUV,Diesel,1248,0,0,1,0,1,55452,Private,Minor scratches,,
VEH-12395,WVY28I63Q596778147,MH25C2922,MARUTI,VITARA BREZZA,VXI,663420.43,8,2017,2017-10-14,De-NEW,SUV,Petrol,1462,0,0,0,0,1,36409,Private,Minor scratches,,
VEH-12396,LPN03I04R054855578,KA01D7405,HONDA,AMAZE,1.2 VXMT i-VTEC,884450.0,2,2023,2023-02-26,Ka-MYS,Sedan,Petrol,1199,0,1,0,0,0,44348,Private,,,
VEH-12397,XKB69J11V619837802,WB55C8317,MARUTI,BALENO HATCHBACK,Zeta 1.2,486324.08,12,2013,2013-02-04,Ka-BAN,Hatchback,Petrol,1197,1,1,1,1,0,23047,Private,Minor scratches,Body kit,
VEH-12398,UCQ07U96H903868337,KA63A7341,MARUTI,SWIFT,VDI (DIESEL),760000.0,1,2024,2024-09-11,Ma-MUM,Hatchback,Diesel,1248,1,1,1,0,1,13370,Private,,,
VEH-12399,QZF06R08Q317498684,UP20D7490,HONDA,CITY,1.5 V MT,759746.28,13,2012,2012-06-07,We-HOW,Sedan,Petrol,1498,1,0,0,1,0,50524,Private,,,
VEH-12400,SAW77F51O724751332,GJ54B9393,MARUTI,SWIFT DZIRE,VDI,483480.08,11,2014,2014-08-03,De-GUR,Sedan,Diesel,1248,0,0,1,0,1,64432,Private,Dent on door,Alloy wheels,2017-01-22
VEH-12401,KOL92E79C763485337,DL89C7484,MARUTI,SWIFT,VDI (DIESEL),478989.55,10,2015,2015-07-14,Ta-CHE,Hatchback,Diesel,1248,0,0,1,0,0,119023,Private,Dent on door,,
VEH-12402,QIA86I07B306470380,UP73A3599,TOYOTA KIRLOSKAR,INNOVA CRYSTA,2.8 Z 7 STR,1219187.45,14,2011,2011-05-01,Ma-PUN,MUV,Diesel,2755,0,1,0,1,1,74145,Private,,Alloy wheels,
VEH-12403,HTS86H63X734496658,TN21A3745,MARUTI,ALTO 800,LXI,400000.0,0,2025,2025-10-02,Ma-PUN,Hatchback,Petrol,796,1,0,0,1,1,22638,Private,,,
VEH-12404,QAC97U91R440334861,DL12A7054,MARUTI,VITARA BREZZA,VDI,855231.56,4,2021,2021-06-04,Ma-NAG,SUV,Diesel,1248,1,1,1,1,1,2579,Private,,Body kit,
VEH-12405,MQK40A49Z901823700,UP90B4732,MARUTI,VITARA BREZZA,ZDI PLUS,718484.33,10,2015,2015-07-10,Ta-COI,SUV,Diesel,1248,1,0,0,1,1,33776,Private,,Alloy wheels,
VEH-12406,JGL02N67P874533547,GJ63D6416,MARUTI,SWIFT DZIRE,VDI,508926.4,10,2015,2015-09-10,De-NEW,Sedan,Diesel,1248,1,1,1,0,0,66277,Commercial,,,
VEH-12407,SIJ13S73U783745855,KA05D2460,MARUTI,WAGON R,1.0 LXI CNG,453919.24,7,2018,2018-10-04,Ta-MAD,Hatchback,CNG,998,0,0,0,0,0,1075,Private,,Body kit,2019-11-07
VEH-12408,EKA93L53D246510693,GJ06A1480,MARUTI,SWIFT,1.2 VXi BS IV,529429.06,4,2021,2021-01-08,We-KOL,Hatchback,Petrol,1197,0,0,0,1,1,149676,Private,,,2023-09-12
VEH-12409,KFK86R41H001858739,RJ85C9331,TOYOTA KIRLOSKAR,INNOVA CRYSTA,2.8 ZX AT 7 STR,1911238.92,6,2019,2019-04-12,De-NEW,MUV,Diesel,2755,1,0,0,0,0,89757,Private,,Alloy wheels,2021-10-19
VEH-12410,TTC92M25M776565482,DL27B3750,HONDA,AMAZE,1.5 SMT i-DTEC,767125.0,2,2023,2023-12-26,Ka-MYS,Sedan,Diesel,1498,0,0,1,1,0,6982,Private,,,
VEH-12411,RFW65G73Y577488068,TN99A7982,MARUTI,ALTO 800,LXI,185316.49,15,2010,2010-11-19,Ta-CHE,Hatchback,Petrol,796,1,1,1,1,1,93112,Private,Minor scratches,,
VEH-12412,FWE51Z60A708084862,RJ71A7058,MARUTI,SWIFT,VDI (DIESEL),685900.0,3,2022,2022-07-08,We-KOL,Hatchback,Diesel,1248,1,1,1,1,1,6318,Private,Dent on door,,
VEH-12413,DZH47A09D038078664,GJ99B8477,HONDA,AMAZE,1.2 VXMT i-VTEC,617644.42,9,2016,2016-03-10,De-NEW,Sedan,Petrol,1199,1,1,0,1,0,18425,Private,,Alloy wheels,
VEH-12414,AJQ17S12J432586892,DL68D4669,HONDA,AMAZE,1.5 SMT i-DTEC,624828.11,6,2019,2019-08-14,Ma-MUM,Sedan,Diesel,1498,0,0,1,1,1,87938,Private,,,
VEH-12415,NBG55T07U427237763,DL61C2640,MARUTI,ERTIGA,1.5 VXI CNG,992750.0,2,2023,2023-08-07,We-KOL,MUV,CNG,1462,1,0,0,1,0,75969,Private,Minor scratches,Alloy wheels,
VEH-12416,XWT58E82I539786885,DL35A1631,HONDA,CITY,1.5 V MT,932769.13,9,2016,2016-10-27,Ta-MAD,Sedan,Petrol,1498,0,1,0,1,1,106393,Private,Dent on door,Alloy wheels,
VEH-12417,XFF28L58L707830630,KA65B6050,MARUTI,WAGON R,1.0 LXI CNG,369720.06,11,2014,2014-06-20,De-NEW,Hatchback,CNG,998,1,0,0,1,0,62834,Private,Minor scratches,Body kit,
VEH-12418,RRP28C96H631998914,UP13A2742,HONDA,AMAZE,VX PETROL,503075.24,13,2012,2012-07-12,Ma-PUN,Sedan,Petrol,1199,0,1,0,1,1,26241,Private,Dent on door,Body kit,
VEH-12419,YQN11V96Q090705272,UP47C5713,MARUTI,SWIFT,VXI,359339.46,13,2012,2012-05-18,Ka-BAN,Hatchback,Petrol,1197,1,0,0,0,1,140997,Private,,,
VEH-12420,NBQ36C39J579115856,KA93C6586,MARUTI,DZIRE,VXI,410673.67,13,2012,2012-03-16,Ma-PUN,Sedan,Petrol,1197,1,1,0,1,1,29629,Private,,Alloy wheels,
VEH-12421,NEX64M01T513512252,RJ04A3774,HYUNDAI,VENUE,1.2 S PETROL,393797.55,15,2010,2010-11-20,De-GUR,SUV,Petrol,1197,1,0,0,1,0,61049,Private,,Alloy wheels,
VEH-12422,XNR24X14Z792012273,DL96B1035,MARUTI,SWIFT DZIRE,VDI,850000.0,0,2025,2025-12-09,Ma-PUN,Sedan,Diesel,1248,0,1,0,1,1,134387,Private,Minor scratches,Body kit,
VEH-12423,OTK29X96U548285586,DL04A2572,MARUTI,WAGON R,1.0 VXI,541500.0,2,2023,2023-12-14,De-GUR,Hatchback,Petrol,998,1,0,0,1,1,149206,Private,,,
VEH-12424,BUW31G63L769531901,MH94C5933,HONDA,AMAZE,1.2 SMT i-VTEC,341372.49,14,2011,2011-07-20,Ma-MUM,Sedan,Petrol,1199,0,0,0,0,0,82267,Private,Minor scratches,,2014-03-28
VEH-12425,DMQ26P67Q015183957,UP68A1369,HONDA,AMAZE,1.5 SMT i-DTEC,657713.8,5,2020,2020-11-19,De-NOI,Sedan,Diesel,1498,0,0,0,1,0,136706,Private,,,
VEH-12426,GFW08H06G028717003,WB79D6683,HYUNDAI,GRAND I10 NIOS,SPORTZ 1.2 KAPPA VTVT,464394.3,8,2017,2017-06-25,Ta-CHE,Hatchback,Petrol,1197,1,1,0,1,1,28195,Private,,Body kit,
VEH-12427,NNR71I07F692997185,DL81B8947,MARUTI,VITARA BREZZA,VDI,539009.19,13,2012,2012-10-23,Ta-CHE,SUV,Diesel,1248,1,1,0,0,0,24460,Private,Minor scratches,,
VEH-12428,REZ88G99E869686197,GJ12B8145,HYUNDAI,GRAND I10 NIOS,SPORTZ 1.2 KAPPA VTVT,570154.37,4,2021,2021-02-24,De-NEW,Hatchback,Petrol,1197,1,1,0,1,1,24592,Private,,,
VEH-12429,CHR63E96K388836488,DL22B5903,HYUNDAI,VENUE,1.2 S PETROL,436340.77,13,2012,2012-08-02,Ma-MUM,SUV,Petrol,1197,0,0,0,0,1,145196,Commercial,Dent on door,,
VEH-12430,ZRK31L16M912601978,WB25B7832,MARUTI,BALENO HATCHBACK,Delta 1.2,455040.07,11,2014,2014-05-17,Ta-COI,Hatchback,Petrol,1197,1,0,0,1,0,19997,Private,,,
VEH-12431,RUB85D60O515637296,DL30B4675,HONDA,CITY,1.5 V MT,685671.02,15,2010,2010-01-02,Ma-PUN,Sedan,Petrol,1498,0,1,0,1,1,58603,Private,Minor scratches,,2011-11-13
VEH-12432,SVA06O04O678698324,UP10D4396,HYUNDAI,GRAND I10 NIOS,SPORTZ 1.2 KAPPA VTVT,514564.32,6,2019,2019-10-03,Ka-BAN,Hatchback,Petrol,1197,1,0,0,1,1,117430,Private,,,
VEH-12433,PYR92S92P968948845,KA78B1574,HONDA,AMAZE,1.2 VXMT i-VTEC,980000.0,0,2025,2025-09-02,Ma-MUM,Sedan,Petrol,1199,1,0,1,0,0,81054,Commercial,,Body kit,
VEH-12434,QVC90K16L567485465,MH20D6287,MARUTI,VITARA BREZZA,VXI,857375.0,3,2022,2022-04-12,Ma-MUM,SUV,Petrol,1462,1,1,0,1,0,7822,Private,,,2024-09-19
VEH-12435,PID80W00F678701091,WB18C8377,MARUTI,WAGON R,1.0 LXI CNG,557293.75,3,2022,2022-11-17,Ka-BAN,Hatchback,CNG,998,1,1,0,1,1,82618,Private,Dent on door,,
VEH-12436,XYX31Y59V058889593,MH52D8580,HONDA,AMAZE,VX PETROL,758305.32,5,2020,2020-11-15,Ma-MUM,Sedan,Petrol,1199,1,1,0,0,0,130696,Private,,,
VEH-12437,SDE20O56A843677604,MH72C3592,MARUTI,SWIFT,1.2 VXi BS IV,502957.61,5,2020,2020-06-19,De-NEW,Hatchback,Petrol,1197,1,0,0,1,1,98551,Private,,,
VEH-12438,CDR68S61W238909137,WB81B8788,HONDA,AMAZE,1.2 SMT i-VTEC,359339.46,13,2012,2012-11-03,Ma-PUN,Sedan,Petrol,1199,1,1,0,0,1,130870,Private,Dent on door,Body kit,
VEH-12439,KSN29V78M332565152,GJ71A2353,MARUTI,WAGON R,1.0 VXI,308005.25,13,2012,2012-09-24,We-KOL,Hatchback,Petrol,998,1,1,0,0,0,8620,Private,,Body kit,
VEH-12440,MWT05R09Q954922481,TN53C3278,TOYOTA KIRLOSKAR,INNOVA CRYSTA,2.4 V 8S,1078018.37,13,2012,2012-03-19,Ka-MYS,MUV,Diesel,2393,1,1,0,1,0,2968,Private,Dent on door,,
VEH-12441,DCV25C33V656590851,RJ02D9721,MARUTI,BALENO HATCHBACK,Delta 1.2,370632.98,15,2010,2010-02-17,We-KOL,Hatchback,Petrol,1197,1,0,0,1,1,64270,Private,,,
VEH-12442,QIC51F64I341111073,RJ69A1959,MARUTI,SWIFT,VXI,419115.86,10,2015,2015-08-01,We-HOW,Hatchback,Petrol,1197,0,0,0,1,0,97160,Private,,Body kit,
VEH-12443,LEB79L48H147995638,GJ62A1641,MARUTI,SWIFT,VXI,570154.37,4,2021,2021-10-25,Ta-MAD,Hatchback,Petrol,1197,1,1,0,1,0,42023,Private,Dent on door,,
VEH-12444,GLW59J85X996073422,RJ55D6049,MAHINDRA,THAR,LX HARD TOP AT 4STR DIESEL,1017852.8,10,2015,2015-05-17,Ta-CHE,SUV,Diesel,2184,0,0,0,0,0,102133,Private,Dent on door,Body kit,
VEH-12445,RMN16B50C712559075,RJ71C1001,HYUNDAI,VENUE,1.2 S PETROL,657713.8,5,2020,2020-09-09,Ta-MAD,SUV,Petrol,1197,1,0,0,1,1,120547,Private,,Body kit,2022-06-22
VEH-12446,VRP35M37T318223814,MH27B6196,MARUTI,SWIFT,1.2 VXi BS IV,650000.0,0,2025,2025-03-21,Ma-NAG,Hatchback,Petrol,1197,0,1,0,0,1,108129,Private,,,
VEH-12447,QZY29F76Q752737742,UP71B9197,MARUTI,VITARA BREZZA,ZDI PLUS,1200000.0,0,2025,2025-02-23,Ta-CHE,SUV,Diesel,1248,1,0,1,1,0,75276,Private,Dent on door,Body kit,
VEH-12448,HII34D10T952126899,MH55B1847,MARUTI,VITARA BREZZA,ZDI PLUS,616010.5,13,2012,2012-02-08,Ma-MUM,SUV,Diesel,1248,0,0,0,1,0,146711,Private,,Body kit,
VEH-12449,ULS52A48M464575964,UP03A2850,HYUNDAI,CRETA,1.4 E Plus,633977.47,14,2011,2011-03-14,Ma-PUN,SUV,Diesel,1582,0,1,0,1,1,82131,Private,Minor scratches,Body kit,2013-07-15
VEH-12450,IXG12Y68G871583138,DL80D1699,MARUTI,BALENO HATCHBACK,Zeta 1.2,438907.48,14,2011,2011-01-13,Ka-MYS,Hatchback,Petrol,1197,1,1,1,1,1,80505,Private,,Body kit,
VEH-12451,QFP85Z54I552267569,MH17C8496,MARUTI,SWIFT,VDI (DIESEL),760000.0,1,2024,2024-09-19,De-NOI,Hatchback,Diesel,1248,0,1,0,1,1,149175,Private,Dent on door,,2026-02-16
VEH-12452,JEX15L00C360963010,RJ19B6880,HONDA,AMAZE,1.5 SMT i-DTEC,807500.0,1,2024,2024-09-11,Ka-BAN,Sedan,Diesel,1498,0,0,0,1,1,97448,Private,,,
VEH-12453,WQQ41N42O383644071,GJ44D1842,MARUTI,SWIFT,1.2 VXi BS IV,316988.74,14,2011,2011-03-13,Ma-PUN,Hatchback,Petrol,1197,0,1,0,1,0,88137,Private,Dent on door,Body kit,2013-06-13
VEH-12454,UDY40N57L433997758,GJ68A7545,MARUTI,SWIFT,1.2 VXi BS IV,409662.12,9,2016,2016-03-08,We-HOW,Hatchback,Petrol,1197,0,0,0,1,1,143031,Private,Minor scratches,Alloy wheels,
VEH-12455,YAK69K56U127439161,WB05C4888,MARUTI,BALENO HATCHBACK,Delta 1.2,455040.07,11,2014,2014-09-06,Ma-NAG,Hatchback,Petrol,1197,0,1,0,1,0,59581,Private,,Body kit,
VEH-12456,HBA42F03U469832633,UP62B5493,HONDA,AMAZE,1.2 VXMT i-VTEC,684370.55,7,2018,2018-06-22,Ka-MYS,Sedan,Petrol,1199,0,0,1,1,0,97374,Private,Minor scratches,,
VEH-12457,ZHS56B79T439354076,KA89C9584,HONDA,CITY,1.5 V MT,886130.67,10,2015,2015-08-24,We-KOL,Sedan,Petrol,1498,0,0,0,1,1,62853,Private,Minor scratches,Body kit,2016-12-08
VEH-12458,XCO75R77K375670697,RJ94B3546,HYUNDAI,CRETA,1.4 E Plus,667344.71,13,2012,2012-12-06,Ta-MAD,SUV,Diesel,1582,1,1,0,1,1,24779,Private,,Alloy wheels,2014-06-05
VEH-12459,XCP58V94B309178277,GJ85B5009,MARUTI,SWIFT,1.2 VXi BS IV,431223.28,8,2017,2017-03-15,Ka-BAN,Hatchback,Petrol,1197,0,0,1,1,1,135176,Private,,Alloy wheels,
VEH-12460,EPW61Z15T704099139,TN43D9504,MARUTI,SWIFT,VXI,570154.37,4,2021,2021-08-03,Ka-BAN,Hatchback,Petrol,1197,0,0,0,0,0,4650,Private,,Body kit,
VEH-12461,YEH32Y15Q072455417,DL12B7358,HYUNDAI,GRAND I10,SPORTZ 1.2 KAPPA VTVT,296506.39,15,2010,2010-11-12,De-NEW,Hatchback,Petrol,1197,0,1,0,1,0,39638,Private,Minor scratches,,2012-06-21
VEH-12462,OGV51Q51G675132386,KA47A1967,MARUTI,ALTO 800,LXI,380000.0,1,2024,2024-09-27,De-NOI,Hatchback,Petrol,796,1,0,0,1,1,66425,Private,Minor scratches,Body kit,
VEH-12463,ZDJ84U44N326379300,GJ72C6584,MAHINDRA,SCORPIO,S5 2WD 7STR,1221759.37,4,2021,2021-03-11,Ma-PUN,SUV,Diesel,2184,0,0,1,0,1,49426,Private,Minor scratches,,2023-07-14
VEH-12464,ELZ11F87A164863117,MH51C6713,MARUTI,BALENO HATCHBACK,Delta 1.2,410673.67,13,2012,2012-11-02,De-NEW,Hatchback,Petrol,1197,1,1,1,1,0,59203,Private,Dent on door,Alloy wheels,
VEH-12465,FSY24I57H435864721,TN30D4523,MARUTI,BALENO HATCHBACK,Delta 1.2,800000.0,0,2025,2025-02-15,De-NEW,Hatchback,Petrol,1197,1,1,0,1,1,42895,Private,,Alloy wheels,
VEH-12466,HEX68J78P068298380,UP56B1814,MARUTI,BALENO HATCHBACK,Delta 1.2,685900.0,3,2022,2022-03-13,We-KOL,Hatchback,Petrol,1197,0,0,0,1,0,89643,Private,Dent on door,Alloy wheels,
VEH-12467,NKR60X39V112567467,KA40C9903,MARUTI,SWIFT,VXI,419115.86,10,2015,2015-11-09,Ta-CHE,Hatchback,Petrol,1197,0,0,1,1,1,10781,Private,Dent on door,Alloy wheels,
VEH-12468,OVV91J89Z906195612,KA12A2930,HYUNDAI,CRETA,1.5 E DIESEL,699624.11,11,2014,2014-01-02,We-KOL,SUV,Diesel,1493,1,1,1,1,0,49492,Private,Minor scratches,Alloy wheels,2016-07-19
VEH-12469,TUY36U97E856516099,DL54B8789,HYUNDAI,CRETA,1.5 E DIESEL,1110075.0,2,2023,2023-01-09,De-NOI,SUV,Diesel,1493,0,0,0,1,1,37242,Private,Minor scratches,,
VEH-12470,HIA22N72B423052782,TN45D7898,MARUTI,BALENO HATCHBACK,Delta 1.2,651605.0,4,2021,2021-11-16,De-NEW,Hatchback,Petrol,1197,1,1,0,1,1,52860,Private,,Alloy wheels,2024-02-10
VEH-12471,DFE71K93M458078886,KA30C7212,HONDA,CITY,1.5 V MT,886130.67,10,2015,2015-01-22,De-NEW,Sedan,Petrol,1498,0,0,0,0,1,10426,Commercial,,Alloy wheels,
VEH-12472,GHY37K24K569895120,GJ84C3064,HYUNDAI,GRAND I10 NIOS,SPORTZ 1.2 KAPPA VTVT,441174.59,9,2016,2016-02-16,We-KOL,Hatchback,Petrol,1197,0,0,0,1,1,42225,Private,Dent on door,,
VEH-12473,UQI95R16U390662676,RJ49A3330,HYUNDAI,CRETA,1.5 E DIESEL,599840.22,14,2011,2011-03-25,De-NEW,SUV,Diesel,1493,1,1,0,1,0,25194,Private,Minor scratches,,
VEH-12474,YYT98R40L640187385,WB79C5746,MARUTI,BALENO HATCHBACK,Delta 1.2,455040.07,11,2014,2014-01-06,Ka-BAN,Hatchback,Petrol,1197,1,0,1,1,0,74089,Private,,,
VEH-12475,CFI95J27F687575570,KA02B7231,HYUNDAI,GRAND I10 NIOS,SPORTZ 1.2 KAPPA VTVT,665000.0,1,2024,2024-03-27,Ka-BAN,Hatchback,Petrol,1197,1,1,1,0,1,75003,Private,,,
VEH-12476,BVR95P14I080411122,KA29B5075,MAHINDRA,SCORPIO,S11 2WD 7STR,1543275.0,3,2022,2022-02-28,Ma-PUN,SUV,Diesel,2184,0,1,0,1,1,89488,Private,Dent on door,Body kit,
VEH-12477,UFH58L26K184952631,TN55B9376,HONDA,AMAZE,1.2 SMT i-VTEC,419115.86,10,2015,2015-05-19,Ta-CHE,Sedan,Petrol,1199,0,0,0,1,1,82458,Private,,,
VEH-12478,PYC62D81T236106739,RJ15C8511,MARUTI,VITARA BREZZA,ZDI PLUS,585209.97,14,2011,2011-09-23,Ta-MAD,SUV,Diesel,1248,0,0,1,1,1,105369,Private,Minor scratches,,
VEH-12479,WNV21T98F037338332,GJ74B4936,HYUNDAI,CRETA,1.5 E DIESEL,775206.77,9,2016,2016-01-01,Ma-MUM,SUV,Diesel,1493,0,1,1,1,0,46437,Private,Minor scratches,Body kit,
VEH-12480,GUK85Y64T968357238,KA95B9071,MARUTI,ERTIGA,1.5 VXI CNG,509620.35,15,2010,2010-07-23,Ka-BAN,MUV,CNG,1462,0,1,0,1,0,33197,Private,,,2011-12-08
VEH-12481,SDM01U66U334385492,RJ99C2095,MAHINDRA,SCORPIO,S11 2WD 7STR,1543275.0,3,2022,2022-07-12,Ma-NAG,SUV,Diesel,2184,0,0,1,0,0,43678,Private,,Body kit,
VEH-12482,HQT27L51E516842814,UP92C1651,MARUTI,ALTO 800,LXI,309512.37,5,2020,2020-06-25,We-HOW,Hatchback,Petrol,796,0,0,1,0,0,143973,Private,Minor scratches,Alloy wheels,
VEH-12483,HRK28P23G107777672,DL11C4097,MARUTI,SWIFT,1.2 VXi BS IV,389179.01,10,2015,2015-06-28,De-NOI,Hatchback,Petrol,1197,1,0,1,1,1,137951,Private,Dent on door,Alloy wheels,
VEH-12484,RIM44L21C905429166,DL97C7442,MARUTI,BALENO HATCHBACK,Zeta 1.2,511920.08,11,2014,2014-07-15,Ka-MYS,Hatchback,Petrol,1197,1,1,0,1,0,140160,Private,,,
VEH-12485,CNU64I97N805832676,TN98B3296,HYUNDAI,GRAND I10 NIOS,SPORTZ 1.2 KAPPA VTVT,464394.3,8,2017,2017-12-05,We-HOW,Hatchback,Petrol,1197,0,1,0,1,0,113674,Private,Minor scratches,,2019-03-30
VEH-12486,JSU16M70V091741335,MH46D3850,HYUNDAI,GRAND I10 NIOS,SPORTZ 1.2 KAPPA VTVT,464394.3,8,2017,2017-09-01,Ma-PUN,Hatchback,Petrol,1197,1,0,0,1,1,102501,Private,,Body kit,
VEH-12487,YJR74A73U688394044,GJ10D1968,HONDA,AMAZE,1.2 SMT i-VTEC,700000.0,0,2025,2025-07-28,Ma-PUN,Sedan,Petrol,1199,1,1,1,0,0,123915,Private,,,
VEH-12488,QOS10R95B330222325,GJ30C8546,MARUTI,DZIRE,VXI,432288.07,12,2013,2013-12-23,Ta-COI,Sedan,Petrol,1197,0,1,0,1,1,21304,Private,,Alloy wheels,2016-09-09
VEH-12489,IXD70K98Q688474357,TN37B8969,MARUTI,BALENO HATCHBACK,Delta 1.2,390139.98,14,2011,2011-12-17,Ka-BAN,Hatchback,Petrol,1197,1,0,1,1,0,2362,Private,Dent on door,,2013-07-24
VEH-12490,IWM58T10P218797110,DL12C5843,MARUTI,SWIFT,VXI,324303.86,15,2010,2010-01-17,De-NOI,Hatchback,Petrol,1197,1,1,0,0,0,24200,Private,,,
VEH-12491,AKG33W12M016229719,TN11B6896,MARUTI,SWIFT,1.2 VXi BS IV,617500.0,1,2024,2024-06-16,De-GUR,Hatchback,Petrol,1197,0,1,0,1,0,12519,Commercial,,Alloy wheels,
VEH-12492,WGZ02D18E126465989,TN95C2667,MARUTI,DZIRE,VXI,478989.55,10,2015,2015-02-27,Ma-NAG,Sedan,Petrol,1197,0,0,0,0,0,114032,Private,Dent on door,,
VEH-12493,ZBL32D70Q859286337,DL03D5607,MARUTI,DZIRE,VXI,410673.67,13,2012,2012-07-22,De-NOI,Sedan,Petrol,1197,0,0,0,1,0,61278,Private,Minor scratches,Body kit,2015-01-26
VEH-12494,WWP34W93L095610066,KA15D5641,MARUTI,ERTIGA,1.5 VXI CNG,943112.5,3,2022,2022-12-27,Ka-BAN,MUV,CNG,1462,1,0,1,1,1,44597,Private,,Alloy wheels,
VEH-12495,BIU35B97Z629072856,DL85D4828,MARUTI,SWIFT,1.2 VXi BS IV,477809.73,6,2019,2019-02-20,We-HOW,Hatchback,Petrol,1197,0,0,0,1,0,120845,Private,,,2021-09-22
VEH-12496,TXQ85X48U961652755,WB07B5064,MARUTI,SWIFT,1.2 VXi BS IV,617500.0,1,2024,2024-02-05,We-KOL,Hatchback,Petrol,1197,1,0,1,1,0,5314,Private,Dent on door,,
VEH-12497,UMR09U12I798327590,GJ47A1890,MARUTI,ALTO 800,LXI,309512.37,5,2020,2020-10-08,Ma-NAG,Hatchback,Petrol,796,0,1,0,1,1,57443,Private,,Body kit,
VEH-12498,PYP45D91Y585265090,KA08D8055,MARUTI,VITARA BREZZA,VXI,540360.09,12,2013,2013-03-12,Ma-PUN,SUV,Petrol,1462,1,1,0,1,0,41876,Private,Minor scratches,Alloy wheels,
VEH-12499,PYD76J64E603527996,KA90B6778,MARUTI,SWIFT,VDI (DIESEL),504199.53,9,2016,2016-06-06,Ma-PUN,Hatchback,Diesel,1248,0,0,0,1,0,62788,Private,,Body kit,
VEH-12500,MED06Z39X155614818,GJ31C5845,HONDA,AMAZE,1.2 SMT i-VTEC,441174.59,9,2016,2016-09-01,We-KOL,Sedan,Petrol,1199,1,0,0,1,0,106687,Private,,,2018-12-16
VEH-12501,KVP60J68U349503140,KA12C7928,HONDA,AMAZE,1.2 SMT i-VTEC,570154.37,4,2021,2021-06-24,We-HOW,Sedan,Petrol,1199,0,0,0,1,0,92535,Private,,,
VEH-12502,ZQX82L37C694017811,MH88D4335,HONDA,AMAZE,1.2 SMT i-VTEC,488836.11,7,2018,2018-02-06,Ta-COI,Sedan,Petrol,1199,1,1,0,0,0,8307,Private,Dent on door,,
VEH-12503,OJM92C32P784676037,WB48C9108,MARUTI,SWIFT,1.2 VXi BS IV,617500.0,1,2024,2024-08-09,We-KOL,Hatchback,Petrol,1197,0,0,1,1,0,23531,Private,Dent on door,,2026-08-01
VEH-12504,MRE02J09R636739305,TN42A6470,MARUTI,SWIFT,VXI,665000.0,1,2024,2024-08-01,We-HOW,Hatchback,Petrol,1197,1,0,0,0,0,93699,Private,,,
VEH-12505,RZZ65C28F340421379,RJ30C4611,MARUTI,SWIFT,VXI,324303.86,15,2010,2010-09-28,Ta-COI,Hatchback,Petrol,1197,1,1,0,1,1,55212,Private,Dent on door,Body kit,
VEH-12506,NJG54C48J062765970,GJ58D9143,HYUNDAI,CRETA,1.5 E DIESEL,1001842.69,4,2021,2021-09-15,Ma-NAG,SUV,Diesel,1493,0,1,0,1,1,136422,Commercial,,Alloy wheels,2023-02-25
VEH-12507,NGC48P47Q389416731,RJ38C3783,HYUNDAI,VENUE,1.2 S PETROL,624828.11,6,2019,2019-07-14,Ta-COI,SUV,Petrol,1197,1,0,0,0,1,54134,Commercial,Minor scratches,Alloy wheels,
VEH-12508,KRP80A78G180075563,GJ53A8871,MARUTI,VITARA BREZZA,ZDI PLUS,1028850.0,3,2022,2022-02-01,Ma-NAG,SUV,Diesel,1248,1,1,0,0,1,113766,Private,Minor scratches,Alloy wheels,
VEH-12509,NBH83H92Z667983097,WB11A5102,MARUTI,VITARA BREZZA,ZDI PLUS,1140000.0,1,2024,2024-06-14,Ka-BAN,SUV,Diesel,1248,0,0,1,0,1,100217,Private,,,
VEH-12510,YYA99C43C464143113,DL96A7302,HONDA,AMAZE,VX PETROL,798216.12,4,2021,2021-05-04,Ma-PUN,Sedan,Petrol,1199,1,1,0,1,1,82026,Private,Dent on door,Body kit,
VEH-12511,NYS60D68J096329363,UP05C7845,MARUTI,BALENO HATCHBACK,Zeta 1.2,771637.5,3,2022,2022-07-02,Ka-MYS,Hatchback,Petrol,1197,1,1,0,1,0,59415,Private,,,
VEH-12512,APD06Q45J188695847,MH36C2747,MARUTI,ALTO 800,LXI,205336.83,13,2012,2012-07-15,Ka-MYS,Hatchback,Petrol,796,1,0,1,1,0,5727,Private,Dent on door,,
VEH-12513,VXW82R15J196850443,UP83C6086,MARUTI,VITARA BREZZA,VXI,814506.25,4,2021,2021-08-17,We-KOL,SUV,Petrol,1462,1,1,0,1,0,30653,Private,Minor scratches,,2022-12-12
VEH-12514,DHC02F26G114841305,DL93C2549,MARUTI,DZIRE,VXI,685900.0,3,2022,2022-05-18,Ka-MYS,Sedan,Petrol,1197,1,1,0,0,1,38842,Private,,,2024-06-03
VEH-12515,CZE21U68B466652526,KA13B3910,MARUTI,SWIFT,1.2 VXi BS IV,650000.0,0,2025,2025-02-16,Ma-MUM,Hatchback,Petrol,1197,0,1,1,1,0,129526,Private,,Alloy wheels,
VEH-12516,LFL93G60M204948654,MH10C2690,MARUTI,SWIFT,VXI,541646.66,5,2020,2020-03-21,Ma-PUN,Hatchback,Petrol,1197,1,1,0,1,0,76327,Private,,,
VEH-12517,QMG96I17T662453104,DL69A8296,HONDA,AMAZE,1.2 SMT i-VTEC,324303.86,15,2010,2010-01-01,Ta-CHE,Sedan,Petrol,1199,0,0,0,0,0,130493,Private,,Body kit,
VEH-12518,JQF02Y92W209921804,RJ28A5208,HONDA,AMAZE,1.2 SMT i-VTEC,488836.11,7,2018,2018-09-13,Ta-COI,Sedan,Petrol,1199,0,0,0,1,1,50973,Commercial,Dent on door,,
VEH-12519,LKA53F80L879279343,DL64C2485,MARUTI,DZIRE,VXI,410673.67,13,2012,2012-09-12,Ta-MAD,Sedan,Petrol,1197,0,0,0,1,1,85224,Private,,Body kit,2013-10-13
VEH-12520,IHI80L94Z521408559,KA20B7391,MARUTI,DZIRE,VXI,558669.84,7,2018,2018-10-10,Ma-PUN,Sedan,Petrol,1197,0,0,0,1,0,52433,Private,,,
VEH-12521,FHP80J76X775013788,TN36A4551,MARUTI,SWIFT DZIRE,VDI,459306.07,12,2013,2013-11-15,Ta-MAD,Sedan,Diesel,1248,1,1,0,1,0,122149,Private,,,
VEH-12522,TGO80X33I700994248,RJ42C6938,MARUTI,VITARA BREZZA,VDI,512058.73,14,2011,2011-09-13,Ma-MUM,SUV,Diesel,1248,1,1,0,1,0,127860,Private,,Body kit,
VEH-12523,EOW36D59C594074773,MH31B1416,MARUTI,SWIFT,VDI (DIESEL),478989.55,10,2015,2015-03-23,Ka-MYS,Hatchback,Diesel,1248,0,0,0,0,0,84555,Private,Dent on door,,2017-04-10
VEH-12524,KNN91D11N504440584,TN71A1458,HYUNDAI,GRAND I10,SPORTZ 1.2 KAPPA VTVT,403359.62,9,2016,2016-10-12,We-KOL,Hatchback,Petrol,1197,1,0,0,1,0,61814,Private,Dent on door,Alloy wheels,
VEH-12525,YJZ81Z97D732112443,KA59C3851,HONDA,AMAZE,1.2 SMT i-VTEC,324303.86,15,2010,2010-02-01,Ma-PUN,Sedan,Petrol,1199,0,0,0,1,1,26666,Private,Minor scratches,Body kit,2012-07-17
VEH-12526,SFB25E21Y278615823,GJ66A7408,MARUTI,ALTO 800,LXI,279334.92,7,2018,2018-11-05,Ma-MUM,Hatchback,Petrol,796,0,0,0,1,1,98310,Private,,Body kit,
VEH-12527,DJH16U78N938740109,RJ02D6364,MARUTI,VITARA BREZZA,ZDI PLUS,682560.11,11,2014,2014-01-03,Ka-BAN,SUV,Diesel,1248,0,1,1,0,0,77013,Private,,Alloy wheels,
VEH-12528,MXB90V33L348178345,RJ68A7987,MARUTI,BALENO HATCHBACK,Delta 1.2,558669.84,7,2018,2018-03-10,Ta-MAD,Hatchback,Petrol,1197,1,1,1,1,1,135275,Private,Dent on door,Alloy wheels,
VEH-12529,VRF28O48E209647626,TN95B2356,MARUTI,BALENO HATCHBACK,Delta 1.2,685900.0,3,2022,2022-08-15,Ta-CHE,Hatchback,Petrol,1197,0,1,0,1,0,99440,Private,Dent on door,,
VEH-12530,XOU72Z35W281562912,UP82A6720,MARUTI,WAGON R,1.0 VXI,308005.25,13,2012,2012-06-13,Ka-MYS,Hatchback,Petrol,998,0,1,0,1,0,112544,Commercial,,,
VEH-12531,CQO91Q77H688947685,GJ65B9134,MAHINDRA,SCORPIO,S5 2WD 7STR,898105.41,10,2015,2015-03-09,De-NEW,SUV,Diesel,2184,0,0,1,1,1,25254,Private,Dent on door,,
VEH-12532,HHD84W32C223921778,DL43D1207,MARUTI,SWIFT,VDI (DIESEL),558669.84,7,2018,2018-03-23,De-NEW,Hatchback,Diesel,1248,1,1,0,0,1,54621,Private,Minor scratches,Body kit,
VEH-12533,GWE70R83E650475183,MH68B2582,MARUTI,ALTO 800,LXI,380000.0,1,2024,2024-03-05,Ma-PUN,Hatchback,Petrol,796,1,0,1,0,0,40866,Private,,,
VEH-12534,LEX38E41O918220595,KA46D8591,HONDA,AMAZE,1.2 SMT i-VTEC,600162.5,3,2022,2022-03-02,Ka-BAN,Sedan,Petrol,1199,1,0,1,1,0,16293,Private,,Alloy wheels,2024-10-03
VEH-12535,HUH96Z09N407506437,DL25A8966,MARUTI,ALTO,K10 VXI,268221.24,14,2011,2011-09-12,Ka-BAN,Hatchback,Petrol,998,0,1,1,1,1,16375,Private,,Alloy wheels,2012-11-29
VEH-12536,GJL65M95O937461816,UP41C2516,MARUTI,DZIRE,VXI,800000.0,0,2025,2025-01-01,De-GUR,Sedan,Petrol,1197,1,1,1,1,0,93839,Private,Minor scratches,,
VEH-12537,SRU33I57Y468320232,MH67C9442,MARUTI,ALTO,K10 VXI,297198.05,12,2013,2013-10-12,Ma-NAG,Hatchback,Petrol,998,1,0,0,0,0,56006,Private,,,
VEH-12538,QKJ32U59F479704389,DL88C1916,HYUNDAI,GRAND I10 NIOS,SPORTZ 1.2 KAPPA VTVT,441174.59,9,2016,2016-08-07,Ta-MAD,Hatchback,Petrol,1197,1,0,1,0,1,54298,Private,Minor scratches,,2017-09-02
VEH-12539,AIX89R26R362694196,WB07B9838,MARUTI,WAGON R,1.0 VXI,308005.25,13,2012,2012-12-05,We-HOW,Hatchback,Petrol,998,1,0,0,1,0,117914,Private,Minor scratches,,
VEH-12540,JNW68E33Z657532349,WB03D3374,MARUTI,VITARA BREZZA,ZDI PLUS,718484.33,10,2015,2015-02-13,Ma-PUN,SUV,Diesel,1248,0,1,0,1,1,129110,Private,Minor scratches,Body kit,
VEH-12541,MWH42S38Q618500932,UP48B8190,MARUTI,ALTO,K10 VXI,447978.44,4,2021,2021-02-28,Ta-MAD,Hatchback,Petrol,998,0,0,0,0,1,107298,Private,Minor scratches,,2022-08-02
VEH-12542,QOK78F89U007387650,GJ80B8167,MARUTI,DZIRE,VXI,685900.0,3,2022,2022-01-15,We-KOL,Sedan,Petrol,1197,1,1,0,1,0,66177,Private,Minor scratches,,2023-11-25
VEH-12543,RAK51P02F591513525,RJ18D1116,TOYOTA KIRLOSKAR,INNOVA CRYSTA,2.4 ZX MT 7 STR,1188792.19,12,2013,2013-01-27,We-KOL,MUV,Diesel,2393,0,1,1,0,1,117599,Private,,,
VEH-12544,PMT29P53C232194724,MH95D2700,MARUTI,VITARA BREZZA,VXI,902500.0,2,2023,2023-09-22,We-KOL,SUV,Petrol,1462,0,0,0,0,0,26748,Private,,,
VEH-12545,MKM69L71K551786216,MH59D4750,MARUTI,WAGON R,1.0 LXI CNG,431223.28,8,2017,2017-07-09,Ta-CHE,Hatchback,CNG,998,1,0,1,0,1,17958,Commercial,Dent on door,Body kit,
VEH-12546,NIA91B02Y684991618,GJ38C2853,HYUNDAI,GRAND I10,SPORTZ 1.2 KAPPA VTVT,446935.87,7,2018,2018-01-14,Ka-BAN,Hatchback,Petrol,1197,0,0,0,1,0,90002,Private,,Alloy wheels,
VEH-12547,YPF59U98Y982083558,TN43C6352,HONDA,AMAZE,1.2 VXMT i-VTEC,503075.24,13,2012,2012-03-17,De-NOI,Sedan,Petrol,1199,1,0,0,1,1,113612,Private,,,
VEH-12548,DRQ72U86H079692329,WB80D7455,MARUTI,SWIFT,VXI,324303.86,15,2010,2010-04-20,Ma-PUN,Hatchback,Petrol,1197,1,0,0,1,1,48631,Private,Dent on door,Alloy wheels,
VEH-12549,ARD23H12V826856453,DL17C5658,MARUTI,WAGON R,1.0 VXI,600000.0,0,2025,2025-06-22,We-KOL,Hatchback,Petrol,998,0,0,0,1,0,91778,Private,,,
VEH-12550,UPG02O28T112421566,KA99A6298,HONDA,AMAZE,1.2 SMT i-VTEC,464394.3,8,2017,2017-06-28,Ma-NAG,Sedan,Petrol,1199,0,0,0,0,0,82354,Private,Dent on door,Body kit,2018-10-11
VEH-12551,QDP42H41L993684734,UP16C2730,MARUTI,WAGON R,1.0 LXI CNG,351234.06,12,2013,2013-11-20,Ma-PUN,Hatchback,CNG,998,1,1,0,0,0,126655,Private,Minor scratches,Alloy wheels,
VEH-12552,YRS00D99X631739509,MH49B6502,HYUNDAI,CRETA,1.4 E Plus,602278.6,15,2010,2010-06-13,De-NOI,SUV,Diesel,1582,0,0,0,0,0,100483,Private,,,
VEH-12553,BTY77V50J693048390,DL87A6814,MARUTI,ALTO,K10 VXI,346637.18,9,2016,2016-10-25,Ta-MAD,Hatchback,Petrol,998,1,0,1,0,1,96765,Private,,Alloy wheels,
VEH-12554,ZSO96T85N806819076,TN31C7794,MARUTI,WAGON R,1.0 VXI,419002.38,7,2018,2018-05-19,De-NEW,Hatchback,Petrol,998,1,0,0,0,1,72549,Private,Minor scratches,Body kit,
VEH-12555,ZRY04S93L729760908,RJ12C4760,MARUTI,ERTIGA,1.5 VXI CNG,564676.29,13,2012,2012-03-15,We-KOL,MUV,CNG,1462,0,1,1,0,1,30858,Private,Minor scratches,Body kit,
VEH-12556,REU86P32D084743603,RJ24A6473,MARUTI,VITARA BREZZA,VXI,902500.0,2,2023,2023-08-08,We-HOW,SUV,Petrol,1462,0,1,0,1,1,114822,Private,,Alloy wheels,2026-03-11
VEH-12557,LEC32I38F603143063,TN94D6912,HYUNDAI,CRETA,1.5 E DIESEL,631410.76,13,2012,2012-07-09,De-GUR,SUV,Diesel,1493,0,0,0,0,0,54427,Private,Minor scratches,Body kit,
VEH-12558,LDG71F26L400092114,GJ85A8833,MARUTI,VITARA BREZZA,VDI,696591.45,8,2017,2017-01-16,Ma-PUN,SUV,Diesel,1248,0,0,0,1,1,18871,Private,,,
VEH-12559,OAW51E80M311973293,UP21D1979,MARUTI,ALTO,K10 VXI,384085.51,7,2018,2018-10-04,Ta-MAD,Hatchback,Petrol,998,1,0,0,1,1,16027,Private,,,
VEH-12560,FOV59J99S321902590,RJ27A5061,HYUNDAI,CRETA,1.4 E Plus,778358.02,10,2015,2015-12-07,Ma-NAG,SUV,Diesel,1582,0,1,0,1,1,115829,Private,,Alloy wheels,
VEH-12561,NAB79M77F157906461,RJ34A8305,HONDA,CITY,1.5 V MT,1145195.79,5,2020,2020-11-19,Ma-PUN,Sedan,Petrol,1498,1,1,1,1,0,54382,Private,,,
VEH-12562,AFV84D64A501732210,WB80B7686,MARUTI,SWIFT,1.2 VXi BS IV,453919.24,7,2018,2018-03-02,Ta-CHE,Hatchback,Petrol,1197,1,1,0,1,1,78479,Private,Minor scratches,Body kit,
VEH-12563,YHS77B28M913592095,WB98D4253,MARUTI,ALTO 800,LXI,279334.92,7,2018,2018-04-22,Ka-BAN,Hatchback,Petrol,796,1,0,0,0,1,68445,Private,Dent on door,,
VEH-12564,AWG55G24W981173399,KA08D4724,MARUTI,VITARA BREZZA,VXI,463291.23,15,2010,2010-10-22,De-GUR,SUV,Petrol,1462,0,1,0,0,1,4837,Private,,,2012-02-25
VEH-12565,JVF74H98T044646371,GJ52D9961,MARUTI,BALENO HATCHBACK,Delta 1.2,432288.07,12,2013,2013-11-17,De-NOI,Hatchback,Petrol,1197,1,1,1,1,1,136969,Private,Dent on door,Alloy wheels,
VEH-12566,FHK65H20Y079467689,UP41C9821,MARUTI,BALENO HATCHBACK,Zeta 1.2,538863.25,10,2015,2015-06-14,Ma-MUM,Hatchback,Petrol,1197,1,0,0,1,1,70007,Private,Dent on door,,
VEH-12567,YJB03F17L450894049,WB57C1452,HYUNDAI,CRETA,1.4 E Plus,907838.48,7,2018,2018-08-13,De-NOI,SUV,Diesel,1582,0,0,1,1,1,97658,Private,,,
VEH-12568,QEW48Q06Y196447770,GJ40C4860,MARUTI,SWIFT,VXI,359339.46,13,2012,2012-08-25,Ta-CHE,Hatchback,Petrol,1197,1,0,0,1,1,24240,Private,,,2014-04-03
VEH-12569,JZY97N80S310187054,MH63D7328,MARUTI,VITARA BREZZA,VXI,568800.09,11,2014,2014-05-18,Ta-COI,SUV,Petrol,1462,0,1,1,1,1,49610,Private,Minor scratches,,
VEH-12570,ZON31O38R830692027,RJ46B1976,MARUTI,VITARA BREZZA,ZDI PLUS,555949.48,15,2010,2010-01-28,Ta-CHE,SUV,Diesel,1248,0,0,0,0,1,53920,Private,,Body kit,
VEH-12571,SDN26J47Z339619579,WB56A8687,MARUTI,ALTO 800,LXI,279334.92,7,2018,2018-08-03,Ta-MAD,Hatchback,Petrol,796,1,1,0,1,0,131152,Private,Dent on door,Body kit,
VEH-12572,VND09H98J737637269,WB12C9757,MARUTI,VITARA BREZZA,ZDI PLUS,555949.48,15,2010,2010-12-28,Ma-NAG,SUV,Diesel,1248,0,0,0,1,1,36951,Private,,,2012-03-17
VEH-12573,YRU48D98O849370347,KA10D7779,HYUNDAI,CRETA,1.5 E DIESEL,569848.21,15,2010,2010-05-11,Ma-MUM,SUV,Diesel,1493,0,0,0,0,0,56024,Private,Minor scratches,,2012-10-20
VEH-12574,XYU24J69J289398158,RJ75A7151,MARUTI,ERTIGA,1.5 VXI CNG,564676.29,13,2012,2012-12-28,Ma-PUN,MUV,CNG,1462,1,0,0,1,0,80302,Private,Dent on door,,
VEH-12575,KRH10Q01P897230327,KA51B5817,MAHINDRA,SCORPIO,S11 2WD 7STR,877814.96,14,2011,2011-05-10,Ma-PUN,SUV,Diesel,2184,1,1,0,1,1,42868,Private,,Alloy wheels,
VEH-12576,KYN87C84Z285840802,UP27C9895,MARUTI,BALENO HATCHBACK,Zeta 1.2,900000.0,0,2025,2025-11-23,We-HOW,Hatchback,Petrol,1197,1,0,1,1,1,114417,Private,,Body kit,
VEH-12577,AHQ00D46W171572648,WB83A6098,MARUTI,VITARA BREZZA,VXI,568800.09,11,2014,2014-06-09,De-NOI,SUV,Petrol,1462,0,1,0,1,1,14179,Private,Dent on door,,
VEH-12578,SMR26J44I605146320,MH29A8972,MARUTI,BALENO HATCHBACK,Zeta 1.2,696402.84,5,2020,2020-01-17,Ma-PUN,Hatchback,Petrol,1197,1,0,1,1,1,89628,Private,Dent on door,,
VEH-12579,OCI13G13L248442173,MH55A5940,MARUTI,WAGON R,1.0 VXI,441055.13,6,2019,2019-03-12,Ma-PUN,Hatchback,Petrol,998,0,0,1,1,0,144846,Private,Minor scratches,Alloy wheels,2021-07-18
VEH-12580,HQQ46S20D612544024,WB53D1191,MARUTI,ERTIGA,1.5 VXI CNG,729762.47,8,2017,2017-04-10,Ka-BAN,MUV,CNG,1462,0,0,0,1,0,101712,Private,,Alloy wheels,2018-08-21
VEH-12581,YAG12E91O660261404,KA30C6530,HYUNDAI,CRETA,1.4 E Plus,819324.23,9,2016,2016-07-23,We-HOW,SUV,Diesel,1582,0,1,0,1,1,72675,Private,,,
VEH-12582,PWR35B92P730117301,MH53D6926,HYUNDAI,GRAND I10,SPORTZ 1.2 KAPPA VTVT,548720.0,3,2022,2022-11-23,Ma-NAG,Hatchback,Petrol,1197,0,0,1,0,1,54429,Private,,,
VEH-12583,NLC19Q54H558983048,KA75C3681,MARUTI,ERTIGA,1.5 VXI CNG,729762.47,8,2017,2017-12-10,Ta-COI,MUV,CNG,1462,0,1,0,1,0,123109,Private,Dent on door,Alloy wheels,
VEH-12584,IHX98N70Q889596229,UP10A9011,HYUNDAI,GRAND I10,SPORTZ 1.2 KAPPA VTVT,345830.46,12,2013,2013-11-21,Ma-PUN,Hatchback,Petrol,1197,1,0,0,0,0,61476,Private,Dent on door,,
VEH-12585,QEH41L41N922434228,WB25A6897,HYUNDAI,GRAND I10,SPORTZ 1.2 KAPPA VTVT,383191.64,10,2015,2015-10-03,Ma-NAG,Hatchback,Petrol,1197,0,1,1,1,1,83943,Private,,Alloy wheels,2016-10-19
VEH-12586,YZQ58X52J079781498,MH41D7330,MARUTI,BALENO HATCHBACK,Delta 1.2,478989.55,10,2015,2015-10-02,Ma-MUM,Hatchback,Petrol,1197,0,1,1,0,0,47551,Commercial,Dent on door,Alloy wheels,
VEH-12587,PIE37S95Z066632077,TN29D3171,MARUTI,SWIFT,1.2 VXi BS IV,617500.0,1,2024,2024-12-15,Ma-MUM,Hatchback,Petrol,1197,0,1,1,1,0,34440,Commercial,,,
VEH-12588,IWQ33L73Q237266774,KA79A3136,MARUTI,SWIFT,1.2 VXi BS IV,369720.06,11,2014,2014-03-15,Ta-CHE,Hatchback,Petrol,1197,1,0,0,1,0,121634,Private,,,2016-03-30
VEH-12589,DQO28V23R294028268,WB08C7853,MARUTI,ALTO 800,LXI,380000.0,1,2024,2024-02-25,Ta-CHE,Hatchback,Petrol,796,0,0,0,1,1,16210,Private,Minor scratches,,
VEH-12590,UFW87H61Z840873392,MH98C5931,HONDA,AMAZE,1.2 VXMT i-VTEC,650152.02,8,2017,2017-04-04,Ta-CHE,Sedan,Petrol,1199,0,1,0,1,0,13034,Private,,,
VEH-12591,OBM59D77S578903023,WB53D4102,MARUTI,WAGON R,1.0 LXI CNG,453919.24,7,2018,2018-02-07,Ta-CHE,Hatchback,CNG,998,1,1,1,0,0,59662,Private,,Body kit,
VEH-12592,EHO95Y40X090186048,DL99A5942,MARUTI,VITARA BREZZA,ZDI PLUS,1200000.0,0,2025,2025-08-05,Ma-PUN,SUV,Diesel,1248,0,1,0,0,1,24841,Private,Minor scratches,Body kit,2027-02-12
VEH-12593,QEQ26E23N067650168,UP07A9667,HONDA,AMAZE,1.2 VXMT i-VTEC,557424.09,11,2014,2014-12-14,De-GUR,Sedan,Petrol,1199,0,1,0,1,0,101883,Private,Minor scratches,,
VEH-12594,RNY97C62V031979333,RJ64A3362,MARUTI,DZIRE,VXI,722000.0,2,2023,2023-12-26,Ta-COI,Sedan,Petrol,1197,0,0,0,1,0,44077,Private,Minor scratches,Alloy wheels,
VEH-12595,SVE96N67Z619262819,WB23D3972,MARUTI,ERTIGA,1.5 VXI CNG,509620.35,15,2010,2010-10-11,Ta-COI,MUV,CNG,1462,0,0,0,1,0,128075,Private,Dent on door,,
VEH-12596,OXH68B06Z707710408,DL37C6358,MARUTI,WAGON R,1.0 LXI CNG,650000.0,0,2025,2025-04-02,Ta-MAD,Hatchback,CNG,998,1,1,0,0,0,90663,Private,,,2026-10-10
VEH-12597,FDN41L68B051806264,TN57B5583,TOYOTA KIRLOSKAR,INNOVA CRYSTA,2.8 Z 7 STR,1283355.21,13,2012,2012-08-17,Ka-MYS,MUV,Diesel,2755,0,1,0,1,1,63713,Private,Minor scratches,,
VEH-12598,THP41W71X584477319,KA28A3694,MARUTI,SWIFT,VXI,570154.37,4,2021,2021-06-03,Ma-NAG,Hatchback,Petrol,1197,0,1,0,0,1,107975,Private,,,2023-02-17
VEH-12599,MLA87J94R912082780,RJ62C6139,MARUTI,SWIFT DZIRE,VDI,657713.8,5,2020,2020-11-23,Ka-MYS,Sedan,Diesel,1248,0,0,0,0,1,38129,Private,Minor scratches,Alloy wheels,2022-05-13
VEH-12600,TNA50G46S305745631,MH20C4002,MARUTI,SWIFT DZIRE,VDI,767125.0,2,2023,2023-04-09,Ka-BAN,Sedan,Diesel,1248,1,0,0,1,1,8511,Private,Minor scratches,Body kit,2024-08-31
VEH-12601,WEO34M54R897612404,WB21D6205,MAHINDRA,SCORPIO,S9 2WD 7STR,741265.97,15,2010,2010-06-06,We-KOL,SUV,Diesel,2184,1,0,0,1,1,139139,Private,Minor scratches,Body kit,
VEH-12602,JKT08L18A566721606,KA37A4526,MARUTI,BALENO HATCHBACK,Zeta 1.2,771637.5,3,2022,2022-12-27,Ma-NAG,Hatchback,Petrol,1197,1,1,1,0,0,118221,Private,Dent on door,Body kit,
VEH-12603,VYU56A24B011421239,KA01D5607,MARUTI,BALENO HATCHBACK,Zeta 1.2,696402.84,5,2020,2020-08-08,Ma-MUM,Hatchback,Petrol,1197,1,1,0,0,0,135165,Private,,Alloy wheels,
VEH-12604,ULH43A09H827398228,WB20D3009,HYUNDAI,GRAND I10 NIOS,SPORTZ 1.2 KAPPA VTVT,700000.0,0,2025,2025-12-05,De-GUR,Hatchback,Petrol,1197,0,1,0,1,1,104537,Private,Dent on door,,
VEH-12605,SYB81A63F899927577,TN63B7093,HONDA,AMAZE,1.2 VXMT i-VTEC,931000.0,1,2024,2024-04-07,Ma-PUN,Sedan,Petrol,1199,1,0,1,1,0,24772,Private,Minor scratches,Body kit,2026-09-15
VEH-12606,ROS20W88C795392508,DL75C4724,HONDA,AMAZE,1.2 SMT i-VTEC,398160.06,11,2014,2014-10-28,Ta-MAD,Sedan,Petrol,1199,0,0,0,1,0,144430,Private,Minor scratches,,2016-07-31
VEH-12607,JET19Y44V825160221,UP32A2676,MARUTI,ALTO 800,LXI,252099.76,9,2016,2016-03-24,Ta-MAD,Hatchback,Petrol,796,0,1,0,0,0,36262,Private,,Body kit,
VEH-12608,EWG18B81Y641135497,DL23C4173,HONDA,AMAZE,1.2 SMT i-VTEC,464394.3,8,2017,2017-01-27,Ma-NAG,Sedan,Petrol,1199,0,1,1,0,1,85763,Private,,Alloy wheels,2018-05-21
VEH-12609,QUZ26O90P531339290,WB13B1546,MARUTI,ERTIGA,1.5 VXI CNG,1100000.0,0,2025,2025-07-22,Ma-MUM,MUV,CNG,1462,1,1,1,1,0,136608,Private,,Alloy wheels,
VEH-12610,STM63H97O038544849,DL95B2698,MARUTI,SWIFT,VXI,514564.32,6,2019,2019-03-01,Ta-COI,Hatchback,Petrol,1197,0,0,0,1,0,139525,Private,,,
VEH-12611,NTQ47Q22N348641530,DL28A7911,MARUTI,ALTO 800,LXI,195069.99,14,2011,2011-10-26,Ta-CHE,Hatchback,Petrol,796,0,0,0,1,1,5577,Commercial,Dent on door,,
VEH-12612,KPH00D03U822166803,GJ92A1248,HYUNDAI,CRETA,1.4 E Plus,739440.12,11,2014,2014-03-07,Ta-CHE,SUV,Diesel,1582,0,0,0,1,0,11664,Private,,,
VEH-12613,PLL72W11T820860163,UP20C4428,HONDA,AMAZE,VX PETROL,884450.0,2,2023,2023-03-11,Ma-NAG,Sedan,Petrol,1199,1,1,0,0,0,120279,Private,,,
VEH-12614,BTQ64R23C498960950,RJ39D3172,HYUNDAI,GRAND I10 NIOS,SPORTZ 1.2 KAPPA VTVT,488836.11,7,2018,2018-06-10,Ta-COI,Hatchback,Petrol,1197,0,0,0,1,1,23317,Private,,Body kit,
VEH-12615,DIL57P28P914899917,UP13D3025,MARUTI,SWIFT,1.2 VXi BS IV,453919.24,7,2018,2018-03-27,De-NEW,Hatchback,Petrol,1197,0,1,1,1,0,73348,Private,,Body kit,
VEH-12616,TLN28X57H454270850,UP82C8544,HONDA,AMAZE,1.2 SMT i-VTEC,464394.3,8,2017,2017-08-16,Ma-PUN,Sedan,Petrol,1199,1,1,0,1,1,4945,Private,Dent on door,Alloy wheels,
VEH-12617,MIO30R15C186923534,GJ06D7567,MARUTI,ALTO 800,LXI,279334.92,7,2018,2018-09-19,De-NOI,Hatchback,Petrol,796,1,1,0,1,0,27659,Private,Minor scratches,Body kit,
VEH-12618,TVR57U40O766674404,RJ56D6149,HONDA,AMAZE,1.5 SMT i-DTEC,593586.7,7,2018,2018-06-03,Ma-MUM,Sedan,Diesel,1498,1,1,1,1,1,42724,Private,Dent on door,Body kit,
VEH-12619,UTC19I24X150303723,MH65D6992,TOYOTA KIRLOSKAR,INNOVA CRYSTA,2.8 GX AT 7 STR,1242828.2,12,2013,2013-07-28,Ka-BAN,MUV,Diesel,2755,0,1,0,0,0,54264,Private,,Alloy wheels,
VEH-12620,GPV48V13D913801402,GJ22B2789,MARUTI,SWIFT,VXI,441174.59,9,2016,2016-03-20,Ma-MUM,Hatchback,Petrol,1197,1,1,0,0,1,19653,Private,,Body kit,
VEH-12621,OKQ62P72H794747569,KA04C6670,TOYOTA KIRLOSKAR,INNOVA CRYSTA,2.8 GX AT 7 STR,1873364.37,4,2021,2021-06-18,Ka-MYS,MUV,Diesel,2755,1,1,0,1,1,108395,Private,,Alloy wheels,
VEH-12622,RRN06N86C734115707,RJ22D1775,MARUTI,ALTO,K10 VXI,364881.24,8,2017,2017-06-21,De-NOI,Hatchback,Petrol,998,0,1,0,0,0,87525,Commercial,,Alloy wheels,
VEH-12623,IES53G94Z878030664,UP01C2067,HONDA,AMAZE,1.2 SMT i-VTEC,570154.37,4,2021,2021-09-19,De-GUR,Sedan,Petrol,1199,0,1,0,1,1,97102,Private,,Body kit,2024-04-16
VEH-12624,QQP28L30J535513578,GJ47B4447,MARUTI,DZIRE,VXI,722000.0,2,2023,2023-03-04,De-NOI,Sedan,Petrol,1197,0,1,1,1,0,81738,Private,Dent on door,,
VEH-12625,ABN28K07P392424346,WB38A4581,MARUTI,VITARA BREZZA,VXI,857375.0,3,2022,2022-06-18,We-HOW,SUV,Petrol,1462,1,1,0,0,1,18643,Private,,Body kit,
VEH-12626,IWB87S96L930868687,UP09D4271,HONDA,CITY,1.5 V MT,1268915.0,3,2022,2022-12-24,De-NOI,Sedan,Petrol,1498,1,1,1,1,0,144108,Private,,,
VEH-12627,GTK21F63D362116246,UP97B6890,TOYOTA KIRLOSKAR,INNOVA CRYSTA,2.8 GX AT 7 STR,1121652.45,14,2011,2011-09-13,Ma-PUN,MUV,Diesel,2755,0,1,0,0,0,10287,Private,,Alloy wheels,
VEH-12628,OLX62Y38R717271371,DL96D6957,MARUTI,SWIFT,1.2 VXi BS IV,617500.0,1,2024,2024-07-04,Ka-MYS,Hatchback,Petrol,1197,1,0,1,0,1,141434,Private,Minor scratches,,
VEH-12629,NEW17P78X183332342,MH77A6477,MARUTI,VITARA BREZZA,VDI,855231.56,4,2021,2021-08-08,Ma-MUM,SUV,Diesel,1248,0,0,1,1,0,123637,Private,,,
VEH-12630,QZG92D92N549989482,TN13D1193,MARUTI,BALENO HATCHBACK,Zeta 1.2,855000.0,1,2024,2024-03-23,De-NEW,Hatchback,Petrol,1197,1,0,1,1,0,117766,Private,,,
VEH-12631,FPR38E25I162473511,WB45A9472,MARUTI,SWIFT DZIRE,VDI,624828.11,6,2019,2019-04-17,We-KOL,Sedan,Diesel,1248,0,1,0,1,1,125926,Private,,,
VEH-12632,NLL90Z75R606684184,KA24B6597,MARUTI,DZIRE,VXI,478989.55,10,2015,2015-02-19,Ta-MAD,Sedan,Petrol,1197,0,1,0,1,0,100186,Private,,,2017-01-19
VEH-12633,YPL21O84L560363292,GJ60A6168,MARUTI,SWIFT,VXI,700000.0,0,2025,2025-12-05,We-KOL,Hatchback,Petrol,1197,1,1,0,1,1,146629,Private,Dent on door,Body kit,
VEH-12634,IGA30K62E066256487,RJ96D9854,MARUTI,BALENO HATCHBACK,Delta 1.2,478989.55,10,2015,2015-01-13,Ma-PUN,Hatchback,Petrol,1197,0,1,0,1,0,62424,Private,Dent on door,,
VEH-12635,NDP71U47M301499325,GJ25C2655,MARUTI,ERTIGA,1.5 VXI CNG,509620.35,15,2010,2010-12-06,Ma-NAG,MUV,CNG,1462,0,1,0,1,1,59737,Private,,,
VEH-12636,UDR86N56T643657919,MH30C8826,MARUTI,ALTO 800,LXI,309512.37,5,2020,2020-08-11,Ta-CHE,Hatchback,Petrol,796,0,0,1,0,0,64074,Private,,,
VEH-12637,YRO10X70N008879365,TN57A4802,MARUTI,BALENO HATCHBACK,Delta 1.2,760000.0,1,2024,2024-01-09,Ma-NAG,Hatchback,Petrol,1197,1,0,0,0,1,71946,Private,,,
VEH-12638,RSX04H30W935981370,RJ61D4126,MARUTI,SWIFT,1.2 VXi BS IV,333672.35,13,2012,2012-06-06,We-KOL,Hatchback,Petrol,1197,0,1,1,1,1,37746,Private,Dent on door,,2014-12-25
VEH-12639,ZLQ35Z49B587791167,MH50D2603,MARUTI,SWIFT,1.2 VXi BS IV,389179.01,10,2015,2015-04-13,De-NOI,Hatchback,Petrol,1197,0,1,0,1,1,132342,Private,Dent on door,,
VEH-12640,RQO42V70G101851143,MH66B2955,MARUTI,SWIFT,VXI,541646.66,5,2020,2020-02-02,Ma-PUN,Hatchback,Petrol,1197,1,1,1,0,1,22335,Private,,Body kit,
VEH-12641,VAS66B29H690522253,DL88D8052,MARUTI,SWIFT,1.2 VXi BS IV,502957.61,5,2020,2020-09-18,Ma-PUN,Hatchback,Petrol,1197,1,1,0,1,0,59372,Private,Minor scratches,,
VEH-12642,NQZ71M86X572116902,WB19C8101,MARUTI,VITARA BREZZA,ZDI PLUS,928537.12,5,2020,2020-12-04,Ta-CHE,SUV,Diesel,1248,0,1,0,1,0,11470,Private,Dent on door,Alloy wheels,
VEH-12643,ZTS14Y97J334455593,WB19D2920,MARUTI,SWIFT DZIRE,VDI,535712.0,9,2016,2016-10-16,De-NOI,Sedan,Diesel,1248,0,1,0,1,0,54427,Private,Dent on door,,
VEH-12644,BZR93Z58P990906066,DL32B2671,MARUTI,BALENO HATCHBACK,Delta 1.2,504199.53,9,2016,2016-08-17,Ka-BAN,Hatchback,Petrol,1197,1,0,0,1,0,6054,Private,Dent on door,Alloy wheels,
VEH-12645,QRG57V01K115882390,TN75A7040,TOYOTA KIRLOSKAR,INNOVA CRYSTA,2.4 ZX MT 7 STR,1702318.06,5,2020,2020-07-15,Ma-PUN,MUV,Diesel,2393,1,1,0,1,1,87589,Private,Dent on door,Body kit,
VEH-12646,JIX89S07X710664135,KA97D4373,HONDA,AMAZE,1.2 VXMT i-VTEC,980000.0,0,2025,2025-06-04,Ta-MAD,Sedan,Petrol,1199,1,1,0,1,0,113082,Private,,,
VEH-12647,VNU55R45U678903858,UP78C7965,MAHINDRA,THAR,LX HARD TOP AT 4STR DIESEL,1615000.0,1,2024,2024-05-02,We-HOW,SUV,Diesel,2184,0,1,0,0,1,9675,Private,Minor scratches,Body kit,
VEH-12648,NEI48V62S638188548,WB57D7781,MARUTI,SWIFT,1.2 VXi BS IV,333672.35,13,2012,2012-11-22,Ta-COI,Hatchback,Petrol,1197,1,1,0,1,1,107752,Private,Minor scratches,Body kit,
VEH-12649,QFF21N41M946979253,DL86C2149,MARUTI,DZIRE,VXI,760000.0,1,2024,2024-02-06,De-GUR,Sedan,Petrol,1197,0,0,0,1,0,67539,Private,Dent on door,,
VEH-12650,BNB65T48K239083475,RJ39B3242,MARUTI,ALTO 800,LXI,185316.49,15,2010,2010-03-10,De-NEW,Hatchback,Petrol,796,1,1,0,0,0,26951,Private,,Body kit,
VEH-12651,YPQ88R54A892447396,TN96C5140,HYUNDAI,CRETA,1.4 E Plus,1300000.0,0,2025,2025-03-25,De-GUR,SUV,Diesel,1582,1,1,0,1,1,136630,Private,Minor scratches,Body kit,
VEH-12652,BTC59R21E583839049,WB46A2186,MARUTI,WAGON R,1.0 VXI,341280.06,11,2014,2014-05-27,Ma-PUN,Hatchback,Petrol,998,0,1,0,1,1,103407,Private,Dent on door,Body kit,
VEH-12653,ZYK72O77H528407042,GJ93D3569,MARUTI,SWIFT,1.2 VXi BS IV,586625.0,2,2023,2023-01-25,Ka-MYS,Hatchback,Petrol,1197,0,1,0,1,1,132537,Private,Minor scratches,Body kit,2025-01-18
VEH-12654,ANR11L75Q517830778,UP60A3093,MARUTI,SWIFT,1.2 VXi BS IV,650000.0,0,2025,2025-02-11,We-HOW,Hatchback,Petrol,1197,1,0,0,1,1,135318,Commercial,,,
VEH-12655,TVQ37U98W009426758,KA65C7132,MARUTI,ALTO 800,LXI,195069.99,14,2011,2011-07-01,De-GUR,Hatchback,Petrol,796,1,0,0,1,0,140226,Private,Minor scratches,Body kit,
VEH-12656,ASZ84B92N226746614,GJ64A3634,MARUTI,BALENO HATCHBACK,Delta 1.2,410673.67,13,2012,2012-01-06,Ma-PUN,Hatchback,Petrol,1197,0,0,1,0,0,72288,Private,Minor scratches,Body kit,
VEH-12657,XXH41W87K549475830,WB06C9228,MARUTI,DZIRE,VXI,478989.55,10,2015,2015-10-01,Ma-MUM,Sedan,Petrol,1197,1,1,0,0,1,35422,Private,Dent on door,Body kit,2018-02-15
VEH-12658,HVK06H02J965489091,TN28C4142,MARUTI,SWIFT,1.2 VXi BS IV,333672.35,13,2012,2012-05-06,Ka-MYS,Hatchback,Petrol,1197,1,0,0,1,1,109341,Private,,Body kit,
VEH-12659,MPD37O09Y817563488,WB56C7889,MARUTI,BALENO HATCHBACK,Zeta 1.2,538863.25,10,2015,2015-02-11,Ma-NAG,Hatchback,Petrol,1197,0,1,1,1,1,60441,Private,Dent on door,,
VEH-12660,IMQ80Z78Z872773897,DL73B5970,TOYOTA KIRLOSKAR,INNOVA CRYSTA,2.8 GX AT 7 STR,1065569.83,15,2010,2010-04-28,Ma-PUN,MUV,Diesel,2755,0,0,0,1,1,73460,Private,Minor scratches,,
VEH-12661,PUV51I87B698586992,DL33A8266,HONDA,AMAZE,1.5 SMT i-DTEC,593586.7,7,2018,2018-04-06,Ma-MUM,Sedan,Diesel,1498,1,1,0,1,0,32457,Private,,Alloy wheels,
VEH-12662,ZCO93N74Q876213695,GJ82A1064,MARUTI,SWIFT,1.2 VXi BS IV,617500.0,1,2024,2024-09-24,Ma-PUN,Hatchback,Petrol,1197,0,0,0,1,1,34136,Private,,,2026-05-14
VEH-12663,RRD51A49N497851834,UP89C5193,HONDA,AMAZE,1.2 SMT i-VTEC,419115.86,10,2015,2015-07-10,Ma-PUN,Sedan,Petrol,1199,0,0,0,1,0,53971,Private,Minor scratches,Body kit,
VEH-12664,COT53U31U015431188,GJ34C4982,MARUTI,SWIFT,VDI (DIESEL),558669.84,7,2018,2018-12-14,Ma-PUN,Hatchback,Diesel,1248,0,1,0,0,1,2874,Private,,Alloy wheels,
VEH-12665,QGI67B11L179396950,KA76D7526,MARUTI,BALENO HATCHBACK,Delta 1.2,722000.0,2,2023,2023-08-12,Ta-COI,Hatchback,Petrol,1197,1,1,0,0,0,11888,Private,,Alloy wheels,
VEH-12666,UXQ70H24G687089350,TN28C9971,MARUTI,WAGON R,1.0 VXI,488703.75,4,2021,2021-03-14,Ka-BAN,Hatchback,Petrol,998,1,0,0,1,0,42928,Private,Dent on door,Alloy wheels,
VEH-12667,UQT69S05L733250160,TN02D9156,HYUNDAI,CRETA,1.4 E Plus,955619.46,6,2019,2019-06-10,Ka-BAN,SUV,Diesel,1582,0,0,0,0,1,128117,Private,,,
VEH-12668,VZY99W48H565845422,GJ28D7433,HYUNDAI,VENUE,1.2 S PETROL,535712.0,9,2016,2016-11-06,Ma-MUM,SUV,Petrol,1197,1,0,0,0,1,81715,Private,Minor scratches,Alloy wheels,
VEH-12669,WLT20N81L090302968,MH29C9441,MARUTI,DZIRE,VXI,588073.51,6,2019,2019-07-08,We-KOL,Sedan,Petrol,1197,1,1,0,0,0,35008,Private,Dent on door,Alloy wheels,
VEH-12670,NAN11M81Q347456648,DL42C8032,MARUTI,ERTIGA,1.5 VXI CNG,594396.1,12,2013,2013-09-21,Ma-PUN,MUV,CNG,1462,1,1,1,1,1,127588,Private,,Alloy wheels,
VEH-12671,DBQ23J33F286866615,WB24D2482,MARUTI,ERTIGA,1.5 VXI CNG,992750.0,2,2023,2023-06-05,Ka-BAN,MUV,CNG,1462,1,1,1,1,0,29647,Commercial,,Alloy wheels,
VEH-12672,ZZG39Y32Z928700698,TN37B3072,MARUTI,VITARA BREZZA,VDI,733254.16,7,2018,2018-02-22,Ka-BAN,SUV,Diesel,1248,0,0,0,1,0,55076,Private,,,
VEH-12673,YSZ27V49G705951188,WB96D1344,MARUTI,VITARA BREZZA,VDI,512058.73,14,2011,2011-04-01,We-KOL,SUV,Diesel,1248,0,0,0,0,0,45855,Commercial,,Alloy wheels,2012-08-18
VEH-12674,JIF65A09H545100896,DL90B5345,MARUTI,BALENO HATCHBACK,Delta 1.2,588073.51,6,2019,2019-12-20,Ta-COI,Hatchback,Petrol,1197,0,0,0,1,0,70612,Private,,,2022-01-01
VEH-12675,HKC85J29G380299300,KA11D1905,HONDA,AMAZE,VX PETROL,798216.12,4,2021,2021-04-06,Ta-CHE,Sedan,Petrol,1199,0,0,0,1,1,22667,Private,,,
VEH-12676,DRQ51J26O902466068,WB70A6627,MARUTI,SWIFT DZIRE,VDI,692330.31,4,2021,2021-02-05,Ma-PUN,Sedan,Diesel,1248,1,0,0,1,0,15888,Private,,,
VEH-12677,WHW75T36H608048340,MH35C1370,TOYOTA KIRLOSKAR,INNOVA CRYSTA,2.8 ZX AT 7 STR,1267954.95,14,2011,2011-09-19,We-HOW,MUV,Diesel,2755,0,0,1,1,1,79117,Private,Minor scratches,Body kit,2012-11-22
VEH-12678,TXY22Y46A514023042,DL07A7349,MARUTI,DZIRE,VXI,588073.51,6,2019,2019-10-20,Ka-MYS,Sedan,Petrol,1197,0,0,1,1,0,24627,Private,,Alloy wheels,
VEH-12679,TFX99K23D221667366,KA66B1475,MARUTI,WAGON R,1.0 LXI CNG,502957.61,5,2020,2020-07-13,We-KOL,Hatchback,CNG,998,1,1,0,0,1,40465,Private,Minor scratches,Alloy wheels,2021-10-14
VEH-12680,AUK63F19G227309779,WB19C2412,HONDA,AMAZE,1.5 SMT i-DTEC,767125.0,2,2023,2023-11-10,De-NOI,Sedan,Diesel,1498,1,1,0,0,1,77687,Private,,,
VEH-12681,MQJ61M52W810503471,RJ12B6856,MARUTI,SWIFT,VXI,419115.86,10,2015,2015-11-25,We-KOL,Hatchback,Petrol,1197,1,0,0,1,0,139328,Private,,Body kit,
VEH-12682,WEC81N76E389623756,TN66A6887,MARUTI,BALENO HATCHBACK,Zeta 1.2,416962.11,15,2010,2010-04-16,De-GUR,Hatchback,Petrol,1197,1,1,0,1,0,95120,Private,,Alloy wheels,2012-09-20
VEH-12683,NYR97J35J131680117,WB05B8711,MARUTI,DZIRE,VXI,558669.84,7,2018,2018-07-09,Ma-PUN,Sedan,Petrol,1197,0,1,0,1,1,37900,Private,,,2020-12-21
VEH-12684,GSP40C58S808181132,GJ86D8285,MARUTI,ALTO 800,LXI,185316.49,15,2010,2010-08-13,Ta-CHE,Hatchback,Petrol,796,1,0,1,1,1,138670,Private,Minor scratches,,
VEH-12685,JXX60J88K251799639,UP38A9200,TOYOTA KIRLOSKAR,INNOVA CRYSTA,2.8 Z 7 STR,1658551.08,8,2017,2017-07-13,Ma-PUN,MUV,Diesel,2755,1,1,1,1,1,3568,Private,,Body kit,
VEH-12686,NAD98M20E398860811,MH40A1464,MARUTI,WAGON R,1.0 LXI CNG,617500.0,1,2024,2024-06-22,Ta-CHE,Hatchback,CNG,998,1,0,1,1,0,18316,Private,,Body kit,2025-12-22
VEH-12687,JZC71N01B151866487,UP11D3586,HONDA,AMAZE,1.2 SMT i-VTEC,570154.37,4,2021,2021-03-13,Ma-MUM,Sedan,Petrol,1199,0,0,0,1,1,17730,Private,,,
VEH-12688,DNQ74V42N190760124,GJ90C1144,HYUNDAI,VENUE,1.2 S PETROL,535712.0,9,2016,2016-04-09,Ka-BAN,SUV,Petrol,1197,0,1,0,0,1,139882,Private,Minor scratches,,
VEH-12689,DNB89S13N509990647,KA84C2736,MARUTI,BALENO HATCHBACK,Zeta 1.2,696402.84,5,2020,2020-12-27,De-NEW,Hatchback,Petrol,1197,0,1,0,1,0,118105,Private,Dent on door,,2022-08-03
VEH-12690,MNV38K03Y195627187,TN20C6606,MARUTI,BALENO HATCHBACK,Zeta 1.2,486324.08,12,2013,2013-07-26,Ma-PUN,Hatchback,Petrol,1197,0,1,0,0,1,30209,Private,Minor scratches,Alloy wheels,
VEH-12691,VGQ45P28M201434865,MH29A6498,MARUTI,SWIFT DZIRE,VDI,692330.31,4,2021,2021-04-28,Ka-BAN,Sedan,Diesel,1248,0,1,0,1,1,36578,Private,,Alloy wheels,2022-06-20
VEH-12692,WBQ07A69A354397174,GJ54D8749,MARUTI,WAGON R,1.0 VXI,324216.05,12,2013,2013-09-18,Ka-MYS,Hatchback,Petrol,998,1,0,1,0,1,91580,Private,Minor scratches,,
VEH-12693,KEP72T26X647992752,KA03D9037,MARUTI,ALTO 800,LXI,185316.49,15,2010,2010-11-14,Ma-NAG,Hatchback,Petrol,796,1,1,1,0,1,10503,Private,Dent on door,,2012-01-31
VEH-12694,ZKJ23M87X635295270,WB91C2859,MARUTI,ERTIGA,1.5 VXI CNG,851159.03,5,2020,2020-06-27,Ka-MYS,MUV,CNG,1462,1,1,0,1,1,86960,Private,,Body kit,
VEH-12695,AMK92T37T940807893,KA42D7284,MARUTI,SWIFT,1.2 VXi BS IV,477809.73,6,2019,2019-12-28,Ma-MUM,Hatchback,Petrol,1197,0,0,0,1,0,116411,Private,,Alloy wheels,
VEH-12696,HBM60P44H610161576,DL87B6108,MARUTI,SWIFT,VXI,700000.0,0,2025,2025-12-15,We-HOW,Hatchback,Petrol,1197,0,1,0,1,1,52026,Private,Minor scratches,,
VEH-12697,QDX80N34N171169252,UP03C2079,HONDA,AMAZE,1.2 SMT i-VTEC,488836.11,7,2018,2018-01-04,Ma-PUN,Sedan,Petrol,1199,1,0,0,0,0,142874,Private,,Alloy wheels,
VEH-12698,PBD53C00C168062479,MH46D8711,MARUTI,BALENO HATCHBACK,Zeta 1.2,462007.87,13,2012,2012-07-26,De-NEW,Hatchback,Petrol,1197,1,0,0,0,0,52435,Private,Minor scratches,,
VEH-12699,ZRD51W74Z388314384,UP97A1739,MARUTI,DZIRE,VXI,722000.0,2,2023,2023-10-15,We-HOW,Sedan,Petrol,1197,0,0,0,0,0,134815,Private,,,
VEH-12700,USO46M53C325641532,GJ19D8547,HONDA,AMAZE,1.2 VXMT i-VTEC,884450.0,2,2023,2023-11-27,We-KOL,Sedan,Petrol,1199,1,1,1,1,0,117805,Private,,Alloy wheels,
VEH-12701,HDX59W09X883707170,WB15A5895,MARUTI,SWIFT,VXI,488836.11,7,2018,2018-06-26,Ma-MUM,Hatchback,Petrol,1197,1,1,0,1,0,55573,Private,Minor scratches,,
VEH-12702,LFL94O90I434292059,TN23B5771,HYUNDAI,GRAND I10 NIOS,SPORTZ 1.2 KAPPA VTVT,514564.32,6,2019,2019-02-19,Ma-NAG,Hatchback,Petrol,1197,1,1,0,1,0,133516,Private,Minor scratches,Alloy wheels,
VEH-12703,XBW45F24P017023483,GJ56A9790,HONDA,AMAZE,VX PETROL,931000.0,1,2024,2024-01-11,Ta-CHE,Sedan,Petrol,1199,1,1,0,1,0,126982,Commercial,,,
VEH-12704,YCP25N53E448981957,WB48B7088,MARUTI,SWIFT,1.2 VXi BS IV,351234.06,12,2013,2013-11-28,We-KOL,Hatchback,Petrol,1197,0,1,0,1,0,83655,Private,Minor scratches,Body kit,
VEH-12705,NFN89Y72D560242081,TN70D3648,HYUNDAI,GRAND I10 NIOS,SPORTZ 1.2 KAPPA VTVT,464394.3,8,2017,2017-05-24,Ma-PUN,Hatchback,Petrol,1197,1,0,0,1,1,115301,Private,Dent on door,Body kit,
VEH-12706,IBR21I68S564074269,RJ38A2623,MARUTI,SWIFT DZIRE,VDI,728768.75,3,2022,2022-11-17,Ma-NAG,Sedan,Diesel,1248,0,0,0,1,0,137221,Private,Dent on door,Alloy wheels,
VEH-12707,TVE87L04C279010074,MH47C2952,HONDA,CITY,1.5 V MT,1268915.0,3,2022,2022-07-23,De-GUR,Sedan,Petrol,1498,1,0,1,1,0,19939,Private,,,
VEH-12708,DUG56J25O230188286,UP11D7142,MARUTI,SWIFT DZIRE,VDI,508926.4,10,2015,2015-02-20,Ma-NAG,Sedan,Diesel,1248,1,1,0,0,1,96808,Private,,Body kit,2016-10-28
VEH-12709,DIO80D05W024176241,KA62B3167,MARUTI,BALENO HATCHBACK,Delta 1.2,722000.0,2,2023,2023-04-11,Ma-PUN,Hatchback,Petrol,1197,0,0,0,1,0,70606,Commercial,,,
VEH-12710,CVH44I08G866934221,GJ95A1959,MARUTI,BALENO HATCHBACK,Delta 1.2,800000.0,0,2025,2025-02-11,Ma-NAG,Hatchback,Petrol,1197,1,1,0,1,1,102161,Private,,Body kit,
VEH-12711,OQH49Y94Z292234773,DL55B2059,MARUTI,VITARA BREZZA,VXI,950000.0,1,2024,2024-06-17,Ta-CHE,SUV,Petrol,1462,1,0,0,1,1,122570,Private,Minor scratches,Body kit,
VEH-12712,QDE86E82L805113067,TN89B4017,MARUTI,BALENO HATCHBACK,Zeta 1.2,438907.48,14,2011,2011-09-02,De-GUR,Hatchback,Petrol,1197,0,0,1,1,0,19840,Private,,,
VEH-12713,HFW25L44S779334530,GJ76C9948,MARUTI,VITARA BREZZA,ZDI PLUS,616010.5,13,2012,2012-08-15,Ma-PUN,SUV,Diesel,1248,1,0,0,1,0,28970,Private,Dent on door,,2014-09-13
VEH-12714,XOR00O06T141803831,GJ63C1770,HONDA,AMAZE,1.2 VXMT i-VTEC,477921.48,14,2011,2011-03-12,Ka-BAN,Sedan,Petrol,1199,0,0,0,1,1,22092,Private,Minor scratches,Body kit,
VEH-12715,VQQ23Z24C759759024,UP60C5864,MARUTI,VITARA BREZZA,VDI,771846.49,6,2019,2019-02-20,Ma-PUN,SUV,Diesel,1248,0,1,1,1,0,64181,Private,Dent on door,Alloy wheels,
VEH-12716,MXM47L42G225454205,MH65C4313,MARUTI,BALENO HATCHBACK,Zeta 1.2,462007.87,13,2012,2012-05-21,Ma-MUM,Hatchback,Petrol,1197,0,0,1,1,1,76809,Private,Minor scratches,Alloy wheels,
VEH-12717,QIF43M59S844969184,GJ78B3432,MARUTI,DZIRE,VXI,455040.07,11,2014,2014-07-02,Ma-NAG,Sedan,Petrol,1197,1,0,0,1,1,100207,Commercial,Dent on door,Body kit,
VEH-12718,HGT70T36J610339006,MH66D4758,MARUTI,WAGON R,1.0 LXI CNG,586625.0,2,2023,2023-01-12,Ma-MUM,Hatchback,CNG,998,1,0,0,0,0,110226,Private,,Alloy wheels,
VEH-12719,NGO65B51M257670413,WB94A5627,HONDA,CITY,1.5 V MT,1406000.0,1,2024,2024-12-14,We-KOL,Sedan,Petrol,1498,1,0,0,0,0,19840,Private,,,
VEH-12720,WYJ41E28W163735143,MH71A2551,MARUTI,WAGON R,1.0 LXI CNG,316988.74,14,2011,2011-10-20,Ma-MUM,Hatchback,CNG,998,0,1,0,0,0,28822,Private,Dent on door,Body kit,
VEH-12721,OUH21I48P987331858,GJ33A8222,MARUTI,VITARA BREZZA,VXI,463291.23,15,2010,2010-01-20,We-HOW,SUV,Petrol,1462,1,1,0,1,0,133552,Private,,,
VEH-12722,NGP64P06C074977722,GJ60C5472,MARUTI,ALTO 800,LXI,309512.37,5,2020,2020-12-13,Ma-PUN,Hatchback,Petrol,796,1,1,0,1,1,33594,Private,Dent on door,,
VEH-12723,AHV42J86H268605159,DL09B2097,MARUTI,SWIFT,1.2 VXi BS IV,431223.28,8,2017,2017-05-17,Ka-BAN,Hatchback,Petrol,1197,0,0,1,1,0,61443,Private,Dent on door,Body kit,
VEH-12724,HAM48I46Q292167800,TN91C1463,MARUTI,SWIFT,VDI (DIESEL),410673.67,13,2012,2012-08-12,Ta-CHE,Hatchback,Diesel,1248,1,0,0,0,0,130331,Private,,Body kit,2014-06-03
VEH-12725,DCP00T30A882483694,DL19C3753,MARUTI,BALENO HATCHBACK,Delta 1.2,504199.53,9,2016,2016-01-18,Ma-MUM,Hatchback,Petrol,1197,0,1,0,0,0,11782,Private,,,
VEH-12726,NQG14P34G824685616,DL45A7760,MARUTI,SWIFT DZIRE,VDI,563907.37,8,2017,2017-03-13,Ta-CHE,Sedan,Diesel,1248,1,1,0,1,0,44247,Private,,,
VEH-12727,ITP76W27O183683990,DL20C6099,HYUNDAI,GRAND I10,SPORTZ 1.2 KAPPA VTVT,364032.06,11,2014,2014-01-07,Ma-PUN,Hatchback,Petrol,1197,1,1,1,0,1,68033,Private,,,2016-03-17
VEH-12728,BFP65D93T728055640,RJ79B8858,MARUTI,WAGON R,1.0 LXI CNG,316988.74,14,2011,2011-01-24,Ma-MUM,Hatchback,CNG,998,1,0,1,1,1,14810,Commercial,Dent on door,Body kit,
VEH-12729,NOH64W64D606043384,UP55B5586,MARUTI,BALENO HATCHBACK,Delta 1.2,760000.0,1,2024,2024-02-03,Ma-NAG,Hatchback,Petrol,1197,0,1,0,0,0,119718,Private,,Alloy wheels,
VEH-12730,NJT28E94F277233695,KA82A9994,MARUTI,BALENO HATCHBACK,Zeta 1.2,628503.57,7,2018,2018-02-06,Ka-MYS,Hatchback,Petrol,1197,1,0,1,0,0,61387,Private,Dent on door,Alloy wheels,2020-04-07
VEH-12731,HUR87Q57D914191854,WB45B7194,MARUTI,ALTO,K10 VXI,522500.0,1,2024,2024-05-07,Ma-NAG,Hatchback,Petrol,998,0,1,0,0,1,15124,Private,Dent on door,,2026-07-28
VEH-12732,IWF25J03A799690677,DL98A2121,MARUTI,VITARA BREZZA,VDI,947625.0,2,2023,2023-09-23,We-KOL,SUV,Diesel,1248,0,1,0,0,1,49213,Private,Minor scratches,,
VEH-12733,FIC65K67T859865853,MH59A6282,MARUTI,ALTO,K10 VXI,329305.32,10,2015,2015-03-08,De-NEW,Hatchback,Petrol,998,0,1,1,0,1,20259,Commercial,,Alloy wheels,
VEH-12734,GSW69L22M316810778,WB12A5328,MARUTI,DZIRE,VXI,370632.98,15,2010,2010-11-01,We-HOW,Sedan,Petrol,1197,1,0,1,1,1,44096,Private,,Body kit,
VEH-12735,CPG11V22L575888729,RJ30B7840,HONDA,AMAZE,1.2 SMT i-VTEC,341372.49,14,2011,2011-11-27,Ta-CHE,Sedan,Petrol,1199,1,1,0,1,0,32402,Private,,Alloy wheels,
VEH-12736,YNO32D57F790055516,TN85C5733,HYUNDAI,CRETA,1.5 E DIESEL,904163.03,6,2019,2019-02-26,Ta-CHE,SUV,Diesel,1493,0,1,0,1,0,56329,Private,Dent on door,,
VEH-12737,OWJ67N26S648016508,RJ28A3446,MARUTI,ALTO 800,LXI,294036.76,6,2019,2019-01-22,Ta-COI,Hatchback,Petrol,796,1,0,0,0,1,146684,Private,,Alloy wheels,
VEH-12738,UJL96J36A653717046,RJ10A4203,MARUTI,ERTIGA,1.5 VXI CNG,992750.0,2,2023,2023-11-23,Ta-COI,MUV,CNG,1462,0,0,0,0,1,114419,Private,,Alloy wheels,
VEH-12739,TOJ86M56F878816407,GJ12C2856,MARUTI,BALENO HATCHBACK,Zeta 1.2,696402.84,5,2020,2020-07-18,De-GUR,Hatchback,Petrol,1197,1,1,0,1,1,121605,Private,,,
VEH-12740,EYR98D25L596737918,GJ69A8712,MARUTI,BALENO HATCHBACK,Zeta 1.2,462007.87,13,2012,2012-11-16,De-NEW,Hatchback,Petrol,1197,0,1,1,0,1,133951,Private,Dent on door,Body kit,2015-05-01
VEH-12741,WIO04Y77G668035313,RJ48B8302,MARUTI,BALENO HATCHBACK,Zeta 1.2,416962.11,15,2010,2010-05-03,Ma-PUN,Hatchback,Petrol,1197,1,1,1,1,1,132525,Private,Minor scratches,Body kit,
VEH-12742,SBY38X79L045120436,UP08C7713,MARUTI,ALTO 800,LXI,239494.78,10,2015,2015-03-20,Ta-COI,Hatchback,Petrol,796,1,0,0,0,1,22355,Private,,Alloy wheels,
VEH-12743,KSF35U46Q934729088,KA44D4362,HONDA,CITY,1.5 V MT,1033539.2,7,2018,2018-02-14,Ma-PUN,Sedan,Petrol,1498,0,0,1,1,0,6772,Private,Dent on door,Alloy wheels,
VEH-12744,YXR86V32H589508873,RJ91B3482,MARUTI,WAGON R,1.0 LXI CNG,529429.06,4,2021,2021-02-25,We-HOW,Hatchback,CNG,998,1,0,0,1,0,19756,Private,Minor scratches,,
VEH-12745,CKM88O16A999086920,KA03D2374,HONDA,AMAZE,1.5 SMT i-DTEC,850000.0,0,2025,2025-05-17,Ka-BAN,Sedan,Diesel,1498,1,0,0,0,0,32726,Private,,,2027-12-21
VEH-12746,SZS33F33F797908592,WB54A5284,HYUNDAI,CRETA,1.4 E Plus,955619.46,6,2019,2019-09-28,Ka-MYS,SUV,Diesel,1582,1,1,0,0,1,130556,Private,,Body kit,
VEH-12747,VOU30I24J580588983,WB34C6205,MARUTI,VITARA BREZZA,VDI,539009.19,13,2012,2012-08-07,We-KOL,SUV,Diesel,1248,0,0,1,1,0,118010,Private,Minor scratches,,
VEH-12748,BTM08U84A546413917,MH14A8325,MARUTI,WAGON R,1.0 VXI,419002.38,7,2018,2018-12-20,Ma-NAG,Hatchback,Petrol,998,1,1,1,1,0,36120,Private,Dent on door,Body kit,
VEH-12749,PPH19M32N101063149,UP62A2756,MARUTI,WAGON R,1.0 VXI,600000.0,0,2025,2025-04-28,Ka-BAN,Hatchback,Petrol,998,0,1,0,1,0,85210,Private,Minor scratches,,2027-12-17
VEH-12750,INP26U78S533369442,TN57B8605,MARUTI,DZIRE,VXI,530736.35,8,2017,2017-11-12,De-NEW,Sedan,Petrol,1197,1,0,0,0,1,138325,Private,,Body kit,
VEH-12751,JYM43Y61D612976934,GJ26D8692,MARUTI,ERTIGA,1.5 VXI CNG,992750.0,2,2023,2023-12-20,Ka-BAN,MUV,CNG,1462,0,0,0,1,1,80541,Private,Minor scratches,Body kit,
VEH-12752,YMA05J05V987809860,GJ40C4338,MARUTI,SWIFT,1.2 VXi BS IV,351234.06,12,2013,2013-06-21,De-NOI,Hatchback,Petrol,1197,0,1,0,0,1,109958,Private,,,
VEH-12753,JTF35T13G649388921,RJ06B8038,MARUTI,BALENO HATCHBACK,Delta 1.2,619024.75,5,2020,2020-11-21,De-NOI,Hatchback,Petrol,1197,1,1,0,0,0,24990,Private,Minor scratches,Alloy wheels,
VEH-12754,SLE71X75U617504689,WB69C8335,MARUTI,SWIFT,1.2 VXi BS IV,409662.12,9,2016,2016-05-17,Ma-NAG,Hatchback,Petrol,1197,0,1,0,1,1,9137,Private,,Body kit,
VEH-12755,OJL97L54V727431931,GJ72D3978,MARUTI,SWIFT DZIRE,VDI,393797.55,15,2010,2010-07-28,Ma-MUM,Sedan,Diesel,1248,1,1,1,1,0,85119,Private,,Body kit,
VEH-12756,SYJ76T84B298399844,MH11B2840,MARUTI,BALENO HATCHBACK,Delta 1.2,685900.0,3,2022,2022-05-25,We-KOL,Hatchback,Petrol,1197,1,1,0,0,0,136184,Private,,Alloy wheels,
VEH-12757,NCL74K09U119224478,UP38B7647,MARUTI,SWIFT,VDI (DIESEL),685900.0,3,2022,2022-07-20,Ka-BAN,Hatchback,Diesel,1248,0,1,1,1,0,51203,Private,,,
VEH-12758,PKJ08J24D533034156,RJ21B1385,MARUTI,SWIFT,1.2 VXi BS IV,431223.28,8,2017,2017-03-19,Ka-MYS,Hatchback,Petrol,1197,1,1,0,1,1,37025,Private,Minor scratches,Alloy wheels,
VEH-12759,PNY69N88Q665962455,TN51D9870,MARUTI,BALENO HATCHBACK,Delta 1.2,504199.53,9,2016,2016-07-19,Ma-NAG,Hatchback,Petrol,1197,1,1,0,1,0,133708,Private,,Alloy wheels,
VEH-12760,FCW17C11N376525153,RJ02C6918,HONDA,AMAZE,1.2 SMT i-VTEC,514564.32,6,2019,2019-06-21,Ma-NAG,Sedan,Petrol,1199,0,1,1,0,0,123171,Private,Minor scratches,,
VEH-12761,EWU47S49K836776023,DL42B7279,MARUTI,SWIFT DZIRE,VDI,436340.77,13,2012,2012-11-11,Ma-NAG,Sedan,Diesel,1248,0,1,0,1,1,78985,Private,Dent on door,Alloy wheels,
VEH-12762,HFM96X73X481685519,MH30B1840,MARUTI,ALTO 800,LXI,325802.5,4,2021,2021-07-27,Ka-MYS,Hatchback,Petrol,796,0,0,0,1,0,144531,Private,,,
VEH-12763,WGT61J89I609060669,RJ44B5341,MARUTI,WAGON R,1.0 VXI,488703.75,4,2021,2021-11-04,Ka-BAN,Hatchback,Petrol,998,0,1,1,1,0,144455,Private,Minor scratches,,
VEH-12764,MQW33A83L164601463,WB94C6546,MARUTI,ALTO 800,LXI,325802.5,4,2021,2021-02-17,Ka-BAN,Hatchback,Petrol,796,1,1,0,1,0,62982,Private,Dent on door,,2023-05-21
VEH-12765,HOX33B95X958522863,UP83C9137,TOYOTA KIRLOSKAR,INNOVA CRYSTA,2.8 Z 7 STR,1837729.73,6,2019,2019-02-21,Ta-MAD,MUV,Diesel,2755,0,1,0,1,1,59354,Private,,Body kit,2020-09-05
VEH-12766,HCT07N92R034501706,RJ18D9700,MARUTI,BALENO HATCHBACK,Delta 1.2,760000.0,1,2024,2024-09-24,Ka-MYS,Hatchback,Petrol,1197,0,0,0,1,0,126512,Private,Minor scratches,Body kit,2027-06-05
VEH-12767,DOF33K40W937538311,TN95D7301,MARUTI,ERTIGA,1.5 VXI CNG,729762.47,8,2017,2017-11-21,We-KOL,MUV,CNG,1462,1,1,0,1,0,87687,Private,Dent on door,,
VEH-12768,WYL57K22T322886397,UP47A5691,MARUTI,SWIFT,VXI,341372.49,14,2011,2011-04-28,Ma-MUM,Hatchback,Petrol,1197,1,1,0,0,0,66949,Private,Minor scratches,,
VEH-12769,VZO91J61S006755459,TN38D7377,MARUTI,SWIFT,1.2 VXi BS IV,617500.0,1,2024,2024-06-02,Ta-COI,Hatchback,Petrol,1197,1,1,0,1,0,108528,Private,Dent on door,,
VEH-12770,SKV82V18N908008348,KA24A5220,MARUTI,WAGON R,1.0 LXI CNG,502957.61,5,2020,2020-11-01,Ma-NAG,Hatchback,CNG,998,1,1,0,0,0,132251,Private,,,
VEH-12771,UIR10S80L451214969,KA67B5385,MARUTI,SWIFT,VXI,419115.86,10,2015,2015-11-14,We-HOW,Hatchback,Petrol,1197,0,1,0,1,1,124727,Private,,,
VEH-12772,DGN52E23E904047380,RJ01C5756,MARUTI,SWIFT,1.2 VXi BS IV,301139.3,15,2010,2010-07-16,Ka-MYS,Hatchback,Petrol,1197,0,0,0,0,1,47526,Private,Minor scratches,Body kit,2011-12-04
VEH-12773,FON99T43G606969359,GJ77B8468,MARUTI,WAGON R,1.0 VXI,514425.0,3,2022,2022-06-25,Ka-BAN,Hatchback,Petrol,998,1,1,0,1,1,10301,Private,,Alloy wheels,
VEH-12774,DON77W12U089476899,MH27A6365,MARUTI,ERTIGA,1.5 VXI CNG,768171.03,7,2018,2018-08-16,Ka-MYS,MUV,CNG,1462,0,0,0,0,1,97805,Private,,,
VEH-12775,CHY01O49E866226575,GJ84B8904,HONDA,AMAZE,1.2 VXMT i-VTEC,617644.42,9,2016,2016-10-26,Ka-BAN,Sedan,Petrol,1199,0,1,0,1,0,90187,Private,,Alloy wheels,
VEH-12776,JPZ54M45F346710924,RJ27A3615,HYUNDAI,GRAND I10 NIOS,SPORTZ 1.2 KAPPA VTVT,541646.66,5,2020,2020-07-03,Ta-COI,Hatchback,Petrol,1197,0,1,1,0,1,38302,Private,Dent on door,,
VEH-12777,OTV41N64R469565757,KA76C4749,MARUTI,SWIFT,VXI,700000.0,0,2025,2025-07-08,Ta-COI,Hatchback,Petrol,1197,1,0,1,1,0,89250,Private,,,
VEH-12778,YST12F14X333093166,TN60B4523,MARUTI,DZIRE,VXI,432288.07,12,2013,2013-01-19,Ma-NAG,Sedan,Petrol,1197,1,1,0,0,1,76147,Private,,,2015-03-31
VEH-12779,CNA90B47I356080505,UP79B5145,MARUTI,BALENO HATCHBACK,Zeta 1.2,696402.84,5,2020,2020-02-20,Ta-MAD,Hatchback,Petrol,1197,1,1,0,1,1,4905,Private,Dent on door,,
VEH-12780,OWZ56G00Q926417109,MH70A7229,TOYOTA KIRLOSKAR,INNOVA CRYSTA,2.8 Z 7 STR,2036265.62,4,2021,2021-03-08,We-KOL,MUV,Diesel,2755,1,1,1,0,1,113355,Private,,Body kit,
VEH-12781,SMI36S35N281549908,UP83C2732,MARUTI,BALENO HATCHBACK,Delta 1.2,504199.53,9,2016,2016-08-12,Ma-MUM,Hatchback,Petrol,1197,0,1,0,1,0,43036,Private,Minor scratches,Body kit,
VEH-12782,WFQ52F74M726577490,KA83B1995,MARUTI,BALENO HATCHBACK,Zeta 1.2,812250.0,2,2023,2023-09-13,Ta-CHE,Hatchback,Petrol,1197,0,1,0,0,1,42889,Private,Minor scratches,,
VEH-12783,PFF21G79I788751472,DL56B7151,MARUTI,WAGON R,1.0 LXI CNG,502957.61,5,2020,2020-05-25,Ma-NAG,Hatchback,CNG,998,1,0,0,1,0,3088,Private,,,
VEH-12784,AXI64D39I922532374,DL92D8518,MARUTI,SWIFT,VXI,441174.59,9,2016,2016-04-17,De-NEW,Hatchback,Petrol,1197,0,1,1,0,0,29493,Private,Minor scratches,,
VEH-12785,EXJ47I53M047551806,KA86D3550,HONDA,AMAZE,VX PETROL,557424.09,11,2014,2014-03-08,Ka-MYS,Sedan,Petrol,1199,1,1,0,1,0,23268,Private,Minor scratches,Alloy wheels,
VEH-12786,JUT26E04I137120896,KA87B2661,MARUTI,ALTO 800,LXI,265368.17,8,2017,2017-10-19,Ma-MUM,Hatchback,Petrol,796,1,0,0,1,1,100588,Commercial,Minor scratches,Alloy wheels,
VEH-12787,XTG15Z84E418416740,GJ62B3998,HONDA,CITY,1.5 V MT,1087936.0,6,2019,2019-11-10,Ka-BAN,Sedan,Petrol,1498,1,0,0,1,0,10222,Private,Dent on door,,
VEH-12788,KTE24R90F940583079,MH48A2382,MARUTI,BALENO HATCHBACK,Zeta 1.2,855000.0,1,2024,2024-02-24,Ta-COI,Hatchback,Petrol,1197,0,0,0,1,1,83773,Private,Minor scratches,Alloy wheels,
VEH-12789,FLK62V64T998125246,TN90A7569,MARUTI,BALENO HATCHBACK,Zeta 1.2,416962.11,15,2010,2010-02-02,Ma-MUM,Hatchback,Petrol,1197,0,1,1,1,0,11746,Private,Dent on door,Alloy wheels,
VEH-12790,JLC28K99H970002738,DL73A1990,MARUTI,SWIFT,VXI,570154.37,4,2021,2021-03-07,Ma-NAG,Hatchback,Petrol,1197,1,0,1,1,0,15475,Private,,,
VEH-12791,STY31B25Y120405138,MH49C7697,MARUTI,SWIFT DZIRE,VDI,414523.73,14,2011,2011-02-22,Ta-COI,Sedan,Diesel,1248,1,0,0,1,0,4856,Private,Dent on door,,
VEH-12792,KQH60H52G663062821,UP85C3267,MARUTI,VITARA BREZZA,VDI,812469.98,5,2020,2020-05-06,Ka-BAN,SUV,Diesel,1248,1,0,0,1,0,141473,Private,,Body kit,
VEH-12793,SGS36X91N578872809,WB89A7344,MARUTI,ALTO 800,LXI,205336.83,13,2012,2012-04-16,Ma-PUN,Hatchback,Petrol,796,0,0,0,0,0,2500,Private,,Alloy wheels,
VEH-12794,CUM57O71N345614801,MH82C2253,MARUTI,SWIFT,1.2 VXi BS IV,650000.0,0,2025,2025-01-04,Ma-MUM,Hatchback,Petrol,1197,1,1,0,1,1,87968,Private,Minor scratches,,
VEH-12795,RCE57D16D445874342,DL11A1307,MARUTI,ALTO 800,LXI,279334.92,7,2018,2018-08-15,We-HOW,Hatchback,Petrol,796,1,1,0,1,0,40214,Private,,,
VEH-12796,OLO98V87E035503649,KA01D6521,MARUTI,DZIRE,VXI,455040.07,11,2014,2014-11-18,De-NOI,Sedan,Petrol,1197,1,0,0,1,1,18478,Private,Dent on door,,
VEH-12797,BGC23Y86S936962540,DL90B8827,MARUTI,WAGON R,1.0 VXI,359242.16,10,2015,2015-04-13,Ma-MUM,Hatchback,Petrol,998,1,0,1,1,0,77432,Private,,Body kit,2016-12-24
VEH-12798,AFR94G27D648926160,KA04A1763,MARUTI,VITARA BREZZA,ZDI PLUS,1028850.0,3,2022,2022-09-27,Ma-NAG,SUV,Diesel,1248,1,1,0,1,1,137620,Private,Dent on door,,
VEH-12799,LKL60J96N874945400,DL18C4399,MARUTI,ALTO 800,LXI,279334.92,7,2018,2018-01-26,Ta-CHE,Hatchback,Petrol,796,1,0,0,1,1,35349,Private,,,
VEH-12800,BRQ30H81C327663806,WB19C7102,MARUTI,SWIFT DZIRE,VDI,850000.0,0,2025,2025-11-10,Ka-BAN,Sedan,Diesel,1248,0,1,0,1,0,100078,Private,Minor scratches,,
VEH-12801,ZDH88Z76W198373185,TN64D5073,HYUNDAI,VENUE,1.2 S PETROL,563907.37,8,2017,2017-12-20,Ma-PUN,SUV,Petrol,1197,1,0,1,1,1,132622,Private,Minor scratches,Alloy wheels,
VEH-12802,WAD87Y48P543569604,GJ10D7731,MARUTI,VITARA BREZZA,ZDI PLUS,838004.76,7,2018,2018-03-20,Ma-NAG,SUV,Diesel,1248,1,0,0,0,0,43836,Private,Minor scratches,Body kit,
VEH-12803,FZQ83D49W789002663,KA74A2366,MARUTI,SWIFT,1.2 VXi BS IV,409662.12,9,2016,2016-03-20,We-HOW,Hatchback,Petrol,1197,1,1,0,0,0,41934,Private,,Alloy wheels,
VEH-12804,AZG87I98Z037677063,RJ54B7482,MARUTI,ERTIGA,1.5 VXI CNG,509620.35,15,2010,2010-06-26,Ma-PUN,MUV,CNG,1462,1,0,1,1,0,81465,Private,Dent on door,Body kit,
VEH-12805,VIX59T57Y400685592,DL56A6728,MARUTI,DZIRE,VXI,558669.84,7,2018,2018-10-11,Ma-MUM,Sedan,Petrol,1197,0,0,0,1,0,114069,Private,Minor scratches,Body kit,
VEH-12806,YSX53S76M762728904,WB42A6458,MARUTI,BALENO HATCHBACK,Delta 1.2,651605.0,4,2021,2021-05-06,De-GUR,Hatchback,Petrol,1197,1,0,0,0,0,12453,Private,,Body kit,
VEH-12807,YJN27M45X295104659,RJ11D1842,HONDA,AMAZE,1.2 SMT i-VTEC,441174.59,9,2016,2016-05-07,Ma-PUN,Sedan,Petrol,1199,1,1,0,1,0,33376,Private,Minor scratches,Body kit,
VEH-12808,QTG16S00G156471084,GJ46B6806,HONDA,AMAZE,1.2 VXMT i-VTEC,454025.41,15,2010,2010-06-02,Ka-MYS,Sedan,Petrol,1199,0,0,0,1,0,45115,Private,Minor scratches,Body kit,
VEH-12809,FZK69V09G467420383,UP24A7713,MARUTI,WAGON R,1.0 VXI,341280.06,11,2014,2014-05-16,Ka-BAN,Hatchback,Petrol,998,0,0,0,1,0,144223,Private,Dent on door,Alloy wheels,
VEH-12810,WKV55Q24O088682957,UP69A2364,MARUTI,SWIFT,1.2 VXi BS IV,431223.28,8,2017,2017-06-22,De-GUR,Hatchback,Petrol,1197,0,0,1,1,1,43675,Private,,,
VEH-12811,BTT06U83U456291068,KA30A3204,MARUTI,SWIFT,VXI,631750.0,2,2023,2023-07-16,Ta-MAD,Hatchback,Petrol,1197,0,1,0,1,0,29587,Private,,,
VEH-12812,BHB85U86S057810696,TN98B8646,MARUTI,VITARA BREZZA,VXI,902500.0,2,2023,2023-04-27,Ka-BAN,SUV,Petrol,1462,0,1,0,1,0,34465,Private,,,2024-10-14
VEH-12813,YUH51M73B560697183,DL10A6037,HONDA,AMAZE,1.2 VXMT i-VTEC,720390.05,6,2019,2019-07-11,Ma-NAG,Sedan,Petrol,1199,0,0,0,1,1,35779,Private,Minor scratches,Alloy wheels,2020-07-22
VEH-12814,WBC77L79U538533133,KA85B2070,MARUTI,SWIFT DZIRE,VDI,436340.77,13,2012,2012-03-25,Ta-MAD,Sedan,Diesel,1248,1,1,0,0,0,130505,Private,,Body kit,
VEH-12815,KIF09S26Y558588463,TN54A9779,MARUTI,WAGON R,1.0 LXI CNG,453919.24,7,2018,2018-05-20,Ta-CHE,Hatchback,CNG,998,0,0,0,1,0,115576,Private,Minor scratches,Alloy wheels,
VEH-12816,AFF90B32T303810576,GJ36D8773,HYUNDAI,VENUE,1.2 S PETROL,657713.8,5,2020,2020-10-25,Ta-COI,SUV,Petrol,1197,1,0,0,0,0,40156,Private,Minor scratches,Body kit,
VEH-12817,IGS74Y24Q046188763,MH47D9346,HONDA,AMAZE,1.2 VXMT i-VTEC,617644.42,9,2016,2016-05-04,Ta-MAD,Sedan,Petrol,1199,0,0,1,1,1,62901,Commercial,Dent on door,Body kit,
VEH-12818,EOY31A22V895351933,TN49A1752,MARUTI,DZIRE,VXI,722000.0,2,2023,2023-10-18,Ka-MYS,Sedan,Petrol,1197,0,0,0,0,1,109627,Private,,,
VEH-12819,GEM13Y41M378589283,MH99A8466,HONDA,AMAZE,1.2 SMT i-VTEC,514564.32,6,2019,2019-10-11,Ka-MYS,Sedan,Petrol,1199,1,0,0,0,1,52835,Private,Minor scratches,,2022-01-04
VEH-12820,LUL08J10M885782067,KA95C3902,MARUTI,ALTO,K10 VXI,329305.32,10,2015,2015-01-16,Ka-BAN,Hatchback,Petrol,998,0,0,0,1,0,101081,Private,Minor scratches,,
VEH-12821,DMF01S28Y166412689,KA62B6614,MARUTI,DZIRE,VXI,370632.98,15,2010,2010-07-17,Ta-COI,Sedan,Petrol,1197,0,0,0,0,1,58649,Private,Minor scratches,Alloy wheels,2011-11-16
VEH-12822,VDJ42B62T702656816,DL61B6229,MARUTI,BALENO HATCHBACK,Delta 1.2,558669.84,7,2018,2018-07-25,We-HOW,Hatchback,Petrol,1197,1,0,0,0,0,95495,Private,Minor scratches,,
VEH-12823,TXF44U80R012088629,GJ15D5636,MARUTI,SWIFT,1.2 VXi BS IV,301139.3,15,2010,2010-04-20,We-KOL,Hatchback,Petrol,1197,1,0,0,1,1,46616,Private,,,
VEH-12824,UIN97Q43D534490942,TN56B7155,MARUTI,WAGON R,1.0 LXI CNG,502957.61,5,2020,2020-03-04,We-HOW,Hatchback,CNG,998,0,0,0,0,0,52310,Commercial,Minor scratches,,
VEH-12825,LTE31V40E712619052,DL72A2864,HONDA,AMAZE,1.2 SMT i-VTEC,665000.0,1,2024,2024-10-18,Ma-PUN,Sedan,Petrol,1199,0,1,1,1,0,141472,Private,,Alloy wheels,
VEH-12826,YUJ21W20L075705598,WB54C2770,MARUTI,DZIRE,VXI,619024.75,5,2020,2020-05-17,Ta-COI,Sedan,Petrol,1197,1,0,0,1,0,101112,Private,Minor scratches,Body kit,2021-10-06
VEH-12827,RNH66D52A881904640,UP71D9095,MARUTI,BALENO HATCHBACK,Zeta 1.2,771637.5,3,2022,2022-05-09,Ka-BAN,Hatchback,Petrol,1197,1,1,0,0,1,36322,Private,,Alloy wheels,
VEH-12828,RYP91L07Q980959581,GJ24C9367,MAHINDRA,BOLERO,B6 (O),698337.3,7,2018,2018-08-28,Ta-MAD,SUV,Diesel,1498,1,0,1,1,1,135561,Private,,,
VEH-12829,KRK85G94V443235139,MH42A6169,MARUTI,DZIRE,VXI,478989.55,10,2015,2015-11-23,Ma-NAG,Sedan,Petrol,1197,0,0,0,1,0,95325,Private,,Alloy wheels,
VEH-12830,WCI07T56U102821017,UP36D3016,MARUTI,WAGON R,1.0 VXI,359242.16,10,2015,2015-02-05,Ma-NAG,Hatchback,Petrol,998,1,0,1,1,1,51663,Private,,Body kit,
VEH-12831,BOM15A83J664757600,WB36D2666,MARUTI,SWIFT,1.2 VXi BS IV,301139.3,15,2010,2010-06-06,De-NOI,Hatchback,Petrol,1197,1,1,0,0,1,109906,Private,Dent on door,,
VEH-12832,JFK78M62Q408322883,TN03C8109,MARUTI,SWIFT,VXI,378252.06,12,2013,2013-07-02,Ma-NAG,Hatchback,Petrol,1197,0,0,1,0,0,27173,Private,,Body kit,
VEH-12833,GIK39R63L637097692,RJ77C4030,MARUTI,VITARA BREZZA,ZDI PLUS,1200000.0,0,2025,2025-10-14,Ta-MAD,SUV,Diesel,1248,0,0,0,1,0,10208,Private,Minor scratches,Body kit,
VEH-12834,TPS16U77K011541728,DL49C2126,HYUNDAI,CRETA,1.5 E DIESEL,631410.76,13,2012,2012-06-07,Ma-NAG,SUV,Diesel,1493,1,1,1,1,0,80868,Private,,Body kit,
VEH-12835,YTS20M68C295182656,TN30D1012,MARUTI,SWIFT DZIRE,VDI,414523.73,14,2011,2011-10-19,Ka-MYS,Sedan,Diesel,1248,0,1,0,1,1,94428,Private,Minor scratches,Body kit,
VEH-12836,FHK58B69X434671238,DL19A9305,MARUTI,BALENO HATCHBACK,Delta 1.2,504199.53,9,2016,2016-04-11,Ka-BAN,Hatchback,Petrol,1197,1,1,0,1,1,119451,Private,,,
VEH-12837,ZYG73M36X176281652,MH73A8374,MARUTI,SWIFT,VXI,441174.59,9,2016,2016-12-10,Ka-MYS,Hatchback,Petrol,1197,1,0,0,1,0,79994,Private,Minor scratches,,
VEH-12838,YGE41C46O091553604,RJ33A7782,MARUTI,SWIFT,1.2 VXi BS IV,529429.06,4,2021,2021-09-28,De-GUR,Hatchback,Petrol,1197,0,0,0,0,1,14069,Private,,,
VEH-12839,AVT99Z51Y603008197,TN44B3992,MARUTI,WAGON R,1.0 LXI CNG,369720.06,11,2014,2014-04-16,We-HOW,Hatchback,CNG,998,1,1,0,1,0,18561,Private,,Body kit,
VEH-12840,HQP57M83Y464875765,GJ24D5518,MARUTI,SWIFT,1.2 VXi BS IV,453919.24,7,2018,2018-03-12,Ma-NAG,Hatchback,Petrol,1197,1,1,0,0,1,114770,Private,Minor scratches,Body kit,
VEH-12841,XFB48Y56S049207662,DL54B9095,MARUTI,ALTO 800,LXI,205336.83,13,2012,2012-06-27,Ma-NAG,Hatchback,Petrol,796,1,1,0,0,0,64429,Private,,Body kit,
VEH-12842,GEB35I52H609482212,GJ06D9509,MARUTI,SWIFT,VXI,541646.66,5,2020,2020-10-25,Ma-NAG,Hatchback,Petrol,1197,0,1,0,1,1,64875,Private,,Alloy wheels,
VEH-12843,XCN91L73H602618596,WB40D5567,MARUTI,BALENO HATCHBACK,Delta 1.2,760000.0,1,2024,2024-05-27,Ta-MAD,Hatchback,Petrol,1197,0,0,1,1,0,108682,Private,,,
VEH-12844,CWC72Z42U494753667,DL83A5815,MARUTI,SWIFT,VXI,419115.86,10,2015,2015-06-14,Ma-PUN,Hatchback,Petrol,1197,1,0,0,1,1,21176,Private,Minor scratches,Alloy wheels,
VEH-12845,DNK15I32J679766862,MH26C2142,TOYOTA KIRLOSKAR,INNOVA CRYSTA,2.8 ZX AT 7 STR,1911238.92,6,2019,2019-02-06,We-HOW,MUV,Diesel,2755,1,0,0,1,1,8082,Private,Dent on door,,
VEH-12846,MWJ35X42J387271906,DL46A8865,MARUTI,SWIFT,1.2 VXi BS IV,316988.74,14,2011,2011-03-12,Ka-BAN,Hatchback,Petrol,1197,1,1,0,1,0,50874,Private,,,
VEH-12847,UUI77U60U648671176,WB34D9830,MARUTI,DZIRE,VXI,760000.0,1,2024,2024-07-13,Ta-CHE,Sedan,Petrol,1197,0,0,0,1,0,123953,Private,Dent on door,Body kit,
VEH-12848,VVH53J14F018212793,MH31D9792,TOYOTA KIRLOSKAR,INNOVA CRYSTA,2.4 ZX MT 7 STR,1317221.27,10,2015,2015-10-24,Ma-NAG,MUV,Diesel,2393,1,0,0,1,0,81497,Private,Dent on door,Body kit,
VEH-12849,FFY54J25A029665839,DL58C7202,HONDA,CITY,1.5 V MT,1268915.0,3,2022,2022-03-21,Ka-MYS,Sedan,Petrol,1498,0,0,0,1,0,146567,Private,Minor scratches,Body kit,
VEH-12850,DBH28O52X163158554,GJ26A3459,HONDA,CITY,1.5 V MT,1087936.0,6,2019,2019-08-09,Ma-PUN,Sedan,Petrol,1498,0,0,0,1,0,87062,Commercial,Minor scratches,Body kit,
VEH-12851,FVW35L62A367264773,WB53C3412,MARUTI,SWIFT,VXI,665000.0,1,2024,2024-03-12,Ta-COI,Hatchback,Petrol,1197,0,0,0,1,0,51215,Private,,,
VEH-12852,WNS40L21X418051989,DL17C6970,MARUTI,SWIFT,1.2 VXi BS IV,617500.0,1,2024,2024-01-20,Ta-COI,Hatchback,Petrol,1197,1,0,1,0,1,56723,Private,,,2025-11-05
VEH-12853,JVT81Z94R215764204,RJ01D3765,HYUNDAI,GRAND I10,SPORTZ 1.2 KAPPA VTVT,470458.81,6,2019,2019-10-11,Ta-MAD,Hatchback,Petrol,1197,0,0,1,1,0,15971,Private,Minor scratches,Body kit,
VEH-12854,OTP88A57I384600608,GJ30D5389,MARUTI,ALTO,K10 VXI,364881.24,8,2017,2017-02-15,We-HOW,Hatchback,Petrol,998,1,0,0,1,1,11354,Private,Dent on door,Body kit,
VEH-12855,UZB39T77L293215004,RJ47A5994,HYUNDAI,CRETA,1.5 E DIESEL,631410.76,13,2012,2012-04-02,Ta-MAD,SUV,Diesel,1493,0,1,0,0,0,14314,Private,Minor scratches,Alloy wheels,
VEH-12856,VAZ42T42S087185598,UP70B7734,MARUTI,SWIFT,VXI,341372.49,14,2011,2011-12-28,We-HOW,Hatchback,Petrol,1197,1,1,0,1,0,11593,Private,,,
VEH-12857,RGQ25D89T757159339,UP33A8642,MARUTI,SWIFT,VDI (DIESEL),800000.0,0,2025,2025-03-14,Ma-PUN,Hatchback,Diesel,1248,1,0,0,0,0,144028,Private,,Body kit,2026-07-20
VEH-12858,RAR32G59R796464824,GJ82A9143,MARUTI,ALTO,K10 VXI,346637.18,9,2016,2016-09-17,Ma-MUM,Hatchback,Petrol,998,0,1,0,1,0,15915,Private,Dent on door,Alloy wheels,
VEH-12859,TRA01V00I082997330,WB77D7742,MARUTI,BALENO HATCHBACK,Delta 1.2,410673.67,13,2012,2012-07-19,Ma-PUN,Hatchback,Petrol,1197,0,1,0,0,0,66534,Private,Dent on door,Alloy wheels,
VEH-12860,LHK38E86D364645411,KA70A4746,MARUTI,VITARA BREZZA,VXI,568800.09,11,2014,2014-08-16,Ka-MYS,SUV,Petrol,1462,0,0,0,1,1,6714,Private,,,
VEH-12861,CVJ39M78E538095974,UP01C6961,MARUTI,DZIRE,VXI,722000.0,2,2023,2023-10-05,Ka-BAN,Sedan,Petrol,1197,0,0,0,0,0,56507,Private,,,
VEH-12862,OIM98J36K487129463,WB25B6611,MARUTI,VITARA BREZZA,ZDI PLUS,1140000.0,1,2024,2024-06-01,Ta-COI,SUV,Diesel,1248,1,0,0,0,1,48093,Private,Dent on door,,
VEH-12863,UCU57U09B157351224,KA48D5687,HONDA,AMAZE,1.2 VXMT i-VTEC,980000.0,0,2025,2025-11-22,Ka-BAN,Sedan,Petrol,1199,1,0,0,0,1,126498,Private,Minor scratches,,
VEH-12864,AZL56J18W721203240,TN20C1730,MARUTI,SWIFT,1.2 VXi BS IV,333672.35,13,2012,2012-10-15,Ma-MUM,Hatchback,Petrol,1197,1,0,0,1,1,141866,Private,Dent on door,,
VEH-12865,JNX78N38Q528406471,RJ21A4435,HONDA,AMAZE,1.2 VXMT i-VTEC,650152.02,8,2017,2017-09-23,De-NOI,Sedan,Petrol,1199,0,1,1,1,1,144127,Private,,,2018-11-21
VEH-12866,ZLG70F55C782343852,MH27C8763,HYUNDAI,CRETA,1.5 E DIESEL,599840.22,14,2011,2011-06-05,Ma-NAG,SUV,Diesel,1493,0,0,0,1,1,67115,Private,,Body kit,2013-04-17
VEH-12867,ZMR34K73J696621427,WB39D2394,MARUTI,SWIFT,VXI,541646.66,5,2020,2020-09-25,Ma-PUN,Hatchback,Petrol,1197,0,0,0,1,1,114159,Private,Dent on door,Body kit,
VEH-12868,SUL14Z27X879978763,MH29D6602,HONDA,AMAZE,1.5 SMT i-DTEC,624828.11,6,2019,2019-04-28,Ma-PUN,Sedan,Diesel,1498,0,0,1,1,0,101540,Private,,Body kit,
VEH-12869,KES61B16W211444170,KA70D4067,MARUTI,ALTO,K10 VXI,496375.0,2,2023,2023-06-18,Ma-NAG,Hatchback,Petrol,998,0,0,0,1,0,128909,Private,,,
VEH-12870,GBW57D03V081828583,TN85B1753,HYUNDAI,VENUE,1.2 S PETROL,393797.55,15,2010,2010-08-23,We-KOL,SUV,Petrol,1197,1,0,1,1,1,14219,Private,,Alloy wheels,
VEH-12871,ITR63O71K877574161,KA52D8928,HONDA,AMAZE,VX PETROL,798216.12,4,2021,2021-03-16,Ka-MYS,Sedan,Petrol,1199,0,1,1,0,0,5004,Private,,,
VEH-12872,IHS93H27R562288479,KA28C4889,MARUTI,BALENO HATCHBACK,Zeta 1.2,812250.0,2,2023,2023-05-25,Ka-BAN,Hatchback,Petrol,1197,1,0,0,1,0,117573,Private,,,
VEH-12873,PLK32Q01A973635120,WB79D1029,HYUNDAI,CRETA,1.5 E DIESEL,631410.76,13,2012,2012-01-02,Ka-MYS,SUV,Diesel,1493,0,1,0,0,0,17841,Private,Minor scratches,Alloy wheels,
VEH-12874,EXI02H76L127378507,RJ47D9303,MARUTI,DZIRE,VXI,530736.35,8,2017,2017-10-08,Ma-PUN,Sedan,Petrol,1197,0,1,0,1,0,36247,Private,Dent on door,,
VEH-12875,ZRE53Q93B063362281,GJ19C9164,HONDA,CITY,1.5 V MT,886130.67,10,2015,2015-12-02,We-KOL,Sedan,Petrol,1498,0,1,1,1,0,99516,Private,Minor scratches,,
VEH-12876,JLH64J18K444779507,GJ35C5482,MARUTI,ALTO,K10 VXI,404300.54,6,2019,2019-01-28,We-HOW,Hatchback,Petrol,998,1,1,1,1,1,2630,Private,Minor scratches,,
VEH-12877,SCE34V93D418765344,KA09B3579,MARUTI,SWIFT,1.2 VXi BS IV,477809.73,6,2019,2019-03-24,We-HOW,Hatchback,Petrol,1197,1,1,0,1,0,142796,Private,Dent on door,,
VEH-12878,GFP70S77F482562120,GJ88B3173,HONDA,CITY,1.5 V MT,685671.02,15,2010,2010-11-27,Ma-MUM,Sedan,Petrol,1498,1,1,0,1,1,64825,Private,Minor scratches,,
VEH-12879,OKP40Z29H682520920,GJ64C3958,TOYOTA KIRLOSKAR,INNOVA CRYSTA,2.4 ZX MT 7 STR,1386548.7,9,2016,2016-12-23,We-KOL,MUV,Diesel,2393,0,0,0,1,0,118191,Commercial,,Alloy wheels,
VEH-12880,LHR03L83P830373260,WB23C1490,MARUTI,VITARA BREZZA,VXI,902500.0,2,2023,2023-09-14,Ma-NAG,SUV,Petrol,1462,1,1,0,1,0,132908,Private,Minor scratches,Body kit,
VEH-12881,LTT61J97J837891300,DL58B6002,HONDA,AMAZE,1.2 VXMT i-VTEC,884450.0,2,2023,2023-04-17,Ka-MYS,Sedan,Petrol,1199,1,1,0,0,1,114222,Private,Minor scratches,,2025-07-13
VEH-12882,UNQ79U64Y674291261,MH89B8094,HONDA,AMAZE,1.2 VXMT i-VTEC,650152.02,8,2017,2017-02-08,De-NEW,Sedan,Petrol,1199,1,1,0,0,1,82761,Private,,,
VEH-12883,YMF58N84I057447601,MH68B3088,HONDA,AMAZE,VX PETROL,503075.24,13,2012,2012-06-18,Ta-COI,Sedan,Petrol,1199,0,1,1,1,1,133645,Private,Minor scratches,Body kit,
VEH-12884,RJO80Z86X991499865,KA60A4143,MARUTI,DZIRE,VXI,651605.0,4,2021,2021-10-09,Ta-CHE,Sedan,Petrol,1197,1,0,0,0,1,29427,Private,,Alloy wheels,
VEH-12885,VZW25Z38H133539530,TN01D4705,MARUTI,ALTO 800,LXI,342950.0,3,2022,2022-02-26,Ta-COI,Hatchback,Petrol,796,1,1,0,0,0,7488,Private,Minor scratches,,
VEH-12886,ZFM05O89G579850288,DL05A1228,MARUTI,SWIFT,1.2 VXi BS IV,557293.75,3,2022,2022-02-18,Ta-CHE,Hatchback,Petrol,1197,0,1,1,1,1,10171,Private,,Alloy wheels,2023-08-10
VEH-12887,VVN97O50V291466504,DL14C2755,MARUTI,VITARA BREZZA,VXI,857375.0,3,2022,2022-08-05,Ta-COI,SUV,Petrol,1462,1,1,1,1,0,142996,Private,Minor scratches,,
VEH-12888,VMG09C91N845477534,WB85B8085,MARUTI,SWIFT,1.2 VXi BS IV,586625.0,2,2023,2023-03-14,De-NOI,Hatchback,Petrol,1197,1,1,0,1,1,90308,Private,,,2025-06-26
VEH-12889,ZYC03N39A624235081,MH03B7036,MARUTI,DZIRE,VXI,504199.53,9,2016,2016-11-14,Ka-BAN,Sedan,Petrol,1197,0,0,0,0,1,62235,Private,Dent on door,,
VEH-12890,SXV15S06P842021356,WB25D5605,MARUTI,ALTO,K10 VXI,384085.51,7,2018,2018-10-20,We-HOW,Hatchback,Petrol,998,0,1,0,1,0,69399,Private,,Alloy wheels,
VEH-12891,YRE22U38Q457132323,MH02C5611,MARUTI,SWIFT DZIRE,VDI,535712.0,9,2016,2016-10-24,Ta-CHE,Sedan,Diesel,1248,0,1,0,0,1,34915,Private,Dent on door,Body kit,
VEH-12892,CKX06V73J881039228,KA69B7380,MARUTI,SWIFT,VDI (DIESEL),478989.55,10,2015,2015-10-21,Ta-MAD,Hatchback,Diesel,1248,1,1,1,1,1,34426,Private,Dent on door,,
VEH-12893,DPH31Y91D106921433,DL29D8450,MARUTI,SWIFT,1.2 VXi BS IV,431223.28,8,2017,2017-03-08,Ma-NAG,Hatchback,Petrol,1197,1,0,1,1,0,119816,Private,,,
VEH-12894,GGH99B15M456656743,DL53B5116,MARUTI,SWIFT,1.2 VXi BS IV,389179.01,10,2015,2015-06-27,Ka-MYS,Hatchback,Petrol,1197,1,0,0,1,1,41847,Private,,Body kit,
VEH-12895,RMQ28P42O819904838,RJ34B9696,TOYOTA KIRLOSKAR,INNOVA CRYSTA,2.4 V 8S,1393182.91,8,2017,2017-09-15,Ka-BAN,MUV,Diesel,2393,1,0,0,1,0,4778,Private,,Body kit,
VEH-12896,GSS11G63Z786506112,DL05D4073,HYUNDAI,GRAND I10 NIOS,SPORTZ 1.2 KAPPA VTVT,488836.11,7,2018,2018-01-28,De-NEW,Hatchback,Petrol,1197,1,0,0,1,1,112540,Private,,Alloy wheels,2020-03-20
VEH-12897,WOW48Z22T804324681,TN84A4770,HONDA,AMAZE,1.2 SMT i-VTEC,514564.32,6,2019,2019-07-14,Ka-MYS,Sedan,Petrol,1199,1,0,1,1,0,91228,Private,,,
VEH-12898,KNF60U01J600242032,GJ26A1100,MARUTI,SWIFT DZIRE,VDI,436340.77,13,2012,2012-09-07,Ta-CHE,Sedan,Diesel,1248,1,1,0,1,0,59115,Private,Dent on door,,
VEH-12899,BQL99X23X260119771,TN56A6411,TOYOTA KIRLOSKAR,INNOVA CRYSTA,2.8 ZX AT 7 STR,1911238.92,6,2019,2019-01-02,De-GUR,MUV,Diesel,2755,1,1,0,0,0,6509,Private,Dent on door,,
VEH-12900,RCX90D86X347505181,WB84A9699,TOYOTA KIRLOSKAR,INNOVA CRYSTA,2.8 GX AT 7 STR,1873364.37,4,2021,2021-09-16,Ta-COI,MUV,Diesel,2755,1,1,0,1,1,50296,Private,Dent on door,,
VEH-12901,IIT62I23X396878035,KA53D9687,HYUNDAI,GRAND I10 NIOS,SPORTZ 1.2 KAPPA VTVT,398160.06,11,2014,2014-02-13,We-KOL,Hatchback,Petrol,1197,0,1,1,1,1,117473,Private,Dent on door,Body kit,
VEH-12902,BHF87V43N384303361,RJ65A7055,HYUNDAI,CRETA,1.4 E Plus,633977.47,14,2011,2011-10-11,De-NEW,SUV,Diesel,1582,0,0,0,1,1,135499,Private,Minor scratches,,
VEH-12903,OWA36U29Y425027199,WB32A8538,MARUTI,BALENO HATCHBACK,Delta 1.2,530736.35,8,2017,2017-11-03,De-GUR,Hatchback,Petrol,1197,0,1,0,1,1,129366,Private,,Body kit,
VEH-12904,TOZ91O52N468438622,MH59B5802,MARUTI,BALENO HATCHBACK,Zeta 1.2,511920.08,11,2014,2014-04-04,We-KOL,Hatchback,Petrol,1197,1,0,1,1,1,111756,Private,,,
VEH-12905,RKG36V32V426087550,GJ93D3623,MAHINDRA,SCORPIO,S5 2WD 7STR,898105.41,10,2015,2015-06-12,Ma-MUM,SUV,Diesel,2184,1,0,0,1,1,137392,Private,Minor scratches,,
VEH-12906,VTE30L26Q626415136,WB55D4638,MARUTI,ERTIGA,1.5 VXI CNG,564676.29,13,2012,2012-11-12,Ta-COI,MUV,CNG,1462,1,1,1,1,1,36855,Private,Dent on door,Alloy wheels,2015-06-12
VEH-12907,IIR02X49F010804159,MH94A3933,HYUNDAI,GRAND I10,SPORTZ 1.2 KAPPA VTVT,470458.81,6,2019,2019-04-10,Ka-BAN,Hatchback,Petrol,1197,1,0,0,1,1,87279,Private,Minor scratches,,
VEH-12908,WRD40X97P653849564,UP24B9985,TOYOTA KIRLOSKAR,INNOVA CRYSTA,2.8 Z 7 STR,2500000.0,0,2025,2025-02-03,Ka-BAN,MUV,Diesel,2755,1,1,0,1,1,63315,Private,Dent on door,,
VEH-12909,TNJ68U51W922638489,RJ44D8963,MARUTI,SWIFT,VXI,600162.5,3,2022,2022-07-18,Ma-PUN,Hatchback,Petrol,1197,0,0,1,1,0,94395,Private,Dent on door,Alloy wheels,
VEH-12910,NWY08G11M090818046,KA43D4624,MARUTI,ERTIGA,1.5 VXI CNG,943112.5,3,2022,2022-04-10,We-KOL,MUV,CNG,1462,1,1,0,1,0,96829,Private,Minor scratches,,
VEH-12911,FBT64L78V454583094,RJ66D9079,MARUTI,VITARA BREZZA,VDI,997500.0,1,2024,2024-07-12,We-KOL,SUV,Diesel,1248,0,1,0,0,1,9317,Private,,Body kit,2026-09-24
VEH-12912,WZQ00B84W163356091,GJ34B3285,MARUTI,DZIRE,VXI,478989.55,10,2015,2015-10-17,De-NEW,Sedan,Petrol,1197,0,0,0,0,1,17277,Private,,,
VEH-12913,SCJ69P76X766201597,RJ41C3165,MARUTI,ERTIGA,1.5 VXI CNG,658610.63,10,2015,2015-09-28,Ma-NAG,MUV,CNG,1462,1,1,0,1,1,78707,Private,,,
VEH-12914,KYW46E61A135530439,RJ60D8367,HONDA,AMAZE,VX PETROL,454025.41,15,2010,2010-07-04,Ta-COI,Sedan,Petrol,1199,1,0,0,1,1,6312,Private,,,
VEH-12915,DST78J60Q596816257,UP56D5210,MARUTI,WAGON R,1.0 VXI,378149.65,9,2016,2016-02-07,De-GUR,Hatchback,Petrol,998,0,0,0,1,1,134848,Private,Dent on door,Alloy wheels,2017-10-19
VEH-12916,XLE64P24R312681466,DL02C1412,MARUTI,ERTIGA,1.5 VXI CNG,625680.1,11,2014,2014-12-06,Ta-CHE,MUV,CNG,1462,1,1,0,1,0,120733,Private,,Alloy wheels,
VEH-12917,QJY84H43M824978152,MH98D7600,MARUTI,ERTIGA,1.5 VXI CNG,851159.03,5,2020,2020-07-26,Ta-CHE,MUV,CNG,1462,1,1,0,1,0,15648,Private,Dent on door,Alloy wheels,
VEH-12918,CWW52J83F935747575,RJ33B2081,HONDA,CITY,1.5 V MT,886130.67,10,2015,2015-01-22,Ta-MAD,Sedan,Petrol,1498,0,1,1,1,1,76385,Commercial,,,2016-08-19
VEH-12919,QLF01F21B731413271,MH52A2877,HYUNDAI,GRAND I10,SPORTZ 1.2 KAPPA VTVT,364032.06,11,2014,2014-11-26,Ta-CHE,Hatchback,Petrol,1197,0,0,0,0,0,117474,Private,,Body kit,
VEH-12920,WUV11W64U722763308,TN03A7487,HYUNDAI,CRETA,1.5 E DIESEL,1168500.0,1,2024,2024-06-08,Ma-NAG,SUV,Diesel,1493,1,1,0,1,1,149159,Private,,,2026-03-15
VEH-12921,JFY88Q45P890798571,RJ13A4739,HYUNDAI,GRAND I10 NIOS,SPORTZ 1.2 KAPPA VTVT,398160.06,11,2014,2014-11-27,We-HOW,Hatchback,Petrol,1197,1,0,0,1,1,44927,Private,Minor scratches,Alloy wheels,
VEH-12922,GTB76U76Z028214426,MH52A7144,MARUTI,SWIFT,VXI,488836.11,7,2018,2018-02-23,Ma-PUN,Hatchback,Petrol,1197,0,1,1,1,1,133971,Private,,Alloy wheels,
VEH-12923,UWQ63E70K843320384,DL08A3806,MARUTI,ALTO 800,LXI,239494.78,10,2015,2015-11-13,Ma-NAG,Hatchback,Petrol,796,0,0,0,1,1,10756,Private,Minor scratches,Body kit,2018-01-08
VEH-12924,FWT72Z20Z179253811,UP34A3180,MARUTI,BALENO HATCHBACK,Zeta 1.2,696402.84,5,2020,2020-11-20,Ta-MAD,Hatchback,Petrol,1197,1,1,0,0,0,137543,Private,,,
VEH-12925,NBU57K22J201152945,UP85D3868,MARUTI,WAGON R,1.0 LXI CNG,453919.24,7,2018,2018-12-16,De-GUR,Hatchback,CNG,998,0,1,0,1,0,94705,Private,,,
VEH-12926,QCR85Y45J922890182,WB74A1013,HYUNDAI,CRETA,1.4 E Plus,1300000.0,0,2025,2025-02-28,Ma-NAG,SUV,Diesel,1582,0,1,1,0,1,149520,Private,Minor scratches,,
VEH-12927,TNB58I07E537461411,DL72C4092,HONDA,AMAZE,1.2 VXMT i-VTEC,980000.0,0,2025,2025-11-24,De-NEW,Sedan,Petrol,1199,1,0,0,1,1,109009,Private,Dent on door,Alloy wheels,
VEH-12928,QLN02H05G657340008,UP92C3823,MARUTI,BALENO HATCHBACK,Delta 1.2,455040.07,11,2014,2014-01-20,De-NOI,Hatchback,Petrol,1197,1,1,0,1,1,34634,Private,,,2016-04-28
VEH-12929,VWR56E28O360674818,UP40A9685,HYUNDAI,GRAND I10,SPORTZ 1.2 KAPPA VTVT,446935.87,7,2018,2018-10-11,Ka-BAN,Hatchback,Petrol,1197,1,0,1,0,0,97161,Private,,Body kit,
VEH-12930,NPH98O37C524003262,RJ24C3465,MARUTI,ERTIGA,1.5 VXI CNG,509620.35,15,2010,2010-12-28,We-HOW,MUV,CNG,1462,1,0,0,0,1,81929,Private,Dent on door,Body kit,
VEH-12931,DGM46U97B821819024,UP74A9831,MARUTI,ALTO 800,LXI,216144.04,12,2013,2013-07-02,Ma-PUN,Hatchback,Petrol,796,0,0,0,0,0,21300,Private,,,
VEH-12932,BUV15V61B440123596,GJ59D2556,HYUNDAI,GRAND I10,SPORTZ 1.2 KAPPA VTVT,383191.64,10,2015,2015-05-11,We-HOW,Hatchback,Petrol,1197,0,1,0,1,0,89782,Private,,Body kit,
VEH-12933,TVN99P86P873554989,DL38A9934,MARUTI,SWIFT,1.2 VXi BS IV,333672.35,13,2012,2012-09-28,We-KOL,Hatchback,Petrol,1197,1,0,0,0,1,62897,Private,Minor scratches,,
VEH-12934,LOW87H83R258963950,WB97C3877,MARUTI,BALENO HATCHBACK,Zeta 1.2,511920.08,11,2014,2014-01-11,Ma-PUN,Hatchback,Petrol,1197,1,0,0,0,1,21696,Private,Dent on door,Alloy wheels,
VEH-12935,RSF03A60G715749124,DL99A4842,MARUTI,SWIFT,1.2 VXi BS IV,650000.0,0,2025,2025-12-13,We-HOW,Hatchback,Petrol,1197,1,1,0,1,0,11161,Private,Minor scratches,,
VEH-12936,DPH25Z56L790413805,KA10C6382,HONDA,AMAZE,VX PETROL,557424.09,11,2014,2014-06-20,Ka-MYS,Sedan,Petrol,1199,1,0,0,1,1,124804,Private,,,
VEH-12937,EQO16U18F309069680,KA46B1382,MARUTI,ERTIGA,1.5 VXI CNG,808601.08,6,2019,2019-04-23,Ma-PUN,MUV,CNG,1462,0,1,0,1,1,142750,Commercial,Dent on door,,
VEH-12938,TTM68X76R924361114,RJ53D5261,MARUTI,DZIRE,VXI,432288.07,12,2013,2013-03-05,Ta-COI,Sedan,Petrol,1197,1,1,0,1,1,71082,Private,Minor scratches,Alloy wheels,
VEH-12939,TPE15V92N623451290,KA42A1062,MARUTI,SWIFT,VXI,341372.49,14,2011,2011-08-04,Ka-MYS,Hatchback,Petrol,1197,1,1,0,1,1,112571,Private,Dent on door,Alloy wheels,
VEH-12940,RQH03F90A220065143,DL49A3311,MARUTI,SWIFT,VXI,378252.06,12,2013,2013-07-17,Ka-MYS,Hatchback,Petrol,1197,1,1,0,0,0,23621,Private,,Body kit,
VEH-12941,AAJ05T01W160876587,KA49B5304,HONDA,AMAZE,1.2 SMT i-VTEC,398160.06,11,2014,2014-04-25,Ma-MUM,Sedan,Petrol,1199,0,0,1,0,1,2018,Private,Dent on door,Alloy wheels,2016-03-21
VEH-12942,SPV41X63E731672863,RJ93D6084,MARUTI,VITARA BREZZA,VDI,900243.75,3,2022,2022-07-25,Ka-BAN,SUV,Diesel,1248,1,1,1,1,1,2020,Private,Minor scratches,,
VEH-12943,RZD38D09U547487286,GJ32C3875,MARUTI,SWIFT,1.2 VXi BS IV,586625.0,2,2023,2023-05-10,We-HOW,Hatchback,Petrol,1197,1,1,0,0,1,79058,Private,,Alloy wheels,
VEH-12944,EJX14C54C003980415,DL57A4214,MARUTI,DZIRE,VXI,504199.53,9,2016,2016-09-24,Ka-MYS,Sedan,Petrol,1197,0,0,0,0,1,132223,Private,,,2018-10-10
VEH-12945,EQG84E73W758750183,MH39B1257,HONDA,AMAZE,1.2 SMT i-VTEC,441174.59,9,2016,2016-05-14,Ma-MUM,Sedan,Petrol,1199,1,0,0,1,1,117551,Private,Dent on door,,
VEH-12946,HKF04J00R698139314,RJ76B5121,MARUTI,ALTO 800,LXI,227520.04,11,2014,2014-08-28,Ka-BAN,Hatchback,Petrol,796,0,1,1,1,0,10982,Private,,,
VEH-12947,ELD12K73Q072328354,GJ70D3862,MARUTI,WAGON R,1.0 VXI,378149.65,9,2016,2016-04-17,We-KOL,Hatchback,Petrol,998,1,1,0,1,0,77184,Private,,,
VEH-12948,OFP79F94U684764396,WB71D6550,MARUTI,ALTO 800,LXI,227520.04,11,2014,2014-08-28,Ma-PUN,Hatchback,Petrol,796,1,0,0,1,0,121133,Private,,Alloy wheels,
VEH-12949,ZYZ33M45V051039630,DL82C4211,MARUTI,SWIFT,VXI,488836.11,7,2018,2018-10-20,De-NOI,Hatchback,Petrol,1197,1,1,0,0,0,128699,Private,,,
VEH-12950,MLZ24U86P778571725,RJ93D2188,MARUTI,VITARA BREZZA,ZDI PLUS,796104.52,8,2017,2017-09-16,Ta-COI,SUV,Diesel,1248,0,1,0,1,0,61028,Private,Dent on door,Body kit,
VEH-12951,EXW56A26H155669333,WB80A3102,MARUTI,BALENO HATCHBACK,Zeta 1.2,416962.11,15,2010,2010-06-20,We-HOW,Hatchback,Petrol,1197,1,1,0,1,0,15482,Private,,,
VEH-12952,XFT41U71O829038559,GJ17A7036,MARUTI,SWIFT,VXI,419115.86,10,2015,2015-05-01,Ta-CHE,Hatchback,Petrol,1197,1,0,0,1,1,63178,Private,,Body kit,
VEH-12953,FLU96K96Y809281346,KA90D6645,HYUNDAI,CRETA,1.5 E DIESEL,1110075.0,2,2023,2023-06-27,Ma-PUN,SUV,Diesel,1493,0,1,0,0,0,37300,Private,Dent on door,,
VEH-12954,GGA38Z85L809922653,KA53D1495,TOYOTA KIRLOSKAR,INNOVA CRYSTA,2.8 GX AT 7 STR,1121652.45,14,2011,2011-03-21,Ma-PUN,MUV,Diesel,2755,1,0,0,1,0,80924,Private,,,
VEH-12955,MTP97K12I706241104,UP41A3056,MARUTI,SWIFT,VDI (DIESEL),504199.53,9,2016,2016-07-08,Ka-MYS,Hatchback,Diesel,1248,0,0,0,1,1,54113,Private,,,
VEH-12956,OKY71W34H287121420,UP09C3524,MARUTI,WAGON R,1.0 VXI,600000.0,0,2025,2025-10-15,Ka-BAN,Hatchback,Petrol,998,1,0,1,1,1,52781,Private,Minor scratches,,
VEH-12957,XYO06F57V796753499,UP18B5356,MARUTI,BALENO HATCHBACK,Delta 1.2,685900.0,3,2022,2022-08-04,Ka-MYS,Hatchback,Petrol,1197,0,1,0,1,0,67857,Private,,,2024-04-12
VEH-12958,PVR35P07U101795599,GJ24B4371,MARUTI,ALTO 800,LXI,279334.92,7,2018,2018-12-11,We-KOL,Hatchback,Petrol,796,0,0,0,1,0,46789,Private,Dent on door,,2020-04-27
VEH-12959,RTY51X51O014275617,MH58D5328,TOYOTA KIRLOSKAR,INNOVA CRYSTA,2.8 ZX AT 7 STR,1404936.23,12,2013,2013-05-28,Ka-MYS,MUV,Diesel,2755,1,0,1,0,1,83998,Private,Dent on door,,
VEH-12960,RWP19L73A900315524,RJ23B4316,MARUTI,VITARA BREZZA,VXI,663420.43,8,2017,2017-07-27,Ma-NAG,SUV,Petrol,1462,1,0,0,1,0,127926,Private,Minor scratches,,
VEH-12961,ZKZ27C22S705596806,TN04B3753,MARUTI,BALENO HATCHBACK,Delta 1.2,558669.84,7,2018,2018-11-10,Ta-COI,Hatchback,Petrol,1197,0,0,0,1,0,144792,Private,Dent on door,,
VEH-12962,QSI20Q05N760346171,DL04B9471,MARUTI,DZIRE,VXI,370632.98,15,2010,2010-10-01,De-GUR,Sedan,Petrol,1197,1,1,0,1,1,147575,Private,Dent on door,,
VEH-12963,ZZJ26P61B079573654,WB83B4920,MARUTI,ALTO,K10 VXI,384085.51,7,2018,2018-04-01,Ta-COI,Hatchback,Petrol,998,1,1,0,1,1,55637,Private,,,2020-07-07
VEH-12964,MAJ85P09H618586878,RJ78B6295,MARUTI,SWIFT,VDI (DIESEL),410673.67,13,2012,2012-09-17,We-KOL,Hatchback,Diesel,1248,1,1,0,1,1,69890,Commercial,Minor scratches,,
VEH-12965,SRI23L92M968180532,RJ10B8293,HYUNDAI,CRETA,1.4 E Plus,739440.12,11,2014,2014-02-04,De-NEW,SUV,Diesel,1582,0,1,1,1,0,113778,Private,,Alloy wheels,
VEH-12966,VIA21J69V533083955,WB56B3439,HYUNDAI,CRETA,1.5 E DIESEL,858954.87,7,2018,2018-10-23,Ta-COI,SUV,Diesel,1493,1,0,0,1,1,14100,Private,Dent on door,Alloy wheels,
VEH-12967,PQI34Y23X215711992,KA95D8480,MARUTI,ERTIGA,1.5 VXI CNG,992750.0,2,2023,2023-02-26,Ka-BAN,MUV,CNG,1462,0,0,1,0,0,50795,Private,Dent on door,Body kit,
VEH-12968,SHQ75W19R686937021,KA10D5949,HYUNDAI,GRAND I10,SPORTZ 1.2 KAPPA VTVT,577600.0,2,2023,2023-03-22,Ma-MUM,Hatchback,Petrol,1197,0,1,0,0,0,84776,Private,,,
VEH-12969,ZHI08Y92E021988632,DL26A2809,MARUTI,VITARA BREZZA,VXI,513342.08,13,2012,2012-12-11,Ta-MAD,SUV,Petrol,1462,1,0,1,1,1,52519,Private,,Body kit,
VEH-12970,BKZ23Q73V249826728,MH44D3033,MARUTI,BALENO HATCHBACK,Delta 1.2,530736.35,8,2017,2017-10-14,Ma-NAG,Hatchback,Petrol,1197,0,0,0,0,0,123882,Private,,Body kit,2019-05-07
VEH-12971,QMH96N03M118580126,DL19C2972,HONDA,AMAZE,VX PETROL,454025.41,15,2010,2010-12-03,Ma-MUM,Sedan,Petrol,1199,0,1,0,1,1,31475,Private,Dent on door,,
VEH-12972,MDC00Q40O884999031,KA54C9282,MARUTI,ALTO 800,LXI,252099.76,9,2016,2016-10-23,De-GUR,Hatchback,Petrol,796,1,0,0,1,0,78990,Private,,Alloy wheels,
VEH-12973,HRJ73E18U879650766,KA58C7274,MARUTI,SWIFT DZIRE,VDI,535712.0,9,2016,2016-05-15,Ma-PUN,Sedan,Diesel,1248,0,0,0,1,0,144012,Private,,,
VEH-12974,EFE29Z48T063884498,RJ80B8964,MARUTI,VITARA BREZZA,VDI,900243.75,3,2022,2022-09-01,De-GUR,SUV,Diesel,1248,0,1,1,0,0,33633,Private,,,
VEH-12975,EFE80K42L180442139,RJ79B2523,HONDA,AMAZE,1.2 SMT i-VTEC,600162.5,3,2022,2022-03-10,Ta-CHE,Sedan,Petrol,1199,0,1,0,0,1,136340,Private,,Body kit,2024-01-20
VEH-12976,HFI43N56C903446730,WB59D3133,MARUTI,ALTO,K10 VXI,496375.0,2,2023,2023-06-17,Ma-NAG,Hatchback,Petrol,998,1,1,0,1,0,113335,Private,,Body kit,
VEH-12977,TGB17P99J818578898,TN28D7234,MARUTI,ERTIGA,1.5 VXI CNG,808601.08,6,2019,2019-01-19,Ma-MUM,MUV,CNG,1462,0,1,0,1,0,90669,Private,,Alloy wheels,2020-10-20
VEH-12978,UCV89D72U882255754,KA39B7412,HONDA,AMAZE,1.5 SMT i-DTEC,508926.4,10,2015,2015-12-27,We-HOW,Sedan,Diesel,1498,1,0,0,1,0,132732,Private,Minor scratches,,
VEH-12979,CDU54G54R393112712,UP27D7102,MARUTI,ALTO,K10 VXI,312840.05,11,2014,2014-06-20,Ma-PUN,Hatchback,Petrol,998,0,0,0,1,1,104787,Private,,,
VEH-12980,EUJ79J37B125622567,DL44C9910,MARUTI,WAGON R,1.0 VXI,277974.74,15,2010,2010-11-07,Ka-MYS,Hatchback,Petrol,998,1,1,1,0,0,127624,Private,,Body kit,2012-05-22
VEH-12981,RHK11N74R088122694,RJ74C4134,MARUTI,VITARA BREZZA,VXI,773780.94,5,2020,2020-06-07,Ta-MAD,SUV,Petrol,1462,1,1,0,1,0,96687,Private,Minor scratches,,
VEH-12982,HFS27E66Q971876871,MH85D5759,MARUTI,ERTIGA,1.5 VXI CNG,564676.29,13,2012,2012-12-07,Ma-PUN,MUV,CNG,1462,1,0,0,0,1,85040,Private,Minor scratches,Alloy wheels,
VEH-12983,WVL81R90K442987347,DL19D1734,MARUTI,ALTO 800,LXI,239494.78,10,2015,2015-11-28,Ka-MYS,Hatchback,Petrol,796,0,1,0,1,1,15930,Private,,,
VEH-12984,FIQ25J23F809309099,UP59B1731,MARUTI,BALENO HATCHBACK,Delta 1.2,685900.0,3,2022,2022-10-04,Ka-BAN,Hatchback,Petrol,1197,0,1,0,0,1,39117,Private,,,
VEH-12985,EOL48U46F939757147,MH53D7484,MARUTI,BALENO HATCHBACK,Zeta 1.2,733055.62,4,2021,2021-06-16,De-GUR,Hatchback,Petrol,1197,0,1,0,1,1,9774,Private,,,
VEH-12986,XME04W02M894640132,WB62A8395,MARUTI,SWIFT,VXI,488836.11,7,2018,2018-05-28,Ma-PUN,Hatchback,Petrol,1197,1,1,1,1,1,128754,Private,Dent on door,Body kit,
VEH-12987,XAD99B19W073852568,DL51C2947,HYUNDAI,CRETA,1.4 E Plus,1300000.0,0,2025,2025-07-01,De-GUR,SUV,Diesel,1582,1,1,0,1,1,84064,Private,,,
VEH-12988,BDZ82A53D964129857,KA22A8328,MAHINDRA,SCORPIO,S5 2WD 7STR,770013.12,13,2012,2012-04-18,We-KOL,SUV,Diesel,2184,1,1,0,0,0,31130,Commercial,Minor scratches,,
VEH-12989,SUV45K66Y068916989,GJ29C9132,MARUTI,SWIFT,1.2 VXi BS IV,453919.24,7,2018,2018-08-04,We-KOL,Hatchback,Petrol,1197,1,0,0,1,0,9338,Private,Dent on door,Alloy wheels,
VEH-12990,PQW80I00P596438649,MH15D2629,MARUTI,BALENO HATCHBACK,Delta 1.2,432288.07,12,2013,2013-09-10,Ta-MAD,Hatchback,Petrol,1197,0,0,1,1,1,137104,Private,,,
VEH-12991,CPS79Z00L254585779,UP95C5898,MARUTI,BALENO HATCHBACK,Zeta 1.2,486324.08,12,2013,2013-09-11,Ma-MUM,Hatchback,Petrol,1197,0,0,0,1,0,9805,Private,Dent on door,,
VEH-12992,EPA38S14Q068078422,GJ27B6540,HONDA,AMAZE,1.5 SMT i-DTEC,459306.07,12,2013,2013-05-18,Ma-MUM,Sedan,Diesel,1498,1,0,0,0,1,47641,Private,Dent on door,Body kit,
VEH-12993,EMF18X79K406820037,WB97D2272,MARUTI,SWIFT,1.2 VXi BS IV,369720.06,11,2014,2014-06-11,Ma-MUM,Hatchback,Petrol,1197,1,1,0,1,1,55354,Commercial,,Body kit,
VEH-12994,NDD73F74B866149223,GJ89B8474,MARUTI,VITARA BREZZA,VDI,812469.98,5,2020,2020-09-25,Ma-MUM,SUV,Diesel,1248,0,1,1,1,1,91459,Private,,,
VEH-12995,FJL79X11N134533292,RJ67D5608,TOYOTA KIRLOSKAR,INNOVA CRYSTA,2.8 ZX AT 7 STR,2346500.0,2,2023,2023-08-02,Ma-PUN,MUV,Diesel,2755,1,0,0,1,1,128604,Private,Minor scratches,Alloy wheels,
VEH-12996,VOP14Y10K497287135,WB26A6515,HONDA,AMAZE,1.2 SMT i-VTEC,631750.0,2,2023,2023-07-22,De-NEW,Sedan,Petrol,1199,0,1,0,1,0,17593,Private,,Body kit,2025-08-10
VEH-12997,JUK25P26Y398043533,KA10C1893,MARUTI,VITARA BREZZA,ZDI PLUS,682560.11,11,2014,2014-12-08,We-HOW,SUV,Diesel,1248,1,0,0,1,0,51681,Private,,Body kit,
VEH-12998,MCG46P61I656123399,GJ50C7658,MARUTI,BALENO HATCHBACK,Zeta 1.2,462007.87,13,2012,2012-04-09,Ma-NAG,Hatchback,Petrol,1197,0,1,0,1,1,30990,Private,Minor scratches,,
VEH-12999,NNP40D05B804702779,TN41B5740,TOYOTA KIRLOSKAR,INNOVA CRYSTA,2.8 ZX AT 7 STR,1638648.47,9,2016,2016-01-05,We-HOW,MUV,Diesel,2755,0,1,0,0,0,108997,Private,,Alloy wheels,
VEH-13000,ZDE11D68S442543984,GJ26B1121,MARUTI,WAGON R,1.0 LXI CNG,586625.0,2,2023,2023-10-11,We-HOW,Hatchback,CNG,998,0,1,0,1,1,56272,Private,,Body kit,
VEH-13001,TPP75Y99N473663859,KA50D4575,MARUTI,ALTO,K10 VXI,346637.18,9,2016,2016-11-09,Ka-BAN,Hatchback,Petrol,998,1,1,1,0,0,6052,Private,,,
VEH-13002,INR87V93H011050335,DL52A9454,MARUTI,ALTO,K10 VXI,346637.18,9,2016,2016-03-09,Ma-NAG,Hatchback,Petrol,998,0,0,0,1,0,11980,Private,Minor scratches,,2018-04-16
VEH-13003,TIV57X62G584458834,DL94D6638,MARUTI,WAGON R,1.0 LXI CNG,453919.24,7,2018,2018-10-09,Ta-MAD,Hatchback,CNG,998,1,1,0,1,0,21420,Private,,,
VEH-13004,ZVR19S64H809222768,TN90A4912,HONDA,AMAZE,1.2 SMT i-VTEC,419115.86,10,2015,2015-12-21,Ta-MAD,Sedan,Petrol,1199,1,1,0,1,1,21199,Private,Dent on door,,
VEH-13005,SBZ51L53W691847321,WB38A1219,MARUTI,BALENO HATCHBACK,Zeta 1.2,812250.0,2,2023,2023-12-06,Ta-MAD,Hatchback,Petrol,1197,0,1,1,1,0,98395,Private,,,2026-08-28
VEH-13006,DZN96B60V948804050,DL71A7885,HYUNDAI,CRETA,1.4 E Plus,955619.46,6,2019,2019-11-04,Ma-NAG,SUV,Diesel,1582,1,0,0,1,0,113567,Private,,Alloy wheels,
VEH-13007,ANA81R49Z999566964,WB87D4022,HYUNDAI,CRETA,1.4 E Plus,667344.71,13,2012,2012-12-15,Ta-COI,SUV,Diesel,1582,1,1,0,1,0,135370,Private,Minor scratches,Alloy wheels,2014-04-15
VEH-13008,KCP98E06E703603631,DL50C6040,MARUTI,SWIFT,VXI,541646.66,5,2020,2020-06-26,De-NOI,Hatchback,Petrol,1197,1,1,1,0,0,143942,Private,,Body kit,2021-11-01
VEH-13009,TXB45B02U437509563,DL40A6599,MARUTI,SWIFT,1.2 VXi BS IV,557293.75,3,2022,2022-02-06,De-NOI,Hatchback,Petrol,1197,1,0,0,1,0,8376,Private,Dent on door,Alloy wheels,
VEH-13010,CGB84T67A786087818,DL37A2548,MARUTI,SWIFT,VXI,665000.0,1,2024,2024-01-22,De-NEW,Hatchback,Petrol,1197,0,1,0,0,0,144261,Private,Dent on door,,
VEH-13011,TUC05J50L383558799,WB56A2397,HONDA,AMAZE,1.2 VXMT i-VTEC,884450.0,2,2023,2023-11-21,Ma-PUN,Sedan,Petrol,1199,1,1,0,0,0,58919,Private,,Alloy wheels,
VEH-13012,KLL88R88Z802815546,GJ03D8241,TOYOTA KIRLOSKAR,INNOVA CRYSTA,2.4 V 8S,1257347.57,10,2015,2015-01-27,De-NEW,MUV,Diesel,2393,1,1,0,0,0,98408,Private,Dent on door,,
VEH-13013,RNU02H93Z249342936,DL30B6526,MARUTI,WAGON R,1.0 VXI,398052.26,8,2017,2017-04-03,We-HOW,Hatchback,Petrol,998,1,1,0,0,0,129432,Private,,Alloy wheels,2018-12-11
VEH-13014,BHK24B94S531279037,RJ89D7154,HYUNDAI,GRAND I10 NIOS,SPORTZ 1.2 KAPPA VTVT,514564.32,6,2019,2019-01-16,We-HOW,Hatchback,Petrol,1197,1,0,1,1,0,91370,Private,,,
VEH-13015,KPE17T75Z990766644,TN20B7375,MARUTI,ALTO,K10 VXI,329305.32,10,2015,2015-03-06,Ma-MUM,Hatchback,Petrol,998,1,0,0,0,1,145492,Private,Dent on door,,
VEH-13016,CST33L84Y129402979,GJ65A5816,MARUTI,WAGON R,1.0 VXI,570000.0,1,2024,2024-11-15,Ka-BAN,Hatchback,Petrol,998,1,1,0,0,1,98225,Private,Minor scratches,,2026-05-05
VEH-13017,HES79T94Z529320927,MH41A5640,MARUTI,WAGON R,1.0 VXI,398052.26,8,2017,2017-01-08,We-KOL,Hatchback,Petrol,998,0,1,0,1,1,45867,Private,,Body kit,
VEH-13018,UCJ43W11A794587606,RJ66A7448,HONDA,AMAZE,1.2 SMT i-VTEC,514564.32,6,2019,2019-11-28,Ta-COI,Sedan,Petrol,1199,1,0,0,1,1,98117,Private,Minor scratches,,2022-03-26
VEH-13019,DQE59F11B355633757,GJ41D1877,MARUTI,SWIFT,VDI (DIESEL),558669.84,7,2018,2018-07-18,Ma-NAG,Hatchback,Diesel,1248,0,0,0,0,1,112422,Private,,Alloy wheels,2020-06-09
VEH-13020,ZMS69W67C420727233,TN02A1145,MAHINDRA,SCORPIO,S9 2WD 7STR,957979.1,10,2015,2015-10-23,Ka-MYS,SUV,Diesel,2184,0,0,0,0,0,106297,Private,,,
VEH-13021,UWW82Q04W661894652,GJ13B3230,HONDA,AMAZE,VX PETROL,477921.48,14,2011,2011-03-28,Ka-MYS,Sedan,Petrol,1199,0,1,1,0,0,39455,Private,Dent on door,Alloy wheels,
VEH-13022,NUM29P37S010660759,GJ58B4922,MARUTI,BALENO HATCHBACK,Zeta 1.2,567224.47,9,2016,2016-09-10,Ma-MUM,Hatchback,Petrol,1197,0,0,0,1,0,51952,Private,,,
VEH-13023,VPR68D50N581997808,TN25D3196,MARUTI,DZIRE,VXI,410673.67,13,2012,2012-06-08,Ma-PUN,Sedan,Petrol,1197,1,0,0,1,0,77301,Private,,Body kit,
VEH-13024,AJS59Z33G428045785,WB53D3682,MARUTI,SWIFT,VXI,378252.06,12,2013,2013-05-06,Ka-MYS,Hatchback,Petrol,1197,0,1,0,1,1,48969,Commercial,,Alloy wheels,
VEH-13025,BDH24T96V035266815,WB16B4336,HONDA,CITY,1.5 V MT,1268915.0,3,2022,2022-12-14,De-GUR,Sedan,Petrol,1498,1,1,0,1,0,92548,Private,,,
VEH-13026,TCI81X64B628613456,UP03A3755,MARUTI,WAGON R,1.0 VXI,277974.74,15,2010,2010-07-13,Ka-MYS,Hatchback,Petrol,998,1,1,0,1,0,82635,Private,Dent on door,,
VEH-13027,KMH51B99B707956045,DL06B5762,MARUTI,BALENO HATCHBACK,Zeta 1.2,812250.0,2,2023,2023-02-24,Ma-MUM,Hatchback,Petrol,1197,1,0,0,0,0,25755,Private,Dent on door,,
VEH-13028,IDC93P81I074519830,UP14C5068,MAHINDRA,SCORPIO,S11 2WD 7STR,972648.16,12,2013,2013-02-23,Ma-PUN,SUV,Diesel,2184,1,0,0,1,0,140413,Private,,Body kit,
VEH-13029,LIR57A60H795973656,RJ53A7548,HONDA,AMAZE,1.2 VXMT i-VTEC,980000.0,0,2025,2025-02-27,Ta-COI,Sedan,Petrol,1199,0,1,1,0,1,99607,Private,Dent on door,Alloy wheels,2026-09-12
VEH-13030,NEF45J22V873176139,GJ57B6054,MARUTI,SWIFT DZIRE,VDI,807500.0,1,2024,2024-12-14,Ka-MYS,Sedan,Diesel,1248,1,0,0,0,0,144928,Private,,,
VEH-13031,QYZ58X45T826309656,RJ47B7477,MARUTI,ALTO 800,LXI,380000.0,1,2024,2024-10-19,Ta-MAD,Hatchback,Petrol,796,0,0,1,0,0,89906,Private,,Alloy wheels,
VEH-13032,JLE13Y04V822570008,MH24B6981,MARUTI,SWIFT,1.2 VXi BS IV,502957.61,5,2020,2020-01-06,Ma-NAG,Hatchback,Petrol,1197,0,1,1,0,1,5963,Private,Minor scratches,,
VEH-13033,DMV48Z40B963733805,KA33B2861,HONDA,CITY,1.5 V MT,759746.28,13,2012,2012-07-11,Ma-NAG,Sedan,Petrol,1498,1,1,0,0,0,58385,Private,Dent on door,,
VEH-13034,QDP70M61P649018125,KA44A4789,HYUNDAI,VENUE,1.2 S PETROL,624828.11,6,2019,2019-02-10,Ka-MYS,SUV,Petrol,1197,0,1,1,1,1,33063,Private,Dent on door,Alloy wheels,2020-11-22
VEH-13035,UXP74E94C078832420,GJ60D4034,MARUTI,WAGON R,1.0 LXI CNG,389179.01,10,2015,2015-09-18,Ma-PUN,Hatchback,CNG,998,0,0,0,0,1,123950,Private,,Alloy wheels,
VEH-13036,XKB18T41N407086926,WB72A8708,HYUNDAI,CRETA,1.4 E Plus,633977.47,14,2011,2011-11-23,Ma-PUN,SUV,Diesel,1582,0,0,1,1,1,125446,Commercial,,Alloy wheels,
VEH-13037,PIU92T31S142046373,RJ67B1231,MARUTI,DZIRE,VXI,588073.51,6,2019,2019-01-10,Ma-NAG,Sedan,Petrol,1197,0,1,0,1,1,25747,Private,,Body kit,
VEH-13038,XKM31H32P012999958,DL19B6172,MAHINDRA,SCORPIO,S5 2WD 7STR,945374.11,9,2016,2016-12-08,Ta-COI,SUV,Diesel,2184,0,1,0,1,0,17169,Private,,Body kit,
VEH-13039,VAB89H67U423905256,MH09B6060,HYUNDAI,CRETA,1.5 E DIESEL,736446.44,10,2015,2015-04-21,De-NOI,SUV,Diesel,1493,1,1,0,1,0,84104,Private,Dent on door,,2017-04-04
VEH-13040,RZN14F26V887180841,RJ62D7639,MARUTI,ALTO 800,LXI,216144.04,12,2013,2013-07-13,Ka-BAN,Hatchback,Petrol,796,0,0,1,0,1,89131,Private,,,
VEH-13041,VNN31D75M039781332,MH60D2584,HONDA,AMAZE,1.2 SMT i-VTEC,441174.59,9,2016,2016-10-05,Ma-MUM,Sedan,Petrol,1199,0,0,0,1,1,81112,Private,Dent on door,,
VEH-13042,AUV77U37C867044000,WB44D7886,MARUTI,DZIRE,VXI,530736.35,8,2017,2017-05-17,Ta-COI,Sedan,Petrol,1197,0,0,1,1,1,44116,Private,,,
VEH-13043,ENH90X10N181228409,KA09C6607,MARUTI,VITARA BREZZA,VXI,950000.0,1,2024,2024-10-02,Ka-MYS,SUV,Petrol,1462,0,1,0,1,0,77977,Private,,Alloy wheels,
VEH-13044,BSU23M63L291501635,MH81D4357,MARUTI,WAGON R,1.0 LXI CNG,453919.24,7,2018,2018-06-17,De-NOI,Hatchback,CNG,998,0,0,0,0,1,138863,Commercial,,,
VEH-13045,NTS63X93Y523106655,WB57B1383,MARUTI,BALENO HATCHBACK,Zeta 1.2,855000.0,1,2024,2024-05-27,We-KOL,Hatchback,Petrol,1197,0,0,0,1,1,43286,Commercial,Dent on door,,
VEH-13046,WWV86Q35B399407110,WB03C8424,MARUTI,SWIFT,1.2 VXi BS IV,617500.0,1,2024,2024-09-21,Ka-MYS,Hatchback,Petrol,1197,0,1,1,0,0,82055,Private,,Body kit,
VEH-13047,QCN59R48L265806100,DL80C5737,MARUTI,SWIFT DZIRE,VDI,483480.08,11,2014,2014-07-25,Ka-MYS,Sedan,Diesel,1248,1,1,0,0,1,22541,Commercial,Dent on door,Body kit,2017-04-17
VEH-13048,VBR98J61D539586013,DL99A7537,HYUNDAI,GRAND I10,SPORTZ 1.2 KAPPA VTVT,403359.62,9,2016,2016-08-06,Ma-PUN,Hatchback,Petrol,1197,1,0,0,1,0,110352,Private,Dent on door,Body kit,2017-12-21
VEH-13049,OMI48N10X326173001,UP90D6478,MARUTI,VITARA BREZZA,ZDI PLUS,1140000.0,1,2024,2024-06-13,Ma-MUM,SUV,Diesel,1248,0,1,0,1,0,50051,Private,,Alloy wheels,
VEH-13050,RAN46S95X971487798,UP24A3787,TOYOTA KIRLOSKAR,INNOVA CRYSTA,2.4 ZX MT 7 STR,1702318.06,5,2020,2020-09-21,Ma-MUM,MUV,Diesel,2393,1,1,1,1,1,76804,Private,Minor scratches,Body kit,
VEH-13051,QXV82C66L988599664,GJ23D8507,MARUTI,BALENO HATCHBACK,Delta 1.2,370632.98,15,2010,2010-12-15,Ma-PUN,Hatchback,Petrol,1197,0,0,1,1,0,102492,Private,Dent on door,,
VEH-13052,SGI74U01F332582145,MH06A1843,MAHINDRA,BOLERO,B6 (O),950000.0,1,2024,2024-01-03,Ta-MAD,SUV,Diesel,1498,1,1,0,1,1,40776,Private,,,2025-02-27
VEH-13053,YIG24J44B699041845,KA08D3696,MARUTI,VITARA BREZZA,VXI,857375.0,3,2022,2022-04-21,We-HOW,SUV,Petrol,1462,0,1,0,1,0,16524,Private,Dent on door,,2023-04-22
VEH-13054,SYI68A40H957906457,MH62A9322,MARUTI,BALENO HATCHBACK,Zeta 1.2,855000.0,1,2024,2024-04-19,Ta-MAD,Hatchback,Petrol,1197,1,1,0,1,0,25876,Private,,Alloy wheels,
VEH-13055,BFL62L00A099575632,DL19A3335,MARUTI,SWIFT,1.2 VXi BS IV,650000.0,0,2025,2025-04-14,We-HOW,Hatchback,Petrol,1197,0,1,1,0,1,81131,Private,,,
VEH-13056,SCB82E65X083419684,DL74D4635,MARUTI,SWIFT DZIRE,VDI,393797.55,15,2010,2010-09-20,Ta-COI,Sedan,Diesel,1248,0,1,0,1,0,144745,Private,Minor scratches,Alloy wheels,
VEH-13057,PVN26V44J302146496,KA36D1642,MARUTI,ALTO,K10 VXI,471556.25,3,2022,2022-11-19,De-NEW,Hatchback,Petrol,998,0,1,1,0,1,108438,Private,,,
VEH-13058,HHP06A89W639884606,TN03A5432,MARUTI,WAGON R,1.0 VXI,541500.0,2,2023,2023-11-06,Ma-MUM,Hatchback,Petrol,998,1,1,0,1,1,40602,Private,,,
VEH-13059,CCU59D50P043531606,UP70B7499,MARUTI,BALENO HATCHBACK,Delta 1.2,558669.84,7,2018,2018-02-06,Ma-MUM,Hatchback,Petrol,1197,1,0,0,0,0,143192,Private,Minor scratches,Body kit,
VEH-13060,HSA22R77Y686233189,UP87C8962,HONDA,AMAZE,1.2 SMT i-VTEC,541646.66,5,2020,2020-04-06,De-NOI,Sedan,Petrol,1199,1,1,0,1,0,42394,Private,,Body kit,
VEH-13061,NFH44X76V110355163,TN57A9446,HONDA,AMAZE,1.2 VXMT i-VTEC,650152.02,8,2017,2017-01-26,We-KOL,Sedan,Petrol,1199,1,1,1,1,1,8793,Private,Dent on door,,
VEH-13062,LXX35D16B649478856,UP47A5166,HONDA,AMAZE,1.2 SMT i-VTEC,419115.86,10,2015,2015-09-18,Ma-NAG,Sedan,Petrol,1199,1,1,1,1,0,2011,Private,Minor scratches,Body kit,2018-05-11
VEH-13063,SWO52C43T167691181,KA96B7852,MARUTI,ALTO 800,LXI,265368.17,8,2017,2017-08-02,Ta-COI,Hatchback,Petrol,796,0,1,1,1,0,98300,Private,Minor scratches,Alloy wheels,
VEH-13064,MHW36Z49P507835307,MH01B5349,MARUTI,WAGON R,1.0 LXI CNG,369720.06,11,2014,2014-01-14,We-KOL,Hatchback,CNG,998,1,0,0,1,1,39436,Private,,,
VEH-13065,JON22K18U567439797,GJ81B2786,MARUTI,VITARA BREZZA,ZDI PLUS,682560.11,11,2014,2014-09-04,Ta-COI,SUV,Diesel,1248,0,0,0,1,1,111612,Private,,,
VEH-13066,VTH28O22D259653640,RJ43D6427,TOYOTA KIRLOSKAR,INNOVA CRYSTA,2.8 GX AT 7 STR,1180686.79,13,2012,2012-10-10,Ta-CHE,MUV,Diesel,2755,0,1,0,1,0,79234,Commercial,,Body kit,2014-07-13
VEH-13067,WLE59P00A930784305,WB67C1133,MARUTI,WAGON R,1.0 VXI,277974.74,15,2010,2010-03-03,Ma-NAG,Hatchback,Petrol,998,0,0,0,1,0,145735,Private,Minor scratches,,2011-11-21
VEH-13068,GXA78A36D988388143,GJ95D7568,MAHINDRA,SCORPIO,S11 2WD 7STR,1077726.49,10,2015,2015-11-21,We-KOL,SUV,Diesel,2184,0,1,0,1,0,129314,Private,Minor scratches,,
VEH-13069,TSG51W87W007501395,RJ30B4430,MARUTI,BALENO HATCHBACK,Zeta 1.2,511920.08,11,2014,2014-10-15,Ta-MAD,Hatchback,Petrol,1197,0,0,0,1,0,22409,Private,Minor scratches,,
VEH-13070,PUT62O30J654799807,WB46D3944,MARUTI,BALENO HATCHBACK,Delta 1.2,455040.07,11,2014,2014-11-16,Ka-MYS,Hatchback,Petrol,1197,0,0,1,0,1,68966,Private,,Body kit,
VEH-13071,HWN78O57A682398044,DL34C9793,MARUTI,BALENO HATCHBACK,Zeta 1.2,567224.47,9,2016,2016-10-17,We-HOW,Hatchback,Petrol,1197,1,1,1,0,0,141104,Private,Minor scratches,,
VEH-13072,OJX53J82Z603540956,WB04C5055,HONDA,AMAZE,1.2 VXMT i-VTEC,798216.12,4,2021,2021-01-12,Ma-PUN,Sedan,Petrol,1199,0,1,0,0,1,131680,Private,,,
VEH-13073,NEQ82V47C273437945,GJ78B4318,TOYOTA KIRLOSKAR,INNOVA CRYSTA,2.4 ZX MT 7 STR,1886225.0,3,2022,2022-11-20,Ta-COI,MUV,Diesel,2393,0,0,1,1,1,77586,Private,Dent on door,,2024-12-16
VEH-13074,LSZ15X71R423210273,TN01B6884,MAHINDRA,SCORPIO,S5 2WD 7STR,1353750.0,2,2023,2023-11-13,De-NEW,SUV,Diesel,2184,1,0,0,0,0,6577,Private,,Alloy wheels,2026-05-12
VEH-13075,OGZ20T99F449939273,KA16B3094,MAHINDRA,BOLERO,B6 (O),513342.08,13,2012,2012-09-08,Ka-MYS,SUV,Diesel,1498,1,1,0,0,1,33540,Private,Minor scratches,,
VEH-13076,AWA42G76O641304566,UP50D9358,MARUTI,SWIFT,1.2 VXi BS IV,316988.74,14,2011,2011-07-01,De-GUR,Hatchback,Petrol,1197,0,1,0,0,0,20601,Private,,,
VEH-13077,RYH31H39X758088123,WB51A7158,HONDA,AMAZE,1.2 SMT i-VTEC,541646.66,5,2020,2020-02-24,De-NOI,Sedan,Petrol,1199,0,0,0,1,1,64492,Private,Dent on door,Alloy wheels,
VEH-13078,SNP55I81D751893565,GJ80C2723,MARUTI,WAGON R,1.0 VXI,441055.13,6,2019,2019-09-22,Ta-COI,Hatchback,Petrol,998,0,1,0,1,1,130905,Private,Dent on door,,
VEH-13079,PUP31E59M484038484,WB25D1146,MARUTI,BALENO HATCHBACK,Delta 1.2,722000.0,2,2023,2023-11-23,Ta-COI,Hatchback,Petrol,1197,1,0,1,1,1,2045,Private,Dent on door,,
VEH-13080,ZCE55V57R669738278,KA69B5828,MARUTI,BALENO HATCHBACK,Delta 1.2,588073.51,6,2019,2019-08-08,Ma-MUM,Hatchback,Petrol,1197,0,1,0,1,1,94024,Private,,Body kit,
VEH-13081,ZQK70R53S148877677,DL08A9704,MARUTI,SWIFT,1.2 VXi BS IV,389179.01,10,2015,2015-10-10,We-HOW,Hatchback,Petrol,1197,0,1,1,1,0,89265,Private,,Alloy wheels,
VEH-13082,JSS93U20G746875846,WB97A1910,MARUTI,BALENO HATCHBACK,Delta 1.2,760000.0,1,2024,2024-03-20,We-HOW,Hatchback,Petrol,1197,0,1,1,0,1,37008,Private,,Body kit,
VEH-13083,NUF85Y50N880221132,DL17B3512,MARUTI,DZIRE,VXI,478989.55,10,2015,2015-11-14,We-HOW,Sedan,Petrol,1197,1,1,0,1,0,33426,Private,Dent on door,Body kit,2017-01-24
VEH-13084,RVJ55N58B999933009,KA15B8611,HONDA,CITY,1.5 V MT,799732.93,12,2013,2013-02-14,Ta-COI,Sedan,Petrol,1498,0,0,1,0,0,108714,Private,,Alloy wheels,
VEH-13085,HMW89Y11Z723172761,UP88B2880,MARUTI,BALENO HATCHBACK,Zeta 1.2,812250.0,2,2023,2023-01-19,Ma-NAG,Hatchback,Petrol,1197,1,1,1,0,1,141056,Private,,Body kit,
VEH-13086,UDR12X51G479836478,MH04C5456,MARUTI,ALTO 800,LXI,205336.83,13,2012,2012-04-04,Ma-PUN,Hatchback,Petrol,796,0,0,0,0,1,131804,Private,,Body kit,
VEH-13087,NOW67J84T659315794,DL17D8787,MARUTI,ERTIGA,1.5 VXI CNG,851159.03,5,2020,2020-11-03,De-GUR,MUV,CNG,1462,1,0,0,1,1,3965,Private,,,
VEH-13088,DAD55B50M165248996,RJ83D1392,MARUTI,SWIFT DZIRE,VDI,807500.0,1,2024,2024-06-16,Ta-CHE,Sedan,Diesel,1248,0,1,0,0,0,35759,Private,Dent on door,,
VEH-13089,VCX80L80Z444418408,DL90D3986,MAHINDRA,SCORPIO,S11 2WD 7STR,1392805.69,5,2020,2020-03-14,Ta-COI,SUV,Diesel,2184,1,1,1,1,1,133765,Private,Dent on door,Alloy wheels,
VEH-13090,SUN42W65Q585425982,MH42C6203,MARUTI,SWIFT,1.2 VXi BS IV,369720.06,11,2014,2014-07-17,Ka-BAN,Hatchback,Petrol,1197,0,1,0,1,1,120373,Private,Minor scratches,Alloy wheels,
VEH-13091,NMV03I19B709953920,WB88D7341,MARUTI,DZIRE,VXI,504199.53,9,2016,2016-10-27,Ma-PUN,Sedan,Petrol,1197,1,1,0,1,1,18674,Private,Dent on door,,
VEH-13092,HWY39A17J741661429,RJ39B7684,MARUTI,ALTO 800,LXI,205336.83,13,2012,2012-12-16,Ka-BAN,Hatchback,Petrol,796,0,1,1,1,1,105356,Private,Dent on door,Body kit,
VEH-13093,GAU87F75E242011995,RJ42C8024,MARUTI,VITARA BREZZA,VDI,628673.79,10,2015,2015-12-05,Ma-PUN,SUV,Diesel,1248,1,0,0,1,1,60661,Private,Minor scratches,Body kit,2017-04-09
VEH-13094,PIR18W81Q612098132,RJ39C1343,HYUNDAI,CRETA,1.4 E Plus,1005915.22,5,2020,2020-11-27,We-HOW,SUV,Diesel,1582,1,0,0,1,0,80326,Private,Dent on door,Alloy wheels,2023-05-29
VEH-13095,IHD65F24I792428433,UP25A8854,HONDA,CITY,1.5 V MT,1033539.2,7,2018,2018-02-17,Ma-NAG,Sedan,Petrol,1498,1,0,0,1,0,92987,Private,Dent on door,,
VEH-13096,PKL25U55H514686455,WB85D5430,HYUNDAI,CRETA,1.5 E DIESEL,1230000.0,0,2025,2025-02-12,Ta-CHE,SUV,Diesel,1493,0,1,0,1,1,46707,Private,Minor scratches,,
VEH-13097,HIJ39G34V931052218,RJ29D9897,HONDA,AMAZE,1.2 VXMT i-VTEC,529552.89,12,2013,2013-04-18,Ta-CHE,Sedan,Petrol,1199,0,0,0,1,0,146236,Private,,,2015-04-21
VEH-13098,SDO63Q73Z652444913,WB97D7776,HONDA,AMAZE,1.2 VXMT i-VTEC,557424.09,11,2014,2014-02-21,Ka-MYS,Sedan,Petrol,1199,1,1,0,1,1,119768,Private,Dent on door,Body kit,
VEH-13099,TLP71T53H474041570,UP27B8709,MARUTI,VITARA BREZZA,ZDI PLUS,718484.33,10,2015,2015-01-05,We-HOW,SUV,Diesel,1248,1,1,0,0,1,39838,Private,Minor scratches,,
VEH-13100,QOK76C98T673721758,WB69D2690,MARUTI,ERTIGA,1.5 VXI CNG,768171.03,7,2018,2018-01-04,De-GUR,MUV,CNG,1462,0,0,1,1,0,28159,Private,,Body kit,
VEH-13101,YHN60O37Z495412384,TN36B7648,HYUNDAI,CRETA,1.5 E DIESEL,1230000.0,0,2025,2025-02-04,Ka-BAN,SUV,Diesel,1493,0,0,0,1,0,12298,Private,,Alloy wheels,
VEH-13102,DON36V92R045983731,RJ12C2000,MARUTI,ALTO 800,LXI,216144.04,12,2013,2013-10-15,Ma-NAG,Hatchback,Petrol,796,1,1,0,1,0,103152,Private,Minor scratches,Body kit,
VEH-13103,YKV14I01W421991509,WB55D9163,HYUNDAI,CRETA,1.5 E DIESEL,699624.11,11,2014,2014-01-24,Ma-MUM,SUV,Diesel,1493,1,0,0,1,1,49613,Private,,Alloy wheels,2016-01-06
VEH-13104,CSU08K67W042425410,KA19D3146,HYUNDAI,GRAND I10 NIOS,SPORTZ 1.2 KAPPA VTVT,488836.11,7,2018,2018-01-24,De-NOI,Hatchback,Petrol,1197,1,0,0,1,1,75782,Private,,Body kit,
VEH-13105,MLB44N08A158862924,MH22A3830,MARUTI,SWIFT DZIRE,VDI,508926.4,10,2015,2015-04-07,Ma-NAG,Sedan,Diesel,1248,0,0,0,1,0,107487,Private,Dent on door,Alloy wheels,2017-09-03
VEH-13106,NVI12O37T618628621,UP32B1546,HYUNDAI,GRAND I10 NIOS,SPORTZ 1.2 KAPPA VTVT,541646.66,5,2020,2020-10-13,Ta-MAD,Hatchback,Petrol,1197,0,0,0,0,0,50980,Private,Dent on door,,
VEH-13107,VEH64C96L622822491,KA95B5145,MARUTI,WAGON R,1.0 LXI CNG,316988.74,14,2011,2011-03-27,Ka-MYS,Hatchback,CNG,998,0,1,0,1,0,130681,Private,Minor scratches,Body kit,
VEH-13108,HNJ96V70A919139357,UP04B1045,MARUTI,VITARA BREZZA,VDI,512058.73,14,2011,2011-12-11,We-KOL,SUV,Diesel,1248,0,1,0,1,1,112141,Private,Dent on door,Alloy wheels,
VEH-13109,BSK57H07J468623502,TN70D5885,HYUNDAI,GRAND I10,SPORTZ 1.2 KAPPA VTVT,364032.06,11,2014,2014-11-21,Ma-MUM,Hatchback,Petrol,1197,0,1,0,1,1,59259,Private,,,
VEH-13110,BRB20Z85D927770973,MH84B4721,MARUTI,SWIFT DZIRE,VDI,807500.0,1,2024,2024-05-27,De-NEW,Sedan,Diesel,1248,0,0,0,1,1,134421,Private,,,
VEH-13111,UUG02O59X930449323,WB01C5609,MARUTI,SWIFT,VXI,600162.5,3,2022,2022-11-16,Ka-BAN,Hatchback,Petrol,1197,0,1,0,0,1,83189,Private,Dent on door,,2024-05-14
VEH-13112,JSP86Q14M496413148,UP22D4914,MARUTI,WAGON R,1.0 LXI CNG,617500.0,1,2024,2024-10-28,Ma-MUM,Hatchback,CNG,998,0,1,0,0,1,144979,Private,,Alloy wheels,
VEH-13113,MOH03I27D437259943,GJ53B6504,MARUTI,SWIFT,1.2 VXi BS IV,316988.74,14,2011,2011-06-19,Ka-BAN,Hatchback,Petrol,1197,0,1,0,1,0,66566,Private,Minor scratches,,
VEH-13114,XVF79V21Z981316822,WB66C4480,MARUTI,WAGON R,1.0 LXI CNG,409662.12,9,2016,2016-02-22,Ta-COI,Hatchback,CNG,998,0,1,0,1,0,20777,Private,Dent on door,Body kit,2017-11-07
VEH-13115,VOV02I20I201499774,RJ82B9700,MARUTI,SWIFT,1.2 VXi BS IV,316988.74,14,2011,2011-12-05,De-GUR,Hatchback,Petrol,1197,1,0,0,0,0,132063,Private,Dent on door,Body kit,
VEH-13116,CHW01C03O361315645,WB65C3326,MARUTI,DZIRE,VXI,760000.0,1,2024,2024-06-28,Ka-MYS,Sedan,Petrol,1197,0,1,0,1,1,11161,Private,Dent on door,Body kit,
VEH-13117,ZTQ39W84R952236626,KA26B6353,HONDA,AMAZE,1.2 SMT i-VTEC,398160.06,11,2014,2014-09-03,Ta-COI,Sedan,Petrol,1199,0,0,1,0,1,55297,Private,Minor scratches,Body kit,2016-11-14
VEH-13118,DBE17Q72C219599557,RJ17D8442,MARUTI,WAGON R,1.0 LXI CNG,557293.75,3,2022,2022-05-22,Ma-PUN,Hatchback,CNG,998,0,0,0,0,0,84630,Private,,,
VEH-13119,GED87Z01J657638165,GJ54A1684,MARUTI,SWIFT DZIRE,VDI,850000.0,0,2025,2025-05-02,Ka-MYS,Sedan,Diesel,1248,0,0,0,0,1,25440,Commercial,,,
VEH-13120,XDN26B69Y447926300,KA99C2019,MARUTI,VITARA BREZZA,ZDI PLUS,555949.48,15,2010,2010-03-04,Ta-COI,SUV,Diesel,1248,1,0,0,1,0,50713,Commercial,,Alloy wheels,
VEH-13121,UAE13K72W260885750,UP78D5071,MARUTI,DZIRE,VXI,390139.98,14,2011,2011-12-22,We-HOW,Sedan,Petrol,1197,0,1,0,1,0,33713,Private,,,
VEH-13122,XUN72M08X411444912,MH70D2067,MARUTI,ALTO 800,LXI,309512.37,5,2020,2020-09-26,Ka-BAN,Hatchback,Petrol,796,1,1,0,0,1,120771,Private,,,
VEH-13123,WIF51V64D817590488,MH94A5047,MARUTI,VITARA BREZZA,VDI,812469.98,5,2020,2020-10-09,Ta-CHE,SUV,Diesel,1248,0,1,0,1,1,41705,Private,,Alloy wheels,
VEH-13124,WJX14P75I960825750,RJ12B2803,MARUTI,ALTO 800,LXI,195069.99,14,2011,2011-02-08,Ka-MYS,Hatchback,Petrol,796,1,1,1,1,0,11163,Private,,Body kit,
VEH-13125,DHV60O94Q823893202,DL09C8605,MARUTI,WAGON R,1.0 LXI CNG,333672.35,13,2012,2012-07-01,Ka-MYS,Hatchback,CNG,998,1,1,0,1,0,126668,Private,Minor scratches,,2013-08-30
VEH-13126,RNI27V50Q754544977,KA36C3535,MARUTI,VITARA BREZZA,VDI,900243.75,3,2022,2022-01-12,Ta-CHE,SUV,Diesel,1248,1,1,0,0,1,122959,Private,,Alloy wheels,
VEH-13127,RYV26D90F539509556,TN74A6151,MARUTI,ALTO 800,LXI,309512.37,5,2020,2020-10-04,Ma-NAG,Hatchback,Petrol,796,0,0,0,1,0,97155,Private,Dent on door,,2022-04-30
VEH-13128,UJQ49F47C996411109,GJ55B4641,HONDA,AMAZE,1.5 SMT i-DTEC,483480.08,11,2014,2014-06-08,We-HOW,Sedan,Diesel,1498,0,1,0,0,1,60143,Private,,Alloy wheels,2016-03-10
VEH-13129,UCH78F48M415923828,RJ71D9853,MARUTI,ERTIGA,1.5 VXI CNG,509620.35,15,2010,2010-07-06,Ka-MYS,MUV,CNG,1462,1,0,0,0,0,41713,Private,,,
VEH-13130,WSJ62F01C145331661,MH47B7757,MARUTI,DZIRE,VXI,558669.84,7,2018,2018-05-20,De-GUR,Sedan,Petrol,1197,0,1,1,1,1,8615,Private,,Body kit,
VEH-13131,GBF93G23O590612283,TN73B5581,HONDA,AMAZE,1.2 SMT i-VTEC,398160.06,11,2014,2014-08-12,Ma-MUM,Sedan,Petrol,1199,0,1,0,1,0,9888,Commercial,,,
VEH-13132,ATE61O96I378077327,WB77A7115,MARUTI,SWIFT,VDI (DIESEL),722000.0,2,2023,2023-09-23,Ma-PUN,Hatchback,Diesel,1248,0,1,1,1,1,67809,Private,Dent on door,,
VEH-13133,ZAH06F49U549732528,RJ83C8279,TOYOTA KIRLOSKAR,INNOVA CRYSTA,2.8 Z 7 STR,1283355.21,13,2012,2012-01-06,Ta-MAD,MUV,Diesel,2755,0,0,0,1,1,24691,Private,Minor scratches,,2014-01-31
VEH-13134,LBR88I01J798216617,TN94A5399,MARUTI,WAGON R,1.0 VXI,464268.56,5,2020,2020-02-23,Ka-BAN,Hatchback,Petrol,998,0,1,0,1,0,13157,Private,Dent on door,Body kit,
VEH-13135,ZTF33C64K452560214,MH45C8672,HONDA,AMAZE,1.2 VXMT i-VTEC,503075.24,13,2012,2012-12-20,Ma-MUM,Sedan,Petrol,1199,1,0,0,1,0,132482,Private,,Body kit,
VEH-13136,CJL49J43B257841641,KA07A9766,HONDA,AMAZE,1.2 VXMT i-VTEC,586762.2,10,2015,2015-03-15,Ma-MUM,Sedan,Petrol,1199,0,0,0,1,0,29487,Private,,Alloy wheels,
VEH-13137,HQZ98B15Q665436324,UP53B5488,MAHINDRA,BOLERO,B6 (O),773780.94,5,2020,2020-06-28,We-KOL,SUV,Diesel,1498,1,0,0,0,1,1099,Private,,,2022-11-20
VEH-13138,DYX73V34F595313633,KA02A1579,HONDA,AMAZE,VX PETROL,617644.42,9,2016,2016-12-09,Ma-NAG,Sedan,Petrol,1199,1,0,1,1,1,3912,Private,Minor scratches,,
VEH-13139,FQC50A88U476910437,DL16D9041,MARUTI,WAGON R,1.0 LXI CNG,301139.3,15,2010,2010-04-04,De-NEW,Hatchback,CNG,998,1,1,1,1,0,6343,Private,Minor scratches,,
VEH-13140,GDS46K11B851010813,DL23A9268,HONDA,AMAZE,VX PETROL,684370.55,7,2018,2018-09-01,De-NEW,Sedan,Petrol,1199,0,0,0,1,1,112018,Private,Minor scratches,,
VEH-13141,HJC47T75W850826480,RJ33B2258,MARUTI,WAGON R,1.0 VXI,359242.16,10,2015,2015-10-02,Ka-BAN,Hatchback,Petrol,998,0,1,1,0,0,56178,Private,Minor scratches,Body kit,
VEH-13142,EQH37V03C451313967,WB07D4652,MARUTI,BALENO HATCHBACK,Zeta 1.2,733055.62,4,2021,2021-07-12,De-NOI,Hatchback,Petrol,1197,1,1,0,1,0,10727,Private,Minor scratches,,
VEH-13143,ZXV23W39C513755371,UP96B7427,MARUTI,ERTIGA,1.5 VXI CNG,729762.47,8,2017,2017-12-17,We-KOL,MUV,CNG,1462,1,1,0,1,0,138964,Private,,,
VEH-13144,FFX42L04I746186000,MH83D8995,MARUTI,BALENO HATCHBACK,Delta 1.2,432288.07,12,2013,2013-04-28,Ma-PUN,Hatchback,Petrol,1197,1,0,1,0,1,11224,Private,Minor scratches,Body kit,
VEH-13145,AYR10L44D977393818,RJ28C5919,MARUTI,SWIFT,VXI,464394.3,8,2017,2017-04-21,Ma-NAG,Hatchback,Petrol,1197,1,0,1,0,1,119757,Private,Dent on door,,2019-04-22
VEH-13146,AKA93E69S821227793,RJ38C6117,MARUTI,DZIRE,VXI,504199.53,9,2016,2016-09-13,Ka-MYS,Sedan,Petrol,1197,0,1,0,1,0,5370,Private,Dent on door,,
VEH-13147,HKH48J25V093610563,TN69C7377,MARUTI,ERTIGA,1.5 VXI CNG,625680.1,11,2014,2014-07-16,Ta-COI,MUV,CNG,1462,0,0,1,1,0,34048,Private,,,
VEH-13148,XUB85F86Z534016596,KA79C9980,MARUTI,DZIRE,VXI,685900.0,3,2022,2022-05-27,We-KOL,Sedan,Petrol,1197,1,0,1,0,0,23626,Private,Minor scratches,,
VEH-13149,XQS14E90B392828077,RJ79A1447,MARUTI,ALTO 800,LXI,294036.76,6,2019,2019-12-04,De-NEW,Hatchback,Petrol,796,1,1,0,1,0,91093,Private,,,
VEH-13150,WIY43N90B858758881,WB97C8322,MARUTI,WAGON R,1.0 LXI CNG,529429.06,4,2021,2021-04-17,Ma-PUN,Hatchback,CNG,998,1,1,0,1,1,42038,Private,Minor scratches,,
VEH-13151,BZG12S09T078412522,KA14B3776,MARUTI,BALENO HATCHBACK,Delta 1.2,760000.0,1,2024,2024-12-14,Ta-COI,Hatchback,Petrol,1197,1,0,0,1,0,116036,Private,Minor scratches,,
VEH-13152,GGK17W87J082066487,MH94C4475,HYUNDAI,GRAND I10,SPORTZ 1.2 KAPPA VTVT,403359.62,9,2016,2016-12-13,We-HOW,Hatchback,Petrol,1197,0,1,0,1,1,22773,Private,Dent on door,Body kit,
VEH-13153,RAL59K28F304130712,UP07D6176,MARUTI,SWIFT,VDI (DIESEL),651605.0,4,2021,2021-04-07,Ka-MYS,Hatchback,Diesel,1248,1,0,0,0,0,56072,Private,Minor scratches,,2023-08-06
VEH-13154,AIH17A46Y333954833,RJ31A8751,HYUNDAI,CRETA,1.4 E Plus,1235000.0,1,2024,2024-05-17,Ta-MAD,SUV,Diesel,1582,1,1,0,1,0,2795,Private,,Body kit,
VEH-13155,ULN88B88S074478444,MH87A5345,MARUTI,SWIFT,VDI (DIESEL),760000.0,1,2024,2024-08-11,We-HOW,Hatchback,Diesel,1248,1,1,1,1,1,22988,Private,Dent on door,Alloy wheels,
VEH-13156,WKM91N34Y614180895,GJ80C3015,HYUNDAI,VENUE,1.2 S PETROL,692330.31,4,2021,2021-02-05,Ka-MYS,SUV,Petrol,1197,1,0,0,0,0,89405,Private,Minor scratches,Body kit,
VEH-13157,OYU51E81S401774670,GJ25D9812,HYUNDAI,GRAND I10 NIOS,SPORTZ 1.2 KAPPA VTVT,419115.86,10,2015,2015-05-15,Ma-NAG,Hatchback,Petrol,1197,0,1,1,1,1,112355,Private,Minor scratches,Body kit,
VEH-13158,KDY80D08M793447805,RJ10C8765,MARUTI,SWIFT,VXI,514564.32,6,2019,2019-01-08,Ma-MUM,Hatchback,Petrol,1197,1,0,1,1,0,129427,Private,,Body kit,
VEH-13159,ETQ82M98D501279551,TN74B4835,MARUTI,VITARA BREZZA,VDI,733254.16,7,2018,2018-03-10,Ka-BAN,SUV,Diesel,1248,0,0,1,0,1,80864,Private,Minor scratches,Body kit,
VEH-13160,PPL18J86H430619612,MH94A9465,HYUNDAI,GRAND I10 NIOS,SPORTZ 1.2 KAPPA VTVT,570154.37,4,2021,2021-04-05,Ma-MUM,Hatchback,Petrol,1197,1,0,1,0,0,38587,Private,Minor scratches,,
VEH-13161,RFE00B96V870547503,UP28D5984,MARUTI,SWIFT,1.2 VXi BS IV,586625.0,2,2023,2023-02-17,Ka-MYS,Hatchback,Petrol,1197,1,0,1,0,0,90465,Private,,,
VEH-13162,LSV32A12Z911086614,RJ23D1871,HYUNDAI,GRAND I10,SPORTZ 1.2 KAPPA VTVT,446935.87,7,2018,2018-01-13,Ka-BAN,Hatchback,Petrol,1197,0,0,1,1,0,86449,Private,Dent on door,Body kit,
VEH-13163,SMZ28D91U905900120,TN82A7838,HYUNDAI,GRAND I10,SPORTZ 1.2 KAPPA VTVT,521284.0,4,2021,2021-11-10,Ma-PUN,Hatchback,Petrol,1197,0,0,1,1,1,124919,Private,Minor scratches,,2023-02-09
VEH-13164,LAA78F91W379529758,DL81D8925,HONDA,AMAZE,1.2 VXMT i-VTEC,684370.55,7,2018,2018-08-06,Ma-MUM,Sedan,Petrol,1199,1,1,0,0,1,105799,Private,,Alloy wheels,
VEH-13165,NHG78U31F233386572,WB75C3885,HONDA,AMAZE,VX PETROL,684370.55,7,2018,2018-05-24,De-NOI,Sedan,Petrol,1199,0,1,1,0,1,23394,Private,,,
VEH-13166,XQE13I16X698950255,KA05D1120,MARUTI,ERTIGA,1.5 VXI CNG,1100000.0,0,2025,2025-01-19,Ta-COI,MUV,CNG,1462,0,1,0,1,1,40133,Private,Dent on door,,2027-06-24
VEH-13167,SZF59W66T500717869,GJ81D7937,HONDA,AMAZE,VX PETROL,454025.41,15,2010,2010-04-13,Ka-MYS,Sedan,Petrol,1199,1,1,0,1,0,104131,Private,,,
VEH-13168,XAF69X65T274346540,WB97C4791,MARUTI,ALTO,K10 VXI,268221.24,14,2011,2011-04-28,Ka-MYS,Hatchback,Petrol,998,0,0,1,1,1,64204,Commercial,Minor scratches,Alloy wheels,
VEH-13169,LCW04J49C163219033,DL65C4773,MARUTI,BALENO HATCHBACK,Delta 1.2,432288.07,12,2013,2013-08-24,We-KOL,Hatchback,Petrol,1197,1,0,0,1,0,41611,Private,Minor scratches,,
VEH-13170,ZIB63T64R029581075,GJ12A5175,HYUNDAI,CRETA,1.4 E Plus,907838.48,7,2018,2018-11-14,Ma-MUM,SUV,Diesel,1582,0,0,1,1,0,146417,Private,Dent on door,Alloy wheels,
VEH-13171,CZV70M41W732196105,TN35A2501,MARUTI,ERTIGA,1.5 VXI CNG,808601.08,6,2019,2019-08-22,Ma-NAG,MUV,CNG,1462,1,0,1,0,0,26004,Private,,Alloy wheels,2021-04-06
VEH-13172,RNG31R47U437928373,TN17A6669,MARUTI,SWIFT,VXI,324303.86,15,2010,2010-05-19,Ka-MYS,Hatchback,Petrol,1197,0,1,0,0,0,52608,Private,Minor scratches,Alloy wheels,
VEH-13173,CMB18L04Y103686732,KA01B9882,HYUNDAI,VENUE,1.2 S PETROL,850000.0,0,2025,2025-02-13,Ta-COI,SUV,Petrol,1197,0,1,0,0,0,101896,Private,,Body kit,
VEH-13174,IMS53N93Y159167053,RJ11D8684,MARUTI,WAGON R,1.0 LXI CNG,650000.0,0,2025,2025-11-15,Ta-COI,Hatchback,CNG,998,0,0,0,0,0,112933,Private,,Alloy wheels,
VEH-13175,EAM67Y21X898525397,GJ99B9660,MARUTI,WAGON R,1.0 LXI CNG,617500.0,1,2024,2024-11-17,Ka-MYS,Hatchback,CNG,998,0,0,0,0,1,24493,Private,,,
VEH-13176,EHS62I84R867283271,MH18D8368,MARUTI,WAGON R,1.0 VXI,514425.0,3,2022,2022-11-05,Ka-MYS,Hatchback,Petrol,998,1,0,0,1,0,111011,Commercial,Minor scratches,,
VEH-13177,FKY08P16G096928918,UP14A6384,MARUTI,VITARA BREZZA,VDI,812469.98,5,2020,2020-12-02,Ta-MAD,SUV,Diesel,1248,0,1,1,1,1,30552,Private,,,2023-02-06
VEH-13178,XDW19G78D417127540,DL02C5628,HYUNDAI,CRETA,1.4 E Plus,602278.6,15,2010,2010-07-09,Ta-COI,SUV,Diesel,1582,1,0,0,1,1,70173,Private,,,
VEH-13179,EYD89H19V312526962,GJ54B8060,MARUTI,VITARA BREZZA,VDI,696591.45,8,2017,2017-11-17,De-GUR,SUV,Diesel,1248,0,1,0,1,0,147683,Private,,Body kit,
VEH-13180,ORX41V32N901798083,DL43C1262,MARUTI,BALENO HATCHBACK,Delta 1.2,410673.67,13,2012,2012-10-10,Ta-CHE,Hatchback,Petrol,1197,0,1,0,1,1,10518,Private,,Body kit,2013-10-21
VEH-13181,PRN56T19J973307084,KA42A4031,MARUTI,ALTO,K10 VXI,364881.24,8,2017,2017-09-02,De-NOI,Hatchback,Petrol,998,0,0,1,1,1,125606,Private,Minor scratches,,
VEH-13182,KJL09P57S211914700,MH48D8161,MARUTI,ERTIGA,1.5 VXI CNG,1100000.0,0,2025,2025-05-03,Ma-NAG,MUV,CNG,1462,0,0,0,1,1,75949,Private,,,
VEH-13183,WUF04E01C930636444,WB98D5867,MARUTI,WAGON R,1.0 VXI,488703.75,4,2021,2021-02-05,Ta-COI,Hatchback,Petrol,998,1,1,1,1,1,112558,Private,,,
VEH-13184,NCE32X85H164917079,MH76C2474,MARUTI,SWIFT,1.2 VXi BS IV,333672.35,13,2012,2012-09-10,We-HOW,Hatchback,Petrol,1197,0,1,1,1,1,49422,Private,,Body kit,
VEH-13185,HZX90R09V672473003,TN29D7154,MARUTI,BALENO HATCHBACK,Delta 1.2,432288.07,12,2013,2013-03-07,We-HOW,Hatchback,Petrol,1197,1,1,0,0,0,119532,Private,,Alloy wheels,
VEH-13186,QIZ89H05C217544037,KA72C6687,MARUTI,DZIRE,VXI,370632.98,15,2010,2010-10-23,Ka-BAN,Sedan,Petrol,1197,0,1,1,1,1,44644,Private,Minor scratches,Body kit,
VEH-13187,QYC17D09M380380200,KA32D6888,MARUTI,SWIFT,1.2 VXi BS IV,333672.35,13,2012,2012-01-05,Ka-MYS,Hatchback,Petrol,1197,1,0,0,1,1,140087,Private,,Body kit,
VEH-13188,VYN81X95C954864412,DL91C9659,HYUNDAI,GRAND I10,SPORTZ 1.2 KAPPA VTVT,640000.0,0,2025,2025-07-20,Ka-MYS,Hatchback,Petrol,1197,1,0,1,0,0,125253,Private,,Body kit,
VEH-13189,MWC52D65M479644880,KA85A8337,HYUNDAI,GRAND I10 NIOS,SPORTZ 1.2 KAPPA VTVT,541646.66,5,2020,2020-12-24,We-HOW,Hatchback,Petrol,1197,0,0,0,1,1,35122,Commercial,Dent on door,,
VEH-13190,SMT37D02I174206462,WB14B7742,MARUTI,SWIFT,VXI,631750.0,2,2023,2023-08-13,Ta-COI,Hatchback,Petrol,1197,0,0,0,1,0,31863,Private,Dent on door,,
VEH-13191,AAF66X14Y867133592,DL38A1791,MARUTI,SWIFT,VDI (DIESEL),685900.0,3,2022,2022-11-11,De-GUR,Hatchback,Diesel,1248,0,0,0,1,0,20354,Private,,,
VEH-13192,QTJ10Q93U854810193,WB81D4259,MARUTI,SWIFT,VXI,488836.11,7,2018,2018-03-02,Ka-MYS,Hatchback,Petrol,1197,1,1,1,0,1,45877,Private,,,
VEH-13193,BCP60K38H983140786,RJ36A3645,MARUTI,ERTIGA,1.5 VXI CNG,851159.03,5,2020,2020-08-26,Ka-BAN,MUV,CNG,1462,0,1,0,0,1,53123,Private,Dent on door,,2023-02-19
VEH-13194,MVY39Q87Y168404975,RJ09A3307,HONDA,AMAZE,1.2 SMT i-VTEC,378252.06,12,2013,2013-10-05,We-KOL,Sedan,Petrol,1199,1,0,0,0,1,127362,Private,,Body kit,
VEH-13195,HCH56B74X443607885,GJ76B9756,MARUTI,VITARA BREZZA,VDI,597240.1,11,2014,2014-09-22,We-KOL,SUV,Diesel,1248,0,1,0,0,1,128245,Private,Minor scratches,,
VEH-13196,PKM75Z23D961523020,GJ18C3033,MARUTI,ERTIGA,1.5 VXI CNG,768171.03,7,2018,2018-07-24,Ma-MUM,MUV,CNG,1462,1,1,0,0,0,117877,Private,Minor scratches,,
VEH-13197,XMF21U60F415958227,WB24D1552,MARUTI,BALENO HATCHBACK,Delta 1.2,410673.67,13,2012,2012-08-19,Ta-CHE,Hatchback,Petrol,1197,1,0,0,0,0,117421,Private,Minor scratches,Body kit,2015-04-08
VEH-13198,YLR48N89H351898183,RJ31C6127,HONDA,AMAZE,1.2 SMT i-VTEC,541646.66,5,2020,2020-11-21,Ka-MYS,Sedan,Petrol,1199,1,1,0,0,1,136557,Private,,,2023-05-05
VEH-13199,FQI79R58E739108528,MH96C7489,TOYOTA KIRLOSKAR,INNOVA CRYSTA,2.8 Z 7 STR,1934452.34,5,2020,2020-10-26,Ma-PUN,MUV,Diesel,2755,0,0,0,0,1,101088,Private,Minor scratches,,
VEH-13200,CEX26R92V920360912,MH34D5403,MARUTI,WAGON R,1.0 LXI CNG,586625.0,2,2023,2023-11-23,Ma-MUM,Hatchback,CNG,998,0,0,0,1,0,97447,Private,Minor scratches,Alloy wheels,
VEH-13201,MIB45J04Q791623973,RJ85C9004,MARUTI,BALENO HATCHBACK,Delta 1.2,800000.0,0,2025,2025-07-25,Ka-BAN,Hatchback,Petrol,1197,0,1,0,1,1,60394,Private,Dent on door,,
VEH-13202,XWG11F36W969097054,RJ86B2936,MARUTI,ALTO,K10 VXI,425579.52,5,2020,2020-02-27,Ka-BAN,Hatchback,Petrol,998,0,0,1,1,0,17718,Private,Dent on door,Alloy wheels,
VEH-13203,ESI09M54O363809599,TN37D4703,MARUTI,BALENO HATCHBACK,Zeta 1.2,538863.25,10,2015,2015-11-17,Ka-BAN,Hatchback,Petrol,1197,1,1,0,1,0,48529,Private,Minor scratches,,2017-09-24
VEH-13204,TDV74E66D875875694,KA50C1710,MARUTI,ALTO,K10 VXI,471556.25,3,2022,2022-04-14,We-KOL,Hatchback,Petrol,998,1,1,0,1,0,81097,Commercial,Minor scratches,,
VEH-13205,OJK70U32F361839324,GJ97D6072,HONDA,AMAZE,1.2 SMT i-VTEC,700000.0,0,2025,2025-06-09,De-GUR,Sedan,Petrol,1199,0,0,0,0,1,64989,Private,Dent on door,,
VEH-13206,DOU48L26L021417531,TN06B9371,HYUNDAI,CRETA,1.4 E Plus,1005915.22,5,2020,2020-08-15,Ta-CHE,SUV,Diesel,1582,1,0,0,0,0,12025,Private,,,
VEH-13207,YRE12Y41E453934013,TN44A7820,HYUNDAI,GRAND I10,SPORTZ 1.2 KAPPA VTVT,577600.0,2,2023,2023-10-17,Ma-NAG,Hatchback,Petrol,1197,1,0,1,0,0,4424,Private,Dent on door,Body kit,
VEH-13208,HHD99Y76Y642298816,RJ66B2840,MARUTI,VITARA BREZZA,VDI,567378.09,12,2013,2013-09-20,De-NOI,SUV,Diesel,1248,0,0,1,1,0,14890,Private,,,2016-04-06
VEH-13209,PLA09A77S079217909,UP01D1264,HYUNDAI,VENUE,1.2 S PETROL,624828.11,6,2019,2019-08-19,Ka-BAN,SUV,Petrol,1197,1,0,0,1,1,25899,Commercial,Dent on door,,
VEH-13210,RVE22P92Q098958041,WB03C5526,MARUTI,VITARA BREZZA,VDI,512058.73,14,2011,2011-07-15,Ka-MYS,SUV,Diesel,1248,0,0,0,1,1,49753,Private,,Alloy wheels,
VEH-13211,RFE50F83Y897301703,TN32A2658,MARUTI,SWIFT,VXI,541646.66,5,2020,2020-10-24,We-KOL,Hatchback,Petrol,1197,1,1,1,0,1,146533,Private,,,
VEH-13212,ZZE05Q40N079004403,UP24A3924,HYUNDAI,CRETA,1.5 E DIESEL,736446.44,10,2015,2015-11-07,Ma-PUN,SUV,Diesel,1493,0,0,0,1,1,35371,Private,,Body kit,
VEH-13213,ZDO90T25V549994126,UP85C7099,HYUNDAI,CRETA,1.4 E Plus,955619.46,6,2019,2019-03-08,Ta-MAD,SUV,Diesel,1582,1,0,0,1,1,87209,Private,Minor scratches,Body kit,
VEH-13214,GTI28U20O288089655,KA26D3727,MARUTI,BALENO HATCHBACK,Delta 1.2,370632.98,15,2010,2010-07-15,Ka-MYS,Hatchback,Petrol,1197,0,0,1,0,0,7462,Private,Minor scratches,,
VEH-13215,CZA18K10G713650140,TN37D7705,HONDA,AMAZE,1.2 VXMT i-VTEC,650152.02,8,2017,2017-06-07,Ma-NAG,Sedan,Petrol,1199,0,1,0,1,0,11411,Private,,Alloy wheels,
VEH-13216,STN16F91W932468691,GJ53C2103,MARUTI,ALTO,K10 VXI,254810.18,15,2010,2010-01-14,We-KOL,Hatchback,Petrol,998,1,0,1,1,0,130712,Private,Minor scratches,,
VEH-13217,UYQ42O29V303050542,GJ75B4319,MAHINDRA,SCORPIO,S11 2WD 7STR,1077726.49,10,2015,2015-02-26,Ma-MUM,SUV,Diesel,2184,1,0,0,1,1,105164,Private,,,2016-12-24
VEH-13218,OOP94M92C686119574,RJ76B1663,MARUTI,SWIFT,1.2 VXi BS IV,617500.0,1,2024,2024-05-11,Ta-COI,Hatchback,Petrol,1197,1,0,0,1,0,5391,Private,,Body kit,
VEH-13219,WHU43C69V143968841,UP80A1334,MARUTI,ALTO,K10 VXI,496375.0,2,2023,2023-11-02,Ta-MAD,Hatchback,Petrol,998,0,0,0,1,1,12213,Private,Minor scratches,,
VEH-13220,JFF22Y76N233943768,GJ41D4202,HYUNDAI,GRAND I10,SPORTZ 1.2 KAPPA VTVT,608000.0,1,2024,2024-10-12,Ta-CHE,Hatchback,Petrol,1197,0,1,0,0,1,122175,Private,Minor scratches,Body kit,2027-04-19
VEH-13221,JLJ81C25I816894479,KA05C5072,MARUTI,BALENO HATCHBACK,Zeta 1.2,900000.0,0,2025,2025-09-22,De-NOI,Hatchback,Petrol,1197,0,1,0,1,0,68834,Private,,Body kit,
VEH-13222,PFE40Q61O797914137,GJ61B9470,HYUNDAI,CRETA,1.4 E Plus,1058858.12,4,2021,2021-08-13,De-NOI,SUV,Diesel,1582,1,1,0,1,0,23947,Private,,Alloy wheels,2024-05-08
VEH-13223,DJD41K57R656088040,RJ29A4711,MARUTI,SWIFT,1.2 VXi BS IV,617500.0,1,2024,2024-08-23,De-NOI,Hatchback,Petrol,1197,1,1,0,0,0,131282,Private,,,
VEH-13224,BMB07Y20V049566023,TN95D1230,HYUNDAI,CRETA,1.5 E DIESEL,1168500.0,1,2024,2024-04-05,De-NEW,SUV,Diesel,1493,1,0,0,1,0,3612,Private,Minor scratches,Alloy wheels,
VEH-13225,HVL84H44D874201782,TN84A1737,MARUTI,VITARA BREZZA,ZDI PLUS,756299.29,9,2016,2016-01-12,De-NEW,SUV,Diesel,1248,1,1,0,0,1,64854,Private,,Body kit,
VEH-13226,HQF37J37K954344894,RJ79A8980,MARUTI,ERTIGA,1.5 VXI CNG,625680.1,11,2014,2014-11-06,Ma-PUN,MUV,CNG,1462,0,0,0,1,1,104519,Private,Dent on door,Alloy wheels,
VEH-13227,XNK10I74Y606376354,GJ97D4231,MARUTI,ALTO,K10 VXI,425579.52,5,2020,2020-10-20,De-NOI,Hatchback,Petrol,998,0,0,0,0,1,3620,Private,Dent on door,,
VEH-13228,BJK92N55K262332143,MH97A2118,MARUTI,BALENO HATCHBACK,Zeta 1.2,462007.87,13,2012,2012-08-08,Ma-NAG,Hatchback,Petrol,1197,1,0,0,1,1,60406,Private,,,
VEH-13229,INR26F98X670660828,TN88C4176,MARUTI,BALENO HATCHBACK,Zeta 1.2,538863.25,10,2015,2015-11-10,We-HOW,Hatchback,Petrol,1197,1,0,1,1,0,69752,Private,,,
VEH-13230,SSQ30Q03G779682150,TN99B6265,MARUTI,VITARA BREZZA,VDI,628673.79,10,2015,2015-05-02,Ta-MAD,SUV,Diesel,1248,0,0,1,0,1,15225,Private,,,
VEH-13231,MOW96I76C359849452,RJ71A4687,MARUTI,DZIRE,VXI,588073.51,6,2019,2019-07-28,De-NOI,Sedan,Petrol,1197,0,1,0,0,0,146639,Private,Dent on door,Body kit,
VEH-13232,SVN41E61M624497691,MH91D8771,HYUNDAI,CRETA,1.5 E DIESEL,816007.13,8,2017,2017-08-23,Ma-MUM,SUV,Diesel,1493,1,1,0,1,0,34068,Private,,Alloy wheels,
VEH-13233,CDF21I92X264015789,DL50B8336,MARUTI,BALENO HATCHBACK,Delta 1.2,390139.98,14,2011,2011-05-12,Ma-NAG,Hatchback,Petrol,1197,0,0,0,1,0,35282,Private,Dent on door,Body kit,
VEH-13234,OHA36E75X312326818,KA04B2945,MARUTI,BALENO HATCHBACK,Delta 1.2,619024.75,5,2020,2020-04-02,Ta-CHE,Hatchback,Petrol,1197,0,0,1,1,0,16860,Private,,,
VEH-13235,BLW21I54V426968318,KA94D3362,MARUTI,ERTIGA,1.5 VXI CNG,729762.47,8,2017,2017-01-21,Ta-COI,MUV,CNG,1462,0,1,0,1,1,27732,Private,,Body kit,2018-09-27
VEH-13236,TER35I60A775054838,MH47A3902,TOYOTA KIRLOSKAR,INNOVA CRYSTA,2.4 ZX MT 7 STR,1536342.05,7,2018,2018-11-18,Ta-MAD,MUV,Diesel,2393,1,1,0,0,0,30563,Private,,Body kit,
VEH-13237,ZVA83L43L743702462,WB53B4055,HYUNDAI,CRETA,1.4 E Plus,955619.46,6,2019,2019-04-24,We-KOL,SUV,Diesel,1582,0,1,0,1,1,74733,Private,Dent on door,,
VEH-13238,IXS53O00X995368882,TN63D7241,MARUTI,BALENO HATCHBACK,Zeta 1.2,696402.84,5,2020,2020-06-26,Ka-BAN,Hatchback,Petrol,1197,0,0,0,1,0,116131,Private,Dent on door,Alloy wheels,
VEH-13239,XMH77V52L078495805,WB41D9822,MARUTI,ALTO 800,LXI,239494.78,10,2015,2015-02-06,Ka-BAN,Hatchback,Petrol,796,1,0,0,1,1,73950,Private,,,
VEH-13240,VXB89V09N195731454,GJ84D6978,MARUTI,WAGON R,1.0 VXI,378149.65,9,2016,2016-06-15,Ma-MUM,Hatchback,Petrol,998,0,0,0,0,1,139073,Private,,,
VEH-13241,KWN87L70Y783862205,WB35B7799,MARUTI,SWIFT,VDI (DIESEL),432288.07,12,2013,2013-07-21,Ma-MUM,Hatchback,Diesel,1248,1,0,1,1,0,67419,Private,,,
VEH-13242,EXX72I23C366112469,RJ02A4808,MARUTI,ALTO,K10 VXI,522500.0,1,2024,2024-08-04,We-KOL,Hatchback,Petrol,998,1,1,1,1,0,128102,Private,Dent on door,,
VEH-13243,LKL79F57V436166913,DL43D7908,MARUTI,ERTIGA,1.5 VXI CNG,693274.35,9,2016,2016-09-01,Ka-BAN,MUV,CNG,1462,1,1,1,1,1,38990,Commercial,Dent on door,,
VEH-13244,MAX72E84G543799070,MH66A4088,MARUTI,SWIFT,1.2 VXi BS IV,502957.61,5,2020,2020-07-20,Ta-CHE,Hatchback,Petrol,1197,0,0,1,0,0,11727,Private,Minor scratches,,
VEH-13245,MMH57Q52G547154792,TN17D8172,HYUNDAI,GRAND I10 NIOS,SPORTZ 1.2 KAPPA VTVT,341372.49,14,2011,2011-11-25,Ka-MYS,Hatchback,Petrol,1197,0,1,0,0,1,74548,Commercial,Minor scratches,Body kit,
VEH-13246,OLJ35K38G603938773,MH71D2689,MARUTI,VITARA BREZZA,ZDI PLUS,616010.5,13,2012,2012-08-15,De-GUR,SUV,Diesel,1248,0,1,0,1,0,7679,Private,,,2014-02-17
VEH-13247,COU18L47A921292140,GJ33D7019,MARUTI,DZIRE,VXI,410673.67,13,2012,2012-06-04,De-NOI,Sedan,Petrol,1197,1,0,0,1,0,144161,Private,,Alloy wheels,
VEH-13248,GKQ74T75W704805765,TN99B9909,MARUTI,WAGON R,1.0 VXI,277974.74,15,2010,2010-04-12,Ka-BAN,Hatchback,Petrol,998,0,0,0,1,1,34414,Private,,Body kit,
VEH-13249,MXU22F47S634503165,KA25D4885,MARUTI,ERTIGA,1.5 VXI CNG,808601.08,6,2019,2019-07-15,Ta-COI,MUV,CNG,1462,1,1,0,0,1,31680,Private,Minor scratches,,
VEH-13250,BKV96V55K928895918,GJ38D9335,MARUTI,ALTO,K10 VXI,425579.52,5,2020,2020-11-15,Ka-MYS,Hatchback,Petrol,998,0,1,1,1,0,91035,Private,,,
VEH-13251,VPX96F47G881267496,DL51D6005,HYUNDAI,GRAND I10 NIOS,SPORTZ 1.2 KAPPA VTVT,665000.0,1,2024,2024-11-15,We-HOW,Hatchback,Petrol,1197,1,0,0,1,0,140827,Commercial,,,2026-12-31
VEH-13252,ECC37J45P518387047,KA66B3150,HONDA,AMAZE,1.2 VXMT i-VTEC,454025.41,15,2010,2010-07-09,De-NEW,Sedan,Petrol,1199,1,1,0,0,0,140708,Private,Minor scratches,,
VEH-13253,OPJ29E79Q400077360,WB66A3922,HONDA,AMAZE,1.5 SMT i-DTEC,807500.0,1,2024,2024-11-25,Ka-MYS,Sedan,Diesel,1498,1,1,1,0,1,110596,Private,,,
VEH-13254,ZEO51B39M990220995,DL47D8188,HONDA,AMAZE,1.5 SMT i-DTEC,593586.7,7,2018,2018-05-23,Ma-MUM,Sedan,Diesel,1498,0,0,0,0,1,69955,Private,Minor scratches,,
VEH-13255,DRK63E05B587865754,DL77B4773,MARUTI,WAGON R,1.0 VXI,419002.38,7,2018,2018-10-10,De-NOI,Hatchback,Petrol,998,1,1,0,0,1,72503,Private,,,
VEH-13256,GXF70U76Y112608238,UP15C6243,MARUTI,SWIFT,1.2 VXi BS IV,351234.06,12,2013,2013-09-07,We-HOW,Hatchback,Petrol,1197,0,1,0,1,0,78885,Private,Minor scratches,Body kit,
VEH-13257,XJU68T85P771761681,WB36D6008,MARUTI,SWIFT DZIRE,VDI,767125.0,2,2023,2023-11-25,Ta-CHE,Sedan,Diesel,1248,1,1,0,1,0,75014,Private,Dent on door,Alloy wheels,
VEH-13258,KQK23B15R983661039,DL69B3320,MARUTI,SWIFT,1.2 VXi BS IV,529429.06,4,2021,2021-09-19,Ta-CHE,Hatchback,Petrol,1197,0,1,0,1,0,8567,Private,Dent on door,Alloy wheels,
VEH-13259,TNL26T44V044944571,TN09B4798,MARUTI,ALTO,K10 VXI,471556.25,3,2022,2022-12-17,Ta-COI,Hatchback,Petrol,998,1,1,0,0,0,16224,Private,Dent on door,,
VEH-13260,ORJ80P62L131145912,RJ18D1422,MARUTI,VITARA BREZZA,ZDI PLUS,796104.52,8,2017,2017-03-16,Ta-CHE,SUV,Diesel,1248,0,0,0,1,0,69211,Private,Minor scratches,Alloy wheels,
VEH-13261,JPR80C36J980694511,KA92A6755,MARUTI,ALTO 800,LXI,205336.83,13,2012,2012-09-26,Ta-CHE,Hatchback,Petrol,796,1,1,0,1,0,21307,Private,Dent on door,,
VEH-13262,XRR09S68O625959978,RJ58D9106,MARUTI,SWIFT,1.2 VXi BS IV,586625.0,2,2023,2023-08-13,Ta-COI,Hatchback,Petrol,1197,1,1,0,0,1,146999,Private,Minor scratches,Body kit,
VEH-13263,NDF84A10I596860235,KA88B5547,MARUTI,DZIRE,VXI,370632.98,15,2010,2010-11-21,Ma-NAG,Sedan,Petrol,1197,0,0,0,0,1,26777,Private,,,
VEH-13264,SCJ88E20O667143146,DL69C8778,HONDA,AMAZE,1.5 SMT i-DTEC,508926.4,10,2015,2015-08-02,Ta-COI,Sedan,Diesel,1498,1,0,0,1,1,3408,Private,,Body kit,
VEH-13265,PNI23T00U950541454,TN60A3087,MARUTI,SWIFT,VXI,514564.32,6,2019,2019-11-12,De-NEW,Hatchback,Petrol,1197,1,0,0,0,1,112993,Private,,Body kit,2022-03-03
VEH-13266,XJB79G36G668909795,GJ28D1023,MARUTI,SWIFT,VXI,631750.0,2,2023,2023-04-28,Ka-MYS,Hatchback,Petrol,1197,1,1,0,1,0,57172,Private,,,2024-07-10
VEH-13267,RNA14X23V092251817,MH06D4407,MARUTI,BALENO HATCHBACK,Zeta 1.2,855000.0,1,2024,2024-04-17,Ka-BAN,Hatchback,Petrol,1197,1,1,0,0,1,9851,Private,Dent on door,Body kit,
VEH-13268,OBK98P72D579242500,GJ98D4201,TOYOTA KIRLOSKAR,INNOVA CRYSTA,2.8 ZX AT 7 STR,1267954.95,14,2011,2011-11-18,Ka-BAN,MUV,Diesel,2755,0,1,0,1,1,21067,Private,Dent on door,,
VEH-13269,VTF09K61H269043577,DL70A1716,HONDA,AMAZE,VX PETROL,617644.42,9,2016,2016-01-02,Ma-NAG,Sedan,Petrol,1199,1,1,0,1,1,18044,Private,,Alloy wheels,
VEH-13270,WKM37I29C589279006,DL46C1262,MARUTI,BALENO HATCHBACK,Zeta 1.2,438907.48,14,2011,2011-11-23,Ma-MUM,Hatchback,Petrol,1197,1,0,1,0,0,132520,Private,Minor scratches,Alloy wheels,
VEH-13271,WUY00F57N392052111,GJ30A3058,HYUNDAI,CRETA,1.4 E Plus,862446.56,8,2017,2017-02-20,Ma-NAG,SUV,Diesel,1582,0,0,0,1,0,89425,Private,Dent on door,Alloy wheels,
VEH-13272,VPI13S54V102491517,MH28D1984,MARUTI,VITARA BREZZA,VXI,857375.0,3,2022,2022-05-14,Ka-BAN,SUV,Petrol,1462,0,0,1,0,0,2965,Private,Minor scratches,Body kit,2024-10-25
VEH-13273,NES52R79W272424390,TN22B9066,MARUTI,WAGON R,1.0 LXI CNG,409662.12,9,2016,2016-01-23,Ta-COI,Hatchback,CNG,998,0,1,0,1,1,86517,Private,,Body kit,
VEH-13274,COK43G33E130623646,TN74D5114,HYUNDAI,VENUE,1.2 S PETROL,593586.7,7,2018,2018-12-11,Ma-MUM,SUV,Petrol,1197,1,0,1,0,0,42810,Private,Minor scratches,Alloy wheels,
VEH-13275,TMZ19B90R145077789,GJ23C1259,HONDA,AMAZE,1.2 VXMT i-VTEC,454025.41,15,2010,2010-12-01,Ka-MYS,Sedan,Petrol,1199,1,0,0,1,0,100505,Private,,,
VEH-13276,LZQ28S56K782373551,DL18D3661,MARUTI,ALTO,K10 VXI,425579.52,5,2020,2020-04-08,Ka-MYS,Hatchback,Petrol,998,1,0,0,0,1,118262,Private,,Alloy wheels,
VEH-13277,VGA22B57C431529127,WB14D5392,MARUTI,VITARA BREZZA,VXI,598736.94,10,2015,2015-09-19,Ma-NAG,SUV,Petrol,1462,1,0,1,1,1,129369,Private,,,
VEH-13278,BUB38G43X264130835,RJ41B5992,MARUTI,ERTIGA,1.5 VXI CNG,693274.35,9,2016,2016-09-25,De-GUR,MUV,CNG,1462,0,1,1,1,0,28368,Commercial,,Alloy wheels,
VEH-13279,SRN81S78U721535423,KA74C7627,MARUTI,VITARA BREZZA,VXI,814506.25,4,2021,2021-02-13,Ma-NAG,SUV,Petrol,1462,0,0,1,1,1,148814,Private,Dent on door,,
VEH-13280,AEC97F51J218538657,KA33D4422,HONDA,AMAZE,1.5 SMT i-DTEC,393797.55,15,2010,2010-07-02,Ka-MYS,Sedan,Diesel,1498,0,1,0,0,0,132116,Private,,,
VEH-13281,ZGO99L11K228641350,MH25B4757,MARUTI,ALTO 800,LXI,195069.99,14,2011,2011-10-22,Ma-MUM,Hatchback,Petrol,796,1,1,0,1,1,111080,Private,Minor scratches,Body kit,
VEH-13282,WMZ00C79N992891027,RJ73D6989,MARUTI,SWIFT,VDI (DIESEL),432288.07,12,2013,2013-07-27,Ma-MUM,Hatchback,Diesel,1248,0,0,1,0,1,23553,Private,Minor scratches,,
VEH-13283,DLQ30M84S785625799,DL45D7901,MARUTI,ALTO 800,LXI,239494.78,10,2015,2015-12-27,Ta-CHE,Hatchback,Petrol,796,1,1,1,0,0,149523,Private,,Body kit,
VEH-13284,GGA92U64Q007398610,WB64C1661,MARUTI,WAGON R,1.0 LXI CNG,586625.0,2,2023,2023-08-02,We-KOL,Hatchback,CNG,998,1,0,0,1,0,54682,Private,Minor scratches,Body kit,
VEH-13285,STE52D70R169030746,UP87A6499,HONDA,CITY,1.5 V MT,1087936.0,6,2019,2019-08-12,We-KOL,Sedan,Petrol,1498,1,0,0,1,0,37302,Private,Dent on door,Body kit,
VEH-13286,RUL09C72W801823774,GJ87A7742,MARUTI,SWIFT,VXI,541646.66,5,2020,2020-08-27,Ma-PUN,Hatchback,Petrol,1197,0,0,1,1,0,44112,Private,Dent on door,Body kit,
VEH-13287,TZU16O11C700929840,TN19B5946,MARUTI,DZIRE,VXI,619024.75,5,2020,2020-02-21,Ma-PUN,Sedan,Petrol,1197,1,0,0,0,0,77735,Private,,Alloy wheels,
VEH-13288,VDQ45O47P101963460,WB40A9409,HYUNDAI,VENUE,1.2 S PETROL,459306.07,12,2013,2013-04-21,Ka-BAN,SUV,Petrol,1197,0,0,0,1,0,42263,Private,,,
VEH-13289,AGL54O62P094299330,UP04D6617,MARUTI,WAGON R,1.0 LXI CNG,529429.06,4,2021,2021-09-18,Ka-BAN,Hatchback,CNG,998,1,1,0,1,0,133066,Private,,Alloy wheels,
VEH-13290,API77B93Z419859501,TN07B9914,MARUTI,BALENO HATCHBACK,Delta 1.2,455040.07,11,2014,2014-12-26,We-KOL,Hatchback,Petrol,1197,0,0,0,0,1,80939,Private,,Body kit,
VEH-13291,ODV88U79G135501218,DL66D4324,MARUTI,SWIFT,1.2 VXi BS IV,431223.28,8,2017,2017-08-11,Ma-NAG,Hatchback,Petrol,1197,0,0,0,1,0,20147,Private,Dent on door,,
VEH-13292,DLU69I92P199379063,RJ25B3648,MARUTI,VITARA BREZZA,VXI,540360.09,12,2013,2013-01-08,Ma-NAG,SUV,Petrol,1462,0,1,0,1,0,127791,Private,,,
VEH-13293,PKA79O35C290469976,TN22A8736,MARUTI,SWIFT,1.2 VXi BS IV,477809.73,6,2019,2019-08-23,Ta-MAD,Hatchback,Petrol,1197,0,0,0,0,1,95073,Private,,Body kit,2020-09-23
VEH-13294,MFN73Y76G871560424,UP29B8879,HONDA,AMAZE,1.2 VXMT i-VTEC,617644.42,9,2016,2016-06-17,Ma-NAG,Sedan,Petrol,1199,1,1,0,1,1,46670,Private,,,
VEH-13295,FVW46Q42O890921979,KA56D5451,MARUTI,VITARA BREZZA,VXI,950000.0,1,2024,2024-07-15,Ka-BAN,SUV,Petrol,1462,0,0,0,1,0,69638,Private,Minor scratches,Body kit,2026-02-20
VEH-13296,IJY25H33C078160342,TN60D9907,MARUTI,WAGON R,1.0 VXI,359242.16,10,2015,2015-05-25,We-HOW,Hatchback,Petrol,998,0,0,0,0,0,16359,Private,Dent on door,Body kit,
VEH-13297,JVT15N01B328191465,TN22B3495,MARUTI,ALTO 800,LXI,400000.0,0,2025,2025-11-24,We-KOL,Hatchback,Petrol,796,0,0,0,0,0,83645,Private,,,
VEH-13298,SHH86L12O963324699,TN75C1928,MARUTI,SWIFT,1.2 VXi BS IV,617500.0,1,2024,2024-01-01,Ta-MAD,Hatchback,Petrol,1197,1,1,1,1,0,44889,Private,Dent on door,Alloy wheels,
VEH-13299,EXO24E14J558802182,KA33D8444,HYUNDAI,CRETA,1.4 E Plus,739440.12,11,2014,2014-01-05,Ka-MYS,SUV,Diesel,1582,0,1,0,1,1,4223,Private,,,
VEH-13300,OLC74F03Z461155554,GJ53C2338,HYUNDAI,GRAND I10 NIOS,SPORTZ 1.2 KAPPA VTVT,398160.06,11,2014,2014-08-10,Ma-MUM,Hatchback,Petrol,1197,0,0,0,1,1,119106,Private,Minor scratches,,
VEH-13301,ZBC70N82T817212655,KA23A3412,MARUTI,SWIFT,VDI (DIESEL),410673.67,13,2012,2012-03-01,We-KOL,Hatchback,Diesel,1248,1,1,0,0,1,99521,Private,,Alloy wheels,
VEH-13302,RDX06G05O890445138,DL02D4954,TOYOTA KIRLOSKAR,INNOVA CRYSTA,2.8 ZX AT 7 STR,1204557.2,15,2010,2010-11-10,Ma-NAG,MUV,Diesel,2755,0,1,0,0,0,33433,Private,,Body kit,
VEH-13303,JYA01F45S331620368,KA58B3211,MARUTI,DZIRE,VXI,558669.84,7,2018,2018-06-19,Ma-MUM,Sedan,Petrol,1197,0,0,0,0,1,105310,Private,,Alloy wheels,
VEH-13304,GFB36Y30X419447179,RJ11D7617,MARUTI,SWIFT,1.2 VXi BS IV,557293.75,3,2022,2022-01-22,Ma-MUM,Hatchback,Petrol,1197,0,0,0,1,1,10799,Private,,,2023-07-08
VEH-13305,PKL74C45P309357292,MH83B7222,MARUTI,WAGON R,1.0 VXI,441055.13,6,2019,2019-04-24,Ka-MYS,Hatchback,Petrol,998,1,0,1,1,0,128423,Private,,,
VEH-13306,ZIE68E86T087462486,GJ50D3297,MARUTI,SWIFT,VDI (DIESEL),722000.0,2,2023,2023-07-17,Ta-MAD,Hatchback,Diesel,1248,1,0,0,1,0,98231,Private,Minor scratches,Body kit,
VEH-13307,KEW80L17F748430900,TN69C8531,MARUTI,ALTO 800,LXI,361000.0,2,2023,2023-11-09,Ma-NAG,Hatchback,Petrol,796,1,1,1,1,1,46139,Private,Dent on door,Body kit,
VEH-13308,GKS79V64Y166790750,TN89C6435,TOYOTA KIRLOSKAR,INNOVA CRYSTA,2.8 ZX AT 7 STR,1556716.04,10,2015,2015-03-14,De-NEW,MUV,Diesel,2755,1,1,0,0,0,106514,Private,Minor scratches,Body kit,
VEH-13309,APJ39F32F211546978,MH44D4415,MARUTI,VITARA BREZZA,ZDI PLUS,796104.52,8,2017,2017-11-02,De-NOI,SUV,Diesel,1248,0,0,0,1,0,44428,Private,,,
VEH-13310,GUA11O59S925643019,DL82B8322,MARUTI,SWIFT,VXI,488836.11,7,2018,2018-09-18,De-NOI,Hatchback,Petrol,1197,0,1,0,1,0,115872,Private,,Body kit,2020-12-31
VEH-13311,GHK38G58S471680805,MH93A8985,HYUNDAI,GRAND I10,SPORTZ 1.2 KAPPA VTVT,424589.08,8,2017,2017-08-12,Ma-PUN,Hatchback,Petrol,1197,0,0,1,1,1,87151,Private,,Body kit,
VEH-13312,DET15T65E973412045,RJ46C7994,MARUTI,SWIFT,VDI (DIESEL),685900.0,3,2022,2022-01-01,De-GUR,Hatchback,Diesel,1248,1,0,0,1,1,91847,Private,,Body kit,
VEH-13313,PKA31S45V857250354,GJ59C5908,MARUTI,SWIFT,VXI,441174.59,9,2016,2016-11-06,We-KOL,Hatchback,Petrol,1197,0,0,1,1,0,107600,Private,Dent on door,,2018-03-18
VEH-13314,FTL87Y72F907920754,RJ17D1645,MARUTI,WAGON R,1.0 LXI CNG,351234.06,12,2013,2013-04-23,Ma-PUN,Hatchback,CNG,998,0,1,0,0,0,41811,Private,Minor scratches,,
VEH-13315,IRP12F55C242097892,UP22B8300,MARUTI,ALTO,K10 VXI,312840.05,11,2014,2014-10-03,We-HOW,Hatchback,Petrol,998,1,0,0,1,1,71235,Private,,Alloy wheels,
VEH-13316,APM18P12L818515781,WB16A5234,MARUTI,ALTO 800,LXI,239494.78,10,2015,2015-05-24,We-KOL,Hatchback,Petrol,796,1,1,0,0,0,123365,Private,Minor scratches,,
VEH-13317,CIJ75V83D270907527,TN08A7503,MAHINDRA,SCORPIO,S9 2WD 7STR,780279.97,14,2011,2011-11-04,Ka-BAN,SUV,Diesel,2184,1,0,0,1,0,145928,Private,Minor scratches,Body kit,
VEH-13318,PUH92X95C081568935,KA04C2716,MARUTI,SWIFT,VXI,378252.06,12,2013,2013-11-25,Ka-BAN,Hatchback,Petrol,1197,1,0,0,1,0,68098,Private,,,
VEH-13319,UVM91N15E942276341,KA51B3499,HONDA,AMAZE,1.2 SMT i-VTEC,324303.86,15,2010,2010-04-17,Ka-BAN,Sedan,Petrol,1199,1,1,1,0,0,70967,Private,Dent on door,,
VEH-13320,WXQ25S54X866148394,KA23B1843,MARUTI,BALENO HATCHBACK,Delta 1.2,651605.0,4,2021,2021-04-26,We-KOL,Hatchback,Petrol,1197,0,0,0,0,0,53582,Private,Dent on door,,2024-01-18
VEH-13321,LEJ64S12I890610934,KA33B6820,HYUNDAI,CRETA,1.4 E Plus,633977.47,14,2011,2011-07-06,Ta-CHE,SUV,Diesel,1582,0,1,0,1,1,1164,Private,,,
VEH-13322,YVS35B33B100457327,WB31C5263,TOYOTA KIRLOSKAR,INNOVA CRYSTA,2.4 ZX MT 7 STR,1886225.0,3,2022,2022-07-25,Ma-MUM,MUV,Diesel,2393,0,1,0,1,0,22309,Private,,Body kit,
VEH-13323,KAD89G31X002385541,UP56D2146,MARUTI,BALENO HATCHBACK,Zeta 1.2,597078.39,8,2017,2017-09-18,Ma-PUN,Hatchback,Petrol,1197,0,0,0,0,0,98375,Private,Dent on door,Alloy wheels,
VEH-13324,NDV79W62F561200737,RJ85D6177,MARUTI,BALENO HATCHBACK,Zeta 1.2,733055.62,4,2021,2021-11-25,Ma-PUN,Hatchback,Petrol,1197,1,0,0,1,0,66678,Private,Minor scratches,Alloy wheels,
VEH-13325,QPO05O47A572343522,MH96A9816,MARUTI,SWIFT,VXI,378252.06,12,2013,2013-12-12,Ta-CHE,Hatchback,Petrol,1197,0,0,0,1,0,91695,Private,Dent on door,Alloy wheels,
VEH-13326,PZH23R17Z745268612,MH20D4560,MARUTI,SWIFT,1.2 VXi BS IV,502957.61,5,2020,2020-05-23,De-NEW,Hatchback,Petrol,1197,0,0,0,1,1,146880,Private,,Body kit,
VEH-13327,ZHV45I36O300425575,RJ02D8831,MARUTI,ERTIGA,1.5 VXI CNG,658610.63,10,2015,2015-03-16,Ma-MUM,MUV,CNG,1462,1,0,0,1,0,19609,Private,Minor scratches,Alloy wheels,
VEH-13328,RLN14W80E326916400,MH78B9925,HYUNDAI,CRETA,1.5 E DIESEL,904163.03,6,2019,2019-08-14,Ma-NAG,SUV,Diesel,1493,0,1,1,1,1,6337,Private,Dent on door,Alloy wheels,2021-07-19
VEH-13329,FRM18T77Q667874332,RJ22D5740,HYUNDAI,GRAND I10 NIOS,SPORTZ 1.2 KAPPA VTVT,324303.86,15,2010,2010-07-22,Ta-CHE,Hatchback,Petrol,1197,1,1,1,1,0,145245,Private,Dent on door,,
VEH-13330,OXE17T49P171491825,MH88B1384,TOYOTA KIRLOSKAR,INNOVA CRYSTA,2.8 ZX AT 7 STR,2470000.0,1,2024,2024-11-16,We-HOW,MUV,Diesel,2755,1,1,0,1,1,106700,Private,Minor scratches,,
VEH-13331,XDT53E86S825407688,UP77D6224,MARUTI,DZIRE,VXI,722000.0,2,2023,2023-08-23,De-GUR,Sedan,Petrol,1197,1,1,1,1,0,18737,Private,Minor scratches,Body kit,
VEH-13332,GCL45U43X540812952,TN27A6895,MARUTI,SWIFT DZIRE,VDI,728768.75,3,2022,2022-05-14,Ma-PUN,Sedan,Diesel,1248,1,0,0,0,0,107457,Private,Dent on door,,
VEH-13333,OWG51U34U135561177,DL05C2352,MARUTI,VITARA BREZZA,ZDI PLUS,648432.11,12,2013,2013-10-28,We-HOW,SUV,Diesel,1248,1,1,0,1,0,137560,Private,Minor scratches,Body kit,
VEH-13334,UEB14C04R371240818,WB63C1215,MARUTI,VITARA BREZZA,VXI,773780.94,5,2020,2020-08-10,Ka-MYS,SUV,Petrol,1462,1,1,0,1,0,136462,Private,,Body kit,
VEH-13335,FUW51H33G874139752,TN46A7367,MARUTI,ALTO,K10 VXI,364881.24,8,2017,2017-10-27,Ta-COI,Hatchback,Petrol,998,1,0,0,1,0,95509,Private,,,
VEH-13336,RJC35L62Z402400136,TN86B1038,MARUTI,SWIFT,1.2 VXi BS IV,502957.61,5,2020,2020-06-03,Ka-BAN,Hatchback,Petrol,1197,1,0,0,1,0,95305,Private,Dent on door,,2021-08-21
VEH-13337,LJX40D15S348206149,WB01B9166,MARUTI,SWIFT,VXI,398160.06,11,2014,2014-03-24,Ka-BAN,Hatchback,Petrol,1197,1,0,0,0,0,146963,Private,,,
VEH-13338,JMB84I49D443997098,KA86A5976,MARUTI,SWIFT DZIRE,VDI,393797.55,15,2010,2010-04-28,Ma-PUN,Sedan,Diesel,1248,1,1,1,1,1,134633,Private,,,2012-05-24
VEH-13339,MDZ91S52F869738267,RJ85B3376,MARUTI,SWIFT,VDI (DIESEL),760000.0,1,2024,2024-12-12,De-GUR,Hatchback,Diesel,1248,0,1,0,1,0,38522,Commercial,,Body kit,
VEH-13340,KAV66C77Q087148677,UP39C9499,MARUTI,ALTO,K10 VXI,404300.54,6,2019,2019-10-27,We-HOW,Hatchback,Petrol,998,1,1,0,0,0,53902,Private,Minor scratches,,
VEH-13341,UXI31C79D026828262,GJ90B5325,MARUTI,SWIFT,VXI,631750.0,2,2023,2023-12-25,Ta-MAD,Hatchback,Petrol,1197,1,1,0,1,0,61480,Private,Dent on door,,
VEH-13342,XWX27E59Z008074294,GJ32D6667,MARUTI,WAGON R,1.0 LXI CNG,389179.01,10,2015,2015-06-22,Ma-NAG,Hatchback,CNG,998,0,0,0,0,1,48129,Private,,,
VEH-13343,NGD03Y94U593031356,KA73A5363,HYUNDAI,VENUE,1.2 S PETROL,767125.0,2,2023,2023-11-01,We-HOW,SUV,Petrol,1197,1,0,0,0,0,72404,Private,,Alloy wheels,
VEH-13344,OCH23E31B777796036,GJ17D6965,HYUNDAI,CRETA,1.4 E Plus,778358.02,10,2015,2015-08-03,We-HOW,SUV,Diesel,1582,1,0,0,1,1,4127,Private,,,2018-04-23
VEH-13345,XXG78W01Z868777896,TN47C7167,MARUTI,SWIFT DZIRE,VDI,393797.55,15,2010,2010-02-23,Ta-MAD,Sedan,Diesel,1248,0,1,0,0,0,116315,Private,,,
VEH-13346,QLJ66B96K625597425,MH66B9968,MAHINDRA,THAR,LX HARD TOP AT 4STR DIESEL,1457537.5,3,2022,2022-08-17,Ma-PUN,SUV,Diesel,2184,1,1,1,0,0,67227,Private,,Alloy wheels,2024-01-31
VEH-13347,SUN84E60J974297243,MH83A2085,MARUTI,WAGON R,1.0 LXI CNG,351234.06,12,2013,2013-11-27,We-HOW,Hatchback,CNG,998,1,1,0,1,1,91087,Private,Dent on door,Alloy wheels,
VEH-13348,WTI30T94J089384485,TN59B6052,MARUTI,WAGON R,1.0 VXI,292604.99,14,2011,2011-01-21,We-KOL,Hatchback,Petrol,998,1,0,0,0,0,91176,Private,,,
VEH-13349,DCU76B05E362378138,MH42C4231,MARUTI,DZIRE,VXI,722000.0,2,2023,2023-11-25,Ma-PUN,Sedan,Petrol,1197,1,0,1,0,0,70525,Private,Minor scratches,Body kit,2025-01-08
VEH-13350,AQZ93H85E662583322,WB15D3250,HYUNDAI,GRAND I10,SPORTZ 1.2 KAPPA VTVT,608000.0,1,2024,2024-06-21,Ma-PUN,Hatchback,Petrol,1197,0,0,0,1,1,110428,Private,Dent on door,Alloy wheels,
VEH-13351,OIE91J16Z746210119,GJ77B3312,MARUTI,ERTIGA,1.5 VXI CNG,851159.03,5,2020,2020-01-04,Ka-BAN,MUV,CNG,1462,0,1,0,1,1,40539,Private,Minor scratches,Body kit,2022-07-15
VEH-13352,QKY39V88S166967183,DL64C3047,MARUTI,BALENO HATCHBACK,Zeta 1.2,733055.62,4,2021,2021-09-01,Ma-NAG,Hatchback,Petrol,1197,1,0,1,1,1,74356,Private,,Alloy wheels,
VEH-13353,AAE43D72V377043488,DL40B6939,MARUTI,ERTIGA,1.5 VXI CNG,768171.03,7,2018,2018-03-17,Ma-MUM,MUV,CNG,1462,0,0,0,1,1,46609,Private,Minor scratches,,
VEH-13354,LZN66P01N924648932,RJ38D2500,HYUNDAI,VENUE,1.2 S PETROL,393797.55,15,2010,2010-05-14,Ma-NAG,SUV,Petrol,1197,0,0,1,1,0,83808,Private,,,
VEH-13355,YFW98G58C664395685,TN20D8808,HONDA,AMAZE,1.2 VXMT i-VTEC,529552.89,12,2013,2013-08-11,Ma-NAG,Sedan,Petrol,1199,0,0,0,1,1,134117,Private,Minor scratches,,
VEH-13356,SAZ64R46Y012923355,GJ90A1034,HYUNDAI,GRAND I10 NIOS,SPORTZ 1.2 KAPPA VTVT,378252.06,12,2013,2013-04-15,Ma-PUN,Hatchback,Petrol,1197,1,0,0,1,1,139343,Private,,Body kit,
VEH-13357,OSH45Q57S369511521,KA95D3686,HONDA,AMAZE,1.2 VXMT i-VTEC,617644.42,9,2016,2016-06-04,Ma-NAG,Sedan,Petrol,1199,0,1,0,1,1,55975,Private,Dent on door,Alloy wheels,2017-06-07
VEH-13358,LDY40U18X736821383,DL34A4641,TOYOTA KIRLOSKAR,INNOVA CRYSTA,2.8 ZX AT 7 STR,1478880.24,11,2014,2014-05-01,Ta-COI,MUV,Diesel,2755,1,1,1,1,0,124867,Private,Dent on door,,
VEH-13359,AVQ10X77O054242596,DL48D1210,MARUTI,SWIFT,VXI,378252.06,12,2013,2013-11-09,De-GUR,Hatchback,Petrol,1197,0,1,0,1,1,91803,Private,Dent on door,,
VEH-13360,DMP28F66C511889223,RJ42A3460,MARUTI,BALENO HATCHBACK,Zeta 1.2,900000.0,0,2025,2025-09-08,Ta-COI,Hatchback,Petrol,1197,0,1,1,1,0,25742,Private,Minor scratches,Body kit,
VEH-13361,QWF51U21E807449204,RJ08A7499,MAHINDRA,SCORPIO,S5 2WD 7STR,1221759.37,4,2021,2021-05-12,Ka-MYS,SUV,Diesel,2184,0,0,0,1,1,34543,Private,,,2023-12-05
VEH-13362,TRS53V20X562835951,KA40D3770,MARUTI,SWIFT,VXI,631750.0,2,2023,2023-11-08,We-HOW,Hatchback,Petrol,1197,1,0,1,1,1,131903,Private,Minor scratches,,2025-07-15
VEH-13363,BKQ59P75U831110611,WB67A3141,MARUTI,BALENO HATCHBACK,Delta 1.2,478989.55,10,2015,2015-06-17,Ka-MYS,Hatchback,Petrol,1197,1,0,1,1,1,37317,Private,Minor scratches,,
VEH-13364,XSN54Z52Z401648786,DL93A3426,MARUTI,DZIRE,VXI,390139.98,14,2011,2011-06-16,Ka-MYS,Sedan,Petrol,1197,0,0,1,0,0,146648,Private,,Body kit,2013-05-21
VEH-13365,WHI34J56R426818020,RJ23D9799,MARUTI,BALENO HATCHBACK,Zeta 1.2,733055.62,4,2021,2021-04-26,Ma-MUM,Hatchback,Petrol,1197,1,0,0,0,0,107017,Private,Dent on door,,
VEH-13366,NHU11S96Z763391687,WB32C4050,HONDA,AMAZE,1.2 SMT i-VTEC,464394.3,8,2017,2017-04-24,Ta-COI,Sedan,Petrol,1199,1,0,0,1,0,4735,Private,,,
VEH-13367,ZEP13I11D272772301,UP11D8675,MARUTI,ERTIGA,1.5 VXI CNG,992750.0,2,2023,2023-05-05,Ka-BAN,MUV,CNG,1462,0,0,0,1,0,89536,Private,,Alloy wheels,
VEH-13368,UER25E70G591389770,GJ02D5531,MARUTI,BALENO HATCHBACK,Delta 1.2,370632.98,15,2010,2010-01-19,Ka-BAN,Hatchback,Petrol,1197,0,0,0,0,0,4837,Private,Minor scratches,Body kit,
VEH-13369,SMJ54K22D685552952,MH54A9219,MARUTI,BALENO HATCHBACK,Zeta 1.2,511920.08,11,2014,2014-08-02,Ta-MAD,Hatchback,Petrol,1197,0,1,1,1,1,36463,Private,Minor scratches,Body kit,
VEH-13370,WLI79N85F127627526,RJ89A7985,MARUTI,WAGON R,1.0 LXI CNG,650000.0,0,2025,2025-04-21,De-GUR,Hatchback,CNG,998,0,0,0,1,0,40721,Private,,Body kit,
VEH-13371,TQY44F48F575070900,RJ24D5450,HYUNDAI,CRETA,1.5 E DIESEL,736446.44,10,2015,2015-11-22,We-HOW,SUV,Diesel,1493,0,1,0,1,1,121059,Private,,,
VEH-13372,NIS13D33J103448271,WB35A8662,HONDA,CITY,1.5 V MT,841824.14,11,2014,2014-08-24,Ma-MUM,Sedan,Petrol,1498,1,0,0,1,1,140811,Private,,,
VEH-13373,UFT75A04C267796787,RJ76B8805,HONDA,AMAZE,1.2 SMT i-VTEC,600162.5,3,2022,2022-05-28,Ma-PUN,Sedan,Petrol,1199,0,1,1,1,1,6441,Private,Dent on door,,
VEH-13374,FRX15R76K352199980,GJ79C9495,MARUTI,SWIFT,1.2 VXi BS IV,557293.75,3,2022,2022-06-18,Ma-MUM,Hatchback,Petrol,1197,0,1,1,1,0,113113,Private,,,
VEH-13375,IKS32A36T386761612,GJ27C8289,MAHINDRA,SCORPIO,S11 2WD 7STR,1710000.0,1,2024,2024-11-07,Ta-COI,SUV,Diesel,2184,0,1,1,1,1,133802,Private,Dent on door,Alloy wheels,2026-05-20
VEH-13376,GDB61P44Z437915062,RJ49D8424,MARUTI,ERTIGA,1.5 VXI CNG,808601.08,6,2019,2019-12-01,Ta-COI,MUV,CNG,1462,0,1,0,1,1,54146,Private,Dent on door,Body kit,
VEH-13377,XMT84Y81S317891678,UP21A1205,MAHINDRA,SCORPIO,S11 2WD 7STR,1077726.49,10,2015,2015-01-14,We-HOW,SUV,Diesel,2184,1,1,1,0,0,119066,Private,,,
VEH-13378,WDE65P98P932157903,UP09B1750,MARUTI,SWIFT,VDI (DIESEL),800000.0,0,2025,2025-10-08,De-NOI,Hatchback,Diesel,1248,1,0,0,1,1,98047,Private,,Alloy wheels,
VEH-13379,BTQ53M38U193589966,KA48B9032,HONDA,AMAZE,1.2 VXMT i-VTEC,557424.09,11,2014,2014-12-09,Ma-MUM,Sedan,Petrol,1199,0,0,1,1,1,76844,Commercial,Minor scratches,,
VEH-13380,UOX41U50A048278605,TN93C4319,MARUTI,SWIFT,1.2 VXi BS IV,333672.35,13,2012,2012-12-03,Ta-COI,Hatchback,Petrol,1197,1,1,0,0,1,133729,Private,Minor scratches,Alloy wheels,
VEH-13381,OOD84A43S670696814,KA57D7953,MARUTI,SWIFT DZIRE,VDI,483480.08,11,2014,2014-11-05,Ta-CHE,Sedan,Diesel,1248,1,1,0,1,1,79255,Private,Dent on door,,2016-03-12
VEH-13382,JIQ01O70F517403423,RJ93C6828,HONDA,AMAZE,1.5 SMT i-DTEC,483480.08,11,2014,2014-02-17,Ka-MYS,Sedan,Diesel,1498,0,1,0,1,1,73319,Private,Minor scratches,,
VEH-13383,SIZ44O31M791356627,MH48A9142,MARUTI,BALENO HATCHBACK,Delta 1.2,800000.0,0,2025,2025-07-10,Ka-MYS,Hatchback,Petrol,1197,1,0,0,1,1,22661,Private,Minor scratches,,2027-10-12
VEH-13384,TTV75A93D665499871,GJ05C4529,HYUNDAI,GRAND I10,SPORTZ 1.2 KAPPA VTVT,383191.64,10,2015,2015-10-04,Ka-MYS,Hatchback,Petrol,1197,0,0,0,1,0,49091,Private,,,2018-05-12
VEH-13385,YRZ16S10U801530173,RJ91C6121,MARUTI,SWIFT DZIRE,VDI,850000.0,0,2025,2025-06-07,Ma-MUM,Sedan,Diesel,1248,1,0,0,0,1,95669,Private,Dent on door,,
VEH-13386,ZSC32I74I958438318,DL20D8660,HONDA,AMAZE,1.2 VXMT i-VTEC,684370.55,7,2018,2018-10-21,Ta-COI,Sedan,Petrol,1199,1,1,1,1,0,33589,Private,,Body kit,
VEH-13387,NKO17V15T500773695,UP14C8675,TOYOTA KIRLOSKAR,INNOVA CRYSTA,2.8 GX AT 7 STR,1606175.78,7,2018,2018-05-10,Ma-NAG,MUV,Diesel,2755,1,1,0,1,0,2197,Private,Dent on door,Body kit,
VEH-13388,VPN79D12H163813455,UP94B4786,MARUTI,WAGON R,1.0 LXI CNG,333672.35,13,2012,2012-06-20,Ta-COI,Hatchback,CNG,998,1,1,0,1,1,113447,Commercial,,Alloy wheels,
VEH-13389,GFN32T16D300859718,RJ77D3563,TOYOTA KIRLOSKAR,INNOVA CRYSTA,2.8 ZX AT 7 STR,2470000.0,1,2024,2024-03-02,Ta-CHE,MUV,Diesel,2755,0,1,0,1,0,120627,Private,Minor scratches,,
VEH-13390,CNM89E69T065858204,MH83A6579,HYUNDAI,GRAND I10,SPORTZ 1.2 KAPPA VTVT,328538.93,13,2012,2012-08-22,Ka-MYS,Hatchback,Petrol,1197,1,0,0,0,1,136905,Private,,Alloy wheels,
VEH-13391,DPL45P58Z092464683,TN04C8294,HONDA,CITY,1.5 V MT,759746.28,13,2012,2012-05-01,Ma-MUM,Sedan,Petrol,1498,0,1,0,1,0,114895,Private,,,
VEH-13392,BNJ07J55Y892881741,KA63B7376,MARUTI,DZIRE,VXI,619024.75,5,2020,2020-09-07,We-HOW,Sedan,Petrol,1197,1,1,0,1,0,22958,Private,Dent on door,,
VEH-13393,GEB61R29Z891462555,DL74B3052,MARUTI,SWIFT DZIRE,VDI,728768.75,3,2022,2022-08-24,Ka-BAN,Sedan,Diesel,1248,1,1,0,1,1,36254,Private,Minor scratches,,2024-11-13
VEH-13394,RLE88L17B861273715,DL87B5402,MARUTI,VITARA BREZZA,VXI,902500.0,2,2023,2023-05-03,We-KOL,SUV,Petrol,1462,1,1,0,1,1,120499,Private,Dent on door,Body kit,
VEH-13395,UHT99X61P850867278,UP54B3561,MARUTI,ERTIGA,1.5 VXI CNG,693274.35,9,2016,2016-02-16,Ma-MUM,MUV,CNG,1462,0,0,0,1,1,148491,Private,,,
VEH-13396,OWB25F55K110821652,KA72B8505,MARUTI,VITARA BREZZA,VDI,733254.16,7,2018,2018-02-05,Ma-PUN,SUV,Diesel,1248,1,0,1,0,1,139214,Private,Minor scratches,,
VEH-13397,DXT15A03X102211749,WB44D7071,MARUTI,DZIRE,VXI,651605.0,4,2021,2021-01-11,De-GUR,Sedan,Petrol,1197,1,1,0,1,0,68096,Private,,,
VEH-13398,DPW03N11M006162108,KA58A1364,HONDA,AMAZE,1.2 VXMT i-VTEC,586762.2,10,2015,2015-02-11,Ma-PUN,Sedan,Petrol,1199,0,0,1,1,1,139011,Private,Dent on door,,
VEH-13399,UNL27B77G268688870,MH07C7614,MARUTI,ERTIGA,1.5 VXI CNG,509620.35,15,2010,2010-05-09,Ta-COI,MUV,CNG,1462,1,0,1,0,1,137936,Private,,,2011-07-11
VEH-13400,NRN86J90Z981906943,KA47B5561,MARUTI,BALENO HATCHBACK,Delta 1.2,390139.98,14,2011,2011-01-03,We-KOL,Hatchback,Petrol,1197,1,0,1,1,1,25191,Private,,Body kit,
VEH-13401,DAO47Y77R919883181,UP80A3799,HONDA,AMAZE,1.2 VXMT i-VTEC,798216.12,4,2021,2021-04-02,Ma-MUM,Sedan,Petrol,1199,0,1,0,1,0,27951,Private,Minor scratches,,
VEH-13402,VLF84P91P235528269,DL08B3561,MARUTI,ALTO,K10 VXI,297198.05,12,2013,2013-08-05,We-HOW,Hatchback,Petrol,998,1,1,0,1,1,40115,Private,Minor scratches,Body kit,
VEH-13403,OMM12X99M365254704,DL86A8678,MARUTI,SWIFT,VXI,541646.66,5,2020,2020-09-18,Ta-CHE,Hatchback,Petrol,1197,1,1,0,1,0,126288,Private,,Body kit,2023-05-26
VEH-13404,VZT72C54R617860449,UP55D4685,MARUTI,VITARA BREZZA,VDI,696591.45,8,2017,2017-11-14,Ta-COI,SUV,Diesel,1248,1,1,1,1,0,28575,Private,Dent on door,,
VEH-13405,KAF29H45B895608623,GJ76B7275,MARUTI,VITARA BREZZA,ZDI PLUS,718484.33,10,2015,2015-08-18,Ka-MYS,SUV,Diesel,1248,0,1,0,1,0,132518,Private,,Body kit,
VEH-13406,SEG14J21T515244519,GJ89C2289,MARUTI,VITARA BREZZA,VXI,735091.89,6,2019,2019-07-23,Ta-MAD,SUV,Petrol,1462,0,1,0,1,0,136883,Private,,,2022-02-20
VEH-13407,FHN98G58V708862521,RJ21C2751,MARUTI,BALENO HATCHBACK,Delta 1.2,800000.0,0,2025,2025-11-13,Ta-CHE,Hatchback,Petrol,1197,0,1,1,1,0,83609,Private,,,2027-09-07
VEH-13408,YUM64V00J140573819,RJ85C5572,MARUTI,DZIRE,VXI,588073.51,6,2019,2019-12-09,Ka-MYS,Sedan,Petrol,1197,1,0,0,1,0,85348,Private,,,
VEH-13409,YNW36U09J788625600,GJ90B3036,MARUTI,VITARA BREZZA,ZDI PLUS,682560.11,11,2014,2014-07-26,Ma-NAG,SUV,Diesel,1248,1,1,0,0,1,87468,Private,Dent on door,Alloy wheels,
VEH-13410,PLR84L45N447768703,DL85B1619,TOYOTA KIRLOSKAR,INNOVA CRYSTA,2.8 GX AT 7 STR,1377094.96,10,2015,2015-01-19,Ta-MAD,MUV,Diesel,2755,0,0,0,0,1,10115,Private,Minor scratches,Alloy wheels,
VEH-13411,GDP74B77N767868650,UP87B8676,MARUTI,WAGON R,1.0 VXI,398052.26,8,2017,2017-01-22,Ta-MAD,Hatchback,Petrol,998,0,1,0,1,1,34653,Private,Minor scratches,,
VEH-13412,HPH77U62W562184024,TN09A2252,HONDA,AMAZE,1.2 SMT i-VTEC,665000.0,1,2024,2024-08-20,Ta-MAD,Sedan,Petrol,1199,1,0,0,1,1,36268,Private,Minor scratches,,
VEH-13413,VZP29A14T354625885,MH06D5708,MARUTI,WAGON R,1.0 VXI,514425.0,3,2022,2022-02-09,We-KOL,Hatchback,Petrol,998,0,1,0,1,0,81862,Private,,,2023-07-05
VEH-13414,TNE62I70N381942172,WB69B1244,MARUTI,BALENO HATCHBACK,Delta 1.2,800000.0,0,2025,2025-08-14,Ka-MYS,Hatchback,Petrol,1197,0,0,0,0,0,21226,Private,Dent on door,,2027-01-19
VEH-13415,TIM32C01P238904479,RJ22A9174,HYUNDAI,VENUE,1.2 S PETROL,483480.08,11,2014,2014-05-13,Ma-MUM,SUV,Petrol,1197,1,1,1,1,0,120463,Private,Dent on door,Body kit,
VEH-13416,ZEF46Y33N530854361,UP51B8183,MARUTI,WAGON R,1.0 LXI CNG,333672.35,13,2012,2012-09-23,Ka-BAN,Hatchback,CNG,998,0,0,0,1,0,7055,Private,Minor scratches,,2013-12-04
VEH-13417,LVW74Y51B485729922,MH29B7700,MARUTI,VITARA BREZZA,ZDI PLUS,1140000.0,1,2024,2024-11-23,De-GUR,SUV,Diesel,1248,1,0,0,0,0,14214,Private,Dent on door,Body kit,2027-03-24
VEH-13418,JNU58F58V631589814,MH86C8847,MARUTI,DZIRE,VXI,588073.51,6,2019,2019-08-12,Ma-PUN,Sedan,Petrol,1197,1,1,1,0,1,139659,Private,,,
VEH-13419,ENZ14G85O880699279,WB37B5312,HONDA,CITY,1.5 V MT,1145195.79,5,2020,2020-01-17,Ma-NAG,Sedan,Petrol,1498,0,0,0,1,0,96238,Private,,,
VEH-13420,OBB66U84C622933585,KA69B5995,MARUTI,SWIFT,VXI,570154.37,4,2021,2021-09-05,Ma-MUM,Hatchback,Petrol,1197,0,1,0,1,0,20430,Private,Dent on door,,2023-10-09
VEH-13421,IFV44S83V663339737,MH46B5805,MARUTI,SWIFT,1.2 VXi BS IV,477809.73,6,2019,2019-04-08,Ka-BAN,Hatchback,Petrol,1197,0,1,0,0,1,140135,Private,Dent on door,Alloy wheels,
VEH-13422,PUM52G61H327753944,KA65D8550,MARUTI,BALENO HATCHBACK,Zeta 1.2,771637.5,3,2022,2022-01-06,We-KOL,Hatchback,Petrol,1197,1,0,1,0,0,45004,Private,Dent on door,Alloy wheels,
VEH-13423,QAC71U43K184659535,KA23A1094,MARUTI,SWIFT,VXI,570154.37,4,2021,2021-12-26,We-KOL,Hatchback,Petrol,1197,1,1,0,1,1,39770,Private,Minor scratches,Alloy wheels,
VEH-13424,SFO31Z78P619697043,WB29B2288,HONDA,AMAZE,1.2 SMT i-VTEC,541646.66,5,2020,2020-09-13,We-KOL,Sedan,Petrol,1199,0,0,0,1,1,147656,Private,,Alloy wheels,
VEH-13425,EKZ68A61A295425241,UP26A4415,MARUTI,ALTO 800,LXI,227520.04,11,2014,2014-01-10,Ma-MUM,Hatchback,Petrol,796,1,0,0,1,0,59108,Private,Dent on door,,
VEH-13426,KTJ68Z85Z572261950,KA10D1836,HONDA,CITY,1.5 V MT,1033539.2,7,2018,2018-07-27,Ta-MAD,Sedan,Petrol,1498,1,0,0,1,0,131838,Private,,,2021-04-13
VEH-13427,MZP08Z41V154864956,TN04D3217,TOYOTA KIRLOSKAR,INNOVA CRYSTA,2.8 ZX AT 7 STR,1267954.95,14,2011,2011-03-13,Ma-MUM,MUV,Diesel,2755,0,0,0,0,0,138814,Private,Minor scratches,,
VEH-13428,KEK78N22F465836219,TN12B8318,HONDA,AMAZE,1.2 SMT i-VTEC,665000.0,1,2024,2024-03-18,De-NOI,Sedan,Petrol,1199,0,1,0,1,1,116362,Private,Dent on door,Body kit,
VEH-13429,ONY28R72W880288931,UP62D3377,MARUTI,WAGON R,1.0 VXI,419002.38,7,2018,2018-10-04,De-GUR,Hatchback,Petrol,998,1,1,0,1,1,109048,Private,,,2020-07-08
VEH-13430,KIX37H02F072123933,WB12B4400,MARUTI,SWIFT,1.2 VXi BS IV,650000.0,0,2025,2025-05-25,De-GUR,Hatchback,Petrol,1197,0,1,0,1,0,16193,Private,,Body kit,
VEH-13431,MRU03J51H544848956,UP82C5402,HONDA,AMAZE,1.2 VXMT i-VTEC,798216.12,4,2021,2021-08-10,Ma-PUN,Sedan,Petrol,1199,1,1,0,0,1,131801,Private,Dent on door,,
VEH-13432,DWG21B34L907160687,RJ43A9047,HYUNDAI,GRAND I10,SPORTZ 1.2 KAPPA VTVT,296506.39,15,2010,2010-03-24,Ma-MUM,Hatchback,Petrol,1197,1,0,0,1,1,104049,Private,,Alloy wheels,2012-09-24
VEH-13433,CHQ93J77Y374839766,RJ13D8189,HYUNDAI,CRETA,1.5 E DIESEL,631410.76,13,2012,2012-07-15,Ka-MYS,SUV,Diesel,1493,1,0,0,1,1,88346,Private,,,
VEH-13434,OOR29Y77D850799549,TN62A3266,MARUTI,ALTO 800,LXI,185316.49,15,2010,2010-04-18,Ta-MAD,Hatchback,Petrol,796,1,1,0,1,1,28613,Private,Minor scratches,,
VEH-13435,RTX47X09S407776732,TN79A8589,MARUTI,ALTO 800,LXI,216144.04,12,2013,2013-07-28,Ma-NAG,Hatchback,Petrol,796,0,1,0,1,0,145959,Private,Minor scratches,,
VEH-13436,GXT17S20N323010241,KA59A2409,TOYOTA KIRLOSKAR,INNOVA CRYSTA,2.8 ZX AT 7 STR,1404936.23,12,2013,2013-11-13,Ka-BAN,MUV,Diesel,2755,1,0,0,1,0,77607,Private,Minor scratches,Body kit,
VEH-13437,RMT17Q25T330135670,KA38C3864,HYUNDAI,CRETA,1.5 E DIESEL,664642.91,12,2013,2013-10-17,De-NEW,SUV,Diesel,1493,0,0,0,1,0,109160,Private,Dent on door,,
VEH-13438,BRV95V21B491960042,RJ75B3685,MARUTI,DZIRE,VXI,432288.07,12,2013,2013-02-17,We-HOW,Sedan,Petrol,1197,1,1,1,1,0,125593,Private,Dent on door,Alloy wheels,
VEH-13439,DWI59R48L268777040,WB04C9444,HYUNDAI,CRETA,1.5 E DIESEL,1230000.0,0,2025,2025-04-06,De-GUR,SUV,Diesel,1493,1,1,0,1,1,127652,Private,Minor scratches,,
VEH-13440,EKR05A83P263449785,MH34A2733,MARUTI,SWIFT,VXI,631750.0,2,2023,2023-04-26,De-NOI,Hatchback,Petrol,1197,0,1,0,1,1,61461,Private,,Body kit,2024-10-29
VEH-13441,NDB21Y77S566152268,DL86A8603,MARUTI,VITARA BREZZA,VXI,698337.3,7,2018,2018-05-21,Ka-MYS,SUV,Petrol,1462,1,1,0,1,1,91308,Private,,,
VEH-13442,TGL14T02S041924618,UP20A1020,HYUNDAI,CRETA,1.4 E Plus,862446.56,8,2017,2017-02-02,Ta-MAD,SUV,Diesel,1582,1,0,0,1,0,96830,Private,,Alloy wheels,
VEH-13443,FZT19U04Y442624930,WB42D1790,MARUTI,SWIFT,1.2 VXi BS IV,453919.24,7,2018,2018-10-10,Ka-MYS,Hatchback,Petrol,1197,0,1,1,1,0,72491,Private,,Body kit,2021-01-30
VEH-13444,MIM04B78L199987099,TN90B2822,HONDA,AMAZE,1.2 VXMT i-VTEC,454025.41,15,2010,2010-04-26,De-GUR,Sedan,Petrol,1199,1,0,0,0,0,13111,Private,,,2012-12-10
VEH-13445,QDY43Q81N816919144,TN58A9507,TOYOTA KIRLOSKAR,INNOVA CRYSTA,2.8 GX AT 7 STR,1873364.37,4,2021,2021-11-07,Ma-NAG,MUV,Diesel,2755,0,0,0,1,0,92265,Private,Minor scratches,,
VEH-13446,FVX24U40Z796491696,TN60A9236,MARUTI,SWIFT,VXI,570154.37,4,2021,2021-06-18,Ma-NAG,Hatchback,Petrol,1197,1,1,0,1,1,119874,Private,Dent on door,Alloy wheels,
VEH-13447,JQO47I17M250591043,GJ17C7223,MARUTI,BALENO HATCHBACK,Delta 1.2,558669.84,7,2018,2018-04-01,Ta-MAD,Hatchback,Petrol,1197,0,1,1,1,0,18817,Private,,Alloy wheels,2019-05-10
VEH-13448,KKV94T07F368113211,DL47A7446,MARUTI,ERTIGA,1.5 VXI CNG,625680.1,11,2014,2014-08-12,Ma-PUN,MUV,CNG,1462,1,0,0,0,1,78022,Private,Minor scratches,,2017-03-27
VEH-13449,SZU51I37W913648282,UP40C3606,MARUTI,SWIFT,VXI,398160.06,11,2014,2014-02-02,De-NEW,Hatchback,Petrol,1197,0,0,0,1,0,3096,Private,Dent on door,Body kit,2016-02-05
VEH-13450,PQO14O64B348947790,DL44A1040,MARUTI,BALENO HATCHBACK,Delta 1.2,760000.0,1,2024,2024-09-11,De-GUR,Hatchback,Petrol,1197,0,0,0,1,1,72844,Private,Minor scratches,,
VEH-13451,NKZ67E67R980581625,WB01C5077,HONDA,AMAZE,1.2 VXMT i-VTEC,650152.02,8,2017,2017-12-23,Ka-BAN,Sedan,Petrol,1199,0,1,0,0,1,131116,Private,Dent on door,,
VEH-13452,YJD39C03T754849524,WB36C5594,HONDA,AMAZE,1.2 VXMT i-VTEC,503075.24,13,2012,2012-07-01,Ma-MUM,Sedan,Petrol,1199,0,0,0,0,1,117980,Private,,Alloy wheels,2014-11-11
VEH-13453,KAF48I22P482563529,TN20D3707,MARUTI,SWIFT,1.2 VXi BS IV,431223.28,8,2017,2017-03-13,Ma-MUM,Hatchback,Petrol,1197,1,1,0,0,0,97247,Private,Minor scratches,Alloy wheels,
VEH-13454,LUC65H01P502421241,DL07D9748,HYUNDAI,GRAND I10 NIOS,SPORTZ 1.2 KAPPA VTVT,419115.86,10,2015,2015-09-18,Ka-MYS,Hatchback,Petrol,1197,1,1,0,1,0,48603,Private,Dent on door,,
VEH-13455,REQ09O47X845530748,WB73C7440,TOYOTA KIRLOSKAR,INNOVA CRYSTA,2.4 V 8S,1134756.18,12,2013,2013-10-22,We-KOL,MUV,Diesel,2393,0,0,0,1,1,126803,Private,,,
VEH-13456,LMV53K46F750906917,RJ16A5539,MARUTI,ALTO,K10 VXI,384085.51,7,2018,2018-12-05,Ma-MUM,Hatchback,Petrol,998,0,0,1,1,0,7082,Private,,Body kit,2020-04-27
VEH-13457,CGO67U96H178652136,MH84B1474,MARUTI,BALENO HATCHBACK,Zeta 1.2,438907.48,14,2011,2011-04-14,We-HOW,Hatchback,Petrol,1197,0,1,0,1,1,94169,Private,Dent on door,Alloy wheels,
VEH-13458,DSV85S12C771647311,RJ63D3055,MARUTI,SWIFT DZIRE,VDI,483480.08,11,2014,2014-03-07,We-HOW,Sedan,Diesel,1248,1,1,0,1,1,28007,Private,Minor scratches,Alloy wheels,2015-09-18
VEH-13459,CSW81K17T057960916,TN44A6617,TOYOTA KIRLOSKAR,INNOVA CRYSTA,2.8 ZX AT 7 STR,1724893.12,8,2017,2017-10-15,De-GUR,MUV,Diesel,2755,0,1,0,1,0,91460,Private,Dent on door,,
VEH-13460,CFS17D38A849321483,DL37D1808,MARUTI,BALENO HATCHBACK,Delta 1.2,588073.51,6,2019,2019-02-28,De-NOI,Hatchback,Petrol,1197,0,1,0,1,1,24595,Private,,,
VEH-13461,GNI76N78U656291369,GJ77C5348,MARUTI,SWIFT,VXI,419115.86,10,2015,2015-05-09,Ta-MAD,Hatchback,Petrol,1197,0,1,0,1,0,29702,Private,,Body kit,
VEH-13462,YNV65T49P558486431,GJ40C9309,MARUTI,BALENO HATCHBACK,Zeta 1.2,771637.5,3,2022,2022-06-13,Ta-MAD,Hatchback,Petrol,1197,1,0,0,0,1,29277,Private,Dent on door,Body kit,2025-02-06
VEH-13463,KBD73W80Q068387958,TN01A9352,MARUTI,BALENO HATCHBACK,Delta 1.2,588073.51,6,2019,2019-03-16,De-NEW,Hatchback,Petrol,1197,1,0,1,1,1,86036,Private,,,
VEH-13464,ULS25H49S288884880,DL32C8029,MARUTI,VITARA BREZZA,VXI,773780.94,5,2020,2020-11-11,Ma-MUM,SUV,Petrol,1462,0,1,0,1,0,2398,Commercial,Dent on door,Alloy wheels,
VEH-13465,UKB39Q66T865323629,MH20B8611,HYUNDAI,GRAND I10,SPORTZ 1.2 KAPPA VTVT,446935.87,7,2018,2018-12-06,We-KOL,Hatchback,Petrol,1197,0,1,1,0,1,71067,Private,Dent on door,Alloy wheels,
VEH-13466,EZO84B04C865635198,TN39A8813,MARUTI,SWIFT,VXI,631750.0,2,2023,2023-04-18,Ka-MYS,Hatchback,Petrol,1197,1,0,0,0,0,117890,Private,Minor scratches,Body kit,
VEH-13467,HVK25T22G813918479,DL13A4582,MARUTI,ERTIGA,1.5 VXI CNG,1045000.0,1,2024,2024-11-09,Ta-COI,MUV,CNG,1462,0,1,1,0,0,45469,Private,Dent on door,,
VEH-13468,ZOS73B78X392875482,UP70D9738,MARUTI,BALENO HATCHBACK,Zeta 1.2,538863.25,10,2015,2015-08-02,Ma-MUM,Hatchback,Petrol,1197,0,0,0,1,0,5295,Private,Dent on door,Body kit,
VEH-13469,ERP30T80R989201403,RJ99B1068,HONDA,AMAZE,1.2 VXMT i-VTEC,684370.55,7,2018,2018-01-27,De-NOI,Sedan,Petrol,1199,0,1,0,1,0,134232,Private,Minor scratches,,
VEH-13470,IPH95C08S418759607,TN73B2269,MARUTI,ALTO 800,LXI,325802.5,4,2021,2021-08-01,Ta-COI,Hatchback,Petrol,796,0,1,0,0,1,52405,Private,,,2022-12-28
VEH-13471,QBS90J43N344277053,DL35B2114,MARUTI,VITARA BREZZA,VXI,902500.0,2,2023,2023-05-07,Ma-PUN,SUV,Petrol,1462,1,0,0,0,1,93244,Private,Dent on door,Alloy wheels,
VEH-13472,KGY04X64S222644342,MH78A6089,TOYOTA KIRLOSKAR,INNOVA CRYSTA,2.8 ZX AT 7 STR,1267954.95,14,2011,2011-09-11,We-KOL,MUV,Diesel,2755,0,1,0,1,0,145680,Private,,,
VEH-13473,ALK88T78Z445497969,MH12D3136,MARUTI,VITARA BREZZA,VDI,567378.09,12,2013,2013-10-21,Ma-PUN,SUV,Diesel,1248,0,1,0,0,0,21637,Private,,,2015-11-04
VEH-13474,CSA22X80Y875262914,MH02B2107,MARUTI,DZIRE,VXI,410673.67,13,2012,2012-12-16,Ta-CHE,Sedan,Petrol,1197,1,1,0,1,1,26007,Private,,Alloy wheels,
VEH-13475,HDI99M00G016925182,DL89C6595,MARUTI,BALENO HATCHBACK,Delta 1.2,588073.51,6,2019,2019-11-27,Ta-MAD,Hatchback,Petrol,1197,1,1,1,0,0,68487,Private,Dent on door,Body kit,
VEH-13476,LSP38X86U306979797,MH79D8487,MARUTI,SWIFT,VDI (DIESEL),558669.84,7,2018,2018-12-08,We-HOW,Hatchback,Diesel,1248,0,0,0,1,0,141633,Private,,Alloy wheels,
VEH-13477,TAD71C97F020833804,RJ68C5215,TOYOTA KIRLOSKAR,INNOVA CRYSTA,2.8 GX AT 7 STR,1690711.35,6,2019,2019-09-28,We-HOW,MUV,Diesel,2755,0,1,0,1,1,110365,Private,,Body kit,
VEH-13478,HWI07U33V717903053,UP58B3657,MARUTI,SWIFT,VXI,464394.3,8,2017,2017-02-19,Ta-MAD,Hatchback,Petrol,1197,0,1,0,0,0,81858,Private,,Alloy wheels,
VEH-13479,NVN94Q31B438509284,MH14A5317,MARUTI,ALTO 800,LXI,294036.76,6,2019,2019-04-17,Ka-BAN,Hatchback,Petrol,796,1,1,0,0,1,100851,Private,,,
VEH-13480,JZP90O90A479415906,GJ09A9260,MARUTI,DZIRE,VXI,558669.84,7,2018,2018-05-22,De-GUR,Sedan,Petrol,1197,1,0,0,0,1,141182,Private,,,
VEH-13481,UHJ59R54M519818422,KA43B1040,MARUTI,WAGON R,1.0 VXI,359242.16,10,2015,2015-02-23,We-KOL,Hatchback,Petrol,998,1,0,0,0,0,34202,Private,Dent on door,,2017-01-15
VEH-13482,KUM48O55U486956556,DL01C7458,TOYOTA KIRLOSKAR,INNOVA CRYSTA,2.8 ZX AT 7 STR,1911238.92,6,2019,2019-01-02,De-NEW,MUV,Diesel,2755,0,0,1,1,1,70517,Private,,,2020-02-20
VEH-13483,AVO89I69L081365117,GJ68D4337,MARUTI,BALENO HATCHBACK,Zeta 1.2,628503.57,7,2018,2018-09-24,Ma-PUN,Hatchback,Petrol,1197,0,0,0,1,0,132621,Private,,,
VEH-13484,QLZ45T32B703734596,UP65B7654,HONDA,AMAZE,1.5 SMT i-DTEC,508926.4,10,2015,2015-04-16,Ta-COI,Sedan,Diesel,1498,0,0,1,1,1,93027,Private,Minor scratches,,2017-10-24
VEH-13485,YPN48N20O456400163,GJ42B5482,MARUTI,ERTIGA,1.5 VXI CNG,564676.29,13,2012,2012-02-28,We-KOL,MUV,CNG,1462,1,1,0,1,1,142028,Private,,Body kit,
VEH-13486,ZRN21G86Q234311133,TN65B9884,MARUTI,WAGON R,1.0 LXI CNG,502957.61,5,2020,2020-11-06,Ta-COI,Hatchback,CNG,998,0,1,0,1,0,3712,Private,,,
VEH-13487,XIZ41Y61P102556832,KA94D1866,MARUTI,ALTO,K10 VXI,364881.24,8,2017,2017-04-28,Ta-COI,Hatchback,Petrol,998,0,1,0,1,1,61012,Private,,,
VEH-13488,BBB17R69S046963486,DL17C3747,MARUTI,BALENO HATCHBACK,Zeta 1.2,597078.39,8,2017,2017-06-23,Ka-BAN,Hatchback,Petrol,1197,0,1,0,1,0,22822,Private,,Alloy wheels,
VEH-13489,YGN07M43V167846922,TN41B3428,MAHINDRA,SCORPIO,S11 2WD 7STR,877814.96,14,2011,2011-11-28,Ta-CHE,SUV,Diesel,2184,1,0,0,1,0,69483,Private,,,
VEH-13490,FRR42X14Z032602878,GJ34C1153,MARUTI,ALTO,K10 VXI,329305.32,10,2015,2015-03-09,Ma-PUN,Hatchback,Petrol,998,0,1,0,1,0,53963,Private,Dent on door,,
VEH-13491,IAD10U75V775601839,WB48C8195,MARUTI,ALTO 800,LXI,309512.37,5,2020,2020-01-06,Ta-MAD,Hatchback,Petrol,796,0,0,0,0,1,119295,Private,,,
VEH-13492,BUE08D82R243523841,TN38D9283,MARUTI,ALTO 800,LXI,400000.0,0,2025,2025-02-10,Ta-CHE,Hatchback,Petrol,796,1,0,0,1,0,40301,Private,Dent on door,Alloy wheels,2026-04-16
VEH-13493,BMS79E47K411934413,TN56A1091,HYUNDAI,GRAND I10,SPORTZ 1.2 KAPPA VTVT,495219.8,5,2020,2020-02-13,Ta-CHE,Hatchback,Petrol,1197,0,0,1,0,1,22116,Private,Dent on door,,
VEH-13494,FTA32E01T000373302,WB01C4506,TOYOTA KIRLOSKAR,INNOVA CRYSTA,2.8 ZX AT 7 STR,2346500.0,2,2023,2023-09-06,Ma-NAG,MUV,Diesel,2755,1,0,0,1,0,108576,Private,,,
VEH-13495,YCV84G16F287366126,UP89D3375,MARUTI,SWIFT DZIRE,VDI,692330.31,4,2021,2021-06-09,Ma-PUN,Sedan,Diesel,1248,1,0,0,0,1,9386,Private,,,
VEH-13496,HPI49X05M638893544,RJ09A1907,MARUTI,SWIFT,1.2 VXi BS IV,409662.12,9,2016,2016-09-20,Ka-MYS,Hatchback,Petrol,1197,0,1,0,1,1,144091,Private,Dent on door,Body kit,2019-05-14
VEH-13497,ZJS87Y37B434600705,WB89D7945,MARUTI,SWIFT DZIRE,VDI,459306.07,12,2013,2013-04-16,De-NEW,Sedan,Diesel,1248,0,0,0,1,1,126567,Private,,Alloy wheels,
VEH-13498,JUZ64D34E088953386,RJ19A5502,HONDA,AMAZE,1.2 SMT i-VTEC,570154.37,4,2021,2021-02-14,Ka-BAN,Sedan,Petrol,1199,1,1,0,1,1,11628,Private,,Body kit,
VEH-13499,BCC64B86S352148697,TN48B4091,HONDA,AMAZE,1.2 SMT i-VTEC,341372.49,14,2011,2011-10-23,Ma-MUM,Sedan,Petrol,1199,0,1,1,1,1,92468,Private,Minor scratches,Body kit,2014-05-02
VEH-13500,JXE94H89C217709931,DL14A9304,MARUTI,ALTO,K10 VXI,312840.05,11,2014,2014-02-14,De-NOI,Hatchback,Petrol,998,0,0,0,1,0,73497,Private,,Alloy wheels,
VEH-13501,KJE47J93S729312418,UP87A4738,MARUTI,ALTO,K10 VXI,364881.24,8,2017,2017-10-03,Ma-NAG,Hatchback,Petrol,998,0,1,0,1,0,122129,Private,,Alloy wheels,
VEH-13502,TWQ62C04C913767112,RJ04C8778,MARUTI,WAGON R,1.0 VXI,419002.38,7,2018,2018-03-01,We-HOW,Hatchback,Petrol,998,1,1,0,0,1,11732,Private,Dent on door,Body kit,
VEH-13503,AKE79T07K484273270,KA09D9288,HONDA,AMAZE,1.2 SMT i-VTEC,514564.32,6,2019,2019-11-05,We-HOW,Sedan,Petrol,1199,1,1,0,1,1,16876,Private,,,
VEH-13504,FVN16R16A298211815,DL77B9617,MARUTI,WAGON R,1.0 VXI,324216.05,12,2013,2013-07-08,Ma-NAG,Hatchback,Petrol,998,0,1,0,1,0,17281,Private,Dent on door,Body kit,
VEH-13505,WVF33E46I202599296,WB73B1869,MARUTI,WAGON R,1.0 LXI CNG,557293.75,3,2022,2022-12-23,We-KOL,Hatchback,CNG,998,0,1,1,0,0,81015,Private,Dent on door,Alloy wheels,
VEH-13506,EXD04Y02V427358068,MH67C4039,MARUTI,ALTO,K10 VXI,522500.0,1,2024,2024-01-11,Ma-PUN,Hatchback,Petrol,998,1,0,0,1,0,109153,Private,,,
VEH-13507,KCA00E86X134257619,UP95D4185,MARUTI,SWIFT,VDI (DIESEL),530736.35,8,2017,2017-03-06,Ta-CHE,Hatchback,Diesel,1248,1,1,0,1,0,59543,Private,,,
VEH-13508,EBV86A64V511113181,WB87A3858,MARUTI,BALENO HATCHBACK,Delta 1.2,651605.0,4,2021,2021-12-02,We-HOW,Hatchback,Petrol,1197,0,0,1,1,0,33647,Commercial,,Alloy wheels,
VEH-13509,ETH04N74R641510822,TN04C4371,MARUTI,VITARA BREZZA,ZDI PLUS,1140000.0,1,2024,2024-06-09,Ka-BAN,SUV,Diesel,1248,0,1,0,1,0,133718,Private,Minor scratches,Body kit,
VEH-13510,RZX93Q49D476774299,KA31B6845,HYUNDAI,CRETA,1.5 E DIESEL,631410.76,13,2012,2012-03-24,We-KOL,SUV,Diesel,1493,1,1,0,0,1,99888,Private,Dent on door,,
VEH-13511,BNH35M78Z682957298,MH09A3448,HONDA,AMAZE,1.2 VXMT i-VTEC,720390.05,6,2019,2019-02-06,Ka-MYS,Sedan,Petrol,1199,1,1,0,1,1,46222,Private,Minor scratches,,
VEH-13512,ZXE23Q56X753886721,TN80C9417,MAHINDRA,SCORPIO,S11 2WD 7STR,1194156.78,8,2017,2017-02-06,Ta-MAD,SUV,Diesel,2184,0,1,0,1,0,67581,Private,,,
VEH-13513,SYI13O12V062939870,KA47C2681,HONDA,AMAZE,1.2 SMT i-VTEC,324303.86,15,2010,2010-11-21,Ka-BAN,Sedan,Petrol,1199,1,1,0,1,0,66110,Private,Minor scratches,Body kit,2013-06-26
VEH-13514,XXW00J41J441271890,RJ41B6977,HYUNDAI,CRETA,1.5 E DIESEL,569848.21,15,2010,2010-07-03,De-NEW,SUV,Diesel,1493,0,0,0,1,1,62153,Private,Dent on door,,
VEH-13515,TKG81V64P657609887,MH42D3640,TOYOTA KIRLOSKAR,INNOVA CRYSTA,2.8 ZX AT 7 STR,1404936.23,12,2013,2013-08-08,Ka-BAN,MUV,Diesel,2755,1,0,0,1,1,68124,Private,Dent on door,,
VEH-13516,NJH42M21X287860328,TN50A4545,MAHINDRA,SCORPIO,S11 2WD 7STR,1323165.4,6,2019,2019-07-25,Ka-MYS,SUV,Diesel,2184,1,0,0,0,0,21112,Private,,Body kit,
VEH-13517,BEG16D75E165285010,KA57B8796,HYUNDAI,VENUE,1.2 S PETROL,563907.37,8,2017,2017-03-05,Ma-MUM,SUV,Petrol,1197,0,0,0,0,0,39369,Private,Minor scratches,,
VEH-13518,TNH05T65V363436424,KA72A3935,MARUTI,SWIFT,1.2 VXi BS IV,502957.61,5,2020,2020-12-16,Ma-PUN,Hatchback,Petrol,1197,0,1,1,1,0,39874,Private,,,
VEH-13519,LZG27H75Y684472628,DL09A4349,HONDA,AMAZE,1.5 SMT i-DTEC,414523.73,14,2011,2011-06-17,Ma-MUM,Sedan,Diesel,1498,1,0,0,1,0,137277,Private,Minor scratches,,
VEH-13520,NTC65S57B330266713,GJ71C2977,MARUTI,ALTO,K10 VXI,522500.0,1,2024,2024-07-18,Ka-MYS,Hatchback,Petrol,998,0,0,0,1,1,117993,Private,,,
VEH-13521,DCV63N27R894724560,WB05C4050,HYUNDAI,CRETA,1.5 E DIESEL,736446.44,10,2015,2015-06-06,Ka-BAN,SUV,Diesel,1493,1,1,0,1,1,148235,Private,,,
VEH-13522,NRE93O79Y112999867,DL50C4512,MARUTI,BALENO HATCHBACK,Delta 1.2,800000.0,0,2025,2025-08-26,Ma-NAG,Hatchback,Petrol,1197,0,1,0,0,1,108593,Private,Minor scratches,Body kit,
VEH-13523,BOQ61A04Z113036756,WB16A4692,HYUNDAI,CRETA,1.4 E Plus,1300000.0,0,2025,2025-12-26,Ma-NAG,SUV,Diesel,1582,1,1,0,0,1,59411,Private,,,2028-03-09
VEH-13524,EPI31O92B393599275,WB89D1756,MARUTI,SWIFT,VXI,341372.49,14,2011,2011-11-07,Ka-BAN,Hatchback,Petrol,1197,1,1,0,1,1,116168,Private,Minor scratches,Alloy wheels,
VEH-13525,DJL31I80O741742288,UP66B9318,MARUTI,SWIFT DZIRE,VDI,414523.73,14,2011,2011-08-18,De-GUR,Sedan,Diesel,1248,1,1,0,0,0,101212,Private,,,
VEH-13526,IYS69V03S975370192,TN30B5378,HYUNDAI,CRETA,1.4 E Plus,1114587.5,3,2022,2022-04-07,De-GUR,SUV,Diesel,1582,0,0,0,1,0,30498,Private,Dent on door,Body kit,
VEH-13527,UOV06Q92Q996434380,MH82A3493,HONDA,AMAZE,1.2 VXMT i-VTEC,454025.41,15,2010,2010-06-01,We-KOL,Sedan,Petrol,1199,0,0,0,1,1,27638,Private,,,
VEH-13528,APL37C90Q707932776,KA81C5707,MARUTI,BALENO HATCHBACK,Delta 1.2,558669.84,7,2018,2018-10-03,Ma-PUN,Hatchback,Petrol,1197,0,1,0,1,0,110258,Private,,,2020-12-02
VEH-13529,YDW07I73H672464171,WB45D4986,MARUTI,SWIFT,VXI,570154.37,4,2021,2021-11-25,Ka-BAN,Hatchback,Petrol,1197,1,0,1,0,1,48328,Private,Dent on door,Body kit,
VEH-13530,ZKK50H76O667673979,UP08B8433,MARUTI,SWIFT,1.2 VXi BS IV,316988.74,14,2011,2011-05-05,Ka-MYS,Hatchback,Petrol,1197,0,1,1,1,0,111803,Private,,Alloy wheels,
VEH-13531,HTS04J56A269401219,WB33C1070,MARUTI,VITARA BREZZA,ZDI PLUS,616010.5,13,2012,2012-05-17,We-HOW,SUV,Diesel,1248,0,0,0,1,0,92599,Private,,Body kit,
VEH-13532,RGM40C95I152880990,TN77D9418,MARUTI,BALENO HATCHBACK,Zeta 1.2,733055.62,4,2021,2021-10-08,Ma-NAG,Hatchback,Petrol,1197,1,0,0,1,1,14213,Private,,,
VEH-13533,VXI94M94A665471149,TN89B3006,HONDA,AMAZE,1.2 SMT i-VTEC,541646.66,5,2020,2020-08-08,We-KOL,Sedan,Petrol,1199,1,0,0,1,0,37686,Private,,Body kit,
VEH-13534,UKS15O49A786711159,KA36D1684,MARUTI,ALTO,K10 VXI,447978.44,4,2021,2021-11-02,Ta-COI,Hatchback,Petrol,998,1,0,1,1,1,147743,Private,,Alloy wheels,
VEH-13535,PDG05X20P828911585,UP50B5408,MARUTI,ALTO,K10 VXI,404300.54,6,2019,2019-04-25,Ka-BAN,Hatchback,Petrol,998,0,1,1,1,0,148060,Private,Minor scratches,,
VEH-13536,NGT18B51D545966155,DL83A7116,HONDA,AMAZE,1.2 SMT i-VTEC,441174.59,9,2016,2016-08-02,We-HOW,Sedan,Petrol,1199,1,1,1,1,0,136158,Private,Minor scratches,,
VEH-13537,HNF75W58Z704923487,GJ50B7425,MARUTI,DZIRE,VXI,432288.07,12,2013,2013-05-06,Ka-BAN,Sedan,Petrol,1197,0,0,0,1,0,108615,Private,Dent on door,Alloy wheels,
VEH-13538,NSP01O68E616571345,KA28D7839,MARUTI,SWIFT,VXI,441174.59,9,2016,2016-12-22,Ta-COI,Hatchback,Petrol,1197,1,0,0,1,1,3120,Private,,,
VEH-13539,SVG35J54B736814039,UP18C9157,MARUTI,ALTO 800,LXI,279334.92,7,2018,2018-12-07,Ma-MUM,Hatchback,Petrol,796,1,1,0,1,0,105378,Private,Minor scratches,,2020-11-07
VEH-13540,PJN95Y55N906121190,MH95A3992,HONDA,AMAZE,VX PETROL,840227.5,3,2022,2022-06-05,Ta-CHE,Sedan,Petrol,1199,0,1,0,1,1,85256,Private,,Body kit,2024-03-23
VEH-13541,ATJ01M03L386024165,RJ74D3507,MARUTI,BALENO HATCHBACK,Delta 1.2,619024.75,5,2020,2020-12-28,Ka-BAN,Hatchback,Petrol,1197,0,1,0,0,1,33071,Private,,Body kit,
VEH-13542,CES38S06E266699901,UP26D2674,MARUTI,ERTIGA,1.5 VXI CNG,851159.03,5,2020,2020-05-01,Ka-BAN,MUV,CNG,1462,1,0,0,1,0,123495,Private,Dent on door,,
VEH-13543,YWV20U75I697432849,KA91D3142,HONDA,AMAZE,1.2 VXMT i-VTEC,586762.2,10,2015,2015-08-16,De-NEW,Sedan,Petrol,1199,1,0,0,0,0,111391,Private,Minor scratches,Alloy wheels,
VEH-13544,KDT52M36W325688906,UP61B3587,TOYOTA KIRLOSKAR,INNOVA CRYSTA,2.8 Z 7 STR,1934452.34,5,2020,2020-06-03,De-NEW,MUV,Diesel,2755,1,1,0,1,1,61003,Private,Minor scratches,,
VEH-13545,XGB21H21V872995931,KA88A8645,MARUTI,SWIFT,VXI,398160.06,11,2014,2014-07-07,De-NEW,Hatchback,Petrol,1197,1,0,1,1,0,73007,Private,,,
VEH-13546,OAV23F83W753542850,KA72C3133,MARUTI,BALENO HATCHBACK,Delta 1.2,455040.07,11,2014,2014-08-28,Ta-CHE,Hatchback,Petrol,1197,0,1,1,1,1,95601,Private,Dent on door,,
VEH-13547,ZNM23R84E607057396,DL43A8335,MARUTI,BALENO HATCHBACK,Zeta 1.2,538863.25,10,2015,2015-09-02,Ta-CHE,Hatchback,Petrol,1197,0,1,1,1,1,10966,Commercial,Dent on door,,
VEH-13548,XJR88W79T413158168,MH87C1875,MARUTI,SWIFT,VXI,419115.86,10,2015,2015-05-09,De-NOI,Hatchback,Petrol,1197,0,1,0,1,0,127068,Private,Dent on door,Body kit,
VEH-13549,JTR24P27S954856665,KA65C8915,MARUTI,ALTO,K10 VXI,268221.24,14,2011,2011-12-26,Ka-BAN,Hatchback,Petrol,998,0,1,0,1,1,84384,Private,,,
VEH-13550,MHD15K05G495257176,RJ54B3463,HONDA,AMAZE,1.2 VXMT i-VTEC,798216.12,4,2021,2021-05-23,Ta-MAD,Sedan,Petrol,1199,1,1,0,1,1,55100,Private,,,
VEH-13551,KJC14T29X354844434,KA90D2620,MARUTI,SWIFT,VDI (DIESEL),432288.07,12,2013,2013-04-22,Ma-NAG,Hatchback,Diesel,1248,0,1,1,1,0,127174,Private,Dent on door,,2015-02-22
VEH-13552,UEV14L78P126552036,UP10C2360,MARUTI,VITARA BREZZA,VDI,512058.73,14,2011,2011-11-23,De-NOI,SUV,Diesel,1248,0,0,1,1,0,26784,Private,,,
VEH-13553,WBB13V45X832700363,UP90B3302,MARUTI,BALENO HATCHBACK,Delta 1.2,478989.55,10,2015,2015-10-06,De-NEW,Hatchback,Petrol,1197,1,0,1,1,1,22701,Private,Minor scratches,,
VEH-13554,NRG90V93Y555227134,WB22B8687,MARUTI,ALTO 800,LXI,239494.78,10,2015,2015-02-23,De-NOI,Hatchback,Petrol,796,0,0,0,1,0,64288,Commercial,,,
VEH-13555,IIX07I24L086269811,MH83D1605,MARUTI,ALTO 800,LXI,195069.99,14,2011,2011-12-21,De-GUR,Hatchback,Petrol,796,0,1,0,1,0,64151,Private,,,
VEH-13556,ZHJ86R56E387102440,GJ09D8630,MARUTI,BALENO HATCHBACK,Zeta 1.2,597078.39,8,2017,2017-04-10,We-KOL,Hatchback,Petrol,1197,1,0,0,1,1,112520,Private,,,
VEH-13557,WLJ21C71D276013816,UP32B3795,MARUTI,SWIFT DZIRE,VDI,393797.55,15,2010,2010-05-25,Ma-MUM,Sedan,Diesel,1248,0,0,0,1,0,74732,Private,Dent on door,Alloy wheels,
VEH-13558,DKJ55W24W737792807,RJ07D4642,HONDA,AMAZE,VX PETROL,586762.2,10,2015,2015-01-09,Ka-BAN,Sedan,Petrol,1199,0,1,0,1,1,105911,Private,,Body kit,
VEH-13559,HGZ05Z31R832414525,WB48B9521,MARUTI,BALENO HATCHBACK,Zeta 1.2,486324.08,12,2013,2013-10-11,Ta-COI,Hatchback,Petrol,1197,0,0,0,1,1,98575,Commercial,Dent on door,Body kit,
VEH-13560,ZLB92D48J525625431,UP65B8033,HYUNDAI,CRETA,1.5 E DIESEL,951750.55,5,2020,2020-11-04,Ma-NAG,SUV,Diesel,1493,0,0,0,0,1,96796,Private,Dent on door,,
VEH-13561,DYH75P66G825029023,UP81C4716,MARUTI,SWIFT,VXI,514564.32,6,2019,2019-09-22,Ka-MYS,Hatchback,Petrol,1197,0,1,0,1,1,63970,Private,,Alloy wheels,
VEH-13562,XBV67R58F114631312,TN38A7055,MARUTI,BALENO HATCHBACK,Zeta 1.2,661582.7,6,2019,2019-05-07,Ma-NAG,Hatchback,Petrol,1197,0,1,0,0,1,83583,Private,,,2021-10-12
VEH-13563,CQE83Q04A805283654,DL23D4270,MARUTI,VITARA BREZZA,VXI,487674.98,14,2011,2011-09-20,Ka-MYS,SUV,Petrol,1462,1,1,1,1,1,139477,Commercial,Minor scratches,Alloy wheels,2013-02-21
VEH-13564,CVX32G01A646663192,RJ16A7189,MARUTI,DZIRE,VXI,619024.75,5,2020,2020-12-27,Ka-BAN,Sedan,Petrol,1197,0,0,0,1,1,142339,Private,,Body kit,
VEH-13565,TQM97Q74V445936201,MH80A2071,MARUTI,ALTO,K10 VXI,384085.51,7,2018,2018-11-24,Ta-CHE,Hatchback,Petrol,998,0,0,0,0,0,128930,Private,Minor scratches,,
VEH-13566,EMH54L06R019784451,WB92A8830,HONDA,AMAZE,1.2 SMT i-VTEC,488836.11,7,2018,2018-11-08,We-HOW,Sedan,Petrol,1199,1,0,0,0,0,148298,Private,Minor scratches,,
VEH-13567,MBZ96L94F076674571,MH76D2437,HONDA,AMAZE,1.2 VXMT i-VTEC,650152.02,8,2017,2017-11-19,Ka-BAN,Sedan,Petrol,1199,0,0,0,1,1,28997,Private,,,
VEH-13568,VCQ89G65O770198026,UP84B5942,MARUTI,WAGON R,1.0 LXI CNG,316988.74,14,2011,2011-11-01,Ka-MYS,Hatchback,CNG,998,1,0,0,1,0,66380,Private,,,
VEH-13569,KSF46W33C832027453,WB59C3112,MARUTI,VITARA BREZZA,VDI,512058.73,14,2011,2011-12-12,De-NEW,SUV,Diesel,1248,1,0,0,1,0,136712,Private,,Alloy wheels,
VEH-13570,UOF58E07B772036941,KA99A8158,MARUTI,VITARA BREZZA,ZDI PLUS,648432.11,12,2013,2013-03-19,Ma-MUM,SUV,Diesel,1248,1,1,1,1,0,52101,Private,Dent on door,Alloy wheels,
VEH-13571,AYA44Y45K420407767,UP39D8577,MARUTI,VITARA BREZZA,VXI,773780.94,5,2020,2020-05-13,We-KOL,SUV,Petrol,1462,0,1,0,1,1,88812,Private,Minor scratches,Body kit,
VEH-13572,GUF70U50S574359589,KA52D1470,MARUTI,WAGON R,1.0 LXI CNG,557293.75,3,2022,2022-01-28,Ka-MYS,Hatchback,CNG,998,1,0,0,1,0,137937,Private,,,
VEH-13573,WLH96L55I953236287,WB97A5902,TOYOTA KIRLOSKAR,INNOVA CRYSTA,2.4 V 8S,1710463.12,4,2021,2021-04-02,Ka-MYS,MUV,Diesel,2393,0,0,0,0,0,57077,Private,Minor scratches,Alloy wheels,
VEH-13574,XHI99Q11Y339291352,RJ48A7553,MARUTI,SWIFT,1.2 VXi BS IV,301139.3,15,2010,2010-06-12,Ta-COI,Hatchback,Petrol,1197,0,0,1,0,1,91784,Private,,Body kit,
VEH-13575,WGY61T30X283958448,KA67D4210,MARUTI,SWIFT,VXI,631750.0,2,2023,2023-01-25,Ta-MAD,Hatchback,Petrol,1197,1,0,0,1,0,115390,Private,Minor scratches,Body kit,
VEH-13576,YMI40V69R834557529,TN79C2322,MARUTI,SWIFT,1.2 VXi BS IV,453919.24,7,2018,2018-07-21,Ma-NAG,Hatchback,Petrol,1197,1,0,0,1,1,94807,Private,,Alloy wheels,
VEH-13577,VZQ37U12N003648333,RJ13A9573,HYUNDAI,CRETA,1.4 E Plus,862446.56,8,2017,2017-02-21,De-NEW,SUV,Diesel,1582,1,0,0,1,1,51924,Private,Minor scratches,Body kit,
VEH-13578,XDI62K04X025750120,TN14B3729,HONDA,CITY,1.5 V MT,932769.13,9,2016,2016-02-04,Ka-MYS,Sedan,Petrol,1498,1,0,0,0,1,67601,Private,Dent on door,,
VEH-13579,GCP21O85F265924325,DL66D4671,HYUNDAI,CRETA,1.5 E DIESEL,1110075.0,2,2023,2023-08-25,Ka-MYS,SUV,Diesel,1493,1,1,0,1,1,129731,Private,Minor scratches,Alloy wheels,2026-02-23
VEH-13580,OZI78S62P509013866,TN02D5090,MARUTI,BALENO HATCHBACK,Delta 1.2,588073.51,6,2019,2019-05-26,Ka-MYS,Hatchback,Petrol,1197,1,0,0,1,1,134835,Private,Dent on door,Body kit,
VEH-13581,QZI38O28F452848731,WB19A5434,HYUNDAI,GRAND I10 NIOS,SPORTZ 1.2 KAPPA VTVT,631750.0,2,2023,2023-11-21,Ka-MYS,Hatchback,Petrol,1197,1,0,0,1,1,124678,Private,Dent on door,,2025-07-01
VEH-13582,TTX36I42O984761301,UP54D3521,HYUNDAI,CRETA,1.5 E DIESEL,904163.03,6,2019,2019-03-16,Ma-MUM,SUV,Diesel,1493,0,0,1,1,0,110658,Private,Minor scratches,Alloy wheels,
VEH-13583,KTU23J64M741422208,GJ48A9689,HONDA,AMAZE,1.2 SMT i-VTEC,324303.86,15,2010,2010-05-25,Ma-NAG,Sedan,Petrol,1199,1,1,0,0,0,51459,Private,Minor scratches,Body kit,
VEH-13584,SAF35N60I638714980,DL49D7809,MARUTI,BALENO HATCHBACK,Delta 1.2,455040.07,11,2014,2014-05-05,De-NOI,Hatchback,Petrol,1197,1,1,0,0,0,56331,Private,,Body kit,
VEH-13585,JAL38F17P224801623,TN54B3746,MARUTI,WAGON R,1.0 VXI,378149.65,9,2016,2016-04-09,Ka-BAN,Hatchback,Petrol,998,0,0,0,1,0,91098,Private,,,
VEH-13586,RJL73W75F228471279,MH71D4799,MARUTI,WAGON R,1.0 LXI CNG,369720.06,11,2014,2014-11-27,Ta-MAD,Hatchback,CNG,998,0,1,0,0,1,137431,Private,Minor scratches,,
VEH-13587,ZYT39O44Q363429219,GJ67A7514,TOYOTA KIRLOSKAR,INNOVA CRYSTA,2.8 GX AT 7 STR,1779696.16,5,2020,2020-09-13,We-HOW,MUV,Diesel,2755,1,0,0,0,0,118547,Private,,Body kit,
VEH-13588,VOD59K32H464037452,WB15B5022,MAHINDRA,SCORPIO,S11 2WD 7STR,1624500.0,2,2023,2023-03-15,Ma-PUN,SUV,Diesel,2184,0,1,0,1,1,46033,Private,Dent on door,,
VEH-13589,BEL67V55I165384165,WB47A8366,MARUTI,SWIFT,VXI,324303.86,15,2010,2010-07-06,We-HOW,Hatchback,Petrol,1197,1,0,0,1,1,7605,Private,Dent on door,Alloy wheels,
VEH-13590,CNT13J55F799219593,MH55B9408,MARUTI,SWIFT,1.2 VXi BS IV,617500.0,1,2024,2024-02-26,Ma-NAG,Hatchback,Petrol,1197,1,1,0,1,1,129110,Private,,,
VEH-13591,KAS25H99T381101492,MH78B6073,MARUTI,DZIRE,VXI,504199.53,9,2016,2016-11-11,Ka-MYS,Sedan,Petrol,1197,0,1,0,0,0,148816,Private,Minor scratches,Alloy wheels,
VEH-13592,FGK76K26Q552053407,TN84C7198,HYUNDAI,GRAND I10,SPORTZ 1.2 KAPPA VTVT,312111.99,14,2011,2011-09-28,Ma-PUN,Hatchback,Petrol,1197,0,0,0,1,1,27843,Private,,Body kit,
VEH-13593,UDE50X15Q474806528,WB34C6901,MARUTI,ALTO 800,LXI,252099.76,9,2016,2016-09-06,Ma-PUN,Hatchback,Petrol,796,0,1,0,1,0,28718,Private,Dent on door,Body kit,2018-01-10
VEH-13594,BWO29Y19W451546125,MH86A8338,MARUTI,SWIFT,1.2 VXi BS IV,301139.3,15,2010,2010-06-23,We-HOW,Hatchback,Petrol,1197,1,1,0,0,1,42567,Private,,Alloy wheels,
VEH-13595,KTH63N71N929996358,RJ82D9276,MARUTI,SWIFT,VXI,398160.06,11,2014,2014-10-27,We-KOL,Hatchback,Petrol,1197,0,0,0,1,1,136606,Private,Minor scratches,,2017-05-04
VEH-13596,YST52O80G767404081,RJ31A6437,MARUTI,WAGON R,1.0 LXI CNG,502957.61,5,2020,2020-05-22,We-HOW,Hatchback,CNG,998,1,0,0,0,0,77724,Private,,Body kit,
VEH-13597,DSF58Y12M437103532,UP81B6683,TOYOTA KIRLOSKAR,INNOVA CRYSTA,2.8 Z 7 STR,1837729.73,6,2019,2019-03-10,We-HOW,MUV,Diesel,2755,0,0,0,1,1,131598,Private,,Alloy wheels,
VEH-13598,DLJ55W63J653545640,WB60D4995,MARUTI,BALENO HATCHBACK,Zeta 1.2,486324.08,12,2013,2013-09-11,Ta-MAD,Hatchback,Petrol,1197,1,1,1,1,0,99562,Private,Minor scratches,,
VEH-13599,SCE66R36R771590870,MH29A8006,HYUNDAI,GRAND I10 NIOS,SPORTZ 1.2 KAPPA VTVT,441174.59,9,2016,2016-03-04,De-NEW,Hatchback,Petrol,1197,1,1,0,0,1,73063,Private,Minor scratches,Body kit,
VEH-13600,QBU66W79E123685442,TN87A9007,MAHINDRA,SCORPIO,S5 2WD 7STR,1286062.5,3,2022,2022-11-02,We-HOW,SUV,Diesel,2184,1,0,0,0,1,19295,Private,,Alloy wheels,
VEH-13601,PVT88J91R542766766,GJ31B3669,MARUTI,DZIRE,VXI,504199.53,9,2016,2016-11-19,We-KOL,Sedan,Petrol,1197,0,1,1,1,0,66374,Commercial,Minor scratches,Body kit,2018-07-10
VEH-13602,VIH81X72W343394808,MH56D7019,MARUTI,WAGON R,1.0 LXI CNG,529429.06,4,2021,2021-01-17,Ma-MUM,Hatchback,CNG,998,0,1,0,1,1,107642,Commercial,,Alloy wheels,
VEH-13603,GYP04V43L011360495,DL84C9495,MARUTI,ALTO 800,LXI,380000.0,1,2024,2024-07-20,De-NEW,Hatchback,Petrol,796,1,1,0,1,1,95721,Private,,,
VEH-13604,FWL44T07F902174212,RJ08C9248,MARUTI,DZIRE,VXI,651605.0,4,2021,2021-03-26,De-GUR,Sedan,Petrol,1197,0,0,0,1,1,38709,Private,Minor scratches,Body kit,
VEH-13605,RVV09Z45X930710144,TN83A3226,MARUTI,VITARA BREZZA,VDI,486455.79,15,2010,2010-08-22,Ma-PUN,SUV,Diesel,1248,0,1,0,0,0,31220,Private,,Alloy wheels,
VEH-13606,DRZ91Q09W650072398,WB24A5520,MARUTI,BALENO HATCHBACK,Delta 1.2,455040.07,11,2014,2014-01-17,Ta-MAD,Hatchback,Petrol,1197,0,1,0,1,1,34607,Private,,Alloy wheels,
VEH-13607,QGK18U07W591738987,WB82D8508,MARUTI,WAGON R,1.0 VXI,488703.75,4,2021,2021-09-01,We-HOW,Hatchback,Petrol,998,1,1,0,1,0,106091,Private,,,
VEH-13608,PGR77Z02I212262478,DL22C7273,MARUTI,SWIFT,VXI,541646.66,5,2020,2020-10-06,Ka-BAN,Hatchback,Petrol,1197,1,0,0,0,0,112448,Private,Dent on door,Alloy wheels,
VEH-13609,LXE41Z72M308670860,KA17C2667,MARUTI,VITARA BREZZA,VXI,857375.0,3,2022,2022-11-07,Ka-MYS,SUV,Petrol,1462,0,0,0,1,1,55003,Private,,Body kit,
VEH-13610,LBE06U93L771861686,RJ63A2124,MARUTI,SWIFT,1.2 VXi BS IV,502957.61,5,2020,2020-01-17,Ta-CHE,Hatchback,Petrol,1197,0,0,0,1,1,26202,Private,Minor scratches,Alloy wheels,
VEH-13611,DAU02E02V294650595,MH66C1671,TOYOTA KIRLOSKAR,INNOVA CRYSTA,2.8 Z 7 STR,1658551.08,8,2017,2017-07-02,Ta-COI,MUV,Diesel,2755,1,0,0,1,0,5928,Private,,Body kit,2018-12-23
VEH-13612,UPG76G63W227206506,GJ92C8050,MARUTI,VITARA BREZZA,ZDI PLUS,648432.11,12,2013,2013-11-20,Ta-COI,SUV,Diesel,1248,0,1,1,0,1,134167,Private,,,2015-04-21
VEH-13613,SAD97M15F143017994,WB39D9857,MARUTI,SWIFT,1.2 VXi BS IV,351234.06,12,2013,2013-07-12,De-NEW,Hatchback,Petrol,1197,1,0,0,1,0,39290,Private,Minor scratches,Body kit,
VEH-13614,EPD52L54X580332208,WB33B5671,MARUTI,BALENO HATCHBACK,Zeta 1.2,597078.39,8,2017,2017-12-13,We-KOL,Hatchback,Petrol,1197,1,0,0,1,0,73139,Private,,Body kit,2019-01-15
VEH-13615,YLM55J76C917098139,UP85C6595,HYUNDAI,VENUE,1.2 S PETROL,657713.8,5,2020,2020-09-25,Ka-BAN,SUV,Petrol,1197,0,0,1,0,0,124915,Private,,Body kit,
VEH-13616,BOO36K94V344009552,KA94C7027,MARUTI,BALENO HATCHBACK,Delta 1.2,478989.55,10,2015,2015-05-08,Ma-PUN,Hatchback,Petrol,1197,0,1,0,1,0,40966,Private,,Body kit,
VEH-13617,TTV90D91G685367061,MH98B1785,MARUTI,BALENO HATCHBACK,Delta 1.2,504199.53,9,2016,2016-10-07,Ka-BAN,Hatchback,Petrol,1197,1,1,1,1,0,121598,Private,Minor scratches,Body kit,
VEH-13618,SET18G18H038214009,UP07B2360,MARUTI,DZIRE,VXI,558669.84,7,2018,2018-08-27,Ta-CHE,Sedan,Petrol,1197,0,1,1,1,1,43577,Private,Minor scratches,,
VEH-13619,QKF20U80A222103915,GJ74A9836,HONDA,AMAZE,1.2 SMT i-VTEC,398160.06,11,2014,2014-09-06,We-KOL,Sedan,Petrol,1199,1,0,0,0,0,44269,Private,,,
VEH-13620,JUB03L89I804399583,TN41B7597,HYUNDAI,VENUE,1.2 S PETROL,850000.0,0,2025,2025-01-14,Ta-COI,SUV,Petrol,1197,1,1,0,1,0,44114,Private,,,2026-04-01
VEH-13621,BTL82R18P773491361,MH49A1612,MARUTI,BALENO HATCHBACK,Zeta 1.2,628503.57,7,2018,2018-09-27,Ma-NAG,Hatchback,Petrol,1197,0,1,0,1,1,124120,Commercial,Dent on door,Alloy wheels,
VEH-13622,IXI97J89O066130946,UP21A2373,MARUTI,DZIRE,VXI,455040.07,11,2014,2014-04-17,Ka-BAN,Sedan,Petrol,1197,0,0,0,1,0,134568,Private,,,
VEH-13623,YTL71S28M077927454,GJ62C5725,MARUTI,ERTIGA,1.5 VXI CNG,729762.47,8,2017,2017-12-06,Ta-CHE,MUV,CNG,1462,1,0,0,0,1,78687,Private,Dent on door,,2019-02-06
VEH-13624,SIV24A89S495529554,KA04A2454,MARUTI,DZIRE,VXI,588073.51,6,2019,2019-02-03,Ta-COI,Sedan,Petrol,1197,1,1,1,1,0,95886,Private,Minor scratches,,
VEH-13625,ZDP47I18U487848513,MH32D6640,MARUTI,WAGON R,1.0 LXI CNG,301139.3,15,2010,2010-09-02,De-NOI,Hatchback,CNG,998,1,1,0,1,0,143613,Private,Minor scratches,Body kit,2012-12-05
VEH-13626,OXA98N91K843261129,KA92D7427,HYUNDAI,GRAND I10 NIOS,SPORTZ 1.2 KAPPA VTVT,514564.32,6,2019,2019-02-01,Ma-MUM,Hatchback,Petrol,1197,1,1,0,0,1,139807,Commercial,,,
VEH-13627,KLN62C77P992334251,TN26B5013,MARUTI,SWIFT,VXI,359339.46,13,2012,2012-02-11,Ta-MAD,Hatchback,Petrol,1197,0,1,0,1,0,7783,Private,,,
VEH-13628,GQE32E79P169870567,MH92A6480,MARUTI,BALENO HATCHBACK,Zeta 1.2,696402.84,5,2020,2020-05-27,Ta-MAD,Hatchback,Petrol,1197,1,1,1,1,0,2487,Private,,Alloy wheels,2021-08-05
VEH-13629,QZB61M52C019444342,TN98B1256,MARUTI,BALENO HATCHBACK,Delta 1.2,455040.07,11,2014,2014-04-24,De-NOI,Hatchback,Petrol,1197,0,1,1,0,1,17073,Private,Minor scratches,,
VEH-13630,CGC89F27A486286781,MH80B4981,MARUTI,WAGON R,1.0 LXI CNG,502957.61,5,2020,2020-06-10,We-HOW,Hatchback,CNG,998,1,0,0,0,1,102453,Private,,Body kit,
VEH-13631,HDK20M33H428697014,KA67D4173,HONDA,AMAZE,1.2 VXMT i-VTEC,931000.0,1,2024,2024-06-20,De-GUR,Sedan,Petrol,1199,1,1,0,1,1,52336,Private,,,
VEH-13632,UCS64T23N903746710,DL23B6902,HYUNDAI,GRAND I10 NIOS,SPORTZ 1.2 KAPPA VTVT,631750.0,2,2023,2023-02-05,We-HOW,Hatchback,Petrol,1197,1,1,0,1,0,78253,Private,,,
VEH-13633,YZM40D68V571909866,WB92B2948,HONDA,AMAZE,VX PETROL,503075.24,13,2012,2012-10-14,Ka-BAN,Sedan,Petrol,1199,1,1,0,1,1,89311,Private,Minor scratches,Alloy wheels,
VEH-13634,JWI48M11F140900736,WB17A1573,MARUTI,SWIFT,VDI (DIESEL),390139.98,14,2011,2011-05-06,Ma-PUN,Hatchback,Diesel,1248,1,1,0,1,0,58696,Private,Minor scratches,Alloy wheels,
VEH-13635,TDM14M83Z366851486,TN17B1625,MARUTI,ALTO 800,LXI,265368.17,8,2017,2017-11-22,De-NOI,Hatchback,Petrol,796,1,0,0,1,0,128449,Private,,Alloy wheels,
VEH-13636,GEW43E87E641461419,DL87D2254,MARUTI,WAGON R,1.0 LXI CNG,502957.61,5,2020,2020-02-19,Ta-COI,Hatchback,CNG,998,1,0,1,1,1,27200,Private,,,2022-03-03
VEH-13637,NMB51N02E825841195,TN33C4804,MARUTI,DZIRE,VXI,432288.07,12,2013,2013-02-03,Ka-BAN,Sedan,Petrol,1197,1,0,1,0,1,63596,Private,Minor scratches,Alloy wheels,
VEH-13638,MKV27E39C011840146,DL74C5963,MARUTI,WAGON R,1.0 VXI,277974.74,15,2010,2010-03-22,Ka-BAN,Hatchback,Petrol,998,0,0,0,1,1,39375,Private,Minor scratches,,2012-04-15
VEH-13639,SNU04Y09G138493164,KA30C7216,MARUTI,WAGON R,1.0 LXI CNG,301139.3,15,2010,2010-11-15,Ma-MUM,Hatchback,CNG,998,0,0,0,1,0,15914,Private,,,
VEH-13640,UHX49I05X517537307,KA04C8963,MARUTI,SWIFT,VXI,541646.66,5,2020,2020-08-16,Ma-MUM,Hatchback,Petrol,1197,0,0,0,0,0,112647,Private,Dent on door,,
VEH-13641,LQW68H46N170660752,DL12A2244,HYUNDAI,CRETA,1.5 E DIESEL,664642.91,12,2013,2013-12-02,De-NEW,SUV,Diesel,1493,1,0,0,1,0,35989,Private,Dent on door,Alloy wheels,
VEH-13642,KAR80R09S410085086,GJ29D6753,MARUTI,DZIRE,VXI,478989.55,10,2015,2015-06-08,We-KOL,Sedan,Petrol,1197,0,0,0,0,1,102930,Private,,,
VEH-13643,YCA84O32F431984852,RJ99C4933,MARUTI,VITARA BREZZA,VDI,597240.1,11,2014,2014-03-26,Ta-CHE,SUV,Diesel,1248,1,0,1,1,1,116836,Private,Minor scratches,Body kit,
VEH-13644,EAZ12I49O793737646,DL18B2202,MARUTI,SWIFT,VXI,441174.59,9,2016,2016-05-11,Ta-COI,Hatchback,Petrol,1197,1,0,1,1,1,76771,Private,Minor scratches,Alloy wheels,
VEH-13645,ESH22R24J613916886,KA70A5700,MARUTI,WAGON R,1.0 LXI CNG,529429.06,4,2021,2021-02-01,Ma-NAG,Hatchback,CNG,998,1,0,0,1,0,129850,Private,,Alloy wheels,
VEH-13646,IAS28Z23T085158689,WB31C8394,MARUTI,BALENO HATCHBACK,Delta 1.2,558669.84,7,2018,2018-09-01,Ma-PUN,Hatchback,Petrol,1197,1,0,0,0,1,114564,Private,,,
VEH-13647,RSZ12G34M860419145,KA98D6310,MARUTI,ERTIGA,1.5 VXI CNG,808601.08,6,2019,2019-07-17,Ma-NAG,MUV,CNG,1462,0,0,1,1,0,77208,Private,,,
VEH-13648,JTI62J94G217973355,UP22B8427,MARUTI,ALTO,K10 VXI,268221.24,14,2011,2011-05-23,De-NEW,Hatchback,Petrol,998,0,1,0,0,1,146185,Private,,Alloy wheels,2014-01-09
VEH-13649,GCJ30K70H187403867,UP10C1823,MARUTI,VITARA BREZZA,ZDI PLUS,616010.5,13,2012,2012-10-24,Ma-PUN,SUV,Diesel,1248,1,1,1,0,1,84489,Private,,,
VEH-13650,WAL20I11G519555167,DL60C8345,MARUTI,BALENO HATCHBACK,Delta 1.2,619024.75,5,2020,2020-01-22,Ma-NAG,Hatchback,Petrol,1197,1,0,0,0,0,63933,Private,Dent on door,,
VEH-13651,PMC89N41O387975935,RJ70C8957,MARUTI,ERTIGA,1.5 VXI CNG,851159.03,5,2020,2020-04-07,Ma-NAG,MUV,CNG,1462,0,1,0,0,0,76995,Private,,Body kit,
VEH-13652,KHV48T38M142081372,UP06D3643,MARUTI,SWIFT,1.2 VXi BS IV,389179.01,10,2015,2015-04-24,Ta-COI,Hatchback,Petrol,1197,1,0,0,1,1,128890,Private,Dent on door,Body kit,
VEH-13653,IAG85R07K000486775,DL99B5056,MARUTI,SWIFT,1.2 VXi BS IV,409662.12,9,2016,2016-12-13,Ta-CHE,Hatchback,Petrol,1197,1,0,0,0,0,83900,Private,,,
VEH-13654,YMU46X61U769087315,DL80D4981,MARUTI,SWIFT,1.2 VXi BS IV,557293.75,3,2022,2022-07-04,Ma-MUM,Hatchback,Petrol,1197,0,0,1,1,0,119548,Private,,,2024-08-25
VEH-13655,CDB31V45R105434320,MH73D7322,MARUTI,DZIRE,VXI,760000.0,1,2024,2024-08-02,De-NOI,Sedan,Petrol,1197,1,1,0,1,1,123253,Private,,Alloy wheels,
VEH-13656,AUC97C29P851923021,GJ87D3021,HONDA,AMAZE,1.2 SMT i-VTEC,570154.37,4,2021,2021-06-04,Ka-BAN,Sedan,Petrol,1199,1,1,1,0,0,1749,Private,,,
VEH-13657,YXY45X40L634509014,MH18A2070,MARUTI,VITARA BREZZA,VXI,463291.23,15,2010,2010-10-05,We-KOL,SUV,Petrol,1462,1,1,0,1,0,138277,Private,,Body kit,
VEH-13658,VMA92H47T029752293,UP72B2343,MARUTI,SWIFT DZIRE,VDI,436340.77,13,2012,2012-09-17,Ka-BAN,Sedan,Diesel,1248,0,1,0,0,0,32769,Private,Dent on door,Body kit,2013-10-08
VEH-13659,AZR35O95D212108457,TN22A3214,MARUTI,ALTO 800,LXI,325802.5,4,2021,2021-12-16,We-HOW,Hatchback,Petrol,796,0,1,0,1,0,117507,Private,,,
VEH-13660,EAL37N26F562757421,WB38C8620,MARUTI,SWIFT,VXI,359339.46,13,2012,2012-09-20,De-NOI,Hatchback,Petrol,1197,0,1,0,0,0,99616,Private,,Body kit,
VEH-13661,SOL64N47L847114347,DL55A6555,MARUTI,WAGON R,1.0 VXI,570000.0,1,2024,2024-03-07,Ka-MYS,Hatchback,Petrol,998,0,0,0,1,1,29731,Private,,Alloy wheels,
VEH-13662,JOV73O97D655372154,TN33B4352,MARUTI,ERTIGA,1.5 VXI CNG,594396.1,12,2013,2013-06-05,Ma-MUM,MUV,CNG,1462,0,0,0,1,0,108263,Private,Dent on door,Body kit,
VEH-13663,FTN06J41I381044186,WB34A8222,MARUTI,BALENO HATCHBACK,Delta 1.2,800000.0,0,2025,2025-05-12,Ta-MAD,Hatchback,Petrol,1197,0,1,0,0,1,53840,Private,Minor scratches,Body kit,
VEH-13664,UPC84U33Z589624077,WB18D5940,MARUTI,SWIFT,VXI,700000.0,0,2025,2025-08-13,De-NOI,Hatchback,Petrol,1197,0,1,0,1,1,70470,Private,Dent on door,Alloy wheels,
VEH-13665,TKP23J83X416022501,KA82C4663,MARUTI,BALENO HATCHBACK,Zeta 1.2,416962.11,15,2010,2010-11-05,Ta-COI,Hatchback,Petrol,1197,0,0,0,1,0,100000,Commercial,Dent on door,Body kit,2012-06-08
VEH-13666,DJD58O20Z764759884,MH37D5629,MARUTI,BALENO HATCHBACK,Delta 1.2,588073.51,6,2019,2019-05-25,De-GUR,Hatchback,Petrol,1197,0,0,0,0,1,92635,Private,,Body kit,
VEH-13667,AHC67D10S259690840,GJ40D9920,MARUTI,ALTO 800,LXI,361000.0,2,2023,2023-11-28,Ma-NAG,Hatchback,Petrol,796,0,0,0,1,1,72991,Commercial,,Body kit,
VEH-13668,YHL11E27R202634197,GJ69B8143,MARUTI,BALENO HATCHBACK,Delta 1.2,800000.0,0,2025,2025-05-17,Ta-COI,Hatchback,Petrol,1197,1,0,1,0,1,84860,Private,Dent on door,,
VEH-13669,CGR83K04M764008105,UP79C2130,MARUTI,BALENO HATCHBACK,Delta 1.2,455040.07,11,2014,2014-08-10,Ma-MUM,Hatchback,Petrol,1197,0,0,0,1,0,43895,Private,Minor scratches,,2017-05-02
VEH-13670,QBO05X46A062739519,GJ76A4833,MARUTI,VITARA BREZZA,VDI,696591.45,8,2017,2017-08-13,We-KOL,SUV,Diesel,1248,0,1,0,0,1,124540,Private,Minor scratches,,
VEH-13671,ZHY76U47P954707721,UP21A1010,MARUTI,SWIFT DZIRE,VDI,459306.07,12,2013,2013-03-08,De-GUR,Sedan,Diesel,1248,1,0,1,1,0,37083,Private,Minor scratches,Body kit,
VEH-13672,ZNK88D70N766504512,UP85B5387,MARUTI,DZIRE,VXI,390139.98,14,2011,2011-11-16,Ma-MUM,Sedan,Petrol,1197,0,0,0,1,1,82269,Private,Dent on door,Alloy wheels,
VEH-13673,TGQ40N37H608744436,RJ99D8325,HYUNDAI,VENUE,1.2 S PETROL,436340.77,13,2012,2012-08-27,Ta-COI,SUV,Petrol,1197,1,1,0,0,1,148357,Private,Minor scratches,,
VEH-13674,YGB95N59X392747577,DL98D2919,TOYOTA KIRLOSKAR,INNOVA CRYSTA,2.4 ZX MT 7 STR,1985500.0,2,2023,2023-05-11,Ma-MUM,MUV,Diesel,2393,0,0,0,1,0,58112,Private,Minor scratches,Body kit,
VEH-13675,HQT32N90R414906324,WB15A2411,MARUTI,ALTO,K10 VXI,329305.32,10,2015,2015-05-27,Ka-MYS,Hatchback,Petrol,998,0,0,0,0,0,135148,Private,,,
VEH-13676,XSH95J37M853199811,TN28D5414,MARUTI,DZIRE,VXI,410673.67,13,2012,2012-08-19,De-GUR,Sedan,Petrol,1197,1,1,0,0,1,136347,Private,Minor scratches,Body kit,
VEH-13677,ARA05J73D428466003,DL32B8690,MARUTI,SWIFT,VXI,341372.49,14,2011,2011-10-11,De-NOI,Hatchback,Petrol,1197,1,1,1,0,0,109030,Private,Minor scratches,,
VEH-13678,QCG06E05S430684780,KA10A6353,MARUTI,SWIFT,1.2 VXi BS IV,389179.01,10,2015,2015-03-11,Ma-PUN,Hatchback,Petrol,1197,1,0,1,0,1,91906,Private,,Body kit,2017-07-10
VEH-13679,NLZ76H35Z121949540,UP58A8636,MARUTI,DZIRE,VXI,432288.07,12,2013,2013-01-05,We-KOL,Sedan,Petrol,1197,0,0,0,1,1,28662,Private,Dent on door,,
VEH-13680,FYW92J93L878559142,KA72C3441,TOYOTA KIRLOSKAR,INNOVA CRYSTA,2.8 ZX AT 7 STR,1911238.92,6,2019,2019-11-14,Ta-MAD,MUV,Diesel,2755,0,1,0,1,1,127830,Private,Minor scratches,Alloy wheels,
VEH-13681,YHF79J35A982524147,WB87C3579,MARUTI,ALTO,K10 VXI,447978.44,4,2021,2021-03-04,Ta-COI,Hatchback,Petrol,998,1,1,1,1,0,70659,Commercial,Minor scratches,Alloy wheels,
VEH-13682,UMW67E61X800713927,TN78D1604,MARUTI,SWIFT,VDI (DIESEL),504199.53,9,2016,2016-11-26,We-HOW,Hatchback,Diesel,1248,1,1,1,1,1,2472,Commercial,,Body kit,2018-11-07
VEH-13683,KVZ16J21C307606113,DL84C6157,MARUTI,DZIRE,VXI,530736.35,8,2017,2017-01-13,Ma-PUN,Sedan,Petrol,1197,1,1,1,0,0,62824,Private,Dent on door,Body kit,2018-04-11
VEH-13684,VFQ39R46K283984240,MH48B2359,HYUNDAI,CRETA,1.5 E DIESEL,858954.87,7,2018,2018-04-14,Ta-COI,SUV,Diesel,1493,0,0,0,1,1,31278,Private,,Body kit,
VEH-13685,HDZ46J85Q317942287,MH51D1072,MARUTI,DZIRE,VXI,410673.67,13,2012,2012-04-02,Ma-NAG,Sedan,Petrol,1197,1,0,0,1,1,5026,Private,Minor scratches,,
VEH-13686,ZUA42D43B637083422,GJ32D9506,MARUTI,ALTO 800,LXI,342950.0,3,2022,2022-12-11,De-GUR,Hatchback,Petrol,796,0,1,0,0,0,86879,Private,,,
VEH-13687,SAW50K59J115623071,WB04D6662,HONDA,AMAZE,1.5 SMT i-DTEC,508926.4,10,2015,2015-01-19,We-HOW,Sedan,Diesel,1498,1,1,0,0,1,123975,Private,,Alloy wheels,
VEH-13688,UNR17F68W140340286,GJ76C9277,MARUTI,SWIFT,VXI,359339.46,13,2012,2012-12-14,De-GUR,Hatchback,Petrol,1197,0,1,1,1,1,39249,Private,Dent on door,,
VEH-13689,VJN73J02E605751070,DL66A9793,MARUTI,VITARA BREZZA,ZDI PLUS,796104.52,8,2017,2017-07-22,De-GUR,SUV,Diesel,1248,0,1,0,1,0,60623,Private,,,
VEH-13690,JLN57T57M117509235,RJ52C6365,MARUTI,VITARA BREZZA,VXI,540360.09,12,2013,2013-03-19,Ma-PUN,SUV,Petrol,1462,0,1,0,1,1,62933,Private,Minor scratches,Body kit,2015-04-11
VEH-13691,BIA87L50U422814322,KA49A1658,MARUTI,VITARA BREZZA,VDI,696591.45,8,2017,2017-11-22,De-GUR,SUV,Diesel,1248,1,0,0,0,1,108693,Private,,,
VEH-13692,IQK61L62S581859031,TN99A1634,MARUTI,ALTO 800,LXI,361000.0,2,2023,2023-08-12,Ta-COI,Hatchback,Petrol,796,1,1,0,1,1,54811,Private,,Body kit,
VEH-13693,WJY84T74I106950009,WB07D5014,MARUTI,SWIFT,VXI,378252.06,12,2013,2013-03-28,We-KOL,Hatchback,Petrol,1197,0,1,0,0,0,40767,Private,,Alloy wheels,
VEH-13694,WLG54G43U592995590,KA72C4179,HONDA,AMAZE,VX PETROL,980000.0,0,2025,2025-10-03,We-HOW,Sedan,Petrol,1199,1,0,1,1,0,45843,Private,Dent on door,,2028-02-29
VEH-13695,QNK87V11M789773120,UP77C5010,HONDA,AMAZE,1.2 VXMT i-VTEC,840227.5,3,2022,2022-10-11,Ta-COI,Sedan,Petrol,1199,1,0,0,1,1,148734,Commercial,,,
VEH-13696,FVE99T26Q540234577,TN18C5204,MARUTI,BALENO HATCHBACK,Delta 1.2,390139.98,14,2011,2011-03-09,Ta-COI,Hatchback,Petrol,1197,0,0,0,1,1,65711,Private,Minor scratches,,
VEH-13697,KDU25L38V210283924,GJ54A1501,MARUTI,SWIFT,VXI,514564.32,6,2019,2019-09-25,We-HOW,Hatchback,Petrol,1197,0,1,0,1,0,18241,Commercial,Dent on door,,2022-06-17
VEH-13698,QOH27L24H632772229,MH65C3187,MARUTI,DZIRE,VXI,760000.0,1,2024,2024-06-11,Ta-CHE,Sedan,Petrol,1197,0,0,0,1,0,76979,Private,Minor scratches,Body kit,
VEH-13699,PZO14S00Q221873846,DL65B7567,MARUTI,SWIFT,VDI (DIESEL),478989.55,10,2015,2015-09-18,Ta-COI,Hatchback,Diesel,1248,1,0,1,0,1,108215,Private,,,
VEH-13700,VIY26D30X213791157,UP18C3629,HYUNDAI,GRAND I10 NIOS,SPORTZ 1.2 KAPPA VTVT,665000.0,1,2024,2024-10-22,De-NOI,Hatchback,Petrol,1197,0,0,0,1,1,72377,Private,,,
VEH-13701,CHA25G34X484615438,KA85D1621,MARUTI,DZIRE,VXI,800000.0,0,2025,2025-01-15,Ma-NAG,Sedan,Petrol,1197,1,0,1,1,0,119282,Private,Dent on door,,
VEH-13702,UEL42Z87H591430049,KA88D8700,TOYOTA KIRLOSKAR,INNOVA CRYSTA,2.4 V 8S,1895250.0,2,2023,2023-02-03,Ma-MUM,MUV,Diesel,2393,1,1,1,1,1,139804,Private,Minor scratches,,
VEH-13703,ZAQ23Y13L096223232,MH37A2601,MARUTI,ALTO 800,LXI,380000.0,1,2024,2024-11-04,Ta-CHE,Hatchback,Petrol,796,0,0,1,1,1,68045,Private,Dent on door,,
VEH-13704,DSQ81A47T178846866,TN55C7205,HYUNDAI,GRAND I10 NIOS,SPORTZ 1.2 KAPPA VTVT,488836.11,7,2018,2018-09-10,De-GUR,Hatchback,Petrol,1197,0,0,0,1,1,123725,Private,Dent on door,Alloy wheels,
VEH-13705,GID18I04C204515751,GJ03D3806,MARUTI,WAGON R,1.0 LXI CNG,453919.24,7,2018,2018-07-24,De-NEW,Hatchback,CNG,998,1,0,1,0,0,43972,Private,Minor scratches,,
VEH-13706,EVV25S31B285321357,DL05B8032,HYUNDAI,CRETA,1.4 E Plus,667344.71,13,2012,2012-08-28,Ma-PUN,SUV,Diesel,1582,1,0,0,0,1,107660,Private,,,
VEH-13707,ROP78X52O792950256,WB71B9879,MARUTI,DZIRE,VXI,504199.53,9,2016,2016-04-02,De-NEW,Sedan,Petrol,1197,0,0,1,0,0,136469,Private,Minor scratches,Body kit,
VEH-13708,TCJ96W03M099687598,TN33C5682,MARUTI,DZIRE,VXI,722000.0,2,2023,2023-05-01,Ma-PUN,Sedan,Petrol,1197,1,0,1,0,1,36604,Private,Dent on door,Body kit,
VEH-13709,YKH30I35D406215338,DL35B9088,MARUTI,SWIFT,VDI (DIESEL),619024.75,5,2020,2020-04-26,Ka-BAN,Hatchback,Diesel,1248,1,0,0,1,0,9350,Private,Dent on door,Body kit,
VEH-13710,CRO91S54B145270753,MH62B3927,MARUTI,DZIRE,VXI,558669.84,7,2018,2018-12-19,Ma-NAG,Sedan,Petrol,1197,1,1,0,0,0,55481,Private,,,
VEH-13711,IXT47P60Z059398500,TN80C1043,MARUTI,SWIFT DZIRE,VDI,767125.0,2,2023,2023-02-24,Ma-MUM,Sedan,Diesel,1248,1,0,1,1,0,58081,Commercial,Minor scratches,Alloy wheels,
VEH-13712,UCF70U72G199424200,UP31D6724,MARUTI,DZIRE,VXI,722000.0,2,2023,2023-12-15,Ta-COI,Sedan,Petrol,1197,0,1,1,1,0,93383,Private,Dent on door,,
VEH-13713,ALM87W62L849428913,MH54C2904,TOYOTA KIRLOSKAR,INNOVA CRYSTA,2.4 V 8S,1466508.32,7,2018,2018-07-27,Ma-NAG,MUV,Diesel,2393,1,0,1,1,0,65195,Private,Dent on door,Body kit,
VEH-13714,PIU76M80X563712233,RJ38D4493,MARUTI,BALENO HATCHBACK,Zeta 1.2,661582.7,6,2019,2019-10-11,Ta-COI,Hatchback,Petrol,1197,0,0,0,1,0,130236,Private,,Body kit,
VEH-13715,FVA21K95S227469089,GJ08A2707,TOYOTA KIRLOSKAR,INNOVA CRYSTA,2.8 Z 7 STR,1658551.08,8,2017,2017-08-17,De-NOI,MUV,Diesel,2755,1,1,0,1,1,67901,Commercial,Minor scratches,Body kit,2020-03-19
VEH-13716,KUT03Q25S419457404,WB63C8997,MARUTI,BALENO HATCHBACK,Zeta 1.2,855000.0,1,2024,2024-03-08,Ka-MYS,Hatchback,Petrol,1197,0,0,0,1,1,140269,Private,,Body kit,
VEH-13717,OYA20K10Q237650484,DL87A6988,HONDA,AMAZE,1.2 SMT i-VTEC,378252.06,12,2013,2013-03-10,De-NOI,Sedan,Petrol,1199,1,0,0,1,1,68268,Commercial,,,
VEH-13718,EBA58S69O803570293,WB23D6057,HYUNDAI,VENUE,1.2 S PETROL,728768.75,3,2022,2022-03-06,Ka-BAN,SUV,Petrol,1197,0,1,0,0,0,119351,Private,Minor scratches,Body kit,
VEH-13719,YSK17E67M381081594,RJ58A1900,HONDA,AMAZE,1.5 SMT i-DTEC,593586.7,7,2018,2018-07-24,Ma-NAG,Sedan,Diesel,1498,1,0,0,1,0,78668,Private,Dent on door,,
VEH-13720,ADY28D49B913530184,TN08D5178,HONDA,AMAZE,1.2 SMT i-VTEC,341372.49,14,2011,2011-05-28,De-NOI,Sedan,Petrol,1199,1,0,0,1,0,142651,Private,,Body kit,
VEH-13721,MTJ47C41P638983711,TN07D6207,TOYOTA KIRLOSKAR,INNOVA CRYSTA,2.4 V 8S,1323523.76,9,2016,2016-05-17,Ta-MAD,MUV,Diesel,2393,0,1,0,1,0,63959,Private,,,2017-12-12
VEH-13722,ROJ81Q49U437266690,GJ70D3193,MARUTI,SWIFT,1.2 VXi BS IV,529429.06,4,2021,2021-01-05,Ma-MUM,Hatchback,Petrol,1197,1,0,0,0,0,63923,Private,Minor scratches,Body kit,
VEH-13723,ZAS14X89A956376932,WB86A1401,MARUTI,BALENO HATCHBACK,Zeta 1.2,567224.47,9,2016,2016-12-06,Ma-PUN,Hatchback,Petrol,1197,0,0,0,1,0,24996,Private,Minor scratches,,
VEH-13724,PVE13A32G519425657,MH58B6079,MARUTI,DZIRE,VXI,478989.55,10,2015,2015-06-08,Ma-PUN,Sedan,Petrol,1197,1,0,0,1,1,103093,Private,Dent on door,,
VEH-13725,IRA03Z96S956016824,GJ95D6312,MARUTI,ALTO 800,LXI,309512.37,5,2020,2020-03-16,Ka-BAN,Hatchback,Petrol,796,0,1,0,1,0,146363,Private,,,
VEH-13726,OSN02M89Y818719237,KA84D9625,MARUTI,SWIFT DZIRE,VDI,657713.8,5,2020,2020-01-03,Ka-BAN,Sedan,Diesel,1248,0,1,1,0,0,136633,Private,Dent on door,,2022-06-20
VEH-13727,BMC41W73O689000596,GJ17A4445,MARUTI,BALENO HATCHBACK,Delta 1.2,455040.07,11,2014,2014-05-01,De-NOI,Hatchback,Petrol,1197,1,0,0,1,1,140266,Private,Dent on door,,
VEH-13728,XXU35U13X564304279,GJ19B4521,HONDA,AMAZE,1.2 VXMT i-VTEC,529552.89,12,2013,2013-10-22,Ka-MYS,Sedan,Petrol,1199,1,1,1,1,1,31850,Private,Minor scratches,Body kit,
VEH-13729,HWD38M89Q507218032,RJ74C2518,HONDA,CITY,1.5 V MT,841824.14,11,2014,2014-05-19,Ka-BAN,Sedan,Petrol,1498,0,0,1,1,0,123335,Private,Dent on door,Alloy wheels,
VEH-13730,UML15Y32I293254432,WB18D9617,MARUTI,SWIFT DZIRE,VDI,393797.55,15,2010,2010-09-11,De-NEW,Sedan,Diesel,1248,0,0,0,1,1,58172,Private,,,
VEH-13731,EUC72V25A658701969,UP30B2510,MARUTI,VITARA BREZZA,ZDI PLUS,928537.12,5,2020,2020-09-13,Ka-BAN,SUV,Diesel,1248,0,0,0,1,0,5280,Private,Dent on door,,
VEH-13732,RXS95Y99V034688151,GJ51D9458,HYUNDAI,CRETA,1.5 E DIESEL,1168500.0,1,2024,2024-02-08,De-NOI,SUV,Diesel,1493,1,1,1,0,0,12628,Commercial,Dent on door,,
VEH-13733,KVO34G78N331900893,MH50C6071,HYUNDAI,CRETA,1.5 E DIESEL,1110075.0,2,2023,2023-02-14,Ka-MYS,SUV,Diesel,1493,0,0,0,0,0,65333,Private,Dent on door,Body kit,
VEH-13734,CKZ17G64S593209178,RJ37B6219,MARUTI,DZIRE,VXI,504199.53,9,2016,2016-12-16,Ka-BAN,Sedan,Petrol,1197,0,1,1,0,1,91195,Private,Dent on door,Body kit,
VEH-13735,UHT10Q51T433522572,DL61C2677,HONDA,CITY,1.5 V MT,1268915.0,3,2022,2022-05-26,De-NOI,Sedan,Petrol,1498,0,0,0,1,1,21431,Private,,Alloy wheels,
VEH-13736,WVQ60R90O896643293,GJ08D2904,HONDA,AMAZE,1.2 SMT i-VTEC,441174.59,9,2016,2016-08-22,Ta-COI,Sedan,Petrol,1199,1,0,1,0,1,75112,Private,,Alloy wheels,
VEH-13737,NSV88A44Q395066988,RJ43B5489,HONDA,AMAZE,1.2 SMT i-VTEC,541646.66,5,2020,2020-06-05,Ma-PUN,Sedan,Petrol,1199,1,0,0,1,0,13329,Private,,,2022-07-18
VEH-13738,BNK21Z08T783201513,MH38B8819,MARUTI,ALTO,K10 VXI,312840.05,11,2014,2014-01-18,Ta-MAD,Hatchback,Petrol,998,1,1,0,1,0,130345,Private,,Alloy wheels,2016-10-05
VEH-13739,UNP20A67S165857649,GJ08D9479,MARUTI,DZIRE,VXI,432288.07,12,2013,2013-03-15,Ta-MAD,Sedan,Petrol,1197,1,1,0,1,1,27350,Private,,Alloy wheels,2015-01-17
VEH-13740,LVY32D41F878290813,RJ80C4075,HYUNDAI,GRAND I10,SPORTZ 1.2 KAPPA VTVT,345830.46,12,2013,2013-08-14,De-NOI,Hatchback,Petrol,1197,1,0,0,1,1,19256,Private,Minor scratches,,2016-01-29
VEH-13741,ZBT96F71N915586308,GJ97D5790,MARUTI,WAGON R,1.0 VXI,419002.38,7,2018,2018-02-04,Ta-CHE,Hatchback,Petrol,998,0,0,0,0,1,21968,Private,Minor scratches,,
VEH-13742,DGU78A97F211128681,DL43A1410,MARUTI,ERTIGA,1.5 VXI CNG,564676.29,13,2012,2012-02-09,Ta-MAD,MUV,CNG,1462,0,0,1,0,0,88503,Private,,,
VEH-13743,PTA87C78Q693127471,TN13C3409,MARUTI,ALTO 800,LXI,342950.0,3,2022,2022-04-09,Ka-BAN,Hatchback,Petrol,796,0,1,1,1,1,100405,Commercial,,Alloy wheels,
VEH-13744,OUC96M39J524582802,TN70A3795,MARUTI,VITARA BREZZA,VXI,814506.25,4,2021,2021-12-13,We-HOW,SUV,Petrol,1462,1,1,0,1,1,71942,Private,,Alloy wheels,
VEH-13745,TQF90I02U825938340,WB97C4473,MARUTI,SWIFT,VDI (DIESEL),432288.07,12,2013,2013-08-04,We-HOW,Hatchback,Diesel,1248,1,1,1,0,1,124918,Private,,,
VEH-13746,XMU29Z81L471755509,UP24A6899,MARUTI,SWIFT,1.2 VXi BS IV,369720.06,11,2014,2014-10-05,We-KOL,Hatchback,Petrol,1197,1,0,0,1,0,35762,Private,Dent on door,,
VEH-13747,EOA04G56O065459590,UP44C8506,MARUTI,ALTO 800,LXI,252099.76,9,2016,2016-06-04,De-NEW,Hatchback,Petrol,796,0,1,0,0,1,76361,Private,,,
VEH-13748,USQ54N48O753812720,MH08B8295,MARUTI,VITARA BREZZA,ZDI PLUS,838004.76,7,2018,2018-01-23,We-KOL,SUV,Diesel,1248,1,0,0,1,0,99990,Private,Minor scratches,,
VEH-13749,JOK59N73K109531524,RJ95A2699,MARUTI,SWIFT,1.2 VXi BS IV,351234.06,12,2013,2013-10-12,De-GUR,Hatchback,Petrol,1197,0,0,0,1,0,53889,Private,Dent on door,Alloy wheels,
VEH-13750,XLQ23K07L415010129,WB67A6159,MARUTI,DZIRE,VXI,530736.35,8,2017,2017-03-09,Ma-MUM,Sedan,Petrol,1197,0,1,0,0,1,143287,Private,,,
VEH-13751,XJX90S00H794968450,DL76A8787,MARUTI,SWIFT,VXI,378252.06,12,2013,2013-10-22,Ma-PUN,Hatchback,Petrol,1197,0,1,0,1,0,110322,Private,,,
VEH-13752,WWP48G15W505511393,DL80D5747,MARUTI,ERTIGA,1.5 VXI CNG,564676.29,13,2012,2012-04-23,Ka-MYS,MUV,CNG,1462,1,0,0,0,0,73692,Private,Dent on door,,2014-11-25
VEH-13753,TQO39Q42J385231985,UP07A5102,MARUTI,BALENO HATCHBACK,Delta 1.2,370632.98,15,2010,2010-06-05,Ka-MYS,Hatchback,Petrol,1197,1,1,0,0,1,117328,Private,,Alloy wheels,2011-10-07
VEH-13754,AMI49V19R996973895,GJ89A9630,MARUTI,ALTO 800,LXI,265368.17,8,2017,2017-02-02,Ma-MUM,Hatchback,Petrol,796,0,1,0,1,0,14227,Commercial,,Alloy wheels,
VEH-13755,ZIE46A05V845485331,RJ01B3842,HONDA,AMAZE,1.5 SMT i-DTEC,692330.31,4,2021,2021-05-26,Ma-MUM,Sedan,Diesel,1498,1,1,0,1,1,41196,Private,,Body kit,
VEH-13756,NQM93S78K420337075,RJ84D2476,HONDA,AMAZE,1.2 VXMT i-VTEC,931000.0,1,2024,2024-11-15,Ma-NAG,Sedan,Petrol,1199,1,1,0,1,0,15000,Private,,Body kit,
VEH-13757,WRN76C25Z835336491,GJ54A2225,MARUTI,BALENO HATCHBACK,Zeta 1.2,597078.39,8,2017,2017-01-28,We-KOL,Hatchback,Petrol,1197,0,1,0,1,1,54751,Private,,,
VEH-13758,ODU01M20U084057755,GJ92A2807,MARUTI,SWIFT,VXI,341372.49,14,2011,2011-02-14,De-GUR,Hatchback,Petrol,1197,0,1,1,1,1,114952,Private,Minor scratches,Alloy wheels,
VEH-13759,PRC80G91X466738010,WB90C6355,MARUTI,WAGON R,1.0 LXI CNG,409662.12,9,2016,2016-01-11,Ka-MYS,Hatchback,CNG,998,0,0,0,0,1,105486,Private,,Alloy wheels,
VEH-13760,JJG49J05T106010284,RJ05D7276,MARUTI,ERTIGA,1.5 VXI CNG,1100000.0,0,2025,2025-05-12,Ta-CHE,MUV,CNG,1462,0,1,0,1,0,33667,Private,Minor scratches,Body kit,
VEH-13761,HYK46T92E538041321,WB13A9372,MARUTI,VITARA BREZZA,VXI,698337.3,7,2018,2018-01-26,Ma-NAG,SUV,Petrol,1462,0,0,1,0,1,134098,Private,,Alloy wheels,
VEH-13762,ZGC18I38W300517333,KA30C2918,MARUTI,ERTIGA,1.5 VXI CNG,658610.63,10,2015,2015-11-27,Ka-BAN,MUV,CNG,1462,0,0,0,0,1,4662,Private,Minor scratches,Body kit,
VEH-13763,TSD29Y26B148150079,KA27B1436,MARUTI,DZIRE,VXI,530736.35,8,2017,2017-08-08,We-HOW,Sedan,Petrol,1197,0,0,0,1,0,97222,Private,Minor scratches,Alloy wheels,
VEH-13764,EGW40H14C491028294,GJ19B9242,TOYOTA KIRLOSKAR,INNOVA CRYSTA,2.8 GX AT 7 STR,1873364.37,4,2021,2021-08-07,Ma-PUN,MUV,Diesel,2755,0,1,1,1,0,126568,Private,,Body kit,
VEH-13765,EEO42T65D303137810,WB86A6095,MARUTI,VITARA BREZZA,VDI,1050000.0,0,2025,2025-11-23,Ta-CHE,SUV,Diesel,1248,0,1,0,0,0,75039,Private,,,
VEH-13766,RNI33T35F923463392,DL24C2454,MARUTI,SWIFT,VXI,378252.06,12,2013,2013-04-05,Ma-NAG,Hatchback,Petrol,1197,1,1,0,0,0,114135,Private,Minor scratches,Body kit,2014-11-09
VEH-13767,TQW53J77M572443312,GJ91A5460,MARUTI,ERTIGA,1.5 VXI CNG,992750.0,2,2023,2023-05-22,De-GUR,MUV,CNG,1462,1,0,0,0,0,131024,Private,Minor scratches,Alloy wheels,2024-06-09
VEH-13768,ONR53L39P652943118,WB46B2426,MARUTI,WAGON R,1.0 LXI CNG,650000.0,0,2025,2025-01-22,Ma-PUN,Hatchback,CNG,998,1,1,0,1,1,135192,Private,Dent on door,,
VEH-13769,ZXP34G42V754372368,KA20B7017,MARUTI,VITARA BREZZA,VDI,597240.1,11,2014,2014-04-13,We-HOW,SUV,Diesel,1248,1,0,0,1,0,63727,Private,Minor scratches,Alloy wheels,
VEH-13770,OID31Z59P565879145,TN12B1081,MARUTI,ERTIGA,1.5 VXI CNG,808601.08,6,2019,2019-10-08,Ma-PUN,MUV,CNG,1462,0,1,0,1,1,79135,Private,Minor scratches,,2021-04-09
VEH-13771,PSF17V01H103946366,GJ75B5254,MARUTI,BALENO HATCHBACK,Delta 1.2,760000.0,1,2024,2024-10-23,Ma-PUN,Hatchback,Petrol,1197,1,1,0,1,0,117309,Private,Minor scratches,,
VEH-13772,TFE32E67I846135299,MH12B2984,HONDA,AMAZE,1.2 VXMT i-VTEC,840227.5,3,2022,2022-04-17,De-GUR,Sedan,Petrol,1199,1,1,0,1,0,106695,Private,,Body kit,
VEH-13773,VBC45F45C175900608,GJ99D8053,MAHINDRA,SCORPIO,S11 2WD 7STR,1023840.17,11,2014,2014-03-14,Ka-MYS,SUV,Diesel,2184,0,1,1,1,1,91962,Private,,Body kit,
VEH-13774,BDO68N34O772758738,KA70B6805,MARUTI,BALENO HATCHBACK,Delta 1.2,588073.51,6,2019,2019-07-09,We-HOW,Hatchback,Petrol,1197,0,1,0,1,0,35248,Private,Minor scratches,,2021-08-14
VEH-13775,NXQ12S49L064588190,RJ29A2860,MARUTI,DZIRE,VXI,800000.0,0,2025,2025-07-02,Ma-NAG,Sedan,Petrol,1197,1,0,1,1,0,82841,Private,Dent on door,,
VEH-13776,MQE92T01H548328531,KA47D4025,MARUTI,ERTIGA,1.5 VXI CNG,509620.35,15,2010,2010-03-09,Ta-MAD,MUV,CNG,1462,0,0,0,1,0,73666,Private,,,
VEH-13777,KLS39H82G484592668,GJ24C4728,MARUTI,ALTO,K10 VXI,447978.44,4,2021,2021-10-20,Ma-MUM,Hatchback,Petrol,998,0,0,0,1,0,86869,Private,,Alloy wheels,
VEH-13778,CZB96C04K607503588,MH98C8611,MARUTI,BALENO HATCHBACK,Zeta 1.2,597078.39,8,2017,2017-10-19,Ta-COI,Hatchback,Petrol,1197,0,1,0,0,1,23402,Private,,,
VEH-13779,TLJ63R87K406698005,KA87D5600,MARUTI,BALENO HATCHBACK,Delta 1.2,432288.07,12,2013,2013-09-02,Ka-MYS,Hatchback,Petrol,1197,1,1,1,1,0,67945,Private,,Alloy wheels,
VEH-13780,VAN23Q41D386326156,RJ69C7643,HONDA,AMAZE,1.5 SMT i-DTEC,624828.11,6,2019,2019-08-12,We-KOL,Sedan,Diesel,1498,1,0,0,1,1,134746,Private,,Alloy wheels,
VEH-13781,UCO18T82I342861584,WB96A5156,HYUNDAI,GRAND I10 NIOS,SPORTZ 1.2 KAPPA VTVT,541646.66,5,2020,2020-09-06,De-NEW,Hatchback,Petrol,1197,0,1,0,1,1,61330,Private,Dent on door,Alloy wheels,
VEH-13782,PFY02G52Y702463047,DL41B3763,MAHINDRA,SCORPIO,S9 2WD 7STR,1444000.0,2,2023,2023-09-20,Ta-COI,SUV,Diesel,2184,1,1,0,0,1,61558,Private,,,
VEH-13783,PYN08A28A365411071,RJ95D9257,MARUTI,SWIFT,VXI,378252.06,12,2013,2013-08-16,De-NEW,Hatchback,Petrol,1197,0,0,0,0,1,106019,Private,Dent on door,,2015-08-02
VEH-13784,IHM45L68X180050739,DL05D7290,MARUTI,ALTO 800,LXI,265368.17,8,2017,2017-10-17,We-HOW,Hatchback,Petrol,796,1,1,1,1,0,106549,Commercial,,Alloy wheels,2020-03-27
VEH-13785,GHM23A40U540534482,UP51A5843,MARUTI,SWIFT DZIRE,VDI,657713.8,5,2020,2020-03-24,De-GUR,Sedan,Diesel,1248,0,0,0,1,0,67259,Private,,,
VEH-13786,GVG23C58B839579931,UP07A7622,HYUNDAI,GRAND I10 NIOS,SPORTZ 1.2 KAPPA VTVT,341372.49,14,2011,2011-08-14,Ta-COI,Hatchback,Petrol,1197,1,1,0,1,1,110696,Private,Minor scratches,Alloy wheels,
VEH-13787,MUZ60P95W000816760,MH48B6912,MAHINDRA,SCORPIO,S11 2WD 7STR,1257007.13,7,2018,2018-07-10,Ka-BAN,SUV,Diesel,2184,0,1,0,1,0,30232,Private,,,
VEH-13788,RWL48H51N011823796,MH33D7935,MARUTI,SWIFT,1.2 VXi BS IV,369720.06,11,2014,2014-03-26,De-GUR,Hatchback,Petrol,1197,0,1,1,1,1,46290,Private,,,2016-05-24
VEH-13789,KJP13W95O620703760,GJ78C3360,MAHINDRA,SCORPIO,S11 2WD 7STR,1257007.13,7,2018,2018-05-16,Ma-PUN,SUV,Diesel,2184,0,0,0,0,0,98352,Private,,,
VEH-13790,XAN51F57D063756777,RJ01B4138,MARUTI,SWIFT,VXI,631750.0,2,2023,2023-05-23,We-KOL,Hatchback,Petrol,1197,1,1,0,1,1,147149,Private,,,
VEH-13791,XGX42B68U902859366,RJ18D6716,MARUTI,DZIRE,VXI,410673.67,13,2012,2012-03-02,Ma-NAG,Sedan,Petrol,1197,0,0,0,0,0,140863,Private,,Alloy wheels,
VEH-13792,UXA68A54T879917472,GJ05D8633,MARUTI,BALENO HATCHBACK,Delta 1.2,558669.84,7,2018,2018-02-05,De-NOI,Hatchback,Petrol,1197,1,1,0,0,1,136040,Private,,Body kit,
VEH-13793,QOY10V29G461081918,MH18C4014,MARUTI,DZIRE,VXI,800000.0,0,2025,2025-02-27,De-NOI,Sedan,Petrol,1197,1,1,0,0,1,149541,Commercial,Minor scratches,,
VEH-13794,UNC00A99P458731620,DL58A9291,MARUTI,SWIFT,VXI,419115.86,10,2015,2015-09-06,Ma-PUN,Hatchback,Petrol,1197,0,0,0,0,1,39167,Private,,Body kit,
VEH-13795,ZMM77T18F763937000,RJ80A8302,MARUTI,SWIFT DZIRE,VDI,850000.0,0,2025,2025-12-28,Ta-COI,Sedan,Diesel,1248,0,0,0,1,0,109424,Private,Dent on door,Alloy wheels,
VEH-13796,FXX60G29A881546703,MH68D2961,MARUTI,ERTIGA,1.5 VXI CNG,1045000.0,1,2024,2024-02-04,Ma-MUM,MUV,CNG,1462,1,0,1,1,0,60316,Private,,,
VEH-13797,KUQ48D48U966942473,KA62B9724,MARUTI,SWIFT DZIRE,VDI,624828.11,6,2019,2019-05-13,De-NEW,Sedan,Diesel,1248,1,0,0,1,1,16700,Private,Dent on door,,
VEH-13798,VQO43J07O745669364,WB69C7399,MARUTI,SWIFT DZIRE,VDI,459306.07,12,2013,2013-04-13,Ta-COI,Sedan,Diesel,1248,0,1,0,0,0,113197,Private,,,
VEH-13799,NYT13U59N420497957,UP20C4049,MARUTI,WAGON R,1.0 LXI CNG,431223.28,8,2017,2017-07-15,Ta-COI,Hatchback,CNG,998,0,0,0,0,0,98700,Private,Dent on door,,
VEH-13800,CEH62F12J739285215,RJ18A7961,HYUNDAI,VENUE,1.2 S PETROL,657713.8,5,2020,2020-04-25,We-HOW,SUV,Petrol,1197,0,0,0,1,0,121351,Private,Dent on door,Body kit,
VEH-13801,ACW16E77L127001929,WB62A3468,MARUTI,SWIFT,VDI (DIESEL),558669.84,7,2018,2018-06-27,De-NEW,Hatchback,Diesel,1248,0,0,0,0,0,55482,Private,Minor scratches,Alloy wheels,2020-01-18
VEH-13802,PGK99P80D437593848,WB07A6189,MARUTI,SWIFT DZIRE,VDI,850000.0,0,2025,2025-11-22,Ta-MAD,Sedan,Diesel,1248,1,0,0,1,1,149949,Private,,Alloy wheels,
VEH-13803,SRO92P62E236330039,KA83A9288,MARUTI,BALENO HATCHBACK,Delta 1.2,722000.0,2,2023,2023-09-28,Ma-NAG,Hatchback,Petrol,1197,0,1,1,1,1,70843,Private,Dent on door,Alloy wheels,
VEH-13804,QDB31W60E248098052,MH42A3306,MARUTI,VITARA BREZZA,ZDI PLUS,838004.76,7,2018,2018-02-21,Ta-COI,SUV,Diesel,1248,1,0,0,0,1,25484,Private,,Body kit,
VEH-13805,SYS28I59Z656763837,UP37B9156,HONDA,AMAZE,1.2 VXMT i-VTEC,586762.2,10,2015,2015-03-08,We-HOW,Sedan,Petrol,1199,0,1,0,0,0,137861,Private,,,
VEH-13806,VFK80S05D431703613,RJ09B6168,HONDA,AMAZE,1.2 VXMT i-VTEC,557424.09,11,2014,2014-07-05,Ka-BAN,Sedan,Petrol,1199,0,0,0,1,1,131107,Private,,,
VEH-13807,BWR77A83E790990625,RJ22D3061,HONDA,AMAZE,1.2 VXMT i-VTEC,980000.0,0,2025,2025-03-17,We-HOW,Sedan,Petrol,1199,1,0,1,0,0,52738,Private,Minor scratches,Alloy wheels,
VEH-13808,ECE12M45C162032734,RJ80B1611,MARUTI,DZIRE,VXI,800000.0,0,2025,2025-03-24,Ka-BAN,Sedan,Petrol,1197,0,0,0,1,0,10016,Private,,Alloy wheels,
VEH-13809,GJJ58D29Y376148511,KA01C7065,MARUTI,ALTO 800,LXI,227520.04,11,2014,2014-08-28,Ma-NAG,Hatchback,Petrol,796,0,1,0,0,1,144786,Private,,,
VEH-13810,UNY33P37X542943398,UP25C8462,HONDA,AMAZE,1.2 SMT i-VTEC,464394.3,8,2017,2017-01-07,Ma-MUM,Sedan,Petrol,1199,1,0,1,1,1,48628,Private,,,
VEH-13811,RGL89I25X439725704,RJ63A5655,MARUTI,SWIFT,VXI,570154.37,4,2021,2021-04-09,Ta-CHE,Hatchback,Petrol,1197,1,0,0,1,0,126166,Private,,Body kit,
VEH-13812,ZYR82F66Y053246183,WB28D4817,TOYOTA KIRLOSKAR,INNOVA CRYSTA,2.8 Z 7 STR,1350900.22,12,2013,2013-04-11,Ta-COI,MUV,Diesel,2755,0,0,0,1,1,49728,Private,Minor scratches,,
VEH-13813,LVE43M53F911907024,KA49D1808,MARUTI,ERTIGA,1.5 VXI CNG,693274.35,9,2016,2016-06-26,Ka-BAN,MUV,CNG,1462,0,0,1,0,0,27019,Private,Minor scratches,Body kit,
VEH-13814,IZK28J51W191048102,GJ25A3782,MARUTI,ERTIGA,1.5 VXI CNG,992750.0,2,2023,2023-04-19,Ka-BAN,MUV,CNG,1462,1,1,0,1,0,117419,Private,,Body kit,
VEH-13815,TMR81R75B162153468,KA81C8340,HONDA,CITY,1.5 V MT,841824.14,11,2014,2014-05-09,Ta-MAD,Sedan,Petrol,1498,1,0,0,1,1,124252,Private,Minor scratches,Body kit,
VEH-13816,EJK52B09T866263128,TN76B8328,MARUTI,WAGON R,1.0 LXI CNG,409662.12,9,2016,2016-02-18,Ta-COI,Hatchback,CNG,998,1,1,0,1,1,102720,Private,Dent on door,Body kit,
VEH-13817,YIJ88X59Y330309556,KA91A5309,MARUTI,ERTIGA,1.5 VXI CNG,625680.1,11,2014,2014-03-20,Ta-CHE,MUV,CNG,1462,1,1,0,0,1,100411,Private,Minor scratches,,2016-11-24
VEH-13818,VUR72K49T590727694,GJ84B1825,MARUTI,DZIRE,VXI,588073.51,6,2019,2019-01-14,Ma-PUN,Sedan,Petrol,1197,0,0,0,0,0,25659,Private,Dent on door,Alloy wheels,2021-02-13
VEH-13819,YET08Y50O563104854,TN53B3457,HONDA,AMAZE,VX PETROL,557424.09,11,2014,2014-12-06,Ta-MAD,Sedan,Petrol,1199,0,1,1,1,0,76819,Private,,Alloy wheels,
VEH-13820,KKB75L00Q767149298,DL14A3322,HYUNDAI,CRETA,1.5 E DIESEL,951750.55,5,2020,2020-01-19,Ma-NAG,SUV,Diesel,1493,1,0,0,1,0,112667,Private,,Body kit,
VEH-13821,XBG53S94Q862233344,MH55C5793,MARUTI,ALTO 800,LXI,342950.0,3,2022,2022-05-25,Ta-COI,Hatchback,Petrol,796,1,1,1,1,1,4745,Private,,Alloy wheels,2023-12-29
VEH-13822,WLG31J80A591305786,TN75D8422,MARUTI,BALENO HATCHBACK,Zeta 1.2,900000.0,0,2025,2025-09-11,Ka-MYS,Hatchback,Petrol,1197,1,1,0,0,1,83494,Private,,Body kit,2027-10-13
VEH-13823,WKS96P72M130957371,RJ32A2499,HYUNDAI,CRETA,1.4 E Plus,907838.48,7,2018,2018-04-11,Ka-MYS,SUV,Diesel,1582,1,1,0,1,1,117474,Private,,,
VEH-13824,VBL71C48B567302539,KA38D2679,HYUNDAI,CRETA,1.5 E DIESEL,775206.77,9,2016,2016-04-09,Ka-BAN,SUV,Diesel,1493,1,1,0,0,1,114793,Private,Dent on door,,
VEH-13825,RSR74P60V582901156,WB50D8098,MARUTI,BALENO HATCHBACK,Zeta 1.2,696402.84,5,2020,2020-07-19,Ka-BAN,Hatchback,Petrol,1197,1,1,0,1,0,60810,Private,,,
VEH-13826,SZE94T30E378400955,TN25B1602,MARUTI,SWIFT,VXI,359339.46,13,2012,2012-07-20,De-NEW,Hatchback,Petrol,1197,1,0,1,1,1,32211,Private,,,2013-12-29
VEH-13827,VMM02D24I610958990,TN58C7799,MARUTI,SWIFT,1.2 VXi BS IV,333672.35,13,2012,2012-12-05,Ka-BAN,Hatchback,Petrol,1197,1,0,0,0,1,31637,Private,Minor scratches,,
VEH-13828,CDL21A49U286932139,GJ29B1406,MARUTI,SWIFT,1.2 VXi BS IV,502957.61,5,2020,2020-10-04,De-GUR,Hatchback,Petrol,1197,0,0,0,0,1,128259,Private,,Body kit,
VEH-13829,WUP03G00Z447321924,TN45B3516,MARUTI,VITARA BREZZA,VDI,696591.45,8,2017,2017-11-16,Ka-MYS,SUV,Diesel,1248,0,1,0,0,0,100592,Private,,Alloy wheels,
VEH-13830,SBC13F12K636126042,WB40C1241,MARUTI,ALTO,K10 VXI,268221.24,14,2011,2011-02-18,We-KOL,Hatchback,Petrol,998,0,0,0,1,0,87019,Private,Minor scratches,Body kit,
VEH-13831,LHO81X17G343805515,RJ70C8964,MARUTI,VITARA BREZZA,VXI,773780.94,5,2020,2020-09-22,Ma-MUM,SUV,Petrol,1462,1,0,0,1,0,28479,Private,,Alloy wheels,
VEH-13832,UYT76I66A335675469,MH45A2857,MARUTI,DZIRE,VXI,685900.0,3,2022,2022-04-19,Ma-NAG,Sedan,Petrol,1197,0,1,0,1,0,62840,Private,,Body kit,
VEH-13833,KDA49R74Q286789378,DL17B9387,MARUTI,WAGON R,1.0 LXI CNG,617500.0,1,2024,2024-10-20,Ma-NAG,Hatchback,CNG,998,1,0,0,1,1,82319,Private,Minor scratches,,2026-07-14
VEH-13834,VRH43M07M418656696,DL30B9188,HONDA,AMAZE,1.2 VXMT i-VTEC,617644.42,9,2016,2016-10-25,Ka-MYS,Sedan,Petrol,1199,0,0,0,1,0,48312,Private,Dent on door,,2018-11-18
VEH-13835,CWW06G37N890503748,WB71C6890,MARUTI,ALTO,K10 VXI,447978.44,4,2021,2021-07-18,Ma-MUM,Hatchback,Petrol,998,1,1,1,1,0,72746,Private,,Alloy wheels,
VEH-13836,PCV42U19F068831912,GJ60D8571,TOYOTA KIRLOSKAR,INNOVA CRYSTA,2.4 ZX MT 7 STR,1985500.0,2,2023,2023-07-19,Ma-MUM,MUV,Diesel,2393,1,1,0,0,1,136716,Private,,Alloy wheels,
VEH-13837,NTY58E51L259182821,KA64B8897,MARUTI,SWIFT,1.2 VXi BS IV,431223.28,8,2017,2017-04-24,Ma-NAG,Hatchback,Petrol,1197,1,1,0,0,0,66462,Private,,,
VEH-13838,ALP08X89R365780951,DL92D9066,HONDA,AMAZE,1.2 SMT i-VTEC,378252.06,12,2013,2013-04-07,Ma-PUN,Sedan,Petrol,1199,0,1,0,1,1,25861,Private,,Alloy wheels,2015-01-23
VEH-13839,XFH93B34G100779335,KA02B6949,MARUTI,SWIFT,VDI (DIESEL),504199.53,9,2016,2016-11-16,Ma-PUN,Hatchback,Diesel,1248,1,0,0,1,0,76034,Private,,,
VEH-13840,OTJ13O49O753668244,GJ26D1261,HYUNDAI,GRAND I10 NIOS,SPORTZ 1.2 KAPPA VTVT,398160.06,11,2014,2014-01-07,Ma-MUM,Hatchback,Petrol,1197,1,1,1,0,0,63010,Private,,,
VEH-13841,NHS76Y37S445827274,UP48B1300,MARUTI,SWIFT,1.2 VXi BS IV,586625.0,2,2023,2023-10-01,Ka-BAN,Hatchback,Petrol,1197,0,0,0,0,0,109099,Private,,Body kit,
VEH-13842,XFG34H19D193555828,WB48D6164,HYUNDAI,CRETA,1.4 E Plus,739440.12,11,2014,2014-10-27,Ma-PUN,SUV,Diesel,1582,0,1,0,1,1,115228,Commercial,Minor scratches,,
VEH-13843,IPW37C97T102943244,RJ14D3345,MARUTI,BALENO HATCHBACK,Delta 1.2,432288.07,12,2013,2013-04-06,Ka-MYS,Hatchback,Petrol,1197,0,0,0,1,1,146333,Private,Dent on door,,
VEH-13844,IEF35Q04D368620349,DL43B3479,MARUTI,DZIRE,VXI,455040.07,11,2014,2014-12-21,De-NOI,Sedan,Petrol,1197,1,1,0,1,1,125167,Commercial,,Alloy wheels,
VEH-13845,VNM46K22L956196703,DL58D1519,MARUTI,DZIRE,VXI,619024.75,5,2020,2020-11-02,Ma-NAG,Sedan,Petrol,1197,1,1,0,1,0,132759,Private,Dent on door,,
VEH-13846,MSG23C91I091099527,MH15D5171,MARUTI,ALTO,K10 VXI,254810.18,15,2010,2010-12-19,Ta-COI,Hatchback,Petrol,998,0,0,0,1,1,20753,Private,Dent on door,Body kit,
VEH-13847,HPS98N40A633941305,RJ89D9259,MAHINDRA,THAR,LX HARD TOP AT 4STR DIESEL,1615000.0,1,2024,2024-07-25,Ta-MAD,SUV,Diesel,2184,1,1,0,0,0,71531,Private,,,
VEH-13848,PQA43G48Y079242792,TN97C1170,MARUTI,WAGON R,1.0 VXI,308005.25,13,2012,2012-02-21,Ma-PUN,Hatchback,Petrol,998,0,1,0,0,1,138148,Private,Dent on door,Alloy wheels,
VEH-13849,WPQ14D74C836248724,WB54B9367,MARUTI,ERTIGA,1.5 VXI CNG,808601.08,6,2019,2019-07-19,De-GUR,MUV,CNG,1462,1,1,0,0,1,146277,Private,,Alloy wheels,
VEH-13850,MFY18A27J505089398,GJ10A8147,MARUTI,WAGON R,1.0 VXI,541500.0,2,2023,2023-11-15,Ta-MAD,Hatchback,Petrol,998,1,1,0,1,1,118578,Commercial,,Alloy wheels,
VEH-13851,XOR87Z76H206107245,RJ14B2582,HONDA,AMAZE,1.2 VXMT i-VTEC,529552.89,12,2013,2013-12-06,Ta-CHE,Sedan,Petrol,1199,1,1,0,1,1,34589,Private,,,2015-11-30
VEH-13852,SJO96D61J599431973,TN73B1903,MARUTI,VITARA BREZZA,VDI,696591.45,8,2017,2017-04-08,Ma-PUN,SUV,Diesel,1248,1,0,0,1,0,131368,Private,,Alloy wheels,
VEH-13853,SZN63W09H111038302,MH52A9687,TOYOTA KIRLOSKAR,INNOVA CRYSTA,2.8 Z 7 STR,2375000.0,1,2024,2024-05-22,Ta-COI,MUV,Diesel,2755,0,1,0,0,1,9673,Private,,Body kit,
VEH-13854,WTS08G02K597278550,RJ20B3990,MARUTI,ALTO,K10 VXI,297198.05,12,2013,2013-04-12,Ma-PUN,Hatchback,Petrol,998,0,0,1,1,0,92463,Private,,Body kit,2014-10-23
VEH-13855,LYN93V83T923970677,DL40C9714,MAHINDRA,SCORPIO,S11 2WD 7STR,1134448.94,9,2016,2016-10-27,Ka-BAN,SUV,Diesel,2184,0,0,1,1,0,101183,Private,,Alloy wheels,2018-04-21
VEH-13856,CZK85S39T475656756,TN14B6803,HONDA,AMAZE,1.2 SMT i-VTEC,359339.46,13,2012,2012-04-09,Ta-CHE,Sedan,Petrol,1199,0,0,0,1,0,148917,Private,Minor scratches,Body kit,
VEH-13857,XRF63D65H726706972,GJ05D7026,HYUNDAI,CRETA,1.5 E DIESEL,736446.44,10,2015,2015-11-04,Ma-PUN,SUV,Diesel,1493,1,1,0,1,0,101243,Private,Dent on door,,2018-05-07
VEH-13858,QOP92J74X295517305,WB22D3823,MAHINDRA,SCORPIO,S9 2WD 7STR,1176147.02,6,2019,2019-12-22,Ka-MYS,SUV,Diesel,2184,0,0,0,1,1,106350,Private,Dent on door,,
VEH-13859,JIH09S08L986458139,WB02A7057,HONDA,CITY,1.5 V MT,1268915.0,3,2022,2022-07-14,Ma-NAG,Sedan,Petrol,1498,1,1,0,1,0,9105,Private,Dent on door,,2024-02-25
VEH-13860,PQV61A21G260647587,KA20D8102,MARUTI,VITARA BREZZA,VXI,513342.08,13,2012,2012-06-01,Ka-MYS,SUV,Petrol,1462,0,1,0,1,0,60441,Private,Dent on door,,
VEH-13861,RML05M12L461210098,DL57B4685,MARUTI,SWIFT,VDI (DIESEL),455040.07,11,2014,2014-07-04,Ka-BAN,Hatchback,Diesel,1248,0,1,0,1,0,61904,Private,,Body kit,
VEH-13862,ZLQ31Q58I251061428,RJ06B2344,MARUTI,SWIFT,VXI,441174.59,9,2016,2016-05-03,Ma-PUN,Hatchback,Petrol,1197,0,0,0,1,0,134610,Commercial,Minor scratches,,
VEH-13863,JVK49M16R427801978,WB12C7815,MARUTI,WAGON R,1.0 VXI,541500.0,2,2023,2023-09-19,De-GUR,Hatchback,Petrol,998,0,1,0,1,0,85522,Private,,Alloy wheels,
VEH-13864,XQX11J01H090928431,RJ11B7714,MARUTI,DZIRE,VXI,410673.67,13,2012,2012-02-20,Ma-MUM,Sedan,Petrol,1197,1,0,1,1,1,19821,Private,,,
VEH-13865,CDI56I09F969648577,RJ08C6197,MARUTI,ALTO 800,LXI,309512.37,5,2020,2020-04-26,Ma-NAG,Hatchback,Petrol,796,1,0,0,1,1,117287,Private,Dent on door,,
VEH-13866,WCW06J23L308960719,DL30A1762,MARUTI,DZIRE,VXI,651605.0,4,2021,2021-08-26,Ma-PUN,Sedan,Petrol,1197,1,0,0,1,1,96429,Private,,,2024-04-10
VEH-13867,GWP53F73N889488653,UP15D1323,HYUNDAI,VENUE,1.2 S PETROL,459306.07,12,2013,2013-05-12,Ma-MUM,SUV,Petrol,1197,1,0,0,1,0,44896,Private,,,
VEH-13868,EKU70C97S735374699,UP67C3821,MARUTI,VITARA BREZZA,ZDI PLUS,648432.11,12,2013,2013-09-11,Ka-BAN,SUV,Diesel,1248,1,0,1,0,0,70294,Private,Minor scratches,Alloy wheels,
VEH-13869,INN31M54V247497787,WB17B9958,MARUTI,SWIFT DZIRE,VDI,807500.0,1,2024,2024-12-04,Ta-MAD,Sedan,Diesel,1248,1,0,0,1,0,128635,Private,Dent on door,Body kit,
VEH-13870,EXY65A63T582098231,WB61C6429,MARUTI,ALTO 800,LXI,252099.76,9,2016,2016-07-12,Ta-COI,Hatchback,Petrol,796,1,1,0,0,0,137815,Private,Minor scratches,,
VEH-13871,ZZN56W62P068088841,WB74D5843,MARUTI,SWIFT DZIRE,VDI,657713.8,5,2020,2020-09-13,Ma-NAG,Sedan,Diesel,1248,0,1,0,1,1,75388,Private,,,
VEH-13872,RJU27F13X304934160,GJ74D3357,HYUNDAI,GRAND I10 NIOS,SPORTZ 1.2 KAPPA VTVT,488836.11,7,2018,2018-08-01,Ka-MYS,Hatchback,Petrol,1197,1,1,0,1,0,58189,Private,Minor scratches,,
VEH-13873,OSO68N70I085182600,GJ35A5203,TOYOTA KIRLOSKAR,INNOVA CRYSTA,2.4 ZX MT 7 STR,1317221.27,10,2015,2015-05-21,Ka-MYS,MUV,Diesel,2393,0,1,0,1,1,55382,Private,,,
VEH-13874,EQH99B64J498538423,UP21C8937,TOYOTA KIRLOSKAR,INNOVA CRYSTA,2.8 ZX AT 7 STR,1267954.95,14,2011,2011-02-04,Ma-PUN,MUV,Diesel,2755,1,0,0,1,1,62759,Private,,,
VEH-13875,KEO11I22N249055335,GJ02A5089,HYUNDAI,VENUE,1.2 S PETROL,414523.73,14,2011,2011-07-20,Ta-CHE,SUV,Petrol,1197,1,1,0,0,0,49063,Private,,Body kit,
VEH-13876,YGH77X64D974811500,DL43A3472,MARUTI,SWIFT,VDI (DIESEL),619024.75,5,2020,2020-01-24,Ma-NAG,Hatchback,Diesel,1248,1,1,0,0,0,70712,Private,,Alloy wheels,
VEH-13877,BGK83P34R648435589,UP81A8167,MARUTI,SWIFT,VDI (DIESEL),504199.53,9,2016,2016-05-09,We-KOL,Hatchback,Diesel,1248,0,0,1,1,0,74793,Private,,,
VEH-13878,UDH46J07O419849510,TN92A4790,MARUTI,WAGON R,1.0 VXI,378149.65,9,2016,2016-10-25,Ma-PUN,Hatchback,Petrol,998,0,1,0,1,1,36735,Private,,Body kit,
VEH-13879,SZJ37E65Y489942589,MH52D5006,MARUTI,SWIFT,1.2 VXi BS IV,650000.0,0,2025,2025-11-03,Ka-MYS,Hatchback,Petrol,1197,1,1,0,0,1,89828,Private,Minor scratches,,
VEH-13880,VQM97C51Z512600079,GJ14C2811,MARUTI,SWIFT,VXI,378252.06,12,2013,2013-09-23,Ma-MUM,Hatchback,Petrol,1197,1,0,0,1,0,87517,Private,Dent on door,,
VEH-13881,KUD57Q27R175666687,RJ27B7973,MARUTI,ERTIGA,1.5 VXI CNG,693274.35,9,2016,2016-07-14,De-NOI,MUV,CNG,1462,0,1,0,0,0,40393,Private,,,
VEH-13882,NZO30L70H347453487,KA32B9262,MARUTI,VITARA BREZZA,VDI,812469.98,5,2020,2020-01-19,Ta-CHE,SUV,Diesel,1248,0,0,0,0,1,59713,Private,,,2022-07-18
VEH-13883,AEN87D00S218252713,RJ24B9803,MARUTI,ALTO,K10 VXI,364881.24,8,2017,2017-03-22,Ta-CHE,Hatchback,Petrol,998,1,1,1,1,1,141665,Private,,Alloy wheels,2018-11-15
VEH-13884,UJY00H55Z621741715,GJ58B3351,HONDA,AMAZE,1.2 VXMT i-VTEC,477921.48,14,2011,2011-10-06,Ta-COI,Sedan,Petrol,1199,0,0,0,1,0,124917,Private,Minor scratches,,2014-04-28
VEH-13885,ZBX31N48S953483473,DL26C9517,MARUTI,ALTO 800,LXI,265368.17,8,2017,2017-11-16,Ka-BAN,Hatchback,Petrol,796,1,0,0,1,1,40437,Commercial,,,
VEH-13886,VXL97T42R804099721,UP16A9614,MARUTI,VITARA BREZZA,VXI,773780.94,5,2020,2020-10-23,Ma-MUM,SUV,Petrol,1462,0,1,1,0,0,4343,Private,,,
VEH-13887,FUO06I11R427747259,TN14B6531,MARUTI,VITARA BREZZA,VDI,812469.98,5,2020,2020-05-09,Ma-PUN,SUV,Diesel,1248,0,0,0,1,0,54566,Private,Minor scratches,,2021-06-08
VEH-13888,TNI02X87Y890847478,UP58C5604,HYUNDAI,CRETA,1.5 E DIESEL,951750.55,5,2020,2020-12-28,Ka-BAN,SUV,Diesel,1493,1,0,0,0,0,110248,Private,Dent on door,,
VEH-13889,TQE72Y12O426584325,KA20D9973,MAHINDRA,SCORPIO,S11 2WD 7STR,1800000.0,0,2025,2025-07-23,Ka-BAN,SUV,Diesel,2184,0,0,1,0,0,31091,Private,,Alloy wheels,
VEH-13890,GJS06I85M625695320,WB64A2546,MARUTI,ERTIGA,1.5 VXI CNG,1100000.0,0,2025,2025-03-04,Ta-COI,MUV,CNG,1462,1,1,0,0,0,78891,Private,,Body kit,
VEH-13891,QZG92F05V607551636,RJ63D8104,MARUTI,VITARA BREZZA,VXI,598736.94,10,2015,2015-04-24,De-GUR,SUV,Petrol,1462,1,1,0,0,0,130074,Private,,,
VEH-13892,PXR44K21N700876218,KA29B2390,HONDA,AMAZE,1.2 VXMT i-VTEC,454025.41,15,2010,2010-01-16,Ka-BAN,Sedan,Petrol,1199,1,1,0,1,1,147643,Private,Minor scratches,,
VEH-13893,IAQ29G58I113279297,RJ06B5608,MARUTI,SWIFT DZIRE,VDI,483480.08,11,2014,2014-01-13,De-NEW,Sedan,Diesel,1248,0,0,0,1,1,145309,Private,Minor scratches,Body kit,
VEH-13894,PWP73K95R490063184,GJ37A6078,MARUTI,SWIFT,1.2 VXi BS IV,301139.3,15,2010,2010-12-25,Ma-PUN,Hatchback,Petrol,1197,0,0,0,1,0,44001,Private,,,
VEH-13895,JDA19K75G024598683,RJ80B9659,MARUTI,ALTO 800,LXI,195069.99,14,2011,2011-02-25,Ka-MYS,Hatchback,Petrol,796,1,1,0,1,1,66789,Private,,,2012-05-02
VEH-13896,CXD80C49I902895455,RJ98C9069,MARUTI,BALENO HATCHBACK,Zeta 1.2,438907.48,14,2011,2011-11-21,We-HOW,Hatchback,Petrol,1197,0,1,0,1,1,131393,Private,Dent on door,Alloy wheels,
VEH-13897,HVB11T64C263215157,WB35B7244,MARUTI,ALTO 800,LXI,309512.37,5,2020,2020-03-09,Ma-PUN,Hatchback,Petrol,796,0,1,1,0,1,50028,Private,Minor scratches,,2022-08-21
VEH-13898,ZYT77V58N427792669,WB57B3929,MARUTI,BALENO HATCHBACK,Delta 1.2,800000.0,0,2025,2025-11-22,De-NEW,Hatchback,Petrol,1197,1,1,0,0,0,52951,Private,,Body kit,2027-03-20
VEH-13899,ADS17Y52A111077066,TN46A4317,MARUTI,BALENO HATCHBACK,Delta 1.2,800000.0,0,2025,2025-06-27,Ma-NAG,Hatchback,Petrol,1197,0,0,1,0,0,11380,Private,,,
VEH-13900,RPB57I79W222454904,GJ84C9098,HYUNDAI,CRETA,1.4 E Plus,602278.6,15,2010,2010-09-01,Ta-CHE,SUV,Diesel,1582,1,1,1,0,0,37812,Private,Dent on door,,
VEH-13901,ATF05K57U784194948,GJ64D9887,MARUTI,ERTIGA,1.5 VXI CNG,509620.35,15,2010,2010-09-17,De-NEW,MUV,CNG,1462,0,0,0,0,0,13277,Private,Dent on door,Body kit,
VEH-13902,RMY83W90N603185492,GJ56D5556,MARUTI,DZIRE,VXI,530736.35,8,2017,2017-07-27,De-NOI,Sedan,Petrol,1197,0,0,0,1,0,55030,Commercial,,,
VEH-13903,KFD85H88O478000569,MH78C6676,MARUTI,SWIFT,1.2 VXi BS IV,389179.01,10,2015,2015-08-05,Ka-BAN,Hatchback,Petrol,1197,1,0,0,1,1,122007,Private,Minor scratches,,
VEH-13904,YJB39U53O825410880,RJ28A5194,HYUNDAI,VENUE,1.2 S PETROL,624828.11,6,2019,2019-02-23,Ma-NAG,SUV,Petrol,1197,1,1,0,0,1,134735,Private,Minor scratches,Alloy wheels,
VEH-13905,XGM00K98I249283776,DL60D8043,HONDA,AMAZE,1.2 SMT i-VTEC,570154.37,4,2021,2021-03-21,Ma-NAG,Sedan,Petrol,1199,0,1,0,1,1,124192,Private,Dent on door,Alloy wheels,2023-04-18
VEH-13906,NWE59A79J292559232,GJ97C7722,MARUTI,ALTO 800,LXI,195069.99,14,2011,2011-04-15,Ta-MAD,Hatchback,Petrol,796,0,0,1,1,0,144191,Private,Dent on door,Alloy wheels,
VEH-13907,PUN78U03R577223533,MH14D8711,MAHINDRA,SCORPIO,S9 2WD 7STR,1444000.0,2,2023,2023-05-28,We-KOL,SUV,Diesel,2184,1,1,1,1,1,138832,Private,,,2024-12-03
VEH-13908,SZS13V89K626689079,KA02C5922,MAHINDRA,SCORPIO,S5 2WD 7STR,731512.47,14,2011,2011-07-24,We-HOW,SUV,Diesel,2184,0,1,0,0,1,123898,Private,Dent on door,,
VEH-13909,MXO50S14H995221897,KA39D6916,HONDA,AMAZE,1.5 SMT i-DTEC,436340.77,13,2012,2012-08-07,De-NEW,Sedan,Diesel,1498,1,1,1,1,0,131989,Private,,Body kit,
VEH-13910,HIL79W28I749301348,GJ74A5590,HONDA,CITY,1.5 V MT,981862.24,8,2017,2017-09-01,Ma-PUN,Sedan,Petrol,1498,0,1,0,1,0,140944,Private,,Alloy wheels,
VEH-13911,GSJ20Z78H225881398,KA13B5103,MARUTI,ALTO,K10 VXI,254810.18,15,2010,2010-09-07,Ma-NAG,Hatchback,Petrol,998,0,0,0,1,1,114774,Private,,Alloy wheels,
VEH-13912,PGU38I08H322476331,TN60B5705,MARUTI,BALENO HATCHBACK,Delta 1.2,504199.53,9,2016,2016-06-13,Ta-COI,Hatchback,Petrol,1197,0,1,0,1,1,9067,Private,,Body kit,2018-11-19
VEH-13913,YML98D23H230895282,DL68B3560,HYUNDAI,CRETA,1.4 E Plus,819324.23,9,2016,2016-03-05,We-KOL,SUV,Diesel,1582,0,0,1,1,0,118804,Private,Minor scratches,Alloy wheels,
VEH-13914,JZP19M81U272051039,DL81A9759,HONDA,AMAZE,1.5 SMT i-DTEC,593586.7,7,2018,2018-01-14,Ma-MUM,Sedan,Diesel,1498,1,0,0,1,0,83748,Private,,Body kit,
VEH-13915,OKM53N72S201833113,GJ43D5130,TOYOTA KIRLOSKAR,INNOVA CRYSTA,2.8 GX AT 7 STR,1308240.21,11,2014,2014-02-16,De-GUR,MUV,Diesel,2755,1,1,0,0,0,55371,Commercial,,Body kit,
VEH-13916,SHF54P09C223040866,UP16D4257,MARUTI,BALENO HATCHBACK,Delta 1.2,619024.75,5,2020,2020-08-19,Ta-MAD,Hatchback,Petrol,1197,0,0,0,0,1,27207,Private,,Alloy wheels,
VEH-13917,XJN15K39S203894015,TN25D9853,HONDA,AMAZE,1.5 SMT i-DTEC,807500.0,1,2024,2024-05-23,Ta-MAD,Sedan,Diesel,1498,0,0,0,1,0,17881,Private,,Alloy wheels,
VEH-13918,UGD16T31D640361063,KA41C7181,MARUTI,ALTO 800,LXI,265368.17,8,2017,2017-02-05,De-NEW,Hatchback,Petrol,796,0,0,0,1,1,69223,Commercial,Minor scratches,Body kit,
VEH-13919,VHV10V20L779840983,MH46C3275,MARUTI,SWIFT DZIRE,VDI,436340.77,13,2012,2012-05-21,Ka-MYS,Sedan,Diesel,1248,0,0,1,1,1,145296,Private,,Alloy wheels,2013-05-24
VEH-13920,WJA83Y93G739583094,DL16B7843,MARUTI,ALTO 800,LXI,252099.76,9,2016,2016-12-03,Ma-MUM,Hatchback,Petrol,796,1,1,1,0,0,144010,Commercial,Minor scratches,Alloy wheels,
VEH-13921,FOG10K25Y267339385,DL79B9563,MARUTI,SWIFT,VDI (DIESEL),760000.0,1,2024,2024-10-09,Ma-MUM,Hatchback,Diesel,1248,0,1,0,1,1,33364,Private,,,2026-06-29
VEH-13922,WMB60W75J372548451,WB43A9660,MARUTI,BALENO HATCHBACK,Zeta 1.2,462007.87,13,2012,2012-03-06,Ta-COI,Hatchback,Petrol,1197,0,0,0,1,1,83524,Private,Dent on door,,
VEH-13923,JBA26G65O474058228,MH88A8959,HONDA,AMAZE,1.2 VXMT i-VTEC,840227.5,3,2022,2022-03-13,Ka-MYS,Sedan,Petrol,1199,0,1,0,1,1,111387,Commercial,Minor scratches,Body kit,2023-08-29
VEH-13924,BKQ09Z78W740663980,DL11C5403,HONDA,AMAZE,1.5 SMT i-DTEC,535712.0,9,2016,2016-05-22,We-KOL,Sedan,Diesel,1498,1,0,0,1,0,14074,Private,Dent on door,,
VEH-13925,KUA58X73T499946491,MH53B9566,HONDA,CITY,1.5 V MT,1480000.0,0,2025,2025-09-04,De-GUR,Sedan,Petrol,1498,1,1,0,1,1,54595,Private,Minor scratches,Alloy wheels,
VEH-13926,NPK75F56I031221451,WB85A2038,MARUTI,SWIFT,1.2 VXi BS IV,351234.06,12,2013,2013-12-27,Ka-BAN,Hatchback,Petrol,1197,1,0,1,1,1,56447,Private,Minor scratches,Body kit,2015-07-17
VEH-13927,XNS01A65G573263716,GJ26A6418,TOYOTA KIRLOSKAR,INNOVA CRYSTA,2.4 V 8S,1194480.19,11,2014,2014-07-22,Ta-CHE,MUV,Diesel,2393,0,0,1,1,1,1379,Private,,Alloy wheels,
VEH-13928,HZQ88B03T029647756,RJ79D2224,MARUTI,VITARA BREZZA,VDI,733254.16,7,2018,2018-04-14,Ma-NAG,SUV,Diesel,1248,1,0,0,1,0,13914,Private,,,
VEH-13929,IQP58S49L994223862,KA63D3958,MARUTI,SWIFT,VDI (DIESEL),370632.98,15,2010,2010-05-13,De-NEW,Hatchback,Diesel,1248,0,1,0,1,1,38588,Private,,,
VEH-13930,XIA52Y79X525047987,KA32A8168,TOYOTA KIRLOSKAR,INNOVA CRYSTA,2.8 ZX AT 7 STR,1204557.2,15,2010,2010-08-17,Ta-CHE,MUV,Diesel,2755,1,1,0,1,0,57990,Private,Minor scratches,,
VEH-13931,SDV57K66Q586486629,MH38D4033,MARUTI,ALTO 800,LXI,325802.5,4,2021,2021-11-13,We-HOW,Hatchback,Petrol,796,1,1,1,1,0,122823,Private,,,
VEH-13932,CKP55D93B785023361,WB01D8503,MARUTI,BALENO HATCHBACK,Zeta 1.2,438907.48,14,2011,2011-03-28,De-NOI,Hatchback,Petrol,1197,0,0,0,1,0,142579,Private,Dent on door,,2013-06-26
VEH-13933,BUE31H57Q684025558,DL12C6326,HONDA,CITY,1.5 V MT,721758.97,14,2011,2011-01-24,De-GUR,Sedan,Petrol,1498,1,0,1,1,0,89051,Private,Minor scratches,,
VEH-13934,WAP61R79C280151708,UP27B7654,MARUTI,ALTO,K10 VXI,282338.15,13,2012,2012-08-21,We-KOL,Hatchback,Petrol,998,1,0,0,0,1,93542,Private,,,
VEH-13935,UWF82T07V907392597,KA37D2206,MARUTI,ALTO,K10 VXI,254810.18,15,2010,2010-06-24,We-KOL,Hatchback,Petrol,998,0,1,1,0,0,53670,Private,,,
VEH-13936,TTG74J00X147566263,TN60D2667,MARUTI,ALTO,K10 VXI,329305.32,10,2015,2015-10-03,De-NEW,Hatchback,Petrol,998,1,1,0,1,0,96764,Private,,Alloy wheels,
VEH-13937,NKT01G12C546669166,MH82B5625,MARUTI,SWIFT DZIRE,VDI,393797.55,15,2010,2010-11-07,De-GUR,Sedan,Diesel,1248,0,0,0,0,0,96224,Private,,,2012-09-13
VEH-13938,TSM74Y51X320618342,TN78D6287,MARUTI,ERTIGA,1.5 VXI CNG,992750.0,2,2023,2023-04-24,Ka-MYS,MUV,CNG,1462,1,1,0,1,1,21868,Private,,,
VEH-13939,ASS77O34S996908435,MH38C7643,HONDA,AMAZE,1.2 VXMT i-VTEC,884450.0,2,2023,2023-03-03,Ta-MAD,Sedan,Petrol,1199,1,1,0,1,1,24232,Private,,,
VEH-13940,HFH85T93Y276705980,KA41D2315,MARUTI,SWIFT DZIRE,VDI,436340.77,13,2012,2012-12-25,De-GUR,Sedan,Diesel,1248,0,0,0,1,0,65748,Private,Dent on door,,
VEH-13941,JFB42G99U565194432,GJ66D6784,HONDA,AMAZE,1.2 SMT i-VTEC,570154.37,4,2021,2021-10-28,Ma-PUN,Sedan,Petrol,1199,1,0,0,0,0,11133,Private,Minor scratches,Alloy wheels,
VEH-13942,AIC24F32O956659552,UP91D7945,HYUNDAI,VENUE,1.2 S PETROL,483480.08,11,2014,2014-08-20,Ka-MYS,SUV,Petrol,1197,0,0,0,0,0,1276,Private,Minor scratches,,
VEH-13943,GEQ40C12K073541861,GJ19D7846,HONDA,AMAZE,1.2 VXMT i-VTEC,684370.55,7,2018,2018-11-13,Ta-CHE,Sedan,Petrol,1199,0,0,0,1,0,73198,Private,Minor scratches,,
VEH-13944,CAZ57G05G939317823,WB43B9315,TOYOTA KIRLOSKAR,INNOVA CRYSTA,2.8 GX AT 7 STR,1242828.2,12,2013,2013-07-24,We-HOW,MUV,Diesel,2755,0,0,0,1,0,49483,Private,Dent on door,,
VEH-13945,BRE95Q03Z349167274,DL31A6647,MARUTI,BALENO HATCHBACK,Zeta 1.2,812250.0,2,2023,2023-09-22,Ma-MUM,Hatchback,Petrol,1197,1,1,0,0,1,53521,Private,,Alloy wheels,
VEH-13946,FVR35S53G191228448,GJ07B6927,HONDA,AMAZE,VX PETROL,557424.09,11,2014,2014-11-23,Ma-PUN,Sedan,Petrol,1199,1,1,0,1,1,85508,Private,Dent on door,Body kit,
VEH-13947,LJQ36Y47F034424860,WB88C6208,HYUNDAI,GRAND I10 NIOS,SPORTZ 1.2 KAPPA VTVT,514564.32,6,2019,2019-07-12,We-HOW,Hatchback,Petrol,1197,0,1,0,1,1,146063,Private,,,
VEH-13948,JPL23C77R977683736,TN36C9465,MARUTI,SWIFT DZIRE,VDI,692330.31,4,2021,2021-12-23,De-GUR,Sedan,Diesel,1248,1,0,0,1,0,40696,Commercial,Minor scratches,,
VEH-13949,GBA13N49X506525920,MH59D8346,MARUTI,VITARA BREZZA,ZDI PLUS,977407.5,4,2021,2021-07-18,Ma-MUM,SUV,Diesel,1248,1,0,0,1,1,122662,Private,,Alloy wheels,
VEH-13950,KLI28W67A780566516,KA27C9620,HONDA,AMAZE,1.2 SMT i-VTEC,324303.86,15,2010,2010-11-16,De-GUR,Sedan,Petrol,1199,1,0,1,0,0,1136,Private,,Body kit,
VEH-13951,PSY01B72N085547168,WB69A4325,HYUNDAI,GRAND I10,SPORTZ 1.2 KAPPA VTVT,383191.64,10,2015,2015-08-22,De-NOI,Hatchback,Petrol,1197,1,0,0,0,1,145546,Private,Dent on door,Body kit,2018-02-21
VEH-13952,XNO89W89I648015694,MH02D6482,HYUNDAI,CRETA,1.5 E DIESEL,1110075.0,2,2023,2023-05-26,Ma-MUM,SUV,Diesel,1493,0,0,0,1,0,114427,Private,Dent on door,,
VEH-13953,SMS49Z81K616500703,WB65A5577,MARUTI,BALENO HATCHBACK,Delta 1.2,370632.98,15,2010,2010-12-09,Ka-BAN,Hatchback,Petrol,1197,0,1,0,1,1,21742,Private,,,
VEH-13954,EBS16J19F432045340,MH22A2981,MARUTI,SWIFT,1.2 VXi BS IV,477809.73,6,2019,2019-01-21,De-NOI,Hatchback,Petrol,1197,0,1,0,0,0,24115,Commercial,Minor scratches,,
VEH-13955,SLF52U42H763477697,KA86D4574,HYUNDAI,CRETA,1.5 E DIESEL,904163.03,6,2019,2019-04-21,Ka-MYS,SUV,Diesel,1493,1,1,0,0,0,20751,Private,,Body kit,2021-11-17
VEH-13956,XRJ08B93Q500067701,UP85A3804,MARUTI,SWIFT DZIRE,VDI,624828.11,6,2019,2019-11-08,Ka-BAN,Sedan,Diesel,1248,1,1,0,1,0,29085,Private,Dent on door,Alloy wheels,
VEH-13957,FHZ25W96E942331346,DL06D9721,HYUNDAI,GRAND I10,SPORTZ 1.2 KAPPA VTVT,383191.64,10,2015,2015-05-12,Ta-COI,Hatchback,Petrol,1197,0,0,1,1,1,116425,Private,Dent on door,Body kit,
VEH-13958,ZDU34M01M170366446,TN05C2043,MARUTI,VITARA BREZZA,VDI,486455.79,15,2010,2010-05-07,Ta-MAD,SUV,Diesel,1248,1,1,0,0,0,99244,Private,,Body kit,
VEH-13959,MLL68D53E789262476,KA63A5902,MARUTI,SWIFT,1.2 VXi BS IV,301139.3,15,2010,2010-08-25,Ma-PUN,Hatchback,Petrol,1197,0,1,0,0,1,29460,Commercial,Dent on door,,
VEH-13960,QTZ33W00U656116047,DL54B3158,MARUTI,WAGON R,1.0 LXI CNG,529429.06,4,2021,2021-07-10,De-NOI,Hatchback,CNG,998,0,0,0,1,0,77147,Private,,,
VEH-13961,MMQ86N85L061566063,GJ61B6161,MARUTI,ERTIGA,1.5 VXI CNG,594396.1,12,2013,2013-05-28,Ma-MUM,MUV,CNG,1462,1,1,0,0,1,80933,Private,,Alloy wheels,
VEH-13962,CQJ18E36D625811872,RJ23C3198,MARUTI,BALENO HATCHBACK,Zeta 1.2,567224.47,9,2016,2016-05-02,Ma-MUM,Hatchback,Petrol,1197,1,1,1,1,0,142784,Private,Minor scratches,,
VEH-13963,VJK40E79B005375193,KA44A3938,MARUTI,SWIFT,1.2 VXi BS IV,586625.0,2,2023,2023-12-05,De-NEW,Hatchback,Petrol,1197,0,1,0,1,0,148751,Private,,Body kit,
VEH-13964,XAH67F90N849670988,KA66B3116,MARUTI,BALENO HATCHBACK,Delta 1.2,390139.98,14,2011,2011-07-28,We-HOW,Hatchback,Petrol,1197,0,1,1,1,0,105440,Private,,,
VEH-13965,BQH59U67A540445735,DL77B3654,MARUTI,ALTO 800,LXI,252099.76,9,2016,2016-12-06,Ma-MUM,Hatchback,Petrol,796,0,1,1,1,1,60103,Private,Minor scratches,,2018-09-11
VEH-13966,QOZ99R60V758316812,KA27C7393,MARUTI,VITARA BREZZA,VDI,812469.98,5,2020,2020-07-26,Ta-COI,SUV,Diesel,1248,0,1,0,0,1,61699,Private,Minor scratches,Body kit,
VEH-13967,VQL31O20U901944493,DL64B3361,MARUTI,SWIFT,VXI,541646.66,5,2020,2020-12-17,Ta-CHE,Hatchback,Petrol,1197,0,1,0,1,0,140283,Private,,,
VEH-13968,BBN62G44N774041004,UP67A4946,HYUNDAI,GRAND I10,SPORTZ 1.2 KAPPA VTVT,577600.0,2,2023,2023-10-14,De-NOI,Hatchback,Petrol,1197,0,1,1,1,0,104512,Private,Dent on door,Body kit,
VEH-13969,ELV14R26Z991225447,UP06D2897,MARUTI,SWIFT,VDI (DIESEL),530736.35,8,2017,2017-06-12,Ma-MUM,Hatchback,Diesel,1248,1,0,0,0,0,35038,Private,Minor scratches,,
VEH-13970,EFB50Y82Q880111619,MH09B9110,MARUTI,VITARA BREZZA,ZDI PLUS,756299.29,9,2016,2016-02-21,Ma-PUN,SUV,Diesel,1248,0,1,0,1,0,145182,Private,,,
VEH-13971,EMN84Y44M058145328,WB99A6912,HONDA,AMAZE,1.2 SMT i-VTEC,488836.11,7,2018,2018-11-26,We-KOL,Sedan,Petrol,1199,0,0,0,1,1,83153,Private,,,
VEH-13972,JTL79D73H068218188,WB01B6295,MARUTI,VITARA BREZZA,VXI,598736.94,10,2015,2015-02-10,We-HOW,SUV,Petrol,1462,1,1,0,1,1,19525,Private,Minor scratches,Body kit,
VEH-13973,JDL28D48D094367183,UP81D8050,MARUTI,ERTIGA,1.5 VXI CNG,536442.48,14,2011,2011-04-28,Ma-MUM,MUV,CNG,1462,1,0,0,1,1,45157,Private,,Body kit,
VEH-13974,HKY14E10S118604622,UP59C5142,MARUTI,VITARA BREZZA,ZDI PLUS,555949.48,15,2010,2010-11-13,Ta-CHE,SUV,Diesel,1248,1,1,0,0,1,118365,Private,Minor scratches,,
VEH-13975,IKB30E80A274004494,RJ60B6524,MARUTI,ALTO 800,LXI,400000.0,0,2025,2025-08-01,Ka-MYS,Hatchback,Petrol,796,1,0,0,1,1,40432,Commercial,Minor scratches,,
VEH-13976,BRH31S14F121400382,DL56B8984,HYUNDAI,CRETA,1.4 E Plus,667344.71,13,2012,2012-04-23,Ma-MUM,SUV,Diesel,1582,1,0,1,0,0,83384,Private,,,
VEH-13977,BUE75C89W395816227,GJ98B1364,MARUTI,ALTO 800,LXI,195069.99,14,2011,2011-02-07,We-HOW,Hatchback,Petrol,796,0,1,0,1,0,67800,Private,,,
VEH-13978,KMQ60L19O816063876,WB37A6643,MARUTI,BALENO HATCHBACK,Zeta 1.2,812250.0,2,2023,2023-09-05,We-HOW,Hatchback,Petrol,1197,0,1,0,0,1,96917,Private,,Body kit,
VEH-13979,KTC93W25K212050029,RJ99C2389,HONDA,AMAZE,1.2 SMT i-VTEC,631750.0,2,2023,2023-05-14,Ka-MYS,Sedan,Petrol,1199,1,0,1,1,1,2856,Private,Minor scratches,,
VEH-13980,IVL13Y57G846278453,UP45C4804,HYUNDAI,GRAND I10,SPORTZ 1.2 KAPPA VTVT,608000.0,1,2024,2024-03-01,Ka-BAN,Hatchback,Petrol,1197,1,1,0,1,0,115858,Private,Dent on door,,
VEH-13981,ACP44D07J839851618,MH91B7371,MARUTI,SWIFT,1.2 VXi BS IV,617500.0,1,2024,2024-02-10,Ta-MAD,Hatchback,Petrol,1197,1,0,1,1,0,88109,Private,,Body kit,
VEH-13982,QGQ88Z09E949048836,MH80A1905,HONDA,CITY,1.5 V MT,1268915.0,3,2022,2022-01-07,Ka-BAN,Sedan,Petrol,1498,0,0,0,0,0,38438,Private,Dent on door,Alloy wheels,
VEH-13983,EQN88K64J185868011,TN72C2956,MARUTI,DZIRE,VXI,504199.53,9,2016,2016-10-27,Ma-NAG,Sedan,Petrol,1197,0,1,1,0,1,87457,Commercial,Dent on door,Body kit,2018-02-21
VEH-13984,ICT73A15P958913168,KA15D8093,HONDA,AMAZE,1.2 SMT i-VTEC,398160.06,11,2014,2014-05-02,We-HOW,Sedan,Petrol,1199,0,0,0,1,1,141881,Private,Dent on door,Body kit,
VEH-13985,FVB48Q33Q574387433,GJ28A9713,MARUTI,ERTIGA,1.5 VXI CNG,693274.35,9,2016,2016-05-21,Ka-BAN,MUV,CNG,1462,0,0,0,0,0,51972,Private,,Alloy wheels,2019-01-22
VEH-13986,SVG13E44V548477735,RJ77D8681,MARUTI,WAGON R,1.0 VXI,419002.38,7,2018,2018-03-23,We-KOL,Hatchback,Petrol,998,0,0,0,1,0,49342,Private,Dent on door,,
VEH-13987,DQY30A51J374323864,GJ83B1624,MAHINDRA,SCORPIO,S9 2WD 7STR,1061472.69,8,2017,2017-01-15,Ka-MYS,SUV,Diesel,2184,0,0,0,1,0,50153,Private,Dent on door,Body kit,
VEH-13988,BSG81B88B312981574,KA43D6825,MARUTI,SWIFT,VXI,570154.37,4,2021,2021-02-09,Ta-COI,Hatchback,Petrol,1197,1,1,0,1,1,95086,Private,,,2022-05-03
VEH-13989,QNP97W92O972244486,DL26D3322,MARUTI,SWIFT,VXI,665000.0,1,2024,2024-06-16,Ka-MYS,Hatchback,Petrol,1197,0,1,0,0,0,142178,Private,Minor scratches,,
VEH-13990,BZV89B62P611514236,UP19A6593,HONDA,AMAZE,1.2 VXMT i-VTEC,758305.32,5,2020,2020-08-11,We-HOW,Sedan,Petrol,1199,0,1,0,0,1,143800,Private,,,2022-02-20
VEH-13991,YMM21R20C685735542,MH37B5412,MARUTI,ALTO 800,LXI,265368.17,8,2017,2017-04-04,We-KOL,Hatchback,Petrol,796,1,0,0,1,0,124724,Private,,Body kit,
VEH-13992,NRJ61H32U953616227,MH62C7955,HYUNDAI,VENUE,1.2 S PETROL,657713.8,5,2020,2020-03-10,De-NOI,SUV,Petrol,1197,1,1,0,0,0,135083,Private,,,2022-05-22
VEH-13993,MKY56Z79S839225980,KA86D9386,HONDA,AMAZE,1.2 VXMT i-VTEC,529552.89,12,2013,2013-01-03,Ta-CHE,Sedan,Petrol,1199,0,0,1,1,1,66025,Private,,,2014-01-08
VEH-13994,CVQ46H42L001862579,UP98C6171,HYUNDAI,GRAND I10 NIOS,SPORTZ 1.2 KAPPA VTVT,441174.59,9,2016,2016-07-22,Ka-BAN,Hatchback,Petrol,1197,0,0,0,0,0,134743,Private,Dent on door,Body kit,
VEH-13995,KQO53U85E533999645,GJ47B6461,MARUTI,WAGON R,1.0 LXI CNG,389179.01,10,2015,2015-12-10,Ta-MAD,Hatchback,CNG,998,0,0,0,1,1,101062,Private,Minor scratches,,
VEH-13996,RPD46P17X809684842,WB95D7437,HYUNDAI,GRAND I10,SPORTZ 1.2 KAPPA VTVT,403359.62,9,2016,2016-01-05,Ma-MUM,Hatchback,Petrol,1197,0,0,0,0,0,108968,Private,,Body kit,
VEH-13997,UFJ66A81Y606285335,GJ23A5517,MARUTI,ALTO,K10 VXI,522500.0,1,2024,2024-05-23,De-GUR,Hatchback,Petrol,998,1,1,0,1,1,1584,Private,,,
VEH-13998,ZVO82G34V267460921,KA90D8266,MARUTI,ALTO 800,LXI,342950.0,3,2022,2022-03-18,Ta-CHE,Hatchback,Petrol,796,1,0,0,1,0,120078,Private,Dent on door,,2024-02-17
VEH-13999,HDB28N64J000384079,WB25C4096,MARUTI,BALENO HATCHBACK,Zeta 1.2,771637.5,3,2022,2022-08-18,Ma-MUM,Hatchback,Petrol,1197,0,1,0,0,1,9762,Private,Minor scratches,Alloy wheels,
VEH-14000,LBA98L00Z128157307,WB87D7770,HYUNDAI,CRETA,1.5 E DIESEL,1001842.69,4,2021,2021-07-21,Ma-MUM,SUV,Diesel,1493,1,1,0,1,0,134739,Private,,,
VEH-14001,XYB63Q46Z572225476,KA26A2576,HONDA,CITY,1.5 V MT,1145195.79,5,2020,2020-10-16,Ma-NAG,Sedan,Petrol,1498,1,0,0,1,0,70422,Private,,,
VEH-14002,JHO95L06E266805644,RJ94B1604,MARUTI,WAGON R,1.0 LXI CNG,333672.35,13,2012,2012-01-15,Ka-MYS,Hatchback,CNG,998,0,1,0,0,1,40567,Private,Dent on door,,
VEH-14003,UNU80R61X396736942,WB48B8552,HONDA,AMAZE,1.5 SMT i-DTEC,508926.4,10,2015,2015-05-20,We-HOW,Sedan,Diesel,1498,1,0,1,1,0,127763,Private,,Body kit,2017-09-03
VEH-14004,TCJ22W87R943469901,GJ46C9951,MARUTI,SWIFT,VXI,600162.5,3,2022,2022-08-06,We-HOW,Hatchback,Petrol,1197,0,0,0,0,0,126807,Private,,,
VEH-14005,XPQ73U86I897409017,TN58A8101,MARUTI,SWIFT DZIRE,VDI,692330.31,4,2021,2021-05-26,De-GUR,Sedan,Diesel,1248,0,1,0,1,1,137359,Private,,,
VEH-14006,FMO82P33Q859494851,RJ07D6283,MARUTI,WAGON R,1.0 VXI,600000.0,0,2025,2025-07-06,Ma-PUN,Hatchback,Petrol,998,0,0,0,0,1,49349,Private,,Body kit,
VEH-14007,QOX21V85U576765714,DL10D7188,MARUTI,SWIFT,VXI,541646.66,5,2020,2020-10-27,Ta-CHE,Hatchback,Petrol,1197,0,1,0,0,0,107604,Private,Minor scratches,,
VEH-14008,PAF23E44R372417020,WB38B7647,MARUTI,VITARA BREZZA,VDI,567378.09,12,2013,2013-04-14,Ma-MUM,SUV,Diesel,1248,1,1,0,1,0,53617,Private,,Body kit,2014-09-10
VEH-14009,HUJ14O28J509573487,DL50A9388,MARUTI,VITARA BREZZA,VXI,698337.3,7,2018,2018-07-06,Ma-MUM,SUV,Petrol,1462,0,1,0,1,0,17474,Commercial,,,2021-03-21
VEH-14010,TNB40W16L730355604,RJ82C6224,MARUTI,VITARA BREZZA,VDI,628673.79,10,2015,2015-11-20,We-HOW,SUV,Diesel,1248,0,1,0,1,0,13471,Private,Dent on door,,
VEH-14011,FVV19I17N786642514,GJ61A4756,MARUTI,SWIFT,VXI,600162.5,3,2022,2022-12-24,Ma-PUN,Hatchback,Petrol,1197,1,0,0,1,0,9817,Private,Dent on door,,
VEH-14012,SYI77V09C110597691,WB98C4510,MARUTI,VITARA BREZZA,VXI,1000000.0,0,2025,2025-11-25,We-HOW,SUV,Petrol,1462,0,0,1,0,0,45142,Private,Dent on door,Body kit,
VEH-14013,XWK51V40O075658251,GJ64C5202,MARUTI,DZIRE,VXI,530736.35,8,2017,2017-09-09,Ka-BAN,Sedan,Petrol,1197,1,0,1,1,0,4666,Private,,,
VEH-14014,NPN57O20A577878187,RJ01D9449,MARUTI,ALTO 800,LXI,325802.5,4,2021,2021-04-19,Ta-COI,Hatchback,Petrol,796,1,0,1,1,1,62860,Private,Minor scratches,Body kit,
VEH-14015,JQB78T61J080570835,RJ77D5494,MARUTI,DZIRE,VXI,410673.67,13,2012,2012-01-17,Ta-CHE,Sedan,Petrol,1197,0,1,0,0,1,108786,Private,,,2014-02-08
VEH-14016,VSF30R21P200445656,UP79A6895,HONDA,AMAZE,VX PETROL,840227.5,3,2022,2022-11-01,Ma-PUN,Sedan,Petrol,1199,0,1,0,1,0,130392,Private,,,
VEH-14017,XQU44R66D895250157,UP47D8899,MARUTI,SWIFT,VDI (DIESEL),800000.0,0,2025,2025-09-04,We-KOL,Hatchback,Diesel,1248,0,1,0,0,1,47975,Private,,Body kit,
VEH-14018,KXE30C26J678415215,UP03A6167,HONDA,AMAZE,1.2 SMT i-VTEC,359339.46,13,2012,2012-12-23,Ma-MUM,Sedan,Petrol,1199,1,1,0,0,0,114617,Private,Minor scratches,Body kit,
VEH-14019,EEK91R40C251051439,UP44D4328,MARUTI,VITARA BREZZA,VDI,512058.73,14,2011,2011-11-22,Ka-MYS,SUV,Diesel,1248,1,1,0,1,1,122292,Private,Dent on door,Alloy wheels,
VEH-14020,IKE40Z12F205312644,UP16A9101,HYUNDAI,CRETA,1.5 E DIESEL,1230000.0,0,2025,2025-08-19,We-HOW,SUV,Diesel,1493,1,1,0,1,0,60274,Private,Dent on door,,
VEH-14021,TVN04W01B238918725,KA68B3129,HONDA,AMAZE,1.2 VXMT i-VTEC,477921.48,14,2011,2011-12-13,Ma-PUN,Sedan,Petrol,1199,1,0,0,1,0,81968,Private,Minor scratches,,
VEH-14022,TIT73Q49F630863072,WB62A8585,HYUNDAI,GRAND I10 NIOS,SPORTZ 1.2 KAPPA VTVT,665000.0,1,2024,2024-02-06,Ka-MYS,Hatchback,Petrol,1197,0,0,1,1,0,21743,Private,,Alloy wheels,
VEH-14023,GXO13G23W894809748,RJ34C6734,MARUTI,SWIFT,1.2 VXi BS IV,617500.0,1,2024,2024-04-09,Ma-PUN,Hatchback,Petrol,1197,0,1,0,1,1,32150,Private,Dent on door,,
VEH-14024,CMO86M71N314734057,MH27C8716,MARUTI,SWIFT,VXI,665000.0,1,2024,2024-05-16,We-HOW,Hatchback,Petrol,1197,0,0,0,1,1,49704,Private,,Alloy wheels,
VEH-14025,JSN74M69T320128155,MH83B6948,MARUTI,BALENO HATCHBACK,Delta 1.2,478989.55,10,2015,2015-03-09,De-GUR,Hatchback,Petrol,1197,0,1,0,0,0,135138,Private,Dent on door,,2017-05-22
VEH-14026,XHR87Q18D785579195,WB58D4086,MARUTI,ALTO 800,LXI,239494.78,10,2015,2015-08-23,Ma-NAG,Hatchback,Petrol,796,1,0,0,1,0,50784,Private,Dent on door,Body kit,
VEH-14027,OOH22U77D505465490,WB39D2765,MARUTI,ERTIGA,1.5 VXI CNG,693274.35,9,2016,2016-10-04,Ta-COI,MUV,CNG,1462,1,0,0,0,0,3647,Private,,,
VEH-14028,MAY23G17R597624560,GJ31D2564,MARUTI,DZIRE,VXI,722000.0,2,2023,2023-09-24,Ta-MAD,Sedan,Petrol,1197,0,1,0,1,1,80196,Private,Minor scratches,,
VEH-14029,LGN69W61X855137908,GJ52C3946,MARUTI,DZIRE,VXI,722000.0,2,2023,2023-05-05,Ka-MYS,Sedan,Petrol,1197,0,1,0,1,0,111254,Private,,Alloy wheels,
VEH-14030,XHX93Y38V586565131,RJ19B8057,MARUTI,SWIFT DZIRE,VDI,850000.0,0,2025,2025-03-20,Ma-NAG,Sedan,Diesel,1248,0,1,0,1,1,4919,Commercial,Minor scratches,,
VEH-14031,LQI19B82V820584264,KA11B6980,MARUTI,ERTIGA,1.5 VXI CNG,851159.03,5,2020,2020-04-21,Ma-NAG,MUV,CNG,1462,0,1,0,0,1,132299,Private,Dent on door,Alloy wheels,
VEH-14032,UQH62D77M290716071,RJ56D3656,MARUTI,SWIFT DZIRE,VDI,483480.08,11,2014,2014-04-10,Ma-MUM,Sedan,Diesel,1248,0,0,0,1,1,88084,Private,,Body kit,
VEH-14033,AGS23Z93X630773977,UP01C1841,MARUTI,BALENO HATCHBACK,Delta 1.2,478989.55,10,2015,2015-12-10,De-NEW,Hatchback,Petrol,1197,1,0,0,0,1,15201,Private,Minor scratches,Body kit,2017-02-26
VEH-14034,OCE32T87Q388916318,TN38B2510,MARUTI,BALENO HATCHBACK,Delta 1.2,722000.0,2,2023,2023-04-14,De-NOI,Hatchback,Petrol,1197,0,1,0,1,1,119648,Private,Minor scratches,Body kit,
VEH-14035,JJU43K24V764306229,TN64D4629,MAHINDRA,SCORPIO,S11 2WD 7STR,1543275.0,3,2022,2022-01-25,We-HOW,SUV,Diesel,2184,0,0,0,1,0,119672,Private,Minor scratches,,
VEH-14036,CFL56C85E284556809,RJ36C6542,MARUTI,SWIFT,VXI,700000.0,0,2025,2025-12-23,De-NOI,Hatchback,Petrol,1197,0,1,0,0,1,93754,Private,,Body kit,
VEH-14037,CYZ54Q46R564162548,UP93A8803,MAHINDRA,SCORPIO,S9 2WD 7STR,957979.1,10,2015,2015-03-27,Ma-MUM,SUV,Diesel,2184,0,1,0,0,1,7058,Private,Minor scratches,Body kit,2017-06-29
VEH-14038,UZY84H50U879446596,TN55B1959,HYUNDAI,CRETA,1.4 E Plus,667344.71,13,2012,2012-06-08,We-HOW,SUV,Diesel,1582,1,0,0,1,0,2459,Private,Dent on door,Body kit,
VEH-14039,TCC61G83K847393147,MH43B3077,MARUTI,DZIRE,VXI,410673.67,13,2012,2012-05-23,De-NEW,Sedan,Petrol,1197,1,0,1,0,1,85413,Private,,Body kit,
VEH-14040,QPB54N27U087329863,RJ53C1725,MARUTI,ERTIGA,1.5 VXI CNG,851159.03,5,2020,2020-11-24,Ma-PUN,MUV,CNG,1462,0,1,0,1,0,84377,Private,Minor scratches,,
VEH-14041,LEA59E60Y165504832,MH65D5065,HONDA,CITY,1.5 V MT,1480000.0,0,2025,2025-02-17,Ka-BAN,Sedan,Petrol,1498,0,1,0,0,0,80018,Private,Minor scratches,,
VEH-14042,SAF14Q70C160389925,TN28D7406,HONDA,AMAZE,1.2 SMT i-VTEC,464394.3,8,2017,2017-02-12,De-NOI,Sedan,Petrol,1199,0,1,0,1,0,61717,Private,,,
VEH-14043,QGU16Y80U348223066,KA58D6694,HONDA,AMAZE,1.2 VXMT i-VTEC,650152.02,8,2017,2017-05-10,De-GUR,Sedan,Petrol,1199,0,0,0,1,1,21800,Private,,Alloy wheels,
VEH-14044,CWY63S14R995148869,MH96B3848,HYUNDAI,CRETA,1.4 E Plus,1114587.5,3,2022,2022-10-13,Ta-COI,SUV,Diesel,1582,0,0,0,1,0,104235,Private,Dent on door,Body kit,
VEH-14045,MXK78Q61L936033910,MH97A4962,HONDA,AMAZE,1.5 SMT i-DTEC,807500.0,1,2024,2024-11-03,We-KOL,Sedan,Diesel,1498,0,0,0,0,1,70004,Private,,Body kit,
VEH-14046,DAL87Y28H609781627,WB63B6410,MARUTI,DZIRE,VXI,410673.67,13,2012,2012-11-18,Ta-MAD,Sedan,Petrol,1197,0,1,1,1,1,94642,Private,,,
VEH-14047,EJU66O06B664159156,MH55A9886,MARUTI,WAGON R,1.0 VXI,600000.0,0,2025,2025-09-25,Ta-CHE,Hatchback,Petrol,998,1,0,1,0,0,18455,Private,Dent on door,Body kit,
VEH-14048,MOJ71V18N205150084,RJ90D7311,TOYOTA KIRLOSKAR,INNOVA CRYSTA,2.8 GX AT 7 STR,1449573.64,9,2016,2016-04-19,We-KOL,MUV,Diesel,2755,1,0,0,1,1,89595,Private,,,
VEH-14049,MPY35Y66V864358130,GJ02A3630,MARUTI,BALENO HATCHBACK,Delta 1.2,588073.51,6,2019,2019-11-12,Ma-NAG,Hatchback,Petrol,1197,1,1,0,1,0,12145,Private,,Body kit,
VEH-14050,SGS02T79D700775452,DL57A7399,MARUTI,DZIRE,VXI,530736.35,8,2017,2017-01-26,We-KOL,Sedan,Petrol,1197,0,0,0,0,0,119879,Private,,Alloy wheels,
VEH-14051,QDL03K87K681525813,UP72C8162,MARUTI,DZIRE,VXI,760000.0,1,2024,2024-03-27,Ma-MUM,Sedan,Petrol,1197,1,1,0,1,0,110429,Commercial,,,
VEH-14052,OGQ12E01A426456289,TN31D5227,MARUTI,ALTO 800,LXI,195069.99,14,2011,2011-08-21,De-NEW,Hatchback,Petrol,796,0,0,0,1,1,20573,Private,,Body kit,
VEH-14053,ITP14J36X626538229,TN53B7242,MARUTI,SWIFT,VDI (DIESEL),504199.53,9,2016,2016-09-03,We-HOW,Hatchback,Diesel,1248,1,0,0,1,1,8269,Private,,Body kit,
VEH-14054,RAK03D04T921217775,UP23B8366,MARUTI,SWIFT,VXI,398160.06,11,2014,2014-03-28,Ma-NAG,Hatchback,Petrol,1197,0,0,0,1,0,67922,Private,Minor scratches,Alloy wheels,
VEH-14055,EKX78D13M607697464,WB54A7456,MARUTI,SWIFT,VDI (DIESEL),455040.07,11,2014,2014-07-23,We-HOW,Hatchback,Diesel,1248,1,0,1,1,0,104798,Private,Dent on door,Alloy wheels,
VEH-14056,JHO60P62D325592179,KA95B5526,MAHINDRA,THAR,LX HARD TOP AT 4STR DIESEL,787595.09,15,2010,2010-03-01,We-KOL,SUV,Diesel,2184,0,0,0,1,0,25798,Private,,Alloy wheels,
VEH-14057,UAO49T33A321955697,GJ94C6777,MARUTI,VITARA BREZZA,VXI,463291.23,15,2010,2010-05-24,Ka-MYS,SUV,Petrol,1462,1,1,0,1,1,53798,Private,,Body kit,
VEH-14058,HYL22U49T524719079,KA69C9158,MARUTI,VITARA BREZZA,VXI,663420.43,8,2017,2017-08-03,Ma-MUM,SUV,Petrol,1462,1,0,0,1,0,58626,Private,,,
VEH-14059,YNK13N41O248574733,GJ52D7772,MARUTI,BALENO HATCHBACK,Zeta 1.2,462007.87,13,2012,2012-12-15,We-KOL,Hatchback,Petrol,1197,1,0,0,1,0,48532,Private,Dent on door,Body kit,
VEH-14060,WGE00D28Q267354691,RJ04A8548,HONDA,AMAZE,1.2 VXMT i-VTEC,798216.12,4,2021,2021-06-25,Ma-PUN,Sedan,Petrol,1199,1,1,1,1,0,15584,Private,,,
VEH-14061,CZN75Y89M412948683,UP72A1306,MARUTI,BALENO HATCHBACK,Zeta 1.2,812250.0,2,2023,2023-05-20,Ma-MUM,Hatchback,Petrol,1197,0,0,1,0,0,128787,Private,Minor scratches,Body kit,2025-11-09
VEH-14062,JQN05Q59Q679828253,RJ65A4321,MARUTI,ALTO 800,LXI,265368.17,8,2017,2017-03-04,We-HOW,Hatchback,Petrol,796,1,1,0,0,1,67584,Private,,Alloy wheels,
VEH-14063,RUM95X93C699916531,GJ39D4952,HONDA,CITY,1.5 V MT,1480000.0,0,2025,2025-12-04,De-NEW,Sedan,Petrol,1498,1,1,0,1,1,131183,Private,Dent on door,,
VEH-14064,TTP49P10X304906444,DL71C7066,MARUTI,SWIFT,VXI,359339.46,13,2012,2012-07-25,Ta-MAD,Hatchback,Petrol,1197,1,0,1,1,1,73065,Private,,,
VEH-14065,NPZ41N72H886147333,RJ91A9044,MAHINDRA,BOLERO,B6 (O),463291.23,15,2010,2010-05-09,Ta-CHE,SUV,Diesel,1498,1,0,0,1,0,100301,Private,,,
VEH-14066,ZQJ62Y48A829009075,GJ79A7433,HONDA,AMAZE,1.2 VXMT i-VTEC,650152.02,8,2017,2017-07-03,De-NOI,Sedan,Petrol,1199,0,1,0,1,0,10611,Private,Dent on door,,2018-11-24
VEH-14067,MBZ54I06P926601067,WB09D1457,HONDA,CITY,1.5 V MT,759746.28,13,2012,2012-12-08,Ma-NAG,Sedan,Petrol,1498,0,0,0,1,0,24066,Private,Minor scratches,Alloy wheels,2014-04-03
VEH-14068,VZX77Q34N625817812,KA67D1836,MARUTI,BALENO HATCHBACK,Zeta 1.2,416962.11,15,2010,2010-04-28,Ma-PUN,Hatchback,Petrol,1197,1,0,0,1,0,141012,Private,,Body kit,
VEH-14069,BNN05O84V252621231,GJ66C7514,HONDA,AMAZE,1.2 SMT i-VTEC,341372.49,14,2011,2011-10-06,Ka-MYS,Sedan,Petrol,1199,0,1,0,0,0,55231,Private,Minor scratches,Body kit,
VEH-14070,KIM19D29U720678968,WB79A2743,MARUTI,DZIRE,VXI,530736.35,8,2017,2017-04-10,Ka-BAN,Sedan,Petrol,1197,1,1,1,1,0,54467,Private,,Body kit,
VEH-14071,SZC73S36O522289812,GJ41B9314,MARUTI,WAGON R,1.0 VXI,292604.99,14,2011,2011-12-01,Ta-COI,Hatchback,Petrol,998,0,0,0,1,1,55239,Private,,Body kit,
VEH-14072,MJG80K50D468417963,RJ37D6238,MARUTI,ALTO,K10 VXI,282338.15,13,2012,2012-08-08,Ka-BAN,Hatchback,Petrol,998,1,1,0,1,0,108488,Private,Minor scratches,Body kit,
VEH-14073,DAQ53O23R500944173,KA87A1644,HYUNDAI,CRETA,1.4 E Plus,955619.46,6,2019,2019-02-09,De-GUR,SUV,Diesel,1582,0,0,0,0,0,121211,Private,Dent on door,,2021-06-23
VEH-14074,KIR30G40A462088679,UP26C9997,HYUNDAI,GRAND I10 NIOS,SPORTZ 1.2 KAPPA VTVT,341372.49,14,2011,2011-02-23,Ma-NAG,Hatchback,Petrol,1197,1,1,1,1,1,46668,Private,Dent on door,,
VEH-14075,EVN34E68X902086040,GJ75B8073,MARUTI,ALTO 800,LXI,400000.0,0,2025,2025-11-04,Ma-NAG,Hatchback,Petrol,796,1,0,0,1,1,83107,Private,Dent on door,Alloy wheels,
VEH-14076,DKD64T26P860412863,KA64A9512,MARUTI,BALENO HATCHBACK,Delta 1.2,558669.84,7,2018,2018-04-27,Ka-MYS,Hatchback,Petrol,1197,0,0,0,0,0,132881,Private,,Body kit,
VEH-14077,WJE09B23H397063097,TN36B4896,MARUTI,WAGON R,1.0 LXI CNG,650000.0,0,2025,2025-08-16,De-NOI,Hatchback,CNG,998,0,1,0,0,1,77956,Private,,,
VEH-14078,PIJ71O81P863930629,MH08B3520,HONDA,AMAZE,1.2 SMT i-VTEC,631750.0,2,2023,2023-09-11,Ma-NAG,Sedan,Petrol,1199,0,0,0,1,0,104930,Private,,,
VEH-14079,LXN58A28I692469427,WB27C7664,MARUTI,DZIRE,VXI,722000.0,2,2023,2023-07-27,We-KOL,Sedan,Petrol,1197,0,1,0,0,0,42432,Private,,Alloy wheels,
VEH-14080,DEB85X45J267273298,KA46D8222,MARUTI,VITARA BREZZA,VXI,598736.94,10,2015,2015-10-03,Ma-MUM,SUV,Petrol,1462,1,1,0,1,1,94261,Private,,,
VEH-14081,FKY07R92N495311074,MH12D5936,MARUTI,ALTO 800,LXI,279334.92,7,2018,2018-02-20,Ka-MYS,Hatchback,Petrol,796,1,0,0,1,1,106640,Private,,Alloy wheels,
VEH-14082,AOQ23G53T072531647,KA19B2321,MARUTI,BALENO HATCHBACK,Delta 1.2,760000.0,1,2024,2024-12-17,De-NEW,Hatchback,Petrol,1197,1,1,0,1,0,101499,Private,Minor scratches,,
VEH-14083,HAZ28J13O101624031,GJ39B8884,MARUTI,BALENO HATCHBACK,Zeta 1.2,661582.7,6,2019,2019-05-03,Ma-NAG,Hatchback,Petrol,1197,1,0,0,0,1,97019,Private,Dent on door,,2021-07-22
VEH-14084,GDF00J39B423771210,RJ60C7118,MARUTI,DZIRE,VXI,800000.0,0,2025,2025-09-12,Ma-PUN,Sedan,Petrol,1197,1,0,1,1,0,82325,Private,,Alloy wheels,
VEH-14085,TJU50M90K330119133,GJ26D8855,MARUTI,VITARA BREZZA,VDI,486455.79,15,2010,2010-02-25,We-KOL,SUV,Diesel,1248,1,0,0,1,0,132290,Private,,Alloy wheels,2011-11-16
VEH-14086,BFT72I39J165430402,KA45A1706,MARUTI,WAGON R,1.0 LXI CNG,409662.12,9,2016,2016-02-12,Ka-BAN,Hatchback,CNG,998,1,1,1,1,1,43799,Private,Dent on door,,
VEH-14087,LVN39C86D742995621,GJ43A5820,MAHINDRA,SCORPIO,S11 2WD 7STR,1710000.0,1,2024,2024-07-19,Ka-MYS,SUV,Diesel,2184,1,0,1,1,1,129125,Private,Minor scratches,Body kit,
VEH-14088,WWF18G02Z818514171,DL35A7476,MARUTI,DZIRE,VXI,685900.0,3,2022,2022-12-06,Ma-PUN,Sedan,Petrol,1197,0,1,0,1,1,102907,Private,,Body kit,
VEH-14089,BXM87X35U752997657,KA51D5132,MARUTI,WAGON R,1.0 LXI CNG,477809.73,6,2019,2019-05-01,We-KOL,Hatchback,CNG,998,0,0,0,1,1,101383,Private,Dent on door,Alloy wheels,
VEH-14090,KCF21A61J524105972,MH57B8205,HYUNDAI,GRAND I10 NIOS,SPORTZ 1.2 KAPPA VTVT,514564.32,6,2019,2019-01-16,Ka-BAN,Hatchback,Petrol,1197,0,1,0,0,1,60413,Private,Minor scratches,Alloy wheels,
VEH-14091,SUN27I37Z459898841,WB60C8162,MARUTI,BALENO HATCHBACK,Zeta 1.2,855000.0,1,2024,2024-01-20,De-NOI,Hatchback,Petrol,1197,0,0,1,1,1,57242,Private,,Body kit,
VEH-14092,ZSC22J78F060320145,MH09A9190,MARUTI,BALENO HATCHBACK,Zeta 1.2,538863.25,10,2015,2015-08-20,Ta-CHE,Hatchback,Petrol,1197,0,1,0,0,0,26370,Private,Minor scratches,,
VEH-14093,JBW53A87W492214425,MH17D5894,MARUTI,ALTO 800,LXI,400000.0,0,2025,2025-03-12,Ma-MUM,Hatchback,Petrol,796,0,1,1,0,1,99863,Private,Minor scratches,,2027-03-28
VEH-14094,AEO18C66W125242695,DL92D9459,MARUTI,ALTO,K10 VXI,282338.15,13,2012,2012-02-11,Ka-BAN,Hatchback,Petrol,998,1,1,0,1,0,69659,Private,Dent on door,Alloy wheels,
VEH-14095,KMQ81V65U261971206,KA28D3379,MARUTI,VITARA BREZZA,VDI,597240.1,11,2014,2014-04-26,We-HOW,SUV,Diesel,1248,1,0,1,1,0,123743,Private,Minor scratches,,
VEH-14096,VNU14H87C988465495,GJ12A1823,MARUTI,ALTO 800,LXI,252099.76,9,2016,2016-04-03,Ma-MUM,Hatchback,Petrol,796,0,0,0,0,0,100668,Private,,,
VEH-14097,FGC75R03F892414262,UP54A5621,HYUNDAI,CRETA,1.4 E Plus,1114587.5,3,2022,2022-06-22,Ta-CHE,SUV,Diesel,1582,0,0,1,1,0,135447,Private,Minor scratches,,
VEH-14098,GBD10X01Z566945978,DL37C2373,HYUNDAI,VENUE,1.2 S PETROL,483480.08,11,2014,2014-10-09,Ma-MUM,SUV,Petrol,1197,0,0,0,1,1,11548,Private,,Body kit,
VEH-14099,WSF56E05Q354333084,WB25A9746,HONDA,AMAZE,1.2 SMT i-VTEC,398160.06,11,2014,2014-06-22,Ma-NAG,Sedan,Petrol,1199,1,0,0,1,1,68144,Private,Dent on door,Body kit,
VEH-14100,ZWH86Z38L342931408,RJ06A5987,TOYOTA KIRLOSKAR,INNOVA CRYSTA,2.8 Z 7 STR,1283355.21,13,2012,2012-09-22,Ka-BAN,MUV,Diesel,2755,0,0,1,1,1,127294,Private,Dent on door,Body kit,
VEH-14101,EPT20W76O198687387,TN58C9948,MARUTI,SWIFT,VDI (DIESEL),760000.0,1,2024,2024-09-26,De-GUR,Hatchback,Diesel,1248,1,1,0,1,0,46666,Private,Dent on door,Alloy wheels,2026-10-18
VEH-14102,TZM69I93C429134354,UP81B1275,MARUTI,WAGON R,1.0 LXI CNG,431223.28,8,2017,2017-06-12,Ka-BAN,Hatchback,CNG,998,0,0,0,0,1,111383,Private,,Body kit,2019-07-30
VEH-14103,ANB70S58F879814628,GJ45C6069,HYUNDAI,CRETA,1.4 E Plus,1173250.0,2,2023,2023-10-24,Ka-BAN,SUV,Diesel,1582,0,1,0,1,1,94426,Private,,Body kit,
VEH-14104,TTJ10T01Z646928112,RJ40A8285,HONDA,AMAZE,1.2 SMT i-VTEC,419115.86,10,2015,2015-03-16,Ta-COI,Sedan,Petrol,1199,1,0,1,1,0,142311,Private,Dent on door,,
VEH-14105,TNJ22K53K085416205,WB68A7078,MARUTI,SWIFT,VXI,665000.0,1,2024,2024-01-09,Ta-MAD,Hatchback,Petrol,1197,1,0,0,1,1,99623,Private,Minor scratches,,
VEH-14106,RKN19I76C394954216,MH55B8418,MARUTI,BALENO HATCHBACK,Zeta 1.2,438907.48,14,2011,2011-12-17,Ka-MYS,Hatchback,Petrol,1197,0,1,0,1,0,25187,Private,Dent on door,Alloy wheels,
VEH-14107,OXR27X52Q598635368,GJ70D4090,MARUTI,BALENO HATCHBACK,Zeta 1.2,462007.87,13,2012,2012-02-27,We-KOL,Hatchback,Petrol,1197,0,1,0,1,0,14419,Private,,,2013-11-08
VEH-14108,WXS15S59R829949783,GJ59A4682,MARUTI,WAGON R,1.0 VXI,600000.0,0,2025,2025-01-06,Ma-MUM,Hatchback,Petrol,998,1,1,1,1,0,52334,Private,Minor scratches,Body kit,
VEH-14109,MFI59X51U808813303,WB50D3498,HYUNDAI,GRAND I10 NIOS,SPORTZ 1.2 KAPPA VTVT,341372.49,14,2011,2011-06-13,De-NEW,Hatchback,Petrol,1197,0,0,0,1,1,55197,Private,Minor scratches,Body kit,
VEH-14110,IBA76F09J804333581,DL29C3302,MARUTI,SWIFT,1.2 VXi BS IV,409662.12,9,2016,2016-08-02,Ma-MUM,Hatchback,Petrol,1197,1,0,1,1,1,27735,Private,Minor scratches,Body kit,
VEH-14111,NGE37C89O460747611,MH66D9659,HYUNDAI,CRETA,1.4 E Plus,862446.56,8,2017,2017-10-26,De-NOI,SUV,Diesel,1582,0,1,0,1,0,113741,Private,,Body kit,
VEH-14112,VOS53Y93I637176888,UP56B2026,MARUTI,SWIFT,1.2 VXi BS IV,389179.01,10,2015,2015-08-04,Ta-COI,Hatchback,Petrol,1197,0,1,0,1,0,97982,Private,,Alloy wheels,
VEH-14113,QGD99H22I481175758,MH26B1894,HONDA,AMAZE,VX PETROL,454025.41,15,2010,2010-08-13,Ma-PUN,Sedan,Petrol,1199,0,0,0,0,1,139866,Private,Dent on door,,
VEH-14114,QZN68M17S852378717,KA91B4316,HYUNDAI,GRAND I10,SPORTZ 1.2 KAPPA VTVT,470458.81,6,2019,2019-04-20,Ma-MUM,Hatchback,Petrol,1197,1,0,0,1,1,42926,Private,,Body kit,
VEH-14115,ABG09V31N211853336,GJ10D1085,HONDA,AMAZE,1.2 SMT i-VTEC,665000.0,1,2024,2024-03-07,Ma-NAG,Sedan,Petrol,1199,1,1,0,1,1,36900,Private,,,
VEH-14116,GDK69A24R122450200,DL44B9161,MARUTI,SWIFT DZIRE,VDI,657713.8,5,2020,2020-07-10,De-NEW,Sedan,Diesel,1248,0,1,0,1,0,57093,Private,Minor scratches,Alloy wheels,
VEH-14117,HMV79U97S496449406,MH01D1070,MARUTI,SWIFT DZIRE,VDI,767125.0,2,2023,2023-02-22,Ta-COI,Sedan,Diesel,1248,0,1,0,1,1,18344,Private,,,
VEH-14118,ORC93S56P196017290,RJ33B1522,HONDA,AMAZE,1.2 VXMT i-VTEC,650152.02,8,2017,2017-04-28,Ka-MYS,Sedan,Petrol,1199,0,0,0,1,0,92383,Private,,Body kit,
VEH-14119,PTP22R88I835138768,MH97B6783,HYUNDAI,CRETA,1.5 E DIESEL,664642.91,12,2013,2013-11-17,De-NOI,SUV,Diesel,1493,1,1,0,0,0,89275,Private,,Body kit,
VEH-14120,EOD85V28N083217232,MH52D9108,MARUTI,SWIFT DZIRE,VDI,767125.0,2,2023,2023-08-01,Ka-BAN,Sedan,Diesel,1248,0,1,0,1,0,18430,Private,,Body kit,
VEH-14121,QGM92Z20U430607869,DL07A4039,HYUNDAI,GRAND I10 NIOS,SPORTZ 1.2 KAPPA VTVT,665000.0,1,2024,2024-02-05,We-KOL,Hatchback,Petrol,1197,0,1,0,1,0,75072,Private,Dent on door,,2026-03-09
VEH-14122,UIH49D60K259482326,TN81C3761,MARUTI,ERTIGA,1.5 VXI CNG,895956.87,4,2021,2021-07-24,Ka-BAN,MUV,CNG,1462,0,1,0,0,0,55870,Private,,Alloy wheels,
VEH-14123,POG40D29J046688110,MH04B4326,HYUNDAI,CRETA,1.4 E Plus,702468.11,12,2013,2013-11-07,We-HOW,SUV,Diesel,1582,0,0,1,1,0,147038,Private,,Alloy wheels,
VEH-14124,LPW26V11E180549676,TN10B9175,MARUTI,SWIFT,VXI,631750.0,2,2023,2023-04-25,Ka-MYS,Hatchback,Petrol,1197,1,0,0,1,1,16539,Private,Dent on door,,
VEH-14125,PUJ88S19T331176084,KA50A1316,HYUNDAI,GRAND I10 NIOS,SPORTZ 1.2 KAPPA VTVT,398160.06,11,2014,2014-09-12,We-KOL,Hatchback,Petrol,1197,0,0,0,1,1,68345,Private,,Body kit,
VEH-14126,ATG33R80F610939251,WB71C2451,MARUTI,ALTO 800,LXI,252099.76,9,2016,2016-10-16,Ka-BAN,Hatchback,Petrol,796,0,1,1,1,1,86947,Private,Minor scratches,Alloy wheels,
VEH-14127,UNY18I45M620268753,KA06A4618,MARUTI,VITARA BREZZA,VDI,997500.0,1,2024,2024-06-01,Ka-BAN,SUV,Diesel,1248,0,1,0,0,0,118664,Private,,,
VEH-14128,RLB02R43F202799396,MH50B4161,HYUNDAI,CRETA,1.5 E DIESEL,858954.87,7,2018,2018-08-24,Ma-MUM,SUV,Diesel,1493,1,1,0,0,0,111176,Private,Minor scratches,,
VEH-14129,XBJ33Q15B871374511,MH02B4525,MARUTI,WAGON R,1.0 VXI,378149.65,9,2016,2016-06-10,Ma-NAG,Hatchback,Petrol,998,1,0,0,1,1,61895,Private,Minor scratches,,
VEH-14130,GSV31A02M533633327,WB78B1705,MARUTI,SWIFT,VXI,665000.0,1,2024,2024-12-02,De-NOI,Hatchback,Petrol,1197,1,1,0,1,1,87003,Private,Minor scratches,Alloy wheels,
VEH-14131,MCS25U39B057773633,TN58C1693,TOYOTA KIRLOSKAR,INNOVA CRYSTA,2.8 ZX AT 7 STR,1334689.42,13,2012,2012-10-21,De-NOI,MUV,Diesel,2755,0,1,0,1,0,2998,Private,Minor scratches,,
VEH-14132,MBQ26S95F745431894,UP46A7171,MARUTI,DZIRE,VXI,390139.98,14,2011,2011-05-21,Ma-PUN,Sedan,Petrol,1197,1,0,0,1,1,82890,Private,,,
VEH-14133,XQF94E51P688770426,GJ70A3978,MARUTI,WAGON R,1.0 VXI,514425.0,3,2022,2022-07-24,Ma-MUM,Hatchback,Petrol,998,1,0,0,0,1,39331,Private,Dent on door,Alloy wheels,
VEH-14134,YQZ33H43C216467862,RJ05A8782,MARUTI,SWIFT DZIRE,VDI,393797.55,15,2010,2010-02-17,Ka-MYS,Sedan,Diesel,1248,0,0,0,0,1,124148,Private,Dent on door,,
VEH-14135,CVY45J17H486433278,KA85D3437,HYUNDAI,VENUE,1.2 S PETROL,807500.0,1,2024,2024-03-25,Ma-PUN,SUV,Petrol,1197,0,1,0,1,1,108556,Private,Minor scratches,,
VEH-14136,AZA17J85A411921796,DL56D6421,MARUTI,WAGON R,1.0 VXI,488703.75,4,2021,2021-03-28,Ta-CHE,Hatchback,Petrol,998,0,1,1,1,1,46485,Private,Dent on door,,
VEH-14137,ZCP97V60Q894149639,GJ61A8737,MARUTI,WAGON R,1.0 LXI CNG,557293.75,3,2022,2022-02-03,Ta-CHE,Hatchback,CNG,998,1,1,0,0,1,44832,Private,Minor scratches,Body kit,
VEH-14138,KHR71Q70L150446398,DL20A4348,MARUTI,BALENO HATCHBACK,Delta 1.2,432288.07,12,2013,2013-11-15,Ta-COI,Hatchback,Petrol,1197,1,1,0,1,0,142754,Private,Dent on door,,2014-12-21
VEH-14139,IRS62C90I152839353,TN84C7850,MARUTI,BALENO HATCHBACK,Delta 1.2,390139.98,14,2011,2011-08-03,Ta-CHE,Hatchback,Petrol,1197,1,1,0,1,1,96533,Private,,Body kit,
VEH-14140,ROL19T16M186624755,KA46C4119,HONDA,AMAZE,1.2 SMT i-VTEC,541646.66,5,2020,2020-12-06,We-HOW,Sedan,Petrol,1199,0,0,1,1,1,47530,Private,,Alloy wheels,
VEH-14141,THZ31P12E470358926,MH43C7630,HONDA,AMAZE,1.2 VXMT i-VTEC,931000.0,1,2024,2024-06-01,Ma-PUN,Sedan,Petrol,1199,1,0,1,1,0,72371,Private,Minor scratches,,
VEH-14142,DEW13N60O642698793,UP26B3086,HYUNDAI,CRETA,1.4 E Plus,1173250.0,2,2023,2023-01-27,Ma-MUM,SUV,Diesel,1582,1,1,0,1,0,122954,Private,Minor scratches,Alloy wheels,2025-08-09
VEH-14143,EFD06N09U544238354,GJ71A6237,TOYOTA KIRLOSKAR,INNOVA CRYSTA,2.8 GX AT 7 STR,2300000.0,0,2025,2025-04-08,Ka-MYS,MUV,Diesel,2755,0,0,0,0,0,9068,Private,Minor scratches,,2027-08-11
VEH-14144,LPX24L98S606224779,TN14B8760,MARUTI,VITARA BREZZA,VXI,950000.0,1,2024,2024-02-09,Ta-MAD,SUV,Petrol,1462,0,0,0,1,0,56385,Private,,Body kit,
VEH-14145,CQY43I26J924937129,KA38D7509,HYUNDAI,VENUE,1.2 S PETROL,657713.8,5,2020,2020-03-07,We-HOW,SUV,Petrol,1197,1,1,0,1,0,75789,Private,,Body kit,
VEH-14146,LRN29Q29R037408264,WB79A4534,MARUTI,ERTIGA,1.5 VXI CNG,594396.1,12,2013,2013-11-01,Ma-MUM,MUV,CNG,1462,1,1,1,1,0,26745,Private,Dent on door,Body kit,
VEH-14147,ZQQ18V24I360944529,DL02D5951,MARUTI,SWIFT DZIRE,VDI,436340.77,13,2012,2012-02-17,Ma-PUN,Sedan,Diesel,1248,0,1,0,1,1,44973,Private,Minor scratches,Alloy wheels,2014-03-18
VEH-14148,RAV90R78P398826348,KA62C6059,MARUTI,SWIFT,VXI,665000.0,1,2024,2024-12-07,Ma-PUN,Hatchback,Petrol,1197,0,1,0,1,0,73556,Private,Minor scratches,,
VEH-14149,IJQ24L06E680191367,UP48D8990,MARUTI,VITARA BREZZA,VDI,597240.1,11,2014,2014-09-01,Ta-COI,SUV,Diesel,1248,0,0,0,1,1,19199,Private,Minor scratches,Alloy wheels,
VEH-14150,VAY65Y76P492274423,GJ37B3841,MARUTI,ALTO,K10 VXI,364881.24,8,2017,2017-11-24,Ta-MAD,Hatchback,Petrol,998,1,1,1,1,0,125438,Private,,,
VEH-14151,QTE68L03Q962633158,MH18C3194,MARUTI,VITARA BREZZA,VXI,1000000.0,0,2025,2025-05-15,De-NOI,SUV,Petrol,1462,0,1,0,1,1,39774,Private,Minor scratches,,
VEH-14152,DOR98W02Y002529935,RJ80C6426,TOYOTA KIRLOSKAR,INNOVA CRYSTA,2.4 V 8S,1895250.0,2,2023,2023-11-10,Ma-NAG,MUV,Diesel,2393,1,1,0,1,0,16793,Private,,Alloy wheels,2026-04-20
VEH-14153,PYD26U48L293013127,GJ53D2927,MARUTI,SWIFT,VDI (DIESEL),455040.07,11,2014,2014-08-11,Ta-COI,Hatchback,Diesel,1248,0,1,0,1,1,18980,Private,Dent on door,Body kit,
VEH-14154,VVF68I00U815171403,WB72D8245,HONDA,CITY,1.5 V MT,841824.14,11,2014,2014-06-09,Ma-MUM,Sedan,Petrol,1498,0,1,0,1,0,90881,Private,Dent on door,Body kit,
VEH-14155,BTL02C94G003217268,UP12B1358,MARUTI,VITARA BREZZA,ZDI PLUS,1028850.0,3,2022,2022-10-21,Ma-MUM,SUV,Diesel,1248,0,1,1,1,1,141122,Private,Dent on door,,
VEH-14156,ORB94Y65S327538599,RJ63B1076,MARUTI,SWIFT,1.2 VXi BS IV,586625.0,2,2023,2023-08-09,Ma-NAG,Hatchback,Petrol,1197,0,0,1,1,1,145559,Private,,,
VEH-14157,TNH31D80Q396465921,DL76B8294,MARUTI,SWIFT DZIRE,VDI,393797.55,15,2010,2010-09-01,Ta-MAD,Sedan,Diesel,1248,1,0,0,0,0,91185,Private,,,
VEH-14158,OKA67W28E632505909,KA46D6934,HYUNDAI,CRETA,1.5 E DIESEL,599840.22,14,2011,2011-01-26,De-GUR,SUV,Diesel,1493,1,1,0,1,1,119908,Private,,Body kit,
VEH-14159,KTT83X22W646016620,DL72D9215,MARUTI,DZIRE,VXI,432288.07,12,2013,2013-06-06,Ka-BAN,Sedan,Petrol,1197,1,1,0,0,1,39788,Private,Minor scratches,Body kit,
VEH-14160,ARQ63K30I925143914,GJ59D5151,MARUTI,VITARA BREZZA,VXI,630249.41,9,2016,2016-08-02,De-GUR,SUV,Petrol,1462,1,0,0,1,0,61534,Private,Minor scratches,Body kit,
VEH-14161,NBB13D22H424138275,GJ80A3115,HYUNDAI,CRETA,1.4 E Plus,702468.11,12,2013,2013-09-06,We-KOL,SUV,Diesel,1582,0,0,1,1,1,21770,Private,Minor scratches,Alloy wheels,
VEH-14162,LEH39X00O355237471,MH34D1662,MARUTI,WAGON R,1.0 VXI,359242.16,10,2015,2015-01-15,Ta-COI,Hatchback,Petrol,998,0,0,0,1,0,51620,Commercial,Dent on door,,
VEH-14163,RXH57F14U425519179,WB19A8831,MARUTI,SWIFT,VXI,464394.3,8,2017,2017-09-11,Ma-MUM,Hatchback,Petrol,1197,1,0,0,1,1,69832,Private,Dent on door,Body kit,2019-12-01
VEH-14164,BJC02M49N516274288,RJ12A1198,MARUTI,BALENO HATCHBACK,Zeta 1.2,511920.08,11,2014,2014-09-23,Ma-MUM,Hatchback,Petrol,1197,1,1,1,0,1,49871,Private,,Body kit,2016-01-24
VEH-14165,CLR91U13I446722105,MH85B2135,HYUNDAI,GRAND I10,SPORTZ 1.2 KAPPA VTVT,383191.64,10,2015,2015-11-02,Ta-COI,Hatchback,Petrol,1197,1,0,0,1,1,93710,Private,Dent on door,Alloy wheels,
VEH-14166,YIC37R61X597467973,RJ53B9853,MARUTI,SWIFT DZIRE,VDI,508926.4,10,2015,2015-07-12,Ta-MAD,Sedan,Diesel,1248,1,0,0,1,1,88283,Private,,Body kit,
VEH-14167,DGB12B65M739991611,DL91D9624,MARUTI,VITARA BREZZA,VXI,598736.94,10,2015,2015-03-24,Ma-NAG,SUV,Petrol,1462,0,1,1,1,0,35856,Private,Dent on door,Body kit,
VEH-14168,SPF27L09Y483230660,WB26B6366,MARUTI,BALENO HATCHBACK,Delta 1.2,530736.35,8,2017,2017-10-07,Ta-CHE,Hatchback,Petrol,1197,0,1,0,1,1,9482,Private,,,
VEH-14169,YIC88B29E032679581,TN95B6907,MARUTI,SWIFT,VXI,541646.66,5,2020,2020-03-04,We-KOL,Hatchback,Petrol,1197,0,1,1,0,1,125039,Private,,Alloy wheels,2022-06-06
VEH-14170,MFD27S63V456235746,GJ69A7549,MARUTI,VITARA BREZZA,VXI,630249.41,9,2016,2016-12-02,We-KOL,SUV,Petrol,1462,0,1,1,1,1,18424,Private,,,
VEH-14171,VXX36H90U274545758,DL03D6179,HYUNDAI,CRETA,1.4 E Plus,778358.02,10,2015,2015-03-16,We-KOL,SUV,Diesel,1582,1,0,0,1,1,108976,Private,Dent on door,Body kit,
VEH-14172,POA39R34M361393607,WB04C3259,HYUNDAI,VENUE,1.2 S PETROL,483480.08,11,2014,2014-02-21,Ka-BAN,SUV,Petrol,1197,1,1,0,1,0,146511,Private,,,
VEH-14173,KBF28H37G443421059,GJ49A6266,MARUTI,SWIFT,VDI (DIESEL),685900.0,3,2022,2022-10-14,Ta-CHE,Hatchback,Diesel,1248,0,0,0,0,0,93667,Private,Minor scratches,,
VEH-14174,NFS36S30N303629834,TN12A4880,MARUTI,ALTO,K10 VXI,297198.05,12,2013,2013-07-02,Ka-BAN,Hatchback,Petrol,998,0,0,1,0,0,135357,Private,,Body kit,
VEH-14175,CZP94C64M666011688,KA48B1772,HYUNDAI,CRETA,1.4 E Plus,633977.47,14,2011,2011-01-07,Ma-PUN,SUV,Diesel,1582,1,1,0,0,1,106042,Private,Dent on door,,
VEH-14176,DKP52G37H344790493,GJ95D3595,MARUTI,ALTO 800,LXI,239494.78,10,2015,2015-02-11,Ta-COI,Hatchback,Petrol,796,0,1,0,0,1,23188,Private,,Alloy wheels,
VEH-14177,FPV06Z67Z827322486,MH96C8837,MARUTI,ERTIGA,1.5 VXI CNG,693274.35,9,2016,2016-02-14,Ma-PUN,MUV,CNG,1462,0,1,0,1,1,21287,Private,Minor scratches,,2018-02-25
VEH-14178,EAB80K63H947761782,MH29B4695,HONDA,CITY,1.5 V MT,841824.14,11,2014,2014-07-03,Ma-NAG,Sedan,Petrol,1498,0,0,1,1,1,3206,Private,Minor scratches,,
VEH-14179,BFY22S40D360004982,KA31A6826,MARUTI,VITARA BREZZA,VXI,773780.94,5,2020,2020-11-01,De-NOI,SUV,Petrol,1462,1,1,0,1,0,40236,Private,Minor scratches,Alloy wheels,
VEH-14180,GVT67O21Y348730061,TN23C2781,HONDA,AMAZE,1.2 VXMT i-VTEC,931000.0,1,2024,2024-06-22,Ka-BAN,Sedan,Petrol,1199,0,1,0,0,0,147712,Private,,Alloy wheels,
VEH-14181,AYH59W16D072886452,GJ21A7207,MARUTI,WAGON R,1.0 LXI CNG,389179.01,10,2015,2015-09-16,De-GUR,Hatchback,CNG,998,1,0,1,1,0,38414,Private,,Body kit,
VEH-14182,CXQ01J49E466448547,TN23D9093,MARUTI,ALTO 800,LXI,380000.0,1,2024,2024-09-14,We-HOW,Hatchback,Petrol,796,1,1,0,1,1,111199,Private,Dent on door,,
VEH-14183,FNF58L77I523871259,MH84A6512,MARUTI,ALTO,K10 VXI,329305.32,10,2015,2015-08-08,Ka-BAN,Hatchback,Petrol,998,1,1,0,1,1,141218,Private,Minor scratches,Body kit,
VEH-14184,WWU08Z86C465042168,MH98B6936,MARUTI,SWIFT,1.2 VXi BS IV,301139.3,15,2010,2010-01-21,Ma-PUN,Hatchback,Petrol,1197,1,1,1,1,1,19582,Private,,Body kit,
VEH-14185,CZZ08N55I546617062,DL85B6397,MARUTI,SWIFT,VXI,488836.11,7,2018,2018-10-21,De-NOI,Hatchback,Petrol,1197,0,0,0,1,1,80589,Private,Minor scratches,,
VEH-14186,HRI78C04U272493352,GJ83D9327,MARUTI,SWIFT DZIRE,VDI,393797.55,15,2010,2010-04-05,De-GUR,Sedan,Diesel,1248,0,1,0,1,0,47632,Private,,Body kit,
VEH-14187,WEO53H29C047381765,TN65B9382,MARUTI,WAGON R,1.0 LXI CNG,477809.73,6,2019,2019-02-06,Ta-COI,Hatchback,CNG,998,0,1,0,1,0,121796,Private,,Alloy wheels,
VEH-14188,QCT91U51V835515415,DL28D2345,MARUTI,VITARA BREZZA,ZDI PLUS,555949.48,15,2010,2010-10-18,Ka-MYS,SUV,Diesel,1248,0,1,0,1,1,71027,Private,,,2012-01-09
VEH-14189,ZVQ19K46I980591741,KA19D7568,MARUTI,BALENO HATCHBACK,Zeta 1.2,733055.62,4,2021,2021-12-28,De-GUR,Hatchback,Petrol,1197,0,0,0,0,1,63695,Private,,,
VEH-14190,QVJ55V60L246441723,DL85D7061,TOYOTA KIRLOSKAR,INNOVA CRYSTA,2.4 V 8S,972911.58,15,2010,2010-01-19,De-NOI,MUV,Diesel,2393,1,1,1,1,0,97355,Commercial,Minor scratches,Alloy wheels,2011-10-30
VEH-14191,VWE44V23H310571279,GJ44D5203,MARUTI,ERTIGA,1.5 VXI CNG,943112.5,3,2022,2022-07-26,We-KOL,MUV,CNG,1462,0,0,0,1,1,4168,Private,Dent on door,,
VEH-14192,QEI48N38X183505436,UP53A9317,MARUTI,SWIFT,1.2 VXi BS IV,529429.06,4,2021,2021-06-23,Ta-CHE,Hatchback,Petrol,1197,0,0,0,0,0,105150,Private,,,
VEH-14193,QCH70V70T220885297,UP55D1411,HYUNDAI,CRETA,1.4 E Plus,1300000.0,0,2025,2025-07-08,Ma-PUN,SUV,Diesel,1582,0,0,0,0,0,128781,Private,,,
VEH-14194,YEK35W88E080275111,MH66B2813,HONDA,AMAZE,1.2 SMT i-VTEC,488836.11,7,2018,2018-12-03,Ma-NAG,Sedan,Petrol,1199,0,0,0,0,1,124897,Private,Minor scratches,,2021-04-30
VEH-14195,VGP65I49J776269113,KA12A6667,MARUTI,SWIFT,VXI,541646.66,5,2020,2020-12-27,We-HOW,Hatchback,Petrol,1197,0,0,1,1,1,56899,Private,Dent on door,,2022-08-27
VEH-14196,YUY16K62H113676131,TN30B7299,MARUTI,SWIFT,1.2 VXi BS IV,453919.24,7,2018,2018-05-06,Ka-BAN,Hatchback,Petrol,1197,0,1,1,0,0,83733,Private,,,
VEH-14197,KQC73I18V078146605,TN44A3400,MARUTI,SWIFT,VDI (DIESEL),558669.84,7,2018,2018-03-12,We-KOL,Hatchback,Diesel,1248,1,1,0,0,1,62586,Private,Dent on door,Alloy wheels,
VEH-14198,QYW57O36W885615899,RJ03A1596,MARUTI,SWIFT,VXI,488836.11,7,2018,2018-04-23,We-KOL,Hatchback,Petrol,1197,0,1,0,1,1,145759,Private,,Body kit,2019-09-04
VEH-14199,HZQ78W15D067051335,TN82A9354,MARUTI,DZIRE,VXI,619024.75,5,2020,2020-08-16,Ka-BAN,Sedan,Petrol,1197,0,0,0,1,1,59033,Private,Dent on door,Alloy wheels,
VEH-14200,DON76G03E939769776,MH76A9038,MARUTI,BALENO HATCHBACK,Zeta 1.2,696402.84,5,2020,2020-11-09,Ma-PUN,Hatchback,Petrol,1197,1,0,1,1,0,27422,Private,,Alloy wheels,
VEH-14201,VBL03C28C667702746,WB55D9551,HYUNDAI,VENUE,1.2 S PETROL,393797.55,15,2010,2010-09-22,We-HOW,SUV,Petrol,1197,1,0,0,1,0,125136,Private,Dent on door,Body kit,2012-04-27
VEH-14202,SCP89A93M928568466,DL97A2441,MARUTI,VITARA BREZZA,ZDI PLUS,682560.11,11,2014,2014-06-09,Ta-CHE,SUV,Diesel,1248,0,1,0,1,1,108670,Private,,,2017-02-25
VEH-14203,LYN19P61F320336290,MH25A6350,HONDA,AMAZE,1.2 SMT i-VTEC,378252.06,12,2013,2013-09-04,Ka-MYS,Sedan,Petrol,1199,0,1,0,0,1,39634,Private,Dent on door,Alloy wheels,
VEH-14204,IWJ46N58G485870003,DL12C4878,MARUTI,VITARA BREZZA,VDI,1050000.0,0,2025,2025-09-13,Ka-MYS,SUV,Diesel,1248,0,0,0,0,1,120140,Private,Dent on door,Alloy wheels,
VEH-14205,TWS30P74B579868135,MH16B5754,MARUTI,WAGON R,1.0 LXI CNG,351234.06,12,2013,2013-07-17,Ka-MYS,Hatchback,CNG,998,1,0,0,1,1,37398,Private,,,
VEH-14206,QOE84I82O203244546,GJ69A7129,MARUTI,WAGON R,1.0 VXI,441055.13,6,2019,2019-11-08,Ta-CHE,Hatchback,Petrol,998,1,1,1,1,1,71114,Private,Dent on door,,
VEH-14207,QCX00P99F208215466,GJ41A4713,HONDA,AMAZE,1.2 VXMT i-VTEC,529552.89,12,2013,2013-05-16,Ka-BAN,Sedan,Petrol,1199,1,1,0,0,1,79730,Private,,,
VEH-14208,IWK51I89W704780953,DL05C8327,MARUTI,ALTO 800,LXI,205336.83,13,2012,2012-07-03,Ka-MYS,Hatchback,Petrol,796,1,0,1,1,0,33033,Private,,Alloy wheels,
VEH-14209,DUH62R82O680660494,MH08D2037,MARUTI,ERTIGA,1.5 VXI CNG,1100000.0,0,2025,2025-09-23,We-KOL,MUV,CNG,1462,1,1,0,0,1,125069,Private,Dent on door,Body kit,
VEH-14210,VGR12V95Y732725193,UP76A4772,MARUTI,SWIFT DZIRE,VDI,692330.31,4,2021,2021-08-13,Ka-BAN,Sedan,Diesel,1248,1,1,1,0,0,3921,Private,,,
VEH-14211,CFQ10V05M805866623,KA27A9811,HONDA,AMAZE,VX PETROL,454025.41,15,2010,2010-06-16,We-KOL,Sedan,Petrol,1199,0,0,0,1,1,142953,Private,Minor scratches,Alloy wheels,
VEH-14212,AGW19Y62T129981103,UP97B7357,MARUTI,VITARA BREZZA,ZDI PLUS,718484.33,10,2015,2015-05-16,Ka-MYS,SUV,Diesel,1248,1,1,0,1,1,4124,Private,,Body kit,
VEH-14213,GET31A45Y072415700,GJ36A2240,MARUTI,ERTIGA,1.5 VXI CNG,943112.5,3,2022,2022-02-26,Ta-COI,MUV,CNG,1462,1,0,1,0,0,12215,Private,Minor scratches,,
VEH-14214,KDM26Q82I053925937,RJ50C9412,HYUNDAI,CRETA,1.4 E Plus,667344.71,13,2012,2012-01-10,Ma-NAG,SUV,Diesel,1582,0,0,0,1,1,111320,Private,Minor scratches,,
VEH-14215,YWM50Q05K122936477,KA07A1678,MARUTI,SWIFT,VDI (DIESEL),410673.67,13,2012,2012-12-17,De-NEW,Hatchback,Diesel,1248,1,0,1,1,1,81840,Private,,,
VEH-14216,WTN43V55V037268023,TN84B2665,MARUTI,DZIRE,VXI,651605.0,4,2021,2021-10-18,Ma-MUM,Sedan,Petrol,1197,1,1,0,1,0,19056,Private,Dent on door,,
VEH-14217,QZI34F77T082339373,MH35D9373,MARUTI,BALENO HATCHBACK,Delta 1.2,722000.0,2,2023,2023-10-28,Ta-COI,Hatchback,Petrol,1197,1,1,0,1,0,62802,Private,,,
VEH-14218,YFG32S29A901233556,MH24B6788,MARUTI,BALENO HATCHBACK,Delta 1.2,370632.98,15,2010,2010-12-06,Ta-MAD,Hatchback,Petrol,1197,1,1,0,0,1,100253,Private,Minor scratches,Alloy wheels,
VEH-14219,XKF36E83C161173747,MH36B7732,MARUTI,WAGON R,1.0 LXI CNG,389179.01,10,2015,2015-04-21,We-HOW,Hatchback,CNG,998,0,1,1,1,0,80511,Private,,,
VEH-14220,TPT73N43L801691312,KA01C6555,MARUTI,WAGON R,1.0 LXI CNG,502957.61,5,2020,2020-10-15,Ma-MUM,Hatchback,CNG,998,0,0,0,1,0,10304,Private,,,
VEH-14221,POI04K40G676789248,KA09C8410,HONDA,AMAZE,1.2 SMT i-VTEC,464394.3,8,2017,2017-08-11,We-HOW,Sedan,Petrol,1199,1,0,0,0,0,101002,Private,,,
VEH-14222,GJF86W12R547181864,TN37C5091,MARUTI,ERTIGA,1.5 VXI CNG,1045000.0,1,2024,2024-08-21,Ma-PUN,MUV,CNG,1462,1,1,0,0,1,139101,Private,,,2026-11-28
VEH-14223,XFT10H90U152505716,UP82C2199,MARUTI,ALTO,K10 VXI,425579.52,5,2020,2020-12-14,Ka-MYS,Hatchback,Petrol,998,1,0,0,1,0,111940,Private,,,
VEH-14224,JPC71P23M662989367,KA40B9919,MARUTI,SWIFT,1.2 VXi BS IV,529429.06,4,2021,2021-07-15,Ta-MAD,Hatchback,Petrol,1197,0,0,0,0,0,7717,Private,Minor scratches,Alloy wheels,
VEH-14225,WNZ76Q70W565347693,MH06D7056,MARUTI,ALTO 800,LXI,227520.04,11,2014,2014-10-16,De-NOI,Hatchback,Petrol,796,0,1,0,0,1,74552,Private,Minor scratches,Alloy wheels,
VEH-14226,QZK46M82Q742482351,TN37D8627,MARUTI,VITARA BREZZA,VXI,698337.3,7,2018,2018-09-22,De-NOI,SUV,Petrol,1462,0,1,0,1,0,83706,Private,Dent on door,Body kit,
VEH-14227,DZC08Y92B200941115,TN33A1256,MARUTI,VITARA BREZZA,VDI,997500.0,1,2024,2024-11-05,Ka-MYS,SUV,Diesel,1248,1,0,0,1,0,28707,Private,Minor scratches,,
VEH-14228,WSK34R03K803348909,RJ79B7250,MARUTI,SWIFT,VDI (DIESEL),478989.55,10,2015,2015-07-22,Ta-CHE,Hatchback,Diesel,1248,0,1,0,0,1,88654,Private,Dent on door,,
VEH-14229,JZV01W40I897033868,KA86A3315,MARUTI,SWIFT DZIRE,VDI,624828.11,6,2019,2019-01-23,We-HOW,Sedan,Diesel,1248,0,0,0,0,0,57207,Private,Minor scratches,Body kit,
VEH-14230,VQD56H18K255434530,DL17B9284,MARUTI,ERTIGA,1.5 VXI CNG,992750.0,2,2023,2023-11-06,Ma-NAG,MUV,CNG,1462,1,0,0,1,0,45414,Private,,,
VEH-14231,IUY86H70P973358829,WB34C4384,MARUTI,SWIFT,VXI,665000.0,1,2024,2024-06-01,Ta-CHE,Hatchback,Petrol,1197,1,0,0,1,0,88162,Private,,Body kit,
VEH-14232,BRK87H81B175070311,KA05C4714,MARUTI,SWIFT DZIRE,VDI,850000.0,0,2025,2025-12-02,We-KOL,Sedan,Diesel,1248,0,1,0,0,1,103925,Private,Dent on door,Body kit,
VEH-14233,INF20V40Z538321532,KA56D2074,HYUNDAI,CRETA,1.5 E DIESEL,736446.44,10,2015,2015-02-26,Ma-MUM,SUV,Diesel,1493,0,1,0,1,1,54133,Private,Dent on door,,
VEH-14234,SZR93Q67F986497008,UP19C3041,MARUTI,DZIRE,VXI,558669.84,7,2018,2018-05-21,Ta-MAD,Sedan,Petrol,1197,0,0,1,1,1,58740,Private,,Alloy wheels,
VEH-14235,VJM74X45A162018681,MH12C9711,MARUTI,SWIFT DZIRE,VDI,624828.11,6,2019,2019-11-08,Ma-PUN,Sedan,Diesel,1248,1,1,0,1,0,96366,Private,Dent on door,Alloy wheels,2021-12-26
VEH-14236,UJW66J04T749568353,WB08C1426,MARUTI,ALTO 800,LXI,342950.0,3,2022,2022-03-01,De-NOI,Hatchback,Petrol,796,1,0,0,1,0,86761,Private,Minor scratches,,
VEH-14237,OIP27U23E325200597,MH49C5724,HYUNDAI,CRETA,1.4 E Plus,1235000.0,1,2024,2024-07-27,Ma-MUM,SUV,Diesel,1582,1,1,0,1,1,140409,Private,,Alloy wheels,
VEH-14238,EHF78L38O852356499,MH67C8258,MARUTI,ALTO,K10 VXI,384085.51,7,2018,2018-04-20,Ka-MYS,Hatchback,Petrol,998,0,0,0,1,0,143811,Private,,Body kit,
VEH-14239,EBA20P61U058901708,UP09B6221,MARUTI,BALENO HATCHBACK,Delta 1.2,530736.35,8,2017,2017-06-01,Ka-MYS,Hatchback,Petrol,1197,1,1,0,1,1,20558,Private,,,
VEH-14240,REP41P71D606396616,KA71C8653,MARUTI,BALENO HATCHBACK,Delta 1.2,588073.51,6,2019,2019-09-16,Ta-MAD,Hatchback,Petrol,1197,1,0,0,1,1,86148,Private,,Body kit,
VEH-14241,NKK09N35V782456934,WB29B7921,MARUTI,ALTO 800,LXI,252099.76,9,2016,2016-05-01,De-NEW,Hatchback,Petrol,796,0,0,0,1,1,79144,Private,,Alloy wheels,
VEH-14242,BBF44M30W364421065,WB26A3484,MARUTI,ALTO 800,LXI,279334.92,7,2018,2018-08-23,Ka-BAN,Hatchback,Petrol,796,1,1,0,1,1,77116,Private,,,
VEH-14243,SZT12K18N511489319,MH73A5975,MAHINDRA,THAR,LX HARD TOP AT 4STR DIESEL,872681.54,13,2012,2012-12-04,We-HOW,SUV,Diesel,2184,1,1,0,1,1,15499,Commercial,,,
VEH-14244,WZX57R56H681536845,TN78A1158,MARUTI,SWIFT,VDI (DIESEL),685900.0,3,2022,2022-10-18,Ma-PUN,Hatchback,Diesel,1248,0,0,0,1,1,13768,Private,Minor scratches,Body kit,
VEH-14245,FFP38E40O140732413,KA15D8270,MARUTI,VITARA BREZZA,ZDI PLUS,928537.12,5,2020,2020-07-09,Ma-MUM,SUV,Diesel,1248,0,1,0,1,0,105307,Private,,Body kit,2023-03-23
VEH-14246,EQH06Z88K153301644,KA02B1900,HONDA,AMAZE,1.5 SMT i-DTEC,624828.11,6,2019,2019-01-24,We-KOL,Sedan,Diesel,1498,1,0,1,1,1,91911,Private,Minor scratches,Body kit,
VEH-14247,BDJ28T76W223240399,KA91C8504,MARUTI,BALENO HATCHBACK,Zeta 1.2,511920.08,11,2014,2014-07-19,Ta-MAD,Hatchback,Petrol,1197,1,0,0,0,0,144061,Private,,Alloy wheels,
VEH-14248,HEW23M22Y766095309,TN75C8707,MARUTI,ALTO,K10 VXI,425579.52,5,2020,2020-09-24,De-GUR,Hatchback,Petrol,998,0,0,0,0,0,87026,Private,Minor scratches,,
VEH-14249,ZRX48V26W481410978,MH59A9888,HONDA,AMAZE,1.2 VXMT i-VTEC,503075.24,13,2012,2012-12-05,Ka-MYS,Sedan,Petrol,1199,0,0,0,1,1,103193,Private,Dent on door,,
VEH-14250,VMU24J79U537674285,UP22B9984,MARUTI,VITARA BREZZA,VDI,771846.49,6,2019,2019-06-14,Ka-MYS,SUV,Diesel,1248,0,0,1,0,1,98939,Private,Minor scratches,,
VEH-14251,FVH13Q73L578711150,MH39C9174,HONDA,AMAZE,1.5 SMT i-DTEC,807500.0,1,2024,2024-03-06,Ta-CHE,Sedan,Diesel,1498,0,1,0,1,0,143838,Private,Minor scratches,Body kit,2025-06-25
VEH-14252,LSA01X13O466847140,WB62B9334,MARUTI,SWIFT,1.2 VXi BS IV,389179.01,10,2015,2015-07-17,Ta-COI,Hatchback,Petrol,1197,1,1,0,0,1,120692,Commercial,,Body kit,2016-10-16
VEH-14253,YKU26Q04P697420707,TN76C9596,MARUTI,BALENO HATCHBACK,Zeta 1.2,661582.7,6,2019,2019-02-28,De-NOI,Hatchback,Petrol,1197,1,1,0,0,1,52519,Private,,Alloy wheels,
VEH-14254,EQE99A09J982902579,MH46D6105,TOYOTA KIRLOSKAR,INNOVA CRYSTA,2.8 ZX AT 7 STR,1556716.04,10,2015,2015-12-11,De-NOI,MUV,Diesel,2755,0,0,0,0,1,99158,Private,Minor scratches,Alloy wheels,
VEH-14255,IAL66Z88K994632563,DL58C2879,MARUTI,SWIFT,VDI (DIESEL),619024.75,5,2020,2020-05-11,Ta-CHE,Hatchback,Diesel,1248,1,1,0,0,0,39373,Private,Dent on door,Body kit,
VEH-14256,RLN08P18B797230786,WB74D7714,MARUTI,SWIFT DZIRE,VDI,657713.8,5,2020,2020-12-12,Ma-NAG,Sedan,Diesel,1248,1,1,0,1,0,25790,Private,Minor scratches,Body kit,
VEH-14257,YMX05Y29E922285469,GJ86B2644,MARUTI,VITARA BREZZA,VXI,568800.09,11,2014,2014-01-22,Ma-NAG,SUV,Petrol,1462,1,0,0,1,0,25598,Private,,,
VEH-14258,AQQ92E92U800872848,RJ60C1383,MARUTI,VITARA BREZZA,ZDI PLUS,616010.5,13,2012,2012-12-24,Ma-PUN,SUV,Diesel,1248,1,1,0,0,0,92972,Private,Dent on door,Alloy wheels,
VEH-14259,FVC33T03L016766472,WB85A3881,TOYOTA KIRLOSKAR,INNOVA CRYSTA,2.4 ZX MT 7 STR,1617202.16,6,2019,2019-11-01,We-HOW,MUV,Diesel,2393,1,1,1,0,1,15087,Private,Dent on door,Alloy wheels,
VEH-14260,SEP73P79R539597298,RJ88D2887,MARUTI,BALENO HATCHBACK,Delta 1.2,619024.75,5,2020,2020-03-08,De-GUR,Hatchback,Petrol,1197,0,0,1,0,1,51109,Private,,,
VEH-14261,WKN16A22F626371716,MH32C5752,HONDA,AMAZE,1.2 SMT i-VTEC,324303.86,15,2010,2010-12-08,Ta-CHE,Sedan,Petrol,1199,1,0,1,1,0,92485,Private,Minor scratches,Body kit,
VEH-14262,QNT51Z56W329622867,MH87C9094,MARUTI,ALTO,K10 VXI,364881.24,8,2017,2017-05-25,Ta-COI,Hatchback,Petrol,998,1,1,0,1,0,39824,Private,Minor scratches,Alloy wheels,2019-05-18
VEH-14263,MNN25B06P100611246,RJ81A1764,MARUTI,SWIFT,1.2 VXi BS IV,529429.06,4,2021,2021-04-21,Ka-MYS,Hatchback,Petrol,1197,0,1,0,1,0,47055,Private,Dent on door,,
VEH-14264,RSH37O19A993294473,KA07C8605,MARUTI,SWIFT,1.2 VXi BS IV,529429.06,4,2021,2021-02-04,De-GUR,Hatchback,Petrol,1197,1,0,0,1,1,95922,Private,,,
VEH-14265,SAN52C58A053855941,DL86D3531,HYUNDAI,VENUE,1.2 S PETROL,436340.77,13,2012,2012-12-13,Ma-PUN,SUV,Petrol,1197,1,0,0,0,1,61382,Private,Minor scratches,Alloy wheels,
VEH-14266,GLF78M05X534550165,WB71C3789,MARUTI,BALENO HATCHBACK,Delta 1.2,619024.75,5,2020,2020-01-16,De-NEW,Hatchback,Petrol,1197,0,0,0,1,0,78840,Private,,Body kit,
VEH-14267,LYM84B20P179504410,WB73A7343,MARUTI,ALTO,K10 VXI,282338.15,13,2012,2012-11-02,Ka-MYS,Hatchback,Petrol,998,0,0,0,0,1,94577,Private,,Body kit,
VEH-14268,HKG43M11P005919946,DL02D6385,HYUNDAI,CRETA,1.5 E DIESEL,816007.13,8,2017,2017-06-15,We-HOW,SUV,Diesel,1493,0,0,1,1,1,122414,Private,,,
VEH-14269,XJD98F58N499150253,KA34A9790,TOYOTA KIRLOSKAR,INNOVA CRYSTA,2.8 ZX AT 7 STR,2229175.0,3,2022,2022-05-15,Ma-PUN,MUV,Diesel,2755,0,1,0,1,1,54188,Private,,Alloy wheels,
VEH-14270,UCF49X52F458353593,GJ91D7829,MARUTI,VITARA BREZZA,VDI,771846.49,6,2019,2019-06-25,Ka-MYS,SUV,Diesel,1248,1,1,0,1,1,98106,Commercial,,Alloy wheels,
VEH-14271,NVS35S58I268506122,UP28B3566,MARUTI,WAGON R,1.0 LXI CNG,389179.01,10,2015,2015-12-09,Ta-CHE,Hatchback,CNG,998,0,0,1,1,0,125473,Private,,,
VEH-14272,HOB79X53O985726765,MH34C6097,MARUTI,SWIFT,1.2 VXi BS IV,389179.01,10,2015,2015-05-02,Ma-MUM,Hatchback,Petrol,1197,1,0,1,1,1,114934,Private,Dent on door,Alloy wheels,
VEH-14273,GUI66N70P889372256,DL45C9708,HYUNDAI,GRAND I10,SPORTZ 1.2 KAPPA VTVT,312111.99,14,2011,2011-03-25,Ta-MAD,Hatchback,Petrol,1197,0,0,0,1,1,143179,Private,Dent on door,Alloy wheels,
VEH-14274,PWO51S26B184942321,DL98A9285,MARUTI,SWIFT,1.2 VXi BS IV,301139.3,15,2010,2010-06-10,Ka-MYS,Hatchback,Petrol,1197,1,1,0,1,0,87220,Private,,,
VEH-14275,LFC76J09H419006752,GJ40D7610,MARUTI,VITARA BREZZA,VDI,661761.88,9,2016,2016-07-16,Ta-COI,SUV,Diesel,1248,0,0,1,1,1,54092,Private,Minor scratches,,
VEH-14276,OGQ27Y59Y122609562,DL40D3669,MARUTI,SWIFT DZIRE,VDI,767125.0,2,2023,2023-03-26,De-NOI,Sedan,Diesel,1248,0,0,0,0,1,51777,Private,,Alloy wheels,
VEH-14277,SWN81K85B788039412,DL43B1269,HONDA,AMAZE,1.2 SMT i-VTEC,324303.86,15,2010,2010-07-11,De-GUR,Sedan,Petrol,1199,1,1,1,0,0,100912,Private,,,
VEH-14278,VBO49Q05L506183524,TN61C5228,MARUTI,SWIFT,VXI,398160.06,11,2014,2014-08-18,Ma-NAG,Hatchback,Petrol,1197,1,1,0,1,1,31719,Private,Dent on door,,
VEH-14279,YKY40O25G504870719,DL77A5020,MARUTI,WAGON R,1.0 VXI,341280.06,11,2014,2014-04-03,Ta-MAD,Hatchback,Petrol,998,0,0,1,1,0,27096,Private,,,
VEH-14280,AUF05E59R442448008,RJ77D2204,MARUTI,ALTO,K10 VXI,346637.18,9,2016,2016-09-21,Ta-MAD,Hatchback,Petrol,998,1,0,0,0,1,116906,Private,Dent on door,,
VEH-14281,MGF78F27K076528534,DL54D2180,HYUNDAI,GRAND I10 NIOS,SPORTZ 1.2 KAPPA VTVT,488836.11,7,2018,2018-10-04,De-NEW,Hatchback,Petrol,1197,1,0,0,1,0,99081,Private,Minor scratches,,
VEH-14282,CGO72Z25M830502094,KA67C9041,MARUTI,SWIFT DZIRE,VDI,436340.77,13,2012,2012-12-23,Ta-MAD,Sedan,Diesel,1248,1,1,0,1,0,29007,Private,Dent on door,,2014-06-22
VEH-14283,KQL75B54G229513001,TN16B7926,MAHINDRA,BOLERO,B6 (O),1000000.0,0,2025,2025-09-05,We-HOW,SUV,Diesel,1498,1,0,0,1,1,126892,Private,,,
VEH-14284,DEZ52J84D515335735,TN65A9833,MARUTI,SWIFT,1.2 VXi BS IV,586625.0,2,2023,2023-02-18,Ta-CHE,Hatchback,Petrol,1197,1,1,0,0,0,106251,Private,,Alloy wheels,
VEH-14285,LQU60H34K532638068,DL95C5793,MARUTI,ALTO,K10 VXI,384085.51,7,2018,2018-03-06,De-NOI,Hatchback,Petrol,998,0,1,0,1,1,34422,Private,Minor scratches,Alloy wheels,
VEH-14286,HYJ09B55I299874512,KA23D8726,MARUTI,SWIFT,VXI,398160.06,11,2014,2014-09-02,Ma-NAG,Hatchback,Petrol,1197,1,0,1,1,0,148396,Private,,,
VEH-14287,SRC25C67G715761739,WB17C7891,MARUTI,DZIRE,VXI,619024.75,5,2020,2020-04-21,Ma-PUN,Sedan,Petrol,1197,0,0,0,0,0,16789,Private,Dent on door,,2021-09-06
VEH-14288,CLJ44T12O140988620,MH27D8970,MARUTI,BALENO HATCHBACK,Delta 1.2,619024.75,5,2020,2020-06-12,De-NOI,Hatchback,Petrol,1197,0,0,0,1,1,83091,Private,Dent on door,Alloy wheels,
VEH-14289,LWM81R07A129362312,UP96A7684,MARUTI,SWIFT,VXI,441174.59,9,2016,2016-03-06,Ma-PUN,Hatchback,Petrol,1197,1,1,0,1,0,10444,Private,,,
VEH-14290,TVZ60Y78R565066426,KA41B9421,MARUTI,ERTIGA,1.5 VXI CNG,536442.48,14,2011,2011-11-28,We-HOW,MUV,CNG,1462,0,1,0,1,0,140302,Private,,Body kit,
VEH-14291,COW32Q27T085277401,WB39A4185,MARUTI,WAGON R,1.0 LXI CNG,409662.12,9,2016,2016-07-16,De-NEW,Hatchback,CNG,998,1,1,0,1,1,27140,Private,,Alloy wheels,
VEH-14292,CJT29I04T522730218,UP32A9711,MARUTI,VITARA BREZZA,VXI,513342.08,13,2012,2012-11-25,Ma-NAG,SUV,Petrol,1462,0,0,0,1,0,56938,Private,Dent on door,Alloy wheels,
VEH-14293,EIV30U46O387176224,WB51D9943,HYUNDAI,GRAND I10,SPORTZ 1.2 KAPPA VTVT,383191.64,10,2015,2015-09-17,De-NEW,Hatchback,Petrol,1197,0,1,0,1,1,144429,Private,Dent on door,Body kit,
VEH-14294,TTY52S07A514400606,UP93D6367,MARUTI,ALTO 800,LXI,294036.76,6,2019,2019-03-26,Ma-MUM,Hatchback,Petrol,796,0,0,0,0,0,123038,Private,Dent on door,Body kit,
VEH-14295,QTT71J97R232994501,TN03A7795,MARUTI,ERTIGA,1.5 VXI CNG,1100000.0,0,2025,2025-02-27,We-HOW,MUV,CNG,1462,0,0,1,1,0,118777,Commercial,,,
VEH-14296,FWL15D43Q684366930,RJ72A6748,HONDA,AMAZE,1.2 VXMT i-VTEC,477921.48,14,2011,2011-11-23,Ma-NAG,Sedan,Petrol,1199,1,1,0,0,0,22267,Private,,,
VEH-14297,CEO15W46E474640638,RJ46D8563,MARUTI,VITARA BREZZA,VXI,698337.3,7,2018,2018-03-18,Ma-PUN,SUV,Petrol,1462,1,1,1,1,0,84848,Private,,,
VEH-14298,DSV90M64O106943880,KA40B5744,MARUTI,BALENO HATCHBACK,Delta 1.2,504199.53,9,2016,2016-03-13,Ka-MYS,Hatchback,Petrol,1197,1,1,1,1,1,110571,Private,Dent on door,,
VEH-14299,SYJ53F55N406609104,TN01D2753,MARUTI,BALENO HATCHBACK,Delta 1.2,651605.0,4,2021,2021-11-22,Ma-PUN,Hatchback,Petrol,1197,0,0,0,0,0,127029,Private,,Body kit,
VEH-14300,MYH27S92S246591959,MH58C9107,MARUTI,WAGON R,1.0 VXI,341280.06,11,2014,2014-02-14,Ta-COI,Hatchback,Petrol,998,0,0,0,1,0,6019,Commercial,,Body kit,
VEH-14301,QUP50N76X646456913,DL13A1963,MARUTI,WAGON R,1.0 VXI,600000.0,0,2025,2025-04-20,Ma-MUM,Hatchback,Petrol,998,0,1,0,1,1,15556,Private,,Alloy wheels,
VEH-14302,JHC89I22J198245152,RJ33D5233,MARUTI,WAGON R,1.0 VXI,359242.16,10,2015,2015-04-08,Ma-MUM,Hatchback,Petrol,998,0,0,0,1,0,148990,Private,Dent on door,Body kit,
VEH-14303,IVQ61B74Y482865969,KA52D2512,MARUTI,SWIFT DZIRE,VDI,657713.8,5,2020,2020-06-16,De-GUR,Sedan,Diesel,1248,0,0,0,1,1,146190,Private,Dent on door,,
VEH-14304,ZEG09X16E648685253,RJ11A8599,HYUNDAI,VENUE,1.2 S PETROL,593586.7,7,2018,2018-04-05,We-HOW,SUV,Petrol,1197,1,1,1,0,1,38496,Private,,,
VEH-14305,VDG80A31M436134595,DL31B7762,MARUTI,WAGON R,1.0 VXI,600000.0,0,2025,2025-12-06,Ma-MUM,Hatchback,Petrol,998,0,1,0,1,1,140080,Private,Minor scratches,,2027-10-07
VEH-14306,USY14U06V486479287,GJ43C7114,MARUTI,ALTO 800,LXI,309512.37,5,2020,2020-02-18,Ta-MAD,Hatchback,Petrol,796,0,0,0,0,0,142714,Private,Minor scratches,,
VEH-14307,RON42Y84P731344366,UP36D7076,MARUTI,DZIRE,VXI,410673.67,13,2012,2012-06-23,Ka-MYS,Sedan,Petrol,1197,0,0,0,1,1,76198,Private,Dent on door,,2013-11-21
VEH-14308,VVF95H07X870224493,UP49B7918,MARUTI,WAGON R,1.0 VXI,324216.05,12,2013,2013-09-08,Ka-BAN,Hatchback,Petrol,998,1,1,1,1,1,140941,Private,,Body kit,
VEH-14309,BSR74O37I539527400,WB50D6423,HONDA,AMAZE,VX PETROL,617644.42,9,2016,2016-09-02,We-KOL,Sedan,Petrol,1199,0,0,1,0,0,134498,Private,Minor scratches,Alloy wheels,
VEH-14310,VMM58U32Q079717670,MH65B7151,MARUTI,BALENO HATCHBACK,Delta 1.2,455040.07,11,2014,2014-05-07,De-NEW,Hatchback,Petrol,1197,1,0,0,1,1,130124,Private,Dent on door,,
VEH-14311,GUE86O85P194902795,RJ90C4348,MARUTI,SWIFT DZIRE,VDI,483480.08,11,2014,2014-11-06,Ta-MAD,Sedan,Diesel,1248,0,1,0,0,0,52990,Private,,Alloy wheels,
VEH-14312,VYX89V47W119031863,TN25D9995,MARUTI,SWIFT,VXI,419115.86,10,2015,2015-12-02,We-KOL,Hatchback,Petrol,1197,0,1,0,1,0,78001,Private,,,
VEH-14313,CXP09L75N634230883,RJ66C9432,MARUTI,WAGON R,1.0 VXI,359242.16,10,2015,2015-02-24,De-NEW,Hatchback,Petrol,998,1,1,0,1,1,147394,Private,Dent on door,,2017-07-25
VEH-14314,HRC78G06C883118910,KA65B3111,MAHINDRA,SCORPIO,S11 2WD 7STR,1800000.0,0,2025,2025-07-23,Ka-MYS,SUV,Diesel,2184,0,1,1,1,0,19172,Private,,Body kit,
VEH-14315,HNK85O61W414390472,KA19D7465,HYUNDAI,CRETA,1.4 E Plus,907838.48,7,2018,2018-05-02,De-NOI,SUV,Diesel,1582,1,1,0,1,1,46861,Private,,,
VEH-14316,RDG03I53A901508443,DL18A8742,MARUTI,WAGON R,1.0 VXI,308005.25,13,2012,2012-10-18,De-NOI,Hatchback,Petrol,998,1,1,0,1,0,123867,Commercial,Dent on door,,
VEH-14317,OEO45B08B525814668,TN25A8464,MARUTI,ALTO 800,LXI,185316.49,15,2010,2010-02-09,Ma-MUM,Hatchback,Petrol,796,1,1,1,0,0,16096,Private,,Alloy wheels,
VEH-14318,YAW50B84S599947581,WB76D9337,MARUTI,BALENO HATCHBACK,Delta 1.2,478989.55,10,2015,2015-06-03,Ka-MYS,Hatchback,Petrol,1197,0,0,0,0,1,30780,Commercial,Dent on door,,
VEH-14319,RMN25I12P635823836,TN94D9898,TOYOTA KIRLOSKAR,INNOVA CRYSTA,2.4 V 8S,1710463.12,4,2021,2021-02-21,We-KOL,MUV,Diesel,2393,1,0,1,0,0,123155,Private,,,
VEH-14320,DBH82I84X332029282,RJ89C8712,MARUTI,WAGON R,1.0 VXI,441055.13,6,2019,2019-07-04,De-GUR,Hatchback,Petrol,998,1,1,1,1,0,60742,Private,,Alloy wheels,
VEH-14321,NOP34I96P531403159,DL70C8168,MARUTI,BALENO HATCHBACK,Delta 1.2,455040.07,11,2014,2014-12-17,Ka-BAN,Hatchback,Petrol,1197,1,0,0,1,0,74878,Private,,,
VEH-14322,QZK87V81F641445654,UP97B4376,HYUNDAI,CRETA,1.5 E DIESEL,699624.11,11,2014,2014-04-24,De-NOI,SUV,Diesel,1493,1,1,0,1,0,110638,Private,,,
VEH-14323,FRI04L66C091961401,TN73B2301,HYUNDAI,GRAND I10 NIOS,SPORTZ 1.2 KAPPA VTVT,378252.06,12,2013,2013-01-25,Ma-PUN,Hatchback,Petrol,1197,1,0,0,0,0,23755,Private,Dent on door,Alloy wheels,
VEH-14324,SZK36M54I162002930,TN40C6563,MARUTI,WAGON R,1.0 VXI,308005.25,13,2012,2012-10-28,Ta-COI,Hatchback,Petrol,998,0,0,0,1,1,140245,Private,,Alloy wheels,
VEH-14325,XIV22K43J440045980,TN33B4346,HYUNDAI,CRETA,1.4 E Plus,667344.71,13,2012,2012-06-14,Ta-CHE,SUV,Diesel,1582,1,0,0,1,1,20056,Private,,,2014-11-04
VEH-14326,CLK26Q06F425718670,TN94D5781,MARUTI,VITARA BREZZA,VXI,814506.25,4,2021,2021-03-23,We-KOL,SUV,Petrol,1462,0,0,0,1,1,111812,Private,Minor scratches,,
VEH-14327,VKX28R74Y167589309,KA17D8784,MARUTI,VITARA BREZZA,VDI,661761.88,9,2016,2016-03-24,Ta-CHE,SUV,Diesel,1248,1,0,0,1,0,110635,Private,,Body kit,
VEH-14328,KZC58A75M234412359,WB51C6132,MARUTI,WAGON R,1.0 LXI CNG,333672.35,13,2012,2012-08-13,Ka-MYS,Hatchback,CNG,998,1,1,0,0,1,91867,Private,Dent on door,Alloy wheels,
VEH-14329,IOV79J77E987984544,KA63A9874,MARUTI,SWIFT,1.2 VXi BS IV,409662.12,9,2016,2016-12-07,We-KOL,Hatchback,Petrol,1197,1,0,0,1,0,98746,Private,,,
VEH-14330,IRM25M19A877075720,MH71A8663,HYUNDAI,VENUE,1.2 S PETROL,414523.73,14,2011,2011-04-09,Ka-BAN,SUV,Petrol,1197,0,0,0,1,1,3131,Private,,,
VEH-14331,ZRS21Y86S455646464,KA99C3649,MARUTI,ALTO 800,LXI,342950.0,3,2022,2022-09-25,Ma-MUM,Hatchback,Petrol,796,1,1,0,0,0,25702,Private,,,
VEH-14332,SRI73X89D592577288,MH54C8492,HYUNDAI,CRETA,1.4 E Plus,739440.12,11,2014,2014-05-15,We-KOL,SUV,Diesel,1582,0,0,1,0,1,104931,Private,Minor scratches,Alloy wheels,
VEH-14333,LUS34G27A652605224,DL59C9867,MARUTI,SWIFT,1.2 VXi BS IV,650000.0,0,2025,2025-02-05,Ka-BAN,Hatchback,Petrol,1197,1,0,0,1,1,58133,Private,,Alloy wheels,
VEH-14334,FAH76O31F313074622,GJ63A9932,MARUTI,SWIFT,VXI,398160.06,11,2014,2014-04-21,Ta-CHE,Hatchback,Petrol,1197,0,1,0,1,0,63704,Private,Minor scratches,Alloy wheels,
VEH-14335,QTE20V83G002818594,UP01D2271,HONDA,CITY,1.5 V MT,1145195.79,5,2020,2020-05-21,De-NEW,Sedan,Petrol,1498,0,0,0,1,0,9916,Commercial,Dent on door,,2022-04-02
VEH-14336,EHL51F96V638541383,WB61D1640,MARUTI,WAGON R,1.0 VXI,514425.0,3,2022,2022-02-17,Ma-PUN,Hatchback,Petrol,998,0,1,1,1,1,60234,Private,Dent on door,,
VEH-14337,SVV91H87V131736400,DL71B8841,MARUTI,BALENO HATCHBACK,Delta 1.2,685900.0,3,2022,2022-10-03,Ta-MAD,Hatchback,Petrol,1197,0,0,0,0,0,117835,Private,,,
VEH-14338,EVW43F00A672251459,RJ25C2341,MARUTI,ALTO,K10 VXI,268221.24,14,2011,2011-08-20,Ka-BAN,Hatchback,Petrol,998,0,1,0,1,1,106410,Private,Minor scratches,,
VEH-14339,ZUQ80R97Z860487015,KA85B1477,HONDA,AMAZE,1.2 VXMT i-VTEC,617644.42,9,2016,2016-01-19,Ma-PUN,Sedan,Petrol,1199,0,0,1,0,0,6436,Private,,Body kit,
VEH-14340,JQU46I00I679290893,MH80C4705,MARUTI,BALENO HATCHBACK,Delta 1.2,619024.75,5,2020,2020-12-28,Ma-MUM,Hatchback,Petrol,1197,1,0,0,0,0,139109,Private,,Alloy wheels,
VEH-14341,OVV66T91M725903055,RJ63D4471,TOYOTA KIRLOSKAR,INNOVA CRYSTA,2.8 GX AT 7 STR,1606175.78,7,2018,2018-09-05,Ma-PUN,MUV,Diesel,2755,1,1,1,1,0,120642,Private,,,
VEH-14342,DZO99X63Y241059008,MH33A5774,MARUTI,BALENO HATCHBACK,Delta 1.2,432288.07,12,2013,2013-03-01,Ma-MUM,Hatchback,Petrol,1197,0,0,1,1,1,4592,Private,,Alloy wheels,
VEH-14343,XID39P95I363149919,TN42B9497,HONDA,AMAZE,VX PETROL,980000.0,0,2025,2025-09-15,De-GUR,Sedan,Petrol,1199,0,1,1,1,1,105728,Private,,,
VEH-14344,AUS43P12V741838981,TN79B1962,MARUTI,DZIRE,VXI,558669.84,7,2018,2018-02-27,Ka-MYS,Sedan,Petrol,1197,1,0,0,0,1,19522,Private,Dent on door,,
VEH-14345,FUL16I17V820566504,TN04A4745,HYUNDAI,GRAND I10,SPORTZ 1.2 KAPPA VTVT,446935.87,7,2018,2018-06-26,We-HOW,Hatchback,Petrol,1197,0,1,0,1,0,93841,Private,,Body kit,
VEH-14346,BHM31H71K695917204,WB59C9524,MARUTI,SWIFT,1.2 VXi BS IV,431223.28,8,2017,2017-11-28,Ta-CHE,Hatchback,Petrol,1197,0,1,1,1,0,100976,Private,Minor scratches,Body kit,
VEH-14347,ZPK27V47D822400310,TN97C3804,MARUTI,ERTIGA,1.5 VXI CNG,625680.1,11,2014,2014-06-12,Ka-MYS,MUV,CNG,1462,1,0,0,0,0,54671,Private,,,
VEH-14348,JQK93S49Y610299701,MH01B1254,TOYOTA KIRLOSKAR,INNOVA CRYSTA,2.8 ZX AT 7 STR,1911238.92,6,2019,2019-11-15,Ma-NAG,MUV,Diesel,2755,0,1,0,1,0,65545,Private,Minor scratches,Alloy wheels,2020-12-11
VEH-14349,TKS63K30B060465997,WB50C8312,HYUNDAI,GRAND I10 NIOS,SPORTZ 1.2 KAPPA VTVT,600162.5,3,2022,2022-10-19,De-NEW,Hatchback,Petrol,1197,0,0,0,1,1,83859,Private,,Body kit,
VEH-14350,XAH33F41G226662052,RJ22C5666,MARUTI,VITARA BREZZA,VDI,855231.56,4,2021,2021-12-13,De-NOI,SUV,Diesel,1248,1,0,0,1,0,112255,Private,,,
VEH-14351,RPC24T18V931716852,UP86B9544,HYUNDAI,CRETA,1.4 E Plus,1005915.22,5,2020,2020-12-28,Ta-MAD,SUV,Diesel,1582,1,1,1,0,0,131494,Private,Minor scratches,Alloy wheels,2023-03-28
VEH-14352,HDA45X66G963019374,GJ05B4274,MARUTI,VITARA BREZZA,VDI,812469.98,5,2020,2020-05-27,We-KOL,SUV,Diesel,1248,0,0,0,1,0,121436,Private,Minor scratches,,
VEH-14353,NMG39B43D308086891,WB77C7818,MARUTI,DZIRE,VXI,651605.0,4,2021,2021-01-02,Ma-MUM,Sedan,Petrol,1197,0,1,0,1,0,137641,Private,,,2022-09-01
VEH-14354,WGC13A73X221277404,UP50C1209,MARUTI,VITARA BREZZA,VXI,814506.25,4,2021,2021-12-25,Ma-NAG,SUV,Petrol,1462,0,1,1,1,1,61231,Private,,,
VEH-14355,BZB97V29Q135742329,RJ01B2097,MARUTI,WAGON R,1.0 LXI CNG,351234.06,12,2013,2013-05-27,Ma-MUM,Hatchback,CNG,998,0,0,0,1,0,97231,Private,,Body kit,
VEH-14356,DXK35J07S979810116,GJ50A8060,MAHINDRA,SCORPIO,S11 2WD 7STR,833924.21,15,2010,2010-05-03,Ma-MUM,SUV,Diesel,2184,1,0,0,0,1,131727,Private,Minor scratches,Alloy wheels,
VEH-14357,VUL27U27X198802607,MH60D2517,MARUTI,BALENO HATCHBACK,Delta 1.2,800000.0,0,2025,2025-04-01,Ma-NAG,Hatchback,Petrol,1197,0,0,0,1,0,140603,Private,Minor scratches,Alloy wheels,
VEH-14358,KAP21B97Y934272592,KA17C4843,MARUTI,ALTO,K10 VXI,425579.52,5,2020,2020-01-23,Ta-MAD,Hatchback,Petrol,998,1,0,0,0,0,143947,Private,,Alloy wheels,
VEH-14359,YNO94R50F000539023,KA38B9752,HYUNDAI,VENUE,1.2 S PETROL,624828.11,6,2019,2019-02-07,Ta-COI,SUV,Petrol,1197,1,1,1,0,0,102359,Private,Minor scratches,Alloy wheels,
VEH-14360,EEP44I78B002291882,GJ37A5939,HYUNDAI,CRETA,1.4 E Plus,633977.47,14,2011,2011-08-20,Ka-BAN,SUV,Diesel,1582,1,1,1,1,0,22570,Private,Minor scratches,Body kit,2014-01-09
VEH-14361,SQH08L12K808904054,TN51A5572,MARUTI,SWIFT,VDI (DIESEL),455040.07,11,2014,2014-09-25,Ka-MYS,Hatchback,Diesel,1248,1,1,0,1,0,133233,Private,Minor scratches,Alloy wheels,
VEH-14362,VVV27A37E504901954,TN91B1676,MARUTI,VITARA BREZZA,VXI,598736.94,10,2015,2015-02-11,We-KOL,SUV,Petrol,1462,1,0,0,1,0,7286,Private,Dent on door,Body kit,
VEH-14363,BUI28A09X266418155,UP06D1573,HYUNDAI,CRETA,1.4 E Plus,667344.71,13,2012,2012-02-27,Ma-PUN,SUV,Diesel,1582,1,1,0,1,1,149501,Commercial,,Alloy wheels,
VEH-14364,EPF01P00M581049379,KA82B3534,HONDA,AMAZE,1.2 VXMT i-VTEC,840227.5,3,2022,2022-05-18,De-NOI,Sedan,Petrol,1199,1,1,0,1,1,58768,Private,Dent on door,Body kit,
VEH-14365,IWL54C28M539902792,WB92C9969,MARUTI,WAGON R,1.0 VXI,292604.99,14,2011,2011-01-23,Ma-PUN,Hatchback,Petrol,998,0,0,0,0,1,122672,Private,Dent on door,Body kit,
VEH-14366,OAR58D38P861066143,KA79B4906,HYUNDAI,CRETA,1.4 E Plus,1235000.0,1,2024,2024-04-23,Ma-NAG,SUV,Diesel,1582,1,1,0,0,1,43218,Private,,Alloy wheels,
VEH-14367,BRC56N70D523609858,RJ46A4919,MARUTI,SWIFT,VXI,488836.11,7,2018,2018-07-07,Ta-CHE,Hatchback,Petrol,1197,0,1,0,0,1,14230,Private,Dent on door,,
VEH-14368,CKX21V83Y623006911,WB40B8220,MARUTI,SWIFT,VXI,488836.11,7,2018,2018-11-22,Ma-MUM,Hatchback,Petrol,1197,1,0,1,1,1,80610,Private,,,
VEH-14369,RZI46E16K285639801,TN49C3138,MARUTI,VITARA BREZZA,VDI,512058.73,14,2011,2011-06-08,De-NEW,SUV,Diesel,1248,1,1,0,1,1,108556,Commercial,Dent on door,Body kit,
VEH-14370,XSF40O93D971769969,KA11D5215,MARUTI,VITARA BREZZA,VXI,630249.41,9,2016,2016-03-12,We-HOW,SUV,Petrol,1462,1,1,0,1,1,20414,Private,Dent on door,Body kit,
VEH-14371,WSY34F40N673436738,GJ99B8249,MARUTI,SWIFT,VDI (DIESEL),588073.51,6,2019,2019-03-16,Ta-COI,Hatchback,Diesel,1248,1,1,0,0,1,141195,Private,,Alloy wheels,
VEH-14372,WNJ54K77R369249932,GJ56B4261,MARUTI,VITARA BREZZA,VDI,855231.56,4,2021,2021-08-21,Ta-CHE,SUV,Diesel,1248,1,0,0,1,1,34919,Private,,,
VEH-14373,BMC40Y94W425361079,GJ94D8801,HYUNDAI,CRETA,1.4 E Plus,739440.12,11,2014,2014-05-05,Ma-PUN,SUV,Diesel,1582,1,1,0,1,0,149991,Private,Dent on door,,
VEH-14374,QRU02E81Y844205598,UP35C7806,MARUTI,ALTO 800,LXI,185316.49,15,2010,2010-11-28,We-KOL,Hatchback,Petrol,796,0,1,1,1,1,53495,Private,,Alloy wheels,
VEH-14375,ZIY14T41Q131681384,MH74B9625,HYUNDAI,GRAND I10 NIOS,SPORTZ 1.2 KAPPA VTVT,419115.86,10,2015,2015-02-10,Ma-PUN,Hatchback,Petrol,1197,0,0,0,1,1,6949,Private,,Body kit,
VEH-14376,JQS18J84P260835517,DL30C7610,MARUTI,DZIRE,VXI,651605.0,4,2021,2021-04-06,De-GUR,Sedan,Petrol,1197,0,0,1,0,0,45651,Private,Dent on door,,
VEH-14377,TMM94M18F231293925,MH07B4257,HONDA,CITY,1.5 V MT,841824.14,11,2014,2014-02-13,Ka-MYS,Sedan,Petrol,1498,0,0,0,0,0,10488,Private,Dent on door,Body kit,
VEH-14378,IRJ30P56Y581315764,DL73D1132,MARUTI,BALENO HATCHBACK,Zeta 1.2,812250.0,2,2023,2023-03-27,Ta-MAD,Hatchback,Petrol,1197,1,1,0,1,1,130164,Private,,,
VEH-14379,MPT97M84F000501840,MH78D6997,MARUTI,VITARA BREZZA,VDI,733254.16,7,2018,2018-10-13,Ma-NAG,SUV,Diesel,1248,1,1,0,1,1,143481,Private,Minor scratches,,
VEH-14380,HVZ92F63V742302842,GJ23A3279,HONDA,CITY,1.5 V MT,799732.93,12,2013,2013-03-15,De-NEW,Sedan,Petrol,1498,0,1,1,0,0,54470,Private,,Body kit,2014-10-22
VEH-14381,GIQ47A24V449547595,GJ87D5310,MARUTI,ALTO 800,LXI,252099.76,9,2016,2016-12-25,Ta-MAD,Hatchback,Petrol,796,0,0,0,1,0,105376,Private,,Alloy wheels,
VEH-14382,EXQ61U28O138740447,GJ67D1695,HONDA,AMAZE,1.2 SMT i-VTEC,341372.49,14,2011,2011-06-07,Ka-BAN,Sedan,Petrol,1199,0,0,0,1,1,41265,Private,,Alloy wheels,
VEH-14383,TJJ70E43B529662870,DL09A4606,HONDA,AMAZE,1.2 SMT i-VTEC,419115.86,10,2015,2015-11-17,Ta-MAD,Sedan,Petrol,1199,1,0,0,1,0,70129,Private,,,
VEH-14384,LZR36Z85F979686755,TN43D3036,MARUTI,SWIFT,VXI,441174.59,9,2016,2016-07-05,We-KOL,Hatchback,Petrol,1197,0,1,0,1,0,32153,Private,,,
VEH-14385,ZUE90T07H541801006,WB37B1451,MARUTI,SWIFT,VXI,488836.11,7,2018,2018-04-09,Ta-MAD,Hatchback,Petrol,1197,1,1,1,0,1,131671,Commercial,,,
VEH-14386,DXD62W14U878748118,KA21B5691,MARUTI,SWIFT DZIRE,VDI,593586.7,7,2018,2018-06-10,Ka-BAN,Sedan,Diesel,1248,0,0,0,1,0,14893,Private,Minor scratches,Alloy wheels,
VEH-14387,RPB86G73G859639564,MH11C4659,MARUTI,SWIFT,1.2 VXi BS IV,502957.61,5,2020,2020-11-01,Ma-MUM,Hatchback,Petrol,1197,0,0,1,1,0,69709,Private,Dent on door,,
VEH-14388,ALL57N35E521870751,UP11A4789,HYUNDAI,CRETA,1.5 E DIESEL,699624.11,11,2014,2014-06-18,Ma-PUN,SUV,Diesel,1493,1,1,0,0,0,8716,Private,Minor scratches,Body kit,
VEH-14389,QGE86G29C028018754,UP36A5730,MARUTI,SWIFT,VXI,441174.59,9,2016,2016-06-24,Ma-PUN,Hatchback,Petrol,1197,1,1,0,1,1,143826,Private,,Body kit,
VEH-14390,FMJ03I50O267961531,GJ39C4300,HONDA,AMAZE,1.2 VXMT i-VTEC,557424.09,11,2014,2014-08-28,Ma-NAG,Sedan,Petrol,1199,1,1,1,1,0,91221,Private,Dent on door,,
VEH-14391,MFX71L04C330941956,GJ71C5352,MARUTI,SWIFT,VXI,419115.86,10,2015,2015-08-06,Ma-NAG,Hatchback,Petrol,1197,1,1,1,0,0,99543,Private,Minor scratches,,
VEH-14392,LWZ43O11O467139852,GJ94D2576,MARUTI,SWIFT,1.2 VXi BS IV,502957.61,5,2020,2020-02-15,De-NEW,Hatchback,Petrol,1197,1,0,1,1,0,96607,Private,,,
VEH-14393,PKK11B26I481886246,KA87A5134,MARUTI,VITARA BREZZA,VXI,950000.0,1,2024,2024-09-28,Ta-CHE,SUV,Petrol,1462,0,0,1,1,1,24867,Private,Dent on door,,2025-11-03
VEH-14394,DQD70C51J133390747,GJ90B2485,MARUTI,SWIFT,VXI,488836.11,7,2018,2018-04-27,Ka-MYS,Hatchback,Petrol,1197,1,1,0,1,1,78430,Private,Minor scratches,,
VEH-14395,NOV53R73N786831919,TN98A3692,MARUTI,ALTO 800,LXI,205336.83,13,2012,2012-02-12,Ka-MYS,Hatchback,Petrol,796,1,1,0,1,1,108101,Private,Dent on door,,
VEH-14396,RUT56N86O605060975,UP85B3203,MARUTI,SWIFT,VXI,541646.66,5,2020,2020-11-02,Ta-COI,Hatchback,Petrol,1197,0,1,0,0,0,41555,Private,,,2023-03-17
VEH-14397,VUB83U47T234264761,WB79B2783,HONDA,AMAZE,1.5 SMT i-DTEC,850000.0,0,2025,2025-06-24,Ka-BAN,Sedan,Diesel,1498,1,0,1,0,1,49877,Private,,Body kit,
VEH-14398,POO86I58D314900786,TN03A7661,MARUTI,BALENO HATCHBACK,Delta 1.2,410673.67,13,2012,2012-02-14,We-HOW,Hatchback,Petrol,1197,1,1,1,1,1,45315,Private,,,
VEH-14399,GOP78W49C268332194,RJ84D9342,MARUTI,WAGON R,1.0 LXI CNG,650000.0,0,2025,2025-07-27,Ma-NAG,Hatchback,CNG,998,1,0,0,1,1,102645,Private,,Body kit,
VEH-14400,DBR04U28C823775053,MH86D7441,MARUTI,SWIFT,VXI,541646.66,5,2020,2020-01-06,De-NOI,Hatchback,Petrol,1197,0,1,0,1,0,47965,Private,Minor scratches,,
VEH-14401,KSK72H90N665016749,DL68C4351,MARUTI,ALTO 800,LXI,342950.0,3,2022,2022-06-07,Ka-MYS,Hatchback,Petrol,796,1,1,0,1,0,92489,Private,,,
VEH-14402,ALT36K78O519007942,MH86B5456,MARUTI,BALENO HATCHBACK,Zeta 1.2,771637.5,3,2022,2022-06-11,Ka-MYS,Hatchback,Petrol,1197,1,1,0,1,1,58543,Private,,,
VEH-14403,TBR07P38B811046642,DL85A7584,HYUNDAI,VENUE,1.2 S PETROL,535712.0,9,2016,2016-10-06,Ma-NAG,SUV,Petrol,1197,1,1,0,0,0,71556,Private,Minor scratches,Body kit,
VEH-14404,YOS79S92J240905878,TN39A7567,MARUTI,BALENO HATCHBACK,Zeta 1.2,733055.62,4,2021,2021-08-21,Ma-PUN,Hatchback,Petrol,1197,0,1,0,1,0,125383,Commercial,Minor scratches,,2023-09-20
VEH-14405,VZJ94Y17Y028185337,TN46D3653,TOYOTA KIRLOSKAR,INNOVA CRYSTA,2.8 ZX AT 7 STR,1556716.04,10,2015,2015-05-03,De-GUR,MUV,Diesel,2755,1,0,0,1,1,40322,Private,Minor scratches,Body kit,
VEH-14406,NIM64K61I551757002,KA16D9539,TOYOTA KIRLOSKAR,INNOVA CRYSTA,2.8 GX AT 7 STR,1779696.16,5,2020,2020-05-21,Ma-NAG,MUV,Diesel,2755,0,1,0,1,1,128151,Private,,Body kit,
VEH-14407,BON43E07M332672648,RJ67B9672,MARUTI,SWIFT,VDI (DIESEL),722000.0,2,2023,2023-06-05,Ma-MUM,Hatchback,Diesel,1248,0,0,0,1,1,59184,Private,,Body kit,
VEH-14408,HWW31U40L033309809,TN05D6101,HONDA,CITY,1.5 V MT,932769.13,9,2016,2016-06-19,Ta-CHE,Sedan,Petrol,1498,0,0,1,1,0,27801,Private,Dent on door,,
VEH-14409,DKP19T74Q771374199,DL69D5667,HONDA,CITY,1.5 V MT,1406000.0,1,2024,2024-07-08,Ta-CHE,Sedan,Petrol,1498,1,1,0,1,1,65558,Private,Dent on door,,
VEH-14410,ULH14Y01K371865562,DL10A5728,MARUTI,SWIFT,VXI,398160.06,11,2014,2014-11-18,Ma-MUM,Hatchback,Petrol,1197,1,1,1,1,1,55423,Private,,Body kit,
VEH-14411,GMQ36Q16X619607929,WB36B7341,MARUTI,BALENO HATCHBACK,Zeta 1.2,597078.39,8,2017,2017-07-06,De-NOI,Hatchback,Petrol,1197,0,0,0,1,1,128412,Private,,Alloy wheels,
VEH-14412,MSG83R66U154607826,GJ94D2251,MARUTI,BALENO HATCHBACK,Zeta 1.2,661582.7,6,2019,2019-09-02,Ma-PUN,Hatchback,Petrol,1197,1,0,0,1,1,72367,Private,Minor scratches,,
VEH-14413,NRF38R25Z270263693,DL98A8880,HONDA,CITY,1.5 V MT,1205469.25,4,2021,2021-06-03,We-HOW,Sedan,Petrol,1498,1,1,1,1,0,101415,Private,Dent on door,Alloy wheels,
VEH-14414,EQH27M55L199265850,MH75C8052,MARUTI,SWIFT,VDI (DIESEL),455040.07,11,2014,2014-01-03,Ta-MAD,Hatchback,Diesel,1248,0,1,0,1,1,133030,Private,Dent on door,Alloy wheels,
VEH-14415,XKQ10L74H389105378,KA34C8302,MARUTI,WAGON R,1.0 LXI CNG,617500.0,1,2024,2024-01-25,Ma-MUM,Hatchback,CNG,998,1,0,0,0,0,45571,Private,Dent on door,,
VEH-14416,GHF39Q24T444007188,KA18B6126,MARUTI,ALTO,K10 VXI,329305.32,10,2015,2015-06-19,Ma-NAG,Hatchback,Petrol,998,0,0,0,1,0,117709,Private,,,
VEH-14417,FVQ35C75J809030574,MH57A3277,TOYOTA KIRLOSKAR,INNOVA CRYSTA,2.8 ZX AT 7 STR,2011830.44,5,2020,2020-01-01,Ta-MAD,MUV,Diesel,2755,0,1,0,0,0,48242,Private,Minor scratches,Body kit,
VEH-14418,YFO01O11Y666128145,TN43C1044,MARUTI,VITARA BREZZA,ZDI PLUS,718484.33,10,2015,2015-11-18,Ta-CHE,SUV,Diesel,1248,1,0,0,1,0,69633,Private,,Alloy wheels,
VEH-14419,RLQ89I27Z415142962,UP92C3956,MARUTI,VITARA BREZZA,ZDI PLUS,718484.33,10,2015,2015-08-11,We-HOW,SUV,Diesel,1248,0,0,0,0,1,61646,Private,,Body kit,2016-09-13
VEH-14420,KJH74K25P659220145,RJ16B5298,HONDA,AMAZE,1.2 VXMT i-VTEC,758305.32,5,2020,2020-05-25,We-KOL,Sedan,Petrol,1199,0,0,0,1,0,63095,Private,Dent on door,,
VEH-14421,OYV97V79W651267296,MH81C5458,HYUNDAI,CRETA,1.5 E DIESEL,1001842.69,4,2021,2021-11-15,Ka-BAN,SUV,Diesel,1493,0,0,0,1,1,85993,Private,Dent on door,Body kit,
VEH-14422,SBE15B15O491602558,DL78A2313,HONDA,AMAZE,1.2 SMT i-VTEC,514564.32,6,2019,2019-08-18,Ta-CHE,Sedan,Petrol,1199,1,0,0,1,1,51738,Commercial,Minor scratches,Alloy wheels,
VEH-14423,EKA60A85I719272862,MH05B7380,MARUTI,BALENO HATCHBACK,Zeta 1.2,661582.7,6,2019,2019-09-16,Ta-COI,Hatchback,Petrol,1197,0,0,0,1,1,88901,Private,,,
VEH-14424,VGB16V81W718841463,MH43B8402,MARUTI,SWIFT,VXI,464394.3,8,2017,2017-10-04,Ta-MAD,Hatchback,Petrol,1197,1,0,0,0,0,132714,Private,,,
VEH-14425,UXF59N29H658476296,RJ77C8455,MARUTI,ALTO,K10 VXI,268221.24,14,2011,2011-03-05,We-KOL,Hatchback,Petrol,998,0,0,0,1,1,111745,Private,Dent on door,Body kit,
VEH-14426,EWB28R13E857113607,DL29D8142,MARUTI,WAGON R,1.0 LXI CNG,301139.3,15,2010,2010-09-06,Ta-CHE,Hatchback,CNG,998,0,0,1,1,0,121181,Private,,Alloy wheels,
VEH-14427,EGM21J04E272400498,UP36C2031,MARUTI,ALTO 800,LXI,325802.5,4,2021,2021-06-13,Ka-MYS,Hatchback,Petrol,796,1,0,0,1,0,35186,Private,,Body kit,
VEH-14428,KCW74H90I526682557,TN48B1308,MARUTI,ERTIGA,1.5 VXI CNG,658610.63,10,2015,2015-08-23,Ma-NAG,MUV,CNG,1462,0,1,0,0,0,59579,Private,Minor scratches,Body kit,
VEH-14429,UOP72H01O911129510,WB47A4863,HYUNDAI,GRAND I10,SPORTZ 1.2 KAPPA VTVT,470458.81,6,2019,2019-07-17,We-KOL,Hatchback,Petrol,1197,0,0,0,1,1,132286,Commercial,Dent on door,Alloy wheels,
VEH-14430,JCY99C47Q561774370,DL50D8939,MARUTI,ERTIGA,1.5 VXI CNG,693274.35,9,2016,2016-05-07,Ka-MYS,MUV,CNG,1462,1,0,0,1,1,108614,Private,Dent on door,,
VEH-14431,ZUG35V29H174329256,KA30B4694,HYUNDAI,GRAND I10 NIOS,SPORTZ 1.2 KAPPA VTVT,419115.86,10,2015,2015-05-17,De-NEW,Hatchback,Petrol,1197,1,1,0,0,1,96259,Private,,Alloy wheels,
VEH-14432,IDJ83B55L157298653,GJ49B2242,MARUTI,ERTIGA,1.5 VXI CNG,1045000.0,1,2024,2024-05-08,Ka-BAN,MUV,CNG,1462,1,1,0,1,1,33205,Private,,Alloy wheels,
VEH-14433,LOR14G82L237629716,DL67A1311,MARUTI,ALTO 800,LXI,185316.49,15,2010,2010-02-03,Ma-NAG,Hatchback,Petrol,796,1,0,0,0,1,55700,Private,Dent on door,,
VEH-14434,QCN94O60F160035540,WB53C3794,HYUNDAI,GRAND I10,SPORTZ 1.2 KAPPA VTVT,424589.08,8,2017,2017-07-15,Ma-NAG,Hatchback,Petrol,1197,1,1,0,1,1,63804,Private,Dent on door,,
VEH-14435,LTL67Z65Y863845792,DL19A5822,TOYOTA KIRLOSKAR,INNOVA CRYSTA,2.8 ZX AT 7 STR,1724893.12,8,2017,2017-08-07,Ma-PUN,MUV,Diesel,2755,1,0,1,0,0,103252,Private,Minor scratches,,
VEH-14436,KMB76V76O280421186,UP50B2414,MARUTI,WAGON R,1.0 LXI CNG,650000.0,0,2025,2025-03-10,Ta-COI,Hatchback,CNG,998,1,0,0,0,0,14448,Private,Minor scratches,Alloy wheels,
VEH-14437,YRC33R39Z121951961,UP13A3869,HYUNDAI,VENUE,1.2 S PETROL,414523.73,14,2011,2011-04-02,Ma-NAG,SUV,Petrol,1197,1,0,0,1,1,9004,Private,Dent on door,,
VEH-14438,BGP29H55C248546894,KA20C8219,MARUTI,SWIFT,1.2 VXi BS IV,316988.74,14,2011,2011-01-04,Ma-NAG,Hatchback,Petrol,1197,0,1,0,0,1,133892,Private,Dent on door,,
VEH-14439,SIQ75A69N879346686,WB81B8183,HYUNDAI,CRETA,1.4 E Plus,819324.23,9,2016,2016-11-13,Ka-MYS,SUV,Diesel,1582,0,1,0,0,0,41833,Private,Dent on door,Body kit,
VEH-14440,AQX28K95V506860698,DL03A4165,MARUTI,VITARA BREZZA,VXI,487674.98,14,2011,2011-02-11,Ka-MYS,SUV,Petrol,1462,1,0,1,0,1,92187,Private,,Alloy wheels,
VEH-14441,SWM65N09J338068527,KA07D2701,HYUNDAI,VENUE,1.2 S PETROL,393797.55,15,2010,2010-09-07,De-NEW,SUV,Petrol,1197,1,1,1,0,0,26252,Private,,,2011-11-11
VEH-14442,PCU34T33K319031261,UP89D9562,MARUTI,WAGON R,1.0 LXI CNG,301139.3,15,2010,2010-02-18,Ma-MUM,Hatchback,CNG,998,1,0,0,1,0,29272,Private,Minor scratches,Alloy wheels,2012-11-07
VEH-14443,NFZ81T00J402362905,WB42C1339,HYUNDAI,CRETA,1.4 E Plus,1235000.0,1,2024,2024-10-23,Ma-NAG,SUV,Diesel,1582,1,1,0,0,0,60391,Private,,,
VEH-14444,TJJ93A13P363033136,UP38B7388,MARUTI,SWIFT,VXI,600162.5,3,2022,2022-11-17,Ta-COI,Hatchback,Petrol,1197,0,0,0,1,1,58026,Private,Dent on door,,
VEH-14445,FAZ29C41G437938731,RJ28A7213,HYUNDAI,CRETA,1.4 E Plus,955619.46,6,2019,2019-05-01,Ma-PUN,SUV,Diesel,1582,0,1,0,1,1,126902,Commercial,Minor scratches,Body kit,
VEH-14446,YLI51L00T848595035,TN92D2554,MARUTI,SWIFT,VDI (DIESEL),432288.07,12,2013,2013-11-09,Ma-PUN,Hatchback,Diesel,1248,1,0,0,0,0,29358,Private,,,
VEH-14447,SIZ53S43J864169371,GJ42A7626,MARUTI,BALENO HATCHBACK,Delta 1.2,432288.07,12,2013,2013-10-06,We-HOW,Hatchback,Petrol,1197,0,0,1,1,0,18245,Private,Dent on door,,
VEH-14448,IYK95D85M563497599,WB74C7005,MARUTI,WAGON R,1.0 VXI,324216.05,12,2013,2013-02-17,Ma-NAG,Hatchback,Petrol,998,0,1,1,0,1,104027,Private,Dent on door,Body kit,
VEH-14449,XOJ97W17V603377375,KA39A2512,MARUTI,SWIFT,VXI,665000.0,1,2024,2024-03-27,Ma-NAG,Hatchback,Petrol,1197,1,0,0,1,1,135415,Private,,Alloy wheels,
VEH-14450,YBG50X12Q677956409,WB65C2115,HONDA,CITY,1.5 V MT,1205469.25,4,2021,2021-07-13,Ta-CHE,Sedan,Petrol,1498,0,0,0,0,0,55457,Private,Dent on door,,
VEH-14451,PJW04O48X853689126,UP76A3337,HONDA,AMAZE,1.2 SMT i-VTEC,359339.46,13,2012,2012-08-12,Ma-NAG,Sedan,Petrol,1199,0,1,1,0,1,90568,Private,Minor scratches,,2013-09-16
VEH-14452,VPD61D74Y422258745,RJ18D9992,HYUNDAI,CRETA,1.4 E Plus,602278.6,15,2010,2010-05-25,We-HOW,SUV,Diesel,1582,0,1,1,0,0,55122,Private,Dent on door,,
VEH-14453,MJJ18R97G019586333,WB42D5902,MARUTI,BALENO HATCHBACK,Delta 1.2,410673.67,13,2012,2012-08-05,We-HOW,Hatchback,Petrol,1197,1,0,0,1,1,114836,Private,,Body kit,
VEH-14454,CIP93Q84U143464210,RJ83C5632,HYUNDAI,VENUE,1.2 S PETROL,483480.08,11,2014,2014-09-08,Ta-COI,SUV,Petrol,1197,1,1,0,1,0,47875,Private,,Alloy wheels,
VEH-14455,EVX40Z84N115023054,UP85D4129,MARUTI,SWIFT,1.2 VXi BS IV,502957.61,5,2020,2020-01-09,We-HOW,Hatchback,Petrol,1197,1,1,1,1,0,36160,Private,,Body kit,
VEH-14456,VLQ55Y97F921853950,UP77D3019,HYUNDAI,GRAND I10,SPORTZ 1.2 KAPPA VTVT,345830.46,12,2013,2013-03-02,Ma-MUM,Hatchback,Petrol,1197,0,0,0,1,0,5644,Private,,Alloy wheels,
VEH-14457,XOR81G80T737657763,RJ06B2864,MARUTI,ALTO,K10 VXI,550000.0,0,2025,2025-11-27,We-KOL,Hatchback,Petrol,998,0,1,1,0,1,55916,Private,,,2027-11-11
VEH-14458,HSV68R15X781558397,UP39B1892,HONDA,AMAZE,1.2 SMT i-VTEC,419115.86,10,2015,2015-04-21,Ka-MYS,Sedan,Petrol,1199,1,1,0,1,0,30078,Private,,Body kit,
VEH-14459,ZVO73H38T531437232,GJ47A7032,MARUTI,WAGON R,1.0 LXI CNG,650000.0,0,2025,2025-03-22,Ma-MUM,Hatchback,CNG,998,0,0,1,1,1,79839,Private,Dent on door,Body kit,
VEH-14460,UXS69H48I380214656,RJ34B2661,MARUTI,SWIFT,1.2 VXi BS IV,477809.73,6,2019,2019-11-01,Ta-COI,Hatchback,Petrol,1197,1,1,0,1,1,102213,Private,,Body kit,
VEH-14461,TXD77R51J105191830,GJ32D1372,MARUTI,ERTIGA,1.5 VXI CNG,808601.08,6,2019,2019-03-16,De-GUR,MUV,CNG,1462,1,1,0,1,1,121675,Private,,,
VEH-14462,EXI59N16G374274033,KA95C6550,MARUTI,DZIRE,VXI,760000.0,1,2024,2024-08-21,Ka-BAN,Sedan,Petrol,1197,0,1,0,0,0,74764,Private,Minor scratches,Alloy wheels,
VEH-14463,EMG47F98J028104560,MH71B2336,HONDA,AMAZE,1.2 VXMT i-VTEC,684370.55,7,2018,2018-12-14,De-GUR,Sedan,Petrol,1199,0,1,0,0,1,104834,Private,Minor scratches,Alloy wheels,
VEH-14464,FIZ40I69H690487789,DL92B4930,MARUTI,DZIRE,VXI,760000.0,1,2024,2024-03-09,Ma-MUM,Sedan,Petrol,1197,1,0,0,0,1,141870,Private,Minor scratches,,2026-06-09
VEH-14465,RDA15Z84S348678709,KA25B5278,MARUTI,ALTO 800,LXI,216144.04,12,2013,2013-10-23,We-KOL,Hatchback,Petrol,796,1,0,1,1,0,15303,Private,Minor scratches,,2015-02-13
VEH-14466,SJZ76Q64F665412481,TN76C2563,MARUTI,DZIRE,VXI,370632.98,15,2010,2010-05-10,Ka-BAN,Sedan,Petrol,1197,0,0,0,1,1,143220,Private,Minor scratches,Body kit,
VEH-14467,MDP21K56A954869527,RJ26B3038,MARUTI,VITARA BREZZA,VDI,812469.98,5,2020,2020-07-12,Ma-NAG,SUV,Diesel,1248,0,1,0,1,1,89846,Private,Dent on door,,
VEH-14468,WQF61S42Z111307823,DL84C1911,HONDA,AMAZE,1.2 VXMT i-VTEC,798216.12,4,2021,2021-07-08,De-GUR,Sedan,Petrol,1199,0,0,0,0,1,144634,Private,Dent on door,,2023-04-11
VEH-14469,BNB50B46D993261256,KA67C5663,HYUNDAI,CRETA,1.5 E DIESEL,699624.11,11,2014,2014-03-21,Ma-MUM,SUV,Diesel,1493,0,1,1,1,1,29369,Private,Dent on door,,
VEH-14470,VSF79S12E716779905,KA56C2430,MARUTI,ALTO 800,LXI,309512.37,5,2020,2020-05-04,Ma-PUN,Hatchback,Petrol,796,0,1,0,1,0,4800,Private,,Alloy wheels,
VEH-14471,USQ57U07B239402622,KA44D9456,HYUNDAI,CRETA,1.4 E Plus,955619.46,6,2019,2019-05-06,Ta-COI,SUV,Diesel,1582,0,0,0,0,0,26800,Private,Minor scratches,,
VEH-14472,ZTG77K99J983533673,RJ80D4297,MARUTI,SWIFT,VXI,398160.06,11,2014,2014-01-21,Ta-CHE,Hatchback,Petrol,1197,0,0,0,0,1,28032,Commercial,Minor scratches,,
VEH-14473,WJY82J25L844748880,DL48B1909,MARUTI,SWIFT,VXI,600162.5,3,2022,2022-01-22,Ma-NAG,Hatchback,Petrol,1197,1,1,0,0,0,64113,Private,,,
VEH-14474,STW58L17O022078798,KA05B7620,MARUTI,BALENO HATCHBACK,Zeta 1.2,567224.47,9,2016,2016-01-26,Ta-MAD,Hatchback,Petrol,1197,1,0,0,1,0,42822,Private,Minor scratches,,2018-05-24
VEH-14475,MAJ71M64F900888512,WB38D3595,MARUTI,WAGON R,1.0 VXI,324216.05,12,2013,2013-02-25,De-NOI,Hatchback,Petrol,998,0,0,1,0,1,82428,Private,,Alloy wheels,2014-08-28
VEH-14476,LCF85N78F013922723,DL24A7366,MARUTI,DZIRE,VXI,558669.84,7,2018,2018-09-09,We-HOW,Sedan,Petrol,1197,1,1,0,0,1,105974,Private,,,2020-08-18
VEH-14477,LDX37M60U020109101,KA96C6865,TOYOTA KIRLOSKAR,INNOVA CRYSTA,2.4 ZX MT 7 STR,1251360.2,11,2014,2014-06-13,Ma-MUM,MUV,Diesel,2393,1,0,0,1,1,99686,Private,Minor scratches,Body kit,
VEH-14478,ZDZ55R30M745710958,UP95C1579,HONDA,AMAZE,1.2 SMT i-VTEC,464394.3,8,2017,2017-04-14,Ka-MYS,Sedan,Petrol,1199,1,0,0,0,0,3136,Private,Dent on door,Alloy wheels,
VEH-14479,KRN41F47O071445711,GJ90B7744,MARUTI,SWIFT,VXI,419115.86,10,2015,2015-06-09,Ta-COI,Hatchback,Petrol,1197,1,1,1,0,1,41172,Private,Dent on door,,
VEH-14480,YBB89Q94L957720838,TN51B1551,HONDA,CITY,1.5 V MT,1087936.0,6,2019,2019-09-08,Ma-MUM,Sedan,Petrol,1498,1,0,0,1,0,70626,Private,,Body kit,
VEH-14481,ARD86H48V073536791,UP79B4237,MARUTI,VITARA BREZZA,VDI,1050000.0,0,2025,2025-09-23,Ta-MAD,SUV,Diesel,1248,1,0,0,1,0,113183,Private,,Alloy wheels,
VEH-14482,PKQ87N21Y696402625,GJ78A5160,MARUTI,DZIRE,VXI,722000.0,2,2023,2023-04-28,Ma-PUN,Sedan,Petrol,1197,0,1,0,1,0,38997,Private,Minor scratches,Body kit,
VEH-14483,VLX21P45M350648287,TN49A3846,MARUTI,ALTO 800,LXI,325802.5,4,2021,2021-06-11,Ka-BAN,Hatchback,Petrol,796,0,0,0,1,1,55441,Private,Dent on door,Alloy wheels,2024-01-28
VEH-14484,ZVD91C69F965462757,UP82C7502,MARUTI,WAGON R,1.0 LXI CNG,650000.0,0,2025,2025-02-18,Ta-MAD,Hatchback,CNG,998,1,1,0,0,0,2225,Private,Dent on door,Body kit,
VEH-14485,YWQ16J42P943317994,TN14A1071,MARUTI,BALENO HATCHBACK,Zeta 1.2,661582.7,6,2019,2019-04-02,Ka-BAN,Hatchback,Petrol,1197,1,0,1,0,1,99590,Private,,,
VEH-14486,QPC51U61M776889464,UP06B9823,HYUNDAI,GRAND I10,SPORTZ 1.2 KAPPA VTVT,470458.81,6,2019,2019-11-15,Ka-MYS,Hatchback,Petrol,1197,1,0,0,1,1,147251,Private,Dent on door,,
VEH-14487,MUG26Y15Z489591232,KA82C9675,HONDA,CITY,1.5 V MT,1406000.0,1,2024,2024-10-24,We-KOL,Sedan,Petrol,1498,0,0,1,1,1,7848,Private,,,2026-04-22
VEH-14488,JHB15F72T590901441,TN95B7715,MARUTI,WAGON R,1.0 VXI,541500.0,2,2023,2023-04-03,We-KOL,Hatchback,Petrol,998,1,0,0,1,0,109967,Commercial,Dent on door,,2025-03-24
VEH-14489,AWH94Z36C536624338,KA50C3348,HYUNDAI,CRETA,1.5 E DIESEL,1001842.69,4,2021,2021-06-17,Ka-MYS,SUV,Diesel,1493,0,1,0,0,1,109788,Private,,Body kit,
VEH-14490,ICF08V05C028560351,DL65C2714,MARUTI,SWIFT,1.2 VXi BS IV,301139.3,15,2010,2010-04-27,Ka-BAN,Hatchback,Petrol,1197,1,1,0,1,0,66148,Private,Minor scratches,Body kit,
VEH-14491,IFR55O11Z496330899,RJ99A7322,HYUNDAI,GRAND I10 NIOS,SPORTZ 1.2 KAPPA VTVT,378252.06,12,2013,2013-01-23,We-KOL,Hatchback,Petrol,1197,0,0,0,1,0,34673,Private,Dent on door,,
VEH-14492,HVZ81M64Z515704056,MH73A1827,MARUTI,SWIFT,VXI,700000.0,0,2025,2025-08-21,We-HOW,Hatchback,Petrol,1197,0,1,0,1,0,79827,Private,,,2027-11-17
VEH-14493,RNI47S15Z641560752,TN39A7694,HYUNDAI,GRAND I10 NIOS,SPORTZ 1.2 KAPPA VTVT,419115.86,10,2015,2015-09-15,Ma-MUM,Hatchback,Petrol,1197,0,0,0,1,0,64178,Private,,,
VEH-14494,ADC28A37U912153346,TN25D6100,HONDA,CITY,1.5 V MT,932769.13,9,2016,2016-07-02,De-NOI,Sedan,Petrol,1498,0,0,0,1,1,45396,Private,Dent on door,Body kit,
VEH-14495,FUH37A00N810534281,DL77B8292,MARUTI,SWIFT,VXI,631750.0,2,2023,2023-02-04,Ka-BAN,Hatchback,Petrol,1197,0,1,0,1,0,126686,Private,,Alloy wheels,
VEH-14496,NIC79Z45A512837110,MH74A6968,MARUTI,VITARA BREZZA,ZDI PLUS,1028850.0,3,2022,2022-05-01,Ma-MUM,SUV,Diesel,1248,0,1,0,0,1,40673,Private,Minor scratches,Body kit,2024-06-01
VEH-14497,ABW18G45P452224567,WB87D3596,HYUNDAI,VENUE,1.2 S PETROL,593586.7,7,2018,2018-10-13,Ka-BAN,SUV,Petrol,1197,1,0,1,1,1,20954,Private,,,
VEH-14498,PIJ35B46A921373276,WB09D9247,HONDA,AMAZE,1.2 VXMT i-VTEC,454025.41,15,2010,2010-01-19,Ka-BAN,Sedan,Petrol,1199,1,1,0,1,1,75303,Private,,,
VEH-14499,BIH20E86T734270775,RJ22D2004,MARUTI,BALENO HATCHBACK,Zeta 1.2,855000.0,1,2024,2024-12-28,Ta-CHE,Hatchback,Petrol,1197,0,1,1,1,1,60196,Private,,Alloy wheels,
VEH-14500,HAW45W03W008919249,WB86A5020,MARUTI,ALTO,K10 VXI,329305.32,10,2015,2015-08-08,De-NEW,Hatchback,Petrol,998,1,1,1,1,1,129072,Private,,Body kit,
VEH-14501,PPK02W42X613701993,DL23B2455,MARUTI,SWIFT,VXI,324303.86,15,2010,2010-06-11,Ma-NAG,Hatchback,Petrol,1197,1,1,0,0,1,128432,Private,,Body kit,2012-06-09
VEH-14502,LEP68P91E748258264,TN90D6504,MARUTI,SWIFT,VXI,324303.86,15,2010,2010-01-05,We-HOW,Hatchback,Petrol,1197,0,1,0,0,1,68035,Private,Dent on door,,
VEH-14503,NVS81S15C079637683,DL76B3510,MARUTI,SWIFT,VXI,359339.46,13,2012,2012-11-21,We-KOL,Hatchback,Petrol,1197,0,1,0,0,0,26240,Private,,,
VEH-14504,XAZ45F84O403649982,MH55A1397,TOYOTA KIRLOSKAR,INNOVA CRYSTA,2.8 Z 7 STR,1658551.08,8,2017,2017-03-11,We-KOL,MUV,Diesel,2755,0,1,0,1,0,99938,Private,,Body kit,
VEH-14505,MCG81C89T927533692,KA40A5649,MARUTI,ALTO 800,LXI,325802.5,4,2021,2021-11-28,Ma-PUN,Hatchback,Petrol,796,0,0,0,0,0,34754,Private,,,
VEH-14506,LFF53N68K469231026,GJ53B1308,MARUTI,BALENO HATCHBACK,Zeta 1.2,900000.0,0,2025,2025-12-23,Ta-COI,Hatchback,Petrol,1197,0,0,1,1,1,16252,Private,Dent on door,Alloy wheels,2027-10-09
VEH-14507,HDN04X04F935932962,UP33B4684,MARUTI,WAGON R,1.0 LXI CNG,557293.75,3,2022,2022-05-25,Ma-PUN,Hatchback,CNG,998,1,1,0,1,1,10331,Private,,Body kit,
VEH-14508,WLQ69U54N392232811,WB10A3458,MARUTI,SWIFT,1.2 VXi BS IV,529429.06,4,2021,2021-07-17,We-KOL,Hatchback,Petrol,1197,1,1,1,1,0,13240,Private,Minor scratches,,
VEH-14509,ZNK56A00O298190674,MH11D3679,MARUTI,BALENO HATCHBACK,Delta 1.2,504199.53,9,2016,2016-03-13,Ka-BAN,Hatchback,Petrol,1197,0,1,0,1,1,104589,Private,Dent on door,Body kit,
VEH-14510,HVI05D97L681158211,MH53B2485,MARUTI,WAGON R,1.0 LXI CNG,389179.01,10,2015,2015-05-05,Ta-CHE,Hatchback,CNG,998,0,1,0,1,1,119415,Private,,Body kit,
VEH-14511,CQL24A99O383553171,WB93B9647,HYUNDAI,GRAND I10 NIOS,SPORTZ 1.2 KAPPA VTVT,514564.32,6,2019,2019-08-20,Ka-BAN,Hatchback,Petrol,1197,0,1,1,1,1,120245,Private,Dent on door,Body kit,
VEH-14512,VFZ54A29B067005922,RJ31C8432,HYUNDAI,CRETA,1.4 E Plus,1235000.0,1,2024,2024-09-19,Ma-NAG,SUV,Diesel,1582,1,1,0,0,1,109750,Private,Dent on door,,
VEH-14513,WXM19Q31T320856051,TN77B1771,MARUTI,SWIFT,VXI,514564.32,6,2019,2019-02-16,Ka-BAN,Hatchback,Petrol,1197,0,0,1,1,1,130890,Private,Dent on door,,
VEH-14514,KVQ44T88H264605185,DL42B4668,MARUTI,SWIFT,VXI,514564.32,6,2019,2019-08-06,Ma-NAG,Hatchback,Petrol,1197,1,1,1,0,1,112053,Private,Dent on door,,
VEH-14515,DXN84B28B470925425,DL90C4344,MARUTI,VITARA BREZZA,VXI,814506.25,4,2021,2021-05-26,De-NOI,SUV,Petrol,1462,1,0,0,0,0,123749,Private,Minor scratches,,
VEH-14516,WGU89Z60V352101612,TN97C2199,HONDA,AMAZE,1.2 SMT i-VTEC,570154.37,4,2021,2021-02-12,We-HOW,Sedan,Petrol,1199,0,1,0,0,0,38435,Private,Minor scratches,,
VEH-14517,SEK21M21F341060451,DL70C7561,MARUTI,SWIFT,1.2 VXi BS IV,389179.01,10,2015,2015-03-09,We-HOW,Hatchback,Petrol,1197,1,1,1,1,1,85214,Private,Dent on door,,
VEH-14518,PCF62W80M108925292,UP41D1455,HONDA,AMAZE,1.2 VXMT i-VTEC,557424.09,11,2014,2014-09-11,We-HOW,Sedan,Petrol,1199,0,0,0,0,1,71773,Private,Minor scratches,,
VEH-14519,DSU60L13T927651888,MH80A2608,MARUTI,ALTO 800,LXI,185316.49,15,2010,2010-04-14,Ma-PUN,Hatchback,Petrol,796,1,1,0,0,0,75747,Private,,,2012-05-07
VEH-14520,QAG72G40U991903189,DL91C9036,MARUTI,BALENO HATCHBACK,Delta 1.2,478989.55,10,2015,2015-08-26,Ma-NAG,Hatchback,Petrol,1197,1,1,1,1,1,105625,Private,Minor scratches,Alloy wheels,
VEH-14521,LXD26C55L305044413,WB99C7217,MARUTI,ERTIGA,1.5 VXI CNG,895956.87,4,2021,2021-03-07,Ka-BAN,MUV,CNG,1462,0,1,1,1,0,27720,Private,Minor scratches,,
VEH-14522,JEB71K55V012340263,DL58A8164,MARUTI,SWIFT DZIRE,VDI,535712.0,9,2016,2016-06-05,De-NEW,Sedan,Diesel,1248,1,1,0,1,0,126856,Private,Minor scratches,,
VEH-14523,UVS02T99R371822491,MH70A2696,MARUTI,BALENO HATCHBACK,Delta 1.2,651605.0,4,2021,2021-10-26,Ma-NAG,Hatchback,Petrol,1197,0,0,0,1,1,99783,Private,Dent on door,Body kit,
VEH-14524,JZH46D68Z651005480,DL51C3589,MARUTI,ERTIGA,1.5 VXI CNG,693274.35,9,2016,2016-05-03,We-HOW,MUV,CNG,1462,1,1,0,0,0,43745,Private,Minor scratches,Body kit,
VEH-14525,XZY44I39R855818562,TN89C1716,MARUTI,BALENO HATCHBACK,Zeta 1.2,416962.11,15,2010,2010-04-08,Ta-CHE,Hatchback,Petrol,1197,1,1,0,0,0,93617,Private,Dent on door,Alloy wheels,2012-03-17
VEH-14526,PWM92B91I689722471,MH19A8069,MARUTI,WAGON R,1.0 VXI,488703.75,4,2021,2021-12-11,Ka-BAN,Hatchback,Petrol,998,1,1,1,1,0,93930,Private,,,
VEH-14527,BYF24F55E244215735,UP59D6013,MAHINDRA,SCORPIO,S11 2WD 7STR,924015.75,13,2012,2012-03-24,De-GUR,SUV,Diesel,2184,0,1,0,1,0,42413,Private,Minor scratches,Alloy wheels,2014-02-17
VEH-14528,QHM90G79P872566260,WB15A8988,MARUTI,SWIFT,VXI,441174.59,9,2016,2016-01-23,Ka-BAN,Hatchback,Petrol,1197,1,0,0,1,0,139739,Private,Dent on door,,
VEH-14529,LIW02M54A199664169,MH03B5174,MARUTI,ALTO,K10 VXI,329305.32,10,2015,2015-08-04,De-NEW,Hatchback,Petrol,998,1,0,0,1,1,50271,Private,Minor scratches,Body kit,
VEH-14530,FNU30O17Q910596679,UP30D8909,TOYOTA KIRLOSKAR,INNOVA CRYSTA,2.8 GX AT 7 STR,1242828.2,12,2013,2013-08-06,Ma-PUN,MUV,Diesel,2755,0,0,0,1,0,41618,Private,Minor scratches,Body kit,
VEH-14531,VPW38X88C074618379,RJ65B4623,HYUNDAI,VENUE,1.2 S PETROL,483480.08,11,2014,2014-03-22,We-KOL,SUV,Petrol,1197,0,0,0,1,1,127761,Private,,,
VEH-14532,YZX67O10O397740927,UP36A9796,MARUTI,SWIFT,VDI (DIESEL),558669.84,7,2018,2018-02-18,Ma-PUN,Hatchback,Diesel,1248,0,0,0,0,1,48000,Private,,Body kit,
VEH-14533,DIM01R61V215682071,RJ23D4982,HYUNDAI,GRAND I10,SPORTZ 1.2 KAPPA VTVT,364032.06,11,2014,2014-06-01,Ka-BAN,Hatchback,Petrol,1197,1,1,0,0,0,2666,Private,Dent on door,,2015-06-25
VEH-14534,LDQ05X88X947324147,WB42B7496,MARUTI,WAGON R,1.0 LXI CNG,557293.75,3,2022,2022-12-07,Ta-CHE,Hatchback,CNG,998,0,0,1,0,1,121633,Private,Minor scratches,,2024-03-02
VEH-14535,XDQ87M69L027671268,GJ97C1852,MARUTI,ERTIGA,1.5 VXI CNG,1100000.0,0,2025,2025-09-08,Ma-PUN,MUV,CNG,1462,1,1,0,0,1,10821,Private,Minor scratches,,
VEH-14536,OFE99W17B648979019,DL42A9334,MARUTI,VITARA BREZZA,ZDI PLUS,1200000.0,0,2025,2025-11-19,We-HOW,SUV,Diesel,1248,1,0,0,1,1,88602,Private,,,
VEH-14537,APC00L74T047909464,UP07D4706,HONDA,CITY,1.5 V MT,932769.13,9,2016,2016-06-03,We-HOW,Sedan,Petrol,1498,1,0,0,1,1,57108,Private,,Alloy wheels,
VEH-14538,WUE73F66F817471038,UP76C1347,MARUTI,DZIRE,VXI,432288.07,12,2013,2013-05-09,We-KOL,Sedan,Petrol,1197,1,0,0,1,1,27768,Private,Dent on door,,
VEH-14539,HPR78Z56R786495289,UP99C7408,MARUTI,SWIFT,1.2 VXi BS IV,650000.0,0,2025,2025-01-13,Ma-MUM,Hatchback,Petrol,1197,0,1,1,1,0,76650,Private,,Body kit,
VEH-14540,VSO40D62B000685772,RJ08D9651,MARUTI,ALTO,K10 VXI,522500.0,1,2024,2024-11-18,We-HOW,Hatchback,Petrol,998,1,0,0,0,0,67162,Private,Minor scratches,,2027-01-26
VEH-14541,YZC76R18M128886280,TN76D1780,HYUNDAI,GRAND I10,SPORTZ 1.2 KAPPA VTVT,577600.0,2,2023,2023-11-19,Ta-CHE,Hatchback,Petrol,1197,1,0,0,0,0,81892,Private,Minor scratches,Body kit,
VEH-14542,CJV33Z99R237351173,UP94C3006,HONDA,AMAZE,1.2 SMT i-VTEC,441174.59,9,2016,2016-07-18,Ma-NAG,Sedan,Petrol,1199,1,0,0,1,0,118043,Private,,Body kit,
VEH-14543,SJB21Q99J037735581,RJ69D8151,MARUTI,SWIFT,VXI,541646.66,5,2020,2020-12-28,Ma-PUN,Hatchback,Petrol,1197,1,0,0,1,0,118060,Private,Dent on door,,2023-03-08
VEH-14544,HMG20X09A069434912,GJ60A3888,MARUTI,ALTO 800,LXI,205336.83,13,2012,2012-10-09,Ma-PUN,Hatchback,Petrol,796,1,1,0,1,1,5093,Private,Dent on door,Body kit,
VEH-14545,OZP40H62W855788601,WB81D5493,MARUTI,VITARA BREZZA,ZDI PLUS,977407.5,4,2021,2021-07-22,De-NEW,SUV,Diesel,1248,1,1,0,1,1,57100,Private,Dent on door,Alloy wheels,
VEH-14546,WLS55B18V033121821,GJ24C1889,HONDA,AMAZE,1.2 VXMT i-VTEC,720390.05,6,2019,2019-09-05,Ka-MYS,Sedan,Petrol,1199,1,1,1,1,1,84156,Private,,Body kit,
VEH-14547,JKH93V59Y571147899,RJ77B7200,MARUTI,BALENO HATCHBACK,Zeta 1.2,486324.08,12,2013,2013-12-20,Ta-CHE,Hatchback,Petrol,1197,1,1,1,1,0,85517,Private,Dent on door,Body kit,
VEH-14548,HDL61A67N472254871,GJ22A7932,HYUNDAI,CRETA,1.4 E Plus,1300000.0,0,2025,2025-05-22,Ta-MAD,SUV,Diesel,1582,0,0,1,0,1,62261,Private,,,
VEH-14549,XKT89V26L549371540,GJ64C6881,MARUTI,VITARA BREZZA,VDI,661761.88,9,2016,2016-04-16,De-NEW,SUV,Diesel,1248,1,0,0,0,1,18419,Private,Minor scratches,Alloy wheels,
VEH-14550,HJQ60E11E178579327,RJ76B6182,MARUTI,SWIFT,VDI (DIESEL),455040.07,11,2014,2014-02-06,We-HOW,Hatchback,Diesel,1248,1,1,0,1,0,110580,Private,,Body kit,
VEH-14551,YGK31V60U570316138,UP07C2125,MARUTI,VITARA BREZZA,VDI,997500.0,1,2024,2024-06-12,Ta-MAD,SUV,Diesel,1248,0,1,0,1,1,91037,Private,,Body kit,
VEH-14552,PMU50O37E960801249,RJ77D6936,MARUTI,SWIFT DZIRE,VDI,593586.7,7,2018,2018-11-19,Ma-NAG,Sedan,Diesel,1248,0,1,0,0,1,63149,Private,Minor scratches,Body kit,
VEH-14553,TIP94A89B887525862,UP19C7560,HYUNDAI,CRETA,1.5 E DIESEL,736446.44,10,2015,2015-01-20,Ma-MUM,SUV,Diesel,1493,0,0,1,1,1,67817,Private,,,
VEH-14554,UIN38H82O805108965,TN82D1511,HYUNDAI,GRAND I10 NIOS,SPORTZ 1.2 KAPPA VTVT,359339.46,13,2012,2012-05-21,Ma-NAG,Hatchback,Petrol,1197,1,0,1,1,1,91680,Private,Minor scratches,,
VEH-14555,CAZ33E88Z715520582,DL44A1620,MARUTI,VITARA BREZZA,VDI,567378.09,12,2013,2013-03-22,Ka-BAN,SUV,Diesel,1248,1,0,0,0,0,11228,Private,,,
VEH-14556,DDO02S88X625476234,WB30B6046,MARUTI,WAGON R,1.0 VXI,359242.16,10,2015,2015-01-24,De-GUR,Hatchback,Petrol,998,0,1,1,1,1,65430,Private,Minor scratches,,
VEH-14557,OZH41G60I948962404,GJ55B3755,MARUTI,VITARA BREZZA,VDI,512058.73,14,2011,2011-04-18,Ka-MYS,SUV,Diesel,1248,0,1,0,1,0,18561,Private,,Body kit,
VEH-14558,VVJ32U14K625260853,UP90A4272,MARUTI,ALTO 800,LXI,279334.92,7,2018,2018-10-20,Ka-MYS,Hatchback,Petrol,796,1,0,1,1,1,50967,Private,Minor scratches,,
VEH-14559,YZR88T66N262745206,WB33C5988,MARUTI,SWIFT DZIRE,VDI,657713.8,5,2020,2020-07-03,We-KOL,Sedan,Diesel,1248,0,1,0,1,0,131054,Private,,,
VEH-14560,JHH44T32X439203426,KA41A7878,HONDA,CITY,1.5 V MT,1268915.0,3,2022,2022-03-12,Ma-MUM,Sedan,Petrol,1498,1,0,1,1,0,142266,Private,Minor scratches,,
VEH-14561,RKW23B85W714046863,TN40B5445,MARUTI,SWIFT,VXI,631750.0,2,2023,2023-11-26,Ta-MAD,Hatchback,Petrol,1197,1,1,0,1,1,120152,Commercial,Minor scratches,,2026-05-10
VEH-14562,OTJ55P59Q881565331,KA63A9258,MARUTI,SWIFT DZIRE,VDI,436340.77,13,2012,2012-06-24,Ka-BAN,Sedan,Diesel,1248,1,1,1,1,0,146773,Private,Minor scratches,,
VEH-14563,GBD63T49N531490513,MH51C8800,MARUTI,SWIFT,VXI,600162.5,3,2022,2022-09-23,Ta-MAD,Hatchback,Petrol,1197,0,0,0,1,0,55227,Private,,Body kit,
VEH-14564,UEW09Q00D907935246,TN72D8999,MARUTI,WAGON R,1.0 LXI CNG,389179.01,10,2015,2015-01-24,Ta-COI,Hatchback,CNG,998,0,0,0,1,1,129849,Private,Dent on door,Alloy wheels,
VEH-14565,DJE87L08H201602704,TN81B4241,HONDA,AMAZE,1.2 VXMT i-VTEC,884450.0,2,2023,2023-01-07,Ka-MYS,Sedan,Petrol,1199,0,1,0,0,0,104723,Private,,Body kit,
VEH-14566,EFS90Y06Y755155925,DL81C1896,MARUTI,WAGON R,1.0 LXI CNG,557293.75,3,2022,2022-08-26,De-NEW,Hatchback,CNG,998,1,1,1,1,1,103250,Private,Minor scratches,Body kit,
VEH-14567,SZR32Q51Q309631526,DL21B6854,MAHINDRA,SCORPIO,S11 2WD 7STR,833924.21,15,2010,2010-11-21,Ma-PUN,SUV,Diesel,2184,1,1,0,1,0,48115,Private,Minor scratches,,
VEH-14568,UMJ98E13Q817518964,DL55A2051,MARUTI,WAGON R,1.0 LXI CNG,529429.06,4,2021,2021-10-12,Ka-BAN,Hatchback,CNG,998,1,0,0,1,0,56306,Private,,,
VEH-14569,DNH92H56P078793604,KA28D8822,MARUTI,VITARA BREZZA,VXI,1000000.0,0,2025,2025-04-12,We-KOL,SUV,Petrol,1462,1,1,0,1,0,35671,Commercial,Minor scratches,Alloy wheels,
VEH-14570,PPF77V47L145264339,WB26D4589,HYUNDAI,GRAND I10 NIOS,SPORTZ 1.2 KAPPA VTVT,464394.3,8,2017,2017-04-04,Ka-MYS,Hatchback,Petrol,1197,0,1,0,1,1,132193,Private,,,
VEH-14571,IDD27H60C014577793,MH42B3430,HYUNDAI,CRETA,1.4 E Plus,1235000.0,1,2024,2024-05-11,Ma-NAG,SUV,Diesel,1582,0,1,0,1,0,56120,Private,Minor scratches,Body kit,
VEH-14572,PNE14A65T736933337,WB49D5949,MARUTI,BALENO HATCHBACK,Zeta 1.2,771637.5,3,2022,2022-04-07,Ka-BAN,Hatchback,Petrol,1197,0,0,0,1,1,66492,Private,,,
VEH-14573,EGK63S80M269977767,UP19D1584,MARUTI,SWIFT,VXI,631750.0,2,2023,2023-01-18,Ma-PUN,Hatchback,Petrol,1197,0,1,0,1,0,42152,Private,Dent on door,,
VEH-14574,KVH57J39B700425377,RJ94C3287,MARUTI,WAGON R,1.0 VXI,341280.06,11,2014,2014-08-14,Ma-NAG,Hatchback,Petrol,998,1,1,0,1,0,73940,Private,Dent on door,,
VEH-14575,MHK11I12D748026363,UP12B9418,HONDA,AMAZE,1.2 SMT i-VTEC,600162.5,3,2022,2022-02-24,Ka-MYS,Sedan,Petrol,1199,0,1,1,1,1,114185,Private,Dent on door,Body kit,
VEH-14576,HHV99G97O463466943,UP20B5704,MARUTI,ERTIGA,1.5 VXI CNG,625680.1,11,2014,2014-09-18,We-KOL,MUV,CNG,1462,0,0,0,1,0,92878,Private,,,2016-05-13
VEH-14577,IUA29M74O268503494,UP02B8512,HYUNDAI,GRAND I10 NIOS,SPORTZ 1.2 KAPPA VTVT,600162.5,3,2022,2022-12-26,Ma-PUN,Hatchback,Petrol,1197,1,1,0,1,1,120290,Private,,Body kit,
VEH-14578,FWW51P74W312049787,TN67B4797,HONDA,AMAZE,1.2 VXMT i-VTEC,684370.55,7,2018,2018-07-24,Ta-COI,Sedan,Petrol,1199,0,0,0,0,1,141951,Private,,,
VEH-14579,NDN51Y04G949227363,KA72B8448,MAHINDRA,SCORPIO,S11 2WD 7STR,1710000.0,1,2024,2024-05-18,De-NEW,SUV,Diesel,2184,0,0,1,1,1,20477,Private,,,
VEH-14580,XJB34P15J148080908,GJ81A4485,MARUTI,ALTO,K10 VXI,312840.05,11,2014,2014-04-04,Ma-NAG,Hatchback,Petrol,998,1,1,0,0,1,103893,Private,Dent on door,Body kit,2016-08-11
VEH-14581,SQW87R27F472877404,TN75D9330,TOYOTA KIRLOSKAR,INNOVA CRYSTA,2.4 V 8S,1393182.91,8,2017,2017-03-25,De-NEW,MUV,Diesel,2393,1,1,0,1,0,64679,Private,Minor scratches,,2018-10-17
VEH-14582,SZQ38W29H450716511,WB47D5435,HYUNDAI,GRAND I10,SPORTZ 1.2 KAPPA VTVT,403359.62,9,2016,2016-09-07,Ta-COI,Hatchback,Petrol,1197,1,0,1,1,0,33105,Private,Minor scratches,Alloy wheels,
VEH-14583,WCV75K52T384798271,MH16C7732,MARUTI,SWIFT,VXI,441174.59,9,2016,2016-06-01,Ta-MAD,Hatchback,Petrol,1197,0,0,0,0,0,35369,Private,Dent on door,Alloy wheels,
VEH-14584,FFX03P29I509335567,UP75A1900,HONDA,CITY,1.5 V MT,759746.28,13,2012,2012-02-17,Ma-NAG,Sedan,Petrol,1498,1,0,1,0,0,4617,Private,,,
VEH-14585,KOB55S07M262038274,TN43D5567,MARUTI,ALTO,K10 VXI,550000.0,0,2025,2025-05-06,Ta-COI,Hatchback,Petrol,998,1,1,0,1,1,17359,Commercial,Dent on door,,2027-05-10
VEH-14586,BQD07H80Y262056208,WB03B3349,TOYOTA KIRLOSKAR,INNOVA CRYSTA,2.8 ZX AT 7 STR,2011830.44,5,2020,2020-06-12,We-KOL,MUV,Diesel,2755,0,0,0,1,1,35782,Private,,Alloy wheels,
VEH-14587,LFU10H12Q869948054,UP55A3841,MARUTI,BALENO HATCHBACK,Delta 1.2,651605.0,4,2021,2021-10-01,We-KOL,Hatchback,Petrol,1197,1,1,0,1,0,4988,Private,Dent on door,Alloy wheels,
VEH-14588,WVU57W48Q663963304,MH07A3667,MARUTI,WAGON R,1.0 LXI CNG,369720.06,11,2014,2014-09-03,Ma-MUM,Hatchback,CNG,998,0,1,0,0,1,149747,Private,,,
VEH-14589,MOP88C27Y856589074,KA21C6422,MARUTI,VITARA BREZZA,VXI,1000000.0,0,2025,2025-07-24,We-KOL,SUV,Petrol,1462,1,1,0,0,0,38331,Private,,Alloy wheels,2028-01-10
VEH-14590,XQK49W10W046816655,DL13D8043,MARUTI,DZIRE,VXI,504199.53,9,2016,2016-07-11,De-NEW,Sedan,Petrol,1197,1,1,0,0,0,78104,Private,,,
VEH-14591,SCB15R31C351091633,WB45D4623,MARUTI,SWIFT,VXI,665000.0,1,2024,2024-10-18,Ta-MAD,Hatchback,Petrol,1197,1,0,0,1,1,107655,Private,,Body kit,
VEH-14592,EDR53L91R497080302,RJ40A9649,TOYOTA KIRLOSKAR,INNOVA CRYSTA,2.4 V 8S,2100000.0,0,2025,2025-04-10,De-NEW,MUV,Diesel,2393,1,1,0,1,1,75416,Private,,,
VEH-14593,ODB86D97F207184902,WB45D1949,MARUTI,ALTO 800,LXI,195069.99,14,2011,2011-02-14,Ka-MYS,Hatchback,Petrol,796,1,0,1,0,1,43788,Private,Dent on door,,
VEH-14594,XJK44S44M351170785,MH80C2081,MARUTI,BALENO HATCHBACK,Zeta 1.2,511920.08,11,2014,2014-09-27,We-HOW,Hatchback,Petrol,1197,0,1,1,1,0,70301,Private,Dent on door,Body kit,
VEH-14595,ODS23Y71N814710327,DL34A7996,MAHINDRA,SCORPIO,S11 2WD 7STR,877814.96,14,2011,2011-09-13,De-NEW,SUV,Diesel,2184,1,1,0,1,0,133236,Private,,,2014-01-17
VEH-14596,LCO20F00Q909299069,WB07B5916,HONDA,AMAZE,1.2 VXMT i-VTEC,586762.2,10,2015,2015-10-26,Ma-PUN,Sedan,Petrol,1199,1,1,0,1,0,27714,Private,,,
VEH-14597,NEC79L94K380392485,WB33A9809,MARUTI,SWIFT,VXI,570154.37,4,2021,2021-07-27,We-HOW,Hatchback,Petrol,1197,0,0,1,1,1,16520,Private,Minor scratches,,
VEH-14598,HAG53R75N147401982,WB66A2311,HYUNDAI,GRAND I10 NIOS,SPORTZ 1.2 KAPPA VTVT,541646.66,5,2020,2020-03-03,Ta-COI,Hatchback,Petrol,1197,1,0,0,0,1,119776,Private,,,2021-05-23
VEH-14599,GJO09K04I403399283,DL18A2521,MARUTI,SWIFT,VXI,359339.46,13,2012,2012-08-17,De-NEW,Hatchback,Petrol,1197,1,1,0,1,0,48214,Private,,,
VEH-14600,DQA56H87D753694827,RJ72A3576,MARUTI,BALENO HATCHBACK,Zeta 1.2,733055.62,4,2021,2021-04-04,We-KOL,Hatchback,Petrol,1197,0,0,0,0,1,119519,Private,Dent on door,,
VEH-14601,ZCY38E50E546542084,KA07A7813,MARUTI,ALTO 800,LXI,294036.76,6,2019,2019-10-17,Ta-COI,Hatchback,Petrol,796,0,0,0,1,1,50253,Private,Minor scratches,Alloy wheels,
VEH-14602,UFL80X21Q307199869,WB12D8167,MARUTI,VITARA BREZZA,ZDI PLUS,555949.48,15,2010,2010-04-15,Ta-CHE,SUV,Diesel,1248,1,0,1,1,0,21716,Commercial,,Body kit,
VEH-14603,WCW78E85P428137034,KA61D3056,HYUNDAI,GRAND I10,SPORTZ 1.2 KAPPA VTVT,577600.0,2,2023,2023-12-09,De-GUR,Hatchback,Petrol,1197,0,0,0,0,1,145202,Private,,,
VEH-14604,IXT01W42V961650684,DL44C1515,MARUTI,SWIFT DZIRE,VDI,459306.07,12,2013,2013-03-21,De-GUR,Sedan,Diesel,1248,1,0,0,1,0,35746,Private,Dent on door,,2015-02-05
VEH-14605,GPY46E40Q205803059,TN12A2160,MARUTI,WAGON R,1.0 VXI,378149.65,9,2016,2016-05-05,Ka-BAN,Hatchback,Petrol,998,1,1,0,0,1,87843,Private,Minor scratches,,2018-09-27
VEH-14606,CNX79Z69A396544523,RJ79B7615,MARUTI,ERTIGA,1.5 VXI CNG,895956.87,4,2021,2021-03-07,Ta-COI,MUV,CNG,1462,1,1,0,0,1,50494,Private,Minor scratches,,2023-02-26
VEH-14607,RXM78I62E283103694,WB42D9196,MARUTI,BALENO HATCHBACK,Zeta 1.2,416962.11,15,2010,2010-01-13,We-KOL,Hatchback,Petrol,1197,0,0,0,1,1,108052,Private,Dent on door,Body kit,
VEH-14608,SPN39U74B584327144,UP42C2413,MARUTI,BALENO HATCHBACK,Delta 1.2,588073.51,6,2019,2019-05-26,Ta-MAD,Hatchback,Petrol,1197,1,0,0,1,0,29825,Private,,Alloy wheels,
VEH-14609,IWM27H25C097905074,DL80C6594,HYUNDAI,CRETA,1.5 E DIESEL,569848.21,15,2010,2010-10-22,Ma-PUN,SUV,Diesel,1493,0,0,0,1,0,126650,Private,,,
VEH-14610,JDE99O23C462638843,RJ57C1113,MARUTI,DZIRE,VXI,530736.35,8,2017,2017-05-15,De-NEW,Sedan,Petrol,1197,0,0,0,1,1,94532,Private,,Alloy wheels,2018-11-26
VEH-14611,QMZ95Z42S944869470,GJ31D3171,TOYOTA KIRLOSKAR,INNOVA CRYSTA,2.8 ZX AT 7 STR,1334689.42,13,2012,2012-09-27,Ka-BAN,MUV,Diesel,2755,0,0,1,1,0,34465,Private,Minor scratches,,
VEH-14612,ZOG35Z44K854325217,GJ17B9301,MARUTI,SWIFT,VXI,359339.46,13,2012,2012-08-16,Ka-MYS,Hatchback,Petrol,1197,1,1,0,1,1,23514,Private,,,
VEH-14613,WAJ76S42S510672302,UP02D5869,MARUTI,BALENO HATCHBACK,Delta 1.2,410673.67,13,2012,2012-06-03,We-KOL,Hatchback,Petrol,1197,0,0,1,1,1,26093,Private,Minor scratches,,
VEH-14614,BTL66W21O372104141,UP04B2361,MARUTI,BALENO HATCHBACK,Zeta 1.2,567224.47,9,2016,2016-02-28,De-GUR,Hatchback,Petrol,1197,1,0,0,1,1,79636,Private,,,
VEH-14615,JQT25Z45C650093444,TN39D6234,HYUNDAI,CRETA,1.4 E Plus,1005915.22,5,2020,2020-06-10,Ka-MYS,SUV,Diesel,1582,1,0,0,1,1,71965,Private,Dent on door,Alloy wheels,2023-02-05
VEH-14616,MHV34H26K837976717,RJ62A8704,HONDA,AMAZE,VX PETROL,931000.0,1,2024,2024-07-15,Ma-NAG,Sedan,Petrol,1199,0,1,0,0,1,85392,Private,,,
VEH-14617,YVR26P61S928813605,KA94C6489,MARUTI,WAGON R,1.0 VXI,464268.56,5,2020,2020-06-20,Ta-MAD,Hatchback,Petrol,998,0,1,0,0,0,141505,Private,Dent on door,,
VEH-14618,JLP30T72X465147635,TN47A4380,MAHINDRA,SCORPIO,S11 2WD 7STR,1194156.78,8,2017,2017-12-27,Ta-COI,SUV,Diesel,2184,0,1,0,1,0,27122,Private,,,
VEH-14619,FOV54O90U514442693,DL62D4926,TOYOTA KIRLOSKAR,INNOVA CRYSTA,2.8 ZX AT 7 STR,2011830.44,5,2020,2020-05-21,Ka-BAN,MUV,Diesel,2755,1,1,0,1,1,91289,Private,,Alloy wheels,
VEH-14620,OLK25R30T750787898,UP04C6439,HYUNDAI,VENUE,1.2 S PETROL,414523.73,14,2011,2011-11-28,Ta-CHE,SUV,Petrol,1197,1,1,0,0,0,143046,Private,Minor scratches,,
VEH-14621,ZHJ72I45D399600001,MH53A2366,MARUTI,DZIRE,VXI,370632.98,15,2010,2010-08-01,Ma-PUN,Sedan,Petrol,1197,1,1,0,1,0,136653,Private,,,2012-08-09
VEH-14622,YEM25P48W989737474,DL86C7318,MARUTI,BALENO HATCHBACK,Zeta 1.2,438907.48,14,2011,2011-10-12,Ma-PUN,Hatchback,Petrol,1197,0,1,0,1,1,92155,Private,Minor scratches,Alloy wheels,
VEH-14623,AAX28B51R639579115,DL20A9653,MARUTI,BALENO HATCHBACK,Zeta 1.2,696402.84,5,2020,2020-03-24,Ma-NAG,Hatchback,Petrol,1197,0,0,0,0,1,13358,Private,,,2021-05-20
VEH-14624,EDP62A07T881314231,GJ09A6898,HONDA,AMAZE,1.2 SMT i-VTEC,341372.49,14,2011,2011-04-13,Ta-CHE,Sedan,Petrol,1199,1,1,0,1,1,105033,Private,,,
VEH-14625,GSE56V92Q244491439,KA55D2550,MARUTI,SWIFT DZIRE,VDI,850000.0,0,2025,2025-01-02,Ta-CHE,Sedan,Diesel,1248,1,0,0,1,0,114635,Private,,Body kit,2027-08-03
VEH-14626,TEW00U41V906959273,GJ49A1601,HYUNDAI,VENUE,1.2 S PETROL,535712.0,9,2016,2016-03-19,Ma-NAG,SUV,Petrol,1197,1,0,0,0,0,92386,Private,,,
VEH-14627,ASB06N12D677377812,DL44B1379,MARUTI,ALTO,K10 VXI,425579.52,5,2020,2020-03-26,Ma-PUN,Hatchback,Petrol,998,0,1,0,0,0,115330,Private,Dent on door,,
VEH-14628,ZEV42X66A799561514,MH79D8066,MARUTI,BALENO HATCHBACK,Zeta 1.2,628503.57,7,2018,2018-09-11,We-KOL,Hatchback,Petrol,1197,0,0,0,1,0,45953,Private,Minor scratches,Body kit,
VEH-14629,STD81W77S366882974,GJ79D1194,MARUTI,SWIFT,VDI (DIESEL),722000.0,2,2023,2023-05-03,Ta-COI,Hatchback,Diesel,1248,1,0,1,0,0,97817,Private,,Body kit,
VEH-14630,ADJ48V57U206771710,RJ40C4336,MARUTI,WAGON R,1.0 VXI,292604.99,14,2011,2011-11-16,Ta-MAD,Hatchback,Petrol,998,0,1,0,0,0,121642,Private,Minor scratches,,
VEH-14631,ELK38B43U806588708,KA72D6580,MARUTI,SWIFT,VDI (DIESEL),588073.51,6,2019,2019-06-24,Ta-CHE,Hatchback,Diesel,1248,0,0,0,1,1,99100,Private,,,
VEH-14632,SZL95H47S372677503,MH51D3357,HONDA,CITY,1.5 V MT,932769.13,9,2016,2016-06-12,Ta-MAD,Sedan,Petrol,1498,1,0,0,0,1,125940,Private,,Body kit,
VEH-14633,WSJ52I93U200266486,RJ55A6812,MARUTI,WAGON R,1.0 LXI CNG,431223.28,8,2017,2017-08-18,Ta-CHE,Hatchback,CNG,998,1,0,0,1,1,39672,Private,Minor scratches,Body kit,
VEH-14634,HCI61W26C699167945,TN14A3334,MARUTI,ERTIGA,1.5 VXI CNG,729762.47,8,2017,2017-11-06,De-NOI,MUV,CNG,1462,0,0,0,1,0,24184,Private,,Alloy wheels,
VEH-14635,GKK46C38A113767970,WB47B7111,HONDA,AMAZE,1.2 VXMT i-VTEC,454025.41,15,2010,2010-02-11,Ma-MUM,Sedan,Petrol,1199,0,0,0,1,0,114184,Private,,,
VEH-14636,NEW01R16T582674082,TN42C9369,MAHINDRA,SCORPIO,S11 2WD 7STR,924015.75,13,2012,2012-05-17,Ma-PUN,SUV,Diesel,2184,1,0,0,1,1,116393,Private,Dent on door,,
VEH-14637,DUP57G88V582578232,KA96D8949,MARUTI,VITARA BREZZA,ZDI PLUS,555949.48,15,2010,2010-08-08,Ma-MUM,SUV,Diesel,1248,1,0,0,1,0,21867,Private,Dent on door,,2012-09-22
VEH-14638,AGO74I84D060377251,TN36D1393,MARUTI,SWIFT,1.2 VXi BS IV,529429.06,4,2021,2021-06-19,We-KOL,Hatchback,Petrol,1197,0,1,0,1,0,82852,Private,,,
VEH-14639,SLN32T13Y727315927,UP42C7101,TOYOTA KIRLOSKAR,INNOVA CRYSTA,2.4 V 8S,1194480.19,11,2014,2014-10-08,Ma-PUN,MUV,Diesel,2393,1,0,1,1,0,75663,Private,Dent on door,Alloy wheels,
VEH-14640,IIY95R12G019260650,GJ38D7111,MARUTI,SWIFT,1.2 VXi BS IV,431223.28,8,2017,2017-03-16,Ma-PUN,Hatchback,Petrol,1197,0,0,0,0,1,123423,Private,Minor scratches,,2018-03-23
VEH-14641,PWK30H23C397564462,WB64B3548,MARUTI,BALENO HATCHBACK,Delta 1.2,722000.0,2,2023,2023-09-09,Ma-PUN,Hatchback,Petrol,1197,0,0,0,1,1,15519,Private,,Body kit,
VEH-14642,EUM10I69J023816361,DL46D8044,MARUTI,VITARA BREZZA,VXI,487674.98,14,2011,2011-01-16,De-NEW,SUV,Petrol,1462,0,0,0,1,0,147633,Private,Minor scratches,,2013-06-23
VEH-14643,YNT45F78Q572599660,RJ12D4343,MARUTI,VITARA BREZZA,VDI,812469.98,5,2020,2020-07-24,Ma-MUM,SUV,Diesel,1248,1,1,1,1,0,108863,Private,Minor scratches,Body kit,
VEH-14644,CIR05B36N791534168,TN26D9576,MARUTI,SWIFT,VDI (DIESEL),558669.84,7,2018,2018-08-12,Ma-NAG,Hatchback,Diesel,1248,0,0,0,1,0,45595,Private,Minor scratches,,
VEH-14645,FTG17W26T104222900,DL36B5076,TOYOTA KIRLOSKAR,INNOVA CRYSTA,2.4 V 8S,1393182.91,8,2017,2017-07-11,We-HOW,MUV,Diesel,2393,1,0,0,1,1,27321,Private,,,
VEH-14646,LCW71N79T629609677,MH17C3444,HONDA,AMAZE,1.2 VXMT i-VTEC,529552.89,12,2013,2013-05-01,De-GUR,Sedan,Petrol,1199,1,0,0,1,1,32160,Private,,Body kit,2015-11-02
VEH-14647,DWD85X99W939814706,TN61A4546,MARUTI,BALENO HATCHBACK,Zeta 1.2,771637.5,3,2022,2022-02-17,Ma-PUN,Hatchback,Petrol,1197,0,0,0,1,0,55998,Private,,,
VEH-14648,TDT09F90H381563728,GJ25D2009,MARUTI,DZIRE,VXI,722000.0,2,2023,2023-03-28,Ma-PUN,Sedan,Petrol,1197,1,0,1,1,1,47045,Private,,,
VEH-14649,UBS96I04A383793906,MH95B1139,MARUTI,WAGON R,1.0 LXI CNG,477809.73,6,2019,2019-04-16,Ta-COI,Hatchback,CNG,998,1,0,0,1,0,17079,Private,,Body kit,
VEH-14650,TMA31Y88G116512671,GJ78A1982,HONDA,CITY,1.5 V MT,1145195.79,5,2020,2020-11-07,Ma-MUM,Sedan,Petrol,1498,0,0,0,1,1,124732,Private,Minor scratches,Body kit,
VEH-14651,LVL07L17L561749443,WB80B1326,MARUTI,ERTIGA,1.5 VXI CNG,895956.87,4,2021,2021-03-22,We-HOW,MUV,CNG,1462,1,1,0,0,0,6640,Private,Minor scratches,,
VEH-14652,YHS45G06Y972883514,KA56A7345,MARUTI,ALTO 800,LXI,239494.78,10,2015,2015-01-20,De-NEW,Hatchback,Petrol,796,1,1,1,1,1,110166,Private,Minor scratches,,
VEH-14653,PUM66W51X346952523,DL21D5896,HONDA,AMAZE,1.2 VXMT i-VTEC,503075.24,13,2012,2012-12-23,We-HOW,Sedan,Petrol,1199,1,1,0,1,1,145655,Private,Minor scratches,,
VEH-14654,VXV29Z89A167561058,DL56C6942,HONDA,AMAZE,1.2 VXMT i-VTEC,684370.55,7,2018,2018-04-22,Ka-BAN,Sedan,Petrol,1199,1,0,0,1,0,40186,Private,Minor scratches,Alloy wheels,
VEH-14655,DSI86S99R193385074,MH86A6727,MARUTI,ERTIGA,1.5 VXI CNG,1045000.0,1,2024,2024-08-25,Ta-MAD,MUV,CNG,1462,0,1,1,1,0,61199,Private,,,2025-10-28
VEH-14656,KTG30Y67F557055358,UP42B3954,MARUTI,SWIFT,VXI,665000.0,1,2024,2024-07-16,De-NEW,Hatchback,Petrol,1197,0,1,1,1,0,98899,Private,,Alloy wheels,
VEH-14657,BZE64F12O779374820,RJ88B2808,MARUTI,VITARA BREZZA,ZDI PLUS,682560.11,11,2014,2014-05-06,Ta-CHE,SUV,Diesel,1248,1,0,0,1,1,36692,Private,,Body kit,
VEH-14658,JML10Y77Y329940869,UP39A4970,MARUTI,BALENO HATCHBACK,Zeta 1.2,438907.48,14,2011,2011-02-10,Ta-CHE,Hatchback,Petrol,1197,0,0,0,1,1,81558,Private,,,
VEH-14659,LCY11P05V690522815,UP36B4586,HYUNDAI,CRETA,1.4 E Plus,862446.56,8,2017,2017-06-08,We-KOL,SUV,Diesel,1582,0,1,0,1,1,92023,Private,Minor scratches,,2019-02-20
VEH-14660,WTH01P76B906534935,TN06B5619,MARUTI,SWIFT,VXI,324303.86,15,2010,2010-10-28,De-GUR,Hatchback,Petrol,1197,0,1,0,1,1,19691,Private,,,
VEH-14661,HFI71J45A217039600,KA05B2506,MARUTI,ERTIGA,1.5 VXI CNG,693274.35,9,2016,2016-12-25,De-NOI,MUV,CNG,1462,1,0,0,1,0,23657,Private,Minor scratches,Alloy wheels,
VEH-14662,NNS97H32G945852646,DL24D2191,HYUNDAI,GRAND I10 NIOS,SPORTZ 1.2 KAPPA VTVT,359339.46,13,2012,2012-09-03,We-KOL,Hatchback,Petrol,1197,0,1,0,1,0,25320,Private,Minor scratches,,
VEH-14663,IAM65S40U237241055,WB39A9184,HONDA,AMAZE,VX PETROL,454025.41,15,2010,2010-06-10,We-HOW,Sedan,Petrol,1199,0,1,0,1,1,134917,Private,,,2012-06-15
VEH-14664,QOP78X43B283754362,UP63D2650,HYUNDAI,VENUE,1.2 S PETROL,414523.73,14,2011,2011-04-12,Ma-PUN,SUV,Petrol,1197,1,0,1,1,0,57557,Private,,,
VEH-14665,GJR12V02X866755017,DL60D7487,MARUTI,ALTO 800,LXI,400000.0,0,2025,2025-07-22,Ma-NAG,Hatchback,Petrol,796,1,1,0,0,1,33102,Commercial,,Body kit,2028-01-07
VEH-14666,IGZ22V57F652771060,TN52D3386,MARUTI,ALTO 800,LXI,279334.92,7,2018,2018-01-26,Ma-PUN,Hatchback,Petrol,796,1,0,0,0,1,149755,Private,,Alloy wheels,
VEH-14667,CAF22D57X058640639,KA80D1195,MARUTI,SWIFT DZIRE,VDI,728768.75,3,2022,2022-01-25,De-GUR,Sedan,Diesel,1248,0,1,0,1,1,2288,Private,,,
VEH-14668,BYC79P87N909148126,RJ01C1738,MARUTI,ALTO,K10 VXI,254810.18,15,2010,2010-11-02,Ta-MAD,Hatchback,Petrol,998,0,0,1,1,1,99592,Private,,,2012-10-01
VEH-14669,FUW90M56G564553595,DL64D8915,HONDA,AMAZE,1.5 SMT i-DTEC,728768.75,3,2022,2022-03-03,Ma-MUM,Sedan,Diesel,1498,0,0,0,0,0,95144,Private,,,2024-01-19
VEH-14670,UFY39O84A361107312,WB54A5247,HYUNDAI,GRAND I10,SPORTZ 1.2 KAPPA VTVT,446935.87,7,2018,2018-04-02,We-KOL,Hatchback,Petrol,1197,0,1,0,0,0,24005,Private,,Alloy wheels,2019-06-07
VEH-14671,XMQ32N67Y750393764,UP31B5906,MARUTI,VITARA BREZZA,VXI,1000000.0,0,2025,2025-08-13,Ma-MUM,SUV,Petrol,1462,0,1,0,1,0,62276,Private,Dent on door,Alloy wheels,
VEH-14672,XRC17R73E351211725,WB36C9051,MARUTI,SWIFT,1.2 VXi BS IV,502957.61,5,2020,2020-03-15,We-HOW,Hatchback,Petrol,1197,1,1,0,1,0,124724,Private,,,
VEH-14673,BJR34F22F672387565,MH12B3548,MARUTI,WAGON R,1.0 VXI,378149.65,9,2016,2016-08-15,Ma-PUN,Hatchback,Petrol,998,1,0,0,0,0,24468,Private,,Body kit,
VEH-14674,BEE84L88M236975859,RJ68B8201,MARUTI,SWIFT,VDI (DIESEL),390139.98,14,2011,2011-10-28,Ma-MUM,Hatchback,Diesel,1248,0,1,1,1,1,19731,Private,Dent on door,Alloy wheels,
VEH-14675,WWA11L87A562012036,TN24B4267,HYUNDAI,CRETA,1.5 E DIESEL,816007.13,8,2017,2017-05-25,Ma-PUN,SUV,Diesel,1493,0,0,0,1,1,49843,Private,,,
VEH-14676,NDD81L78R746981894,UP16A2052,MARUTI,WAGON R,1.0 VXI,464268.56,5,2020,2020-03-24,Ka-BAN,Hatchback,Petrol,998,0,0,0,1,1,78750,Private,,,
VEH-14677,MOR87I06P601144416,GJ56A4103,MARUTI,SWIFT,1.2 VXi BS IV,650000.0,0,2025,2025-03-12,We-HOW,Hatchback,Petrol,1197,0,1,0,1,0,140017,Private,Dent on door,,
VEH-14678,ZZI15F68I397628908,DL41C2309,MARUTI,WAGON R,1.0 VXI,308005.25,13,2012,2012-03-16,Ka-MYS,Hatchback,Petrol,998,1,1,1,1,1,100110,Private,,,
VEH-14679,GCT14O20R716993508,GJ98A9028,MARUTI,SWIFT,VXI,600162.5,3,2022,2022-09-12,We-HOW,Hatchback,Petrol,1197,0,0,1,1,0,19880,Commercial,Minor scratches,Alloy wheels,
VEH-14680,DFS73J98R125684365,GJ81B2474,HYUNDAI,GRAND I10 NIOS,SPORTZ 1.2 KAPPA VTVT,600162.5,3,2022,2022-03-24,Ta-COI,Hatchback,Petrol,1197,1,0,0,1,0,8209,Private,,Body kit,
VEH-14681,DJV50Y80E873386173,GJ59D9721,TOYOTA KIRLOSKAR,INNOVA CRYSTA,2.8 Z 7 STR,1658551.08,8,2017,2017-09-19,Ta-CHE,MUV,Diesel,2755,1,1,1,1,1,18860,Private,,Alloy wheels,
VEH-14682,XIZ16V94W875499229,DL29A1407,MARUTI,WAGON R,1.0 LXI CNG,529429.06,4,2021,2021-08-25,Ma-MUM,Hatchback,CNG,998,0,1,0,1,0,80269,Private,Dent on door,,2022-12-20
VEH-14683,IPL64V57P077311764,GJ32C3338,MARUTI,SWIFT,VXI,378252.06,12,2013,2013-08-28,Ka-BAN,Hatchback,Petrol,1197,1,1,0,0,1,20710,Private,,Body kit,2015-08-19
VEH-14684,PWY34L17F903648294,DL15A1379,HYUNDAI,GRAND I10,SPORTZ 1.2 KAPPA VTVT,446935.87,7,2018,2018-01-05,Ka-MYS,Hatchback,Petrol,1197,1,1,1,1,0,139581,Private,,Body kit,
VEH-14685,XMN15A32Q146430465,KA61A5556,MARUTI,SWIFT,VXI,464394.3,8,2017,2017-06-05,De-GUR,Hatchback,Petrol,1197,0,1,0,1,1,107184,Private,,,2020-02-18
VEH-14686,LGV12D66F444129424,DL06B1069,MARUTI,WAGON R,1.0 LXI CNG,650000.0,0,2025,2025-01-02,Ka-MYS,Hatchback,CNG,998,0,0,1,1,1,87529,Private,,,
VEH-14687,SSK26A98Y545814237,MH99B5330,MARUTI,SWIFT,1.2 VXi BS IV,453919.24,7,2018,2018-02-23,Ka-BAN,Hatchback,Petrol,1197,0,0,1,0,1,118013,Commercial,,,
VEH-14688,LDS71U79A301979854,KA73C5133,HYUNDAI,CRETA,1.5 E DIESEL,569848.21,15,2010,2010-05-24,Ka-BAN,SUV,Diesel,1493,0,0,0,1,0,24170,Private,Minor scratches,Body kit,
VEH-14689,BWL93R36R648285694,DL29C5445,HONDA,AMAZE,1.2 VXMT i-VTEC,720390.05,6,2019,2019-11-12,Ta-CHE,Sedan,Petrol,1199,0,1,0,0,0,143156,Private,,Body kit,
VEH-14690,IHT74N61G866786389,RJ82B5217,MARUTI,ERTIGA,1.5 VXI CNG,992750.0,2,2023,2023-06-15,De-NEW,MUV,CNG,1462,1,0,0,1,1,104279,Private,,,
VEH-14691,LNH94A27K317025740,GJ20C9647,MARUTI,BALENO HATCHBACK,Delta 1.2,558669.84,7,2018,2018-03-19,We-KOL,Hatchback,Petrol,1197,0,0,1,1,1,59522,Private,,Alloy wheels,
VEH-14692,STK14F15A514268170,WB31D7394,HONDA,AMAZE,1.2 VXMT i-VTEC,758305.32,5,2020,2020-12-11,Ma-PUN,Sedan,Petrol,1199,1,0,1,1,1,70986,Private,,,
VEH-14693,BEX33Y22Y213751860,RJ95C5753,TOYOTA KIRLOSKAR,INNOVA CRYSTA,2.4 ZX MT 7 STR,1985500.0,2,2023,2023-05-15,Ta-MAD,MUV,Diesel,2393,1,1,0,1,0,51364,Private,,Body kit,2025-06-06
VEH-14694,GLL26P12N765496148,RJ08D8238,MARUTI,BALENO HATCHBACK,Delta 1.2,722000.0,2,2023,2023-12-24,Ta-CHE,Hatchback,Petrol,1197,0,0,0,1,0,2128,Private,,Alloy wheels,2024-12-29
VEH-14695,OLH72C83G467038498,GJ98B1646,HYUNDAI,GRAND I10 NIOS,SPORTZ 1.2 KAPPA VTVT,665000.0,1,2024,2024-03-18,Ma-PUN,Hatchback,Petrol,1197,1,1,0,0,1,41603,Private,Dent on door,Alloy wheels,
VEH-14696,SMO71P87N520102944,RJ70B1142,MARUTI,ALTO 800,LXI,195069.99,14,2011,2011-05-25,Ma-NAG,Hatchback,Petrol,796,0,0,0,1,1,144907,Private,,Alloy wheels,
VEH-14697,FSM93Y66T059718532,RJ38A8490,TOYOTA KIRLOSKAR,INNOVA CRYSTA,2.8 Z 7 STR,1350900.22,12,2013,2013-02-07,Ta-COI,MUV,Diesel,2755,0,1,0,1,0,40467,Private,Minor scratches,Body kit,
VEH-14698,TRY61C31K614440744,WB09D7349,MARUTI,SWIFT,1.2 VXi BS IV,617500.0,1,2024,2024-03-14,Ta-MAD,Hatchback,Petrol,1197,0,1,1,1,1,144495,Private,,,
VEH-14699,GAQ84R69P160072806,KA48A1471,MARUTI,SWIFT DZIRE,VDI,692330.31,4,2021,2021-04-10,Ka-BAN,Sedan,Diesel,1248,1,1,0,0,1,1237,Private,,Alloy wheels,
VEH-14700,UVK09B74Y617096429,DL30A8020,MARUTI,SWIFT,VXI,541646.66,5,2020,2020-06-27,Ma-NAG,Hatchback,Petrol,1197,0,0,0,1,1,76386,Private,Dent on door,,
VEH-14701,HVQ15T96F073338689,MH35C2913,TOYOTA KIRLOSKAR,INNOVA CRYSTA,2.8 GX AT 7 STR,1377094.96,10,2015,2015-12-22,De-GUR,MUV,Diesel,2755,0,1,1,1,0,72055,Private,,Alloy wheels,2017-01-20
VEH-14702,WIH93E53M357594439,UP85B9370,MARUTI,ERTIGA,1.5 VXI CNG,895956.87,4,2021,2021-06-19,Ta-COI,MUV,CNG,1462,1,0,0,1,0,37005,Private,Dent on door,Body kit,
VEH-14703,JVH94R67U469951366,KA56B4097,MARUTI,VITARA BREZZA,ZDI PLUS,756299.29,9,2016,2016-10-12,Ka-BAN,SUV,Diesel,1248,1,0,0,0,0,62440,Private,Dent on door,Body kit,
VEH-14704,QFZ88W15Z808743587,WB39C8572,MARUTI,BALENO HATCHBACK,Delta 1.2,478989.55,10,2015,2015-07-28,Ma-MUM,Hatchback,Petrol,1197,0,0,0,1,0,137308,Private,,Alloy wheels,
VEH-14705,CEG11H25S476816415,TN89C7817,HYUNDAI,CRETA,1.5 E DIESEL,664642.91,12,2013,2013-07-03,Ma-PUN,SUV,Diesel,1493,1,0,0,1,0,99270,Private,,Body kit,
VEH-14706,VLR64Y26G316937470,GJ83A3017,MARUTI,SWIFT,VXI,464394.3,8,2017,2017-01-27,Ka-BAN,Hatchback,Petrol,1197,0,0,0,0,1,55967,Private,Minor scratches,,
VEH-14707,KWY17K38L247022777,GJ38C7524,MARUTI,BALENO HATCHBACK,Zeta 1.2,511920.08,11,2014,2014-11-13,We-KOL,Hatchback,Petrol,1197,0,0,0,1,0,131528,Private,Minor scratches,,
VEH-14708,BHS63Q99Z283764463,GJ89A8194,TOYOTA KIRLOSKAR,INNOVA CRYSTA,2.4 ZX MT 7 STR,1019240.71,15,2010,2010-09-18,Ka-BAN,MUV,Diesel,2393,1,0,0,1,1,41316,Private,,,
VEH-14709,IGN94W33B073351872,MH22A1379,MARUTI,BALENO HATCHBACK,Delta 1.2,651605.0,4,2021,2021-12-10,Ta-MAD,Hatchback,Petrol,1197,0,0,0,1,0,91965,Private,Dent on door,Alloy wheels,
VEH-14710,MXC38Q57T328009310,MH73C9487,MARUTI,SWIFT,VXI,341372.49,14,2011,2011-03-04,Ma-MUM,Hatchback,Petrol,1197,0,0,0,1,1,25773,Private,Dent on door,,
VEH-14711,HQG30K72O310191214,MH16A1600,MARUTI,SWIFT,1.2 VXi BS IV,650000.0,0,2025,2025-07-20,Ka-BAN,Hatchback,Petrol,1197,1,1,0,1,1,125682,Private,Dent on door,Body kit,2026-11-27
VEH-14712,FSW23D68K822409057,TN51C3571,MARUTI,VITARA BREZZA,VDI,771846.49,6,2019,2019-11-03,We-KOL,SUV,Diesel,1248,0,1,0,1,1,141285,Commercial,Minor scratches,,
VEH-14713,ORL44E67H753483369,DL47C2473,TOYOTA KIRLOSKAR,INNOVA CRYSTA,2.8 ZX AT 7 STR,1204557.2,15,2010,2010-07-20,Ta-CHE,MUV,Diesel,2755,1,1,0,0,1,10710,Private,Dent on door,,
VEH-14714,LZH69Q14K045053915,TN24D3402,MAHINDRA,BOLERO,B6 (O),663420.43,8,2017,2017-12-18,Ka-BAN,SUV,Diesel,1498,0,0,0,1,1,42112,Private,Dent on door,Alloy wheels,
VEH-14715,MOA35E50V488277147,GJ91B3092,MARUTI,SWIFT,VXI,419115.86,10,2015,2015-04-04,Ma-NAG,Hatchback,Petrol,1197,1,0,0,1,0,128719,Private,,Alloy wheels,
VEH-14716,LJM98W21A899191706,WB64B6921,MARUTI,VITARA BREZZA,VDI,771846.49,6,2019,2019-05-03,Ta-COI,SUV,Diesel,1248,0,0,1,1,1,89744,Commercial,,Alloy wheels,
VEH-14717,YJM93N00T941979589,MH29B8212,HYUNDAI,CRETA,1.5 E DIESEL,699624.11,11,2014,2014-03-13,Ta-CHE,SUV,Diesel,1493,1,0,0,1,0,11803,Private,,Alloy wheels,
VEH-14718,GVA17N30I910471899,KA32B5182,TOYOTA KIRLOSKAR,INNOVA CRYSTA,2.8 ZX AT 7 STR,1556716.04,10,2015,2015-08-01,Ta-COI,MUV,Diesel,2755,1,0,0,1,0,134265,Private,Minor scratches,,
VEH-14719,IMF17W87C561037047,WB85B3619,TOYOTA KIRLOSKAR,INNOVA CRYSTA,2.4 ZX MT 7 STR,1019240.71,15,2010,2010-10-17,Ka-MYS,MUV,Diesel,2393,0,1,0,1,1,3738,Commercial,,Body kit,2013-03-07
VEH-14720,LCT01E09L452780973,GJ95D2190,MARUTI,BALENO HATCHBACK,Delta 1.2,651605.0,4,2021,2021-01-23,Ka-BAN,Hatchback,Petrol,1197,1,1,0,1,0,45027,Private,Minor scratches,,
VEH-14721,KYU86Y42P604145184,TN37B7419,MARUTI,WAGON R,1.0 VXI,308005.25,13,2012,2012-07-13,Ka-MYS,Hatchback,Petrol,998,1,0,0,1,0,101962,Private,Minor scratches,Body kit,
VEH-14722,MAN92O14L540969475,MH43A7210,MARUTI,SWIFT,VXI,700000.0,0,2025,2025-03-08,Ma-PUN,Hatchback,Petrol,1197,1,1,1,1,0,77856,Private,Dent on door,,
VEH-14723,ROD89W85S149299435,WB96B8480,HONDA,AMAZE,1.2 VXMT i-VTEC,529552.89,12,2013,2013-12-06,Ka-BAN,Sedan,Petrol,1199,0,0,0,1,1,52553,Private,Minor scratches,Body kit,
VEH-14724,SCZ05T31A469646912,RJ77A1427,MARUTI,ALTO 800,LXI,252099.76,9,2016,2016-12-05,We-KOL,Hatchback,Petrol,796,0,1,0,1,1,88583,Private,Dent on door,Alloy wheels,
VEH-14725,PXM87H92Z284475678,KA68D9669,MARUTI,VITARA BREZZA,VDI,771846.49,6,2019,2019-04-26,Ma-PUN,SUV,Diesel,1248,0,1,0,1,0,80720,Private,Dent on door,Alloy wheels,
VEH-14726,DKA06V74S297187584,RJ56C7550,MARUTI,BALENO HATCHBACK,Delta 1.2,588073.51,6,2019,2019-05-06,Ka-MYS,Hatchback,Petrol,1197,0,0,0,0,1,86658,Private,,,
VEH-14727,VVL39F95M087805840,RJ92C9007,MARUTI,ALTO 800,LXI,252099.76,9,2016,2016-10-21,Ma-PUN,Hatchback,Petrol,796,0,1,0,0,1,7020,Private,Dent on door,Body kit,
VEH-14728,FNZ79U36G513979550,UP22B3373,MARUTI,BALENO HATCHBACK,Zeta 1.2,733055.62,4,2021,2021-05-11,Ma-MUM,Hatchback,Petrol,1197,0,0,0,0,1,146806,Private,,,
VEH-14729,JHE23Y23E278954912,GJ57A3922,MARUTI,ALTO 800,LXI,325802.5,4,2021,2021-09-28,We-HOW,Hatchback,Petrol,796,1,0,0,1,0,117759,Private,Minor scratches,Alloy wheels,2023-07-14
VEH-14730,NUH79A33W822042367,WB64A3405,HYUNDAI,GRAND I10,SPORTZ 1.2 KAPPA VTVT,495219.8,5,2020,2020-12-18,Ta-MAD,Hatchback,Petrol,1197,1,1,1,1,1,21366,Private,Dent on door,,
VEH-14731,GPE97O54K247013555,GJ01C1825,MARUTI,SWIFT,VXI,541646.66,5,2020,2020-07-05,Ma-MUM,Hatchback,Petrol,1197,1,1,0,1,1,102493,Private,,,
VEH-14732,RUJ09U64G412339436,TN32C3746,MARUTI,WAGON R,1.0 LXI CNG,617500.0,1,2024,2024-11-12,Ma-PUN,Hatchback,CNG,998,0,0,0,1,1,37417,Private,,,
VEH-14733,TTM38N22J238662093,DL77C2553,MARUTI,ALTO,K10 VXI,282338.15,13,2012,2012-03-11,Ma-PUN,Hatchback,Petrol,998,1,0,1,1,0,65841,Private,,Alloy wheels,
VEH-14734,YIO91Q51U342402340,WB21D1019,MARUTI,WAGON R,1.0 LXI CNG,351234.06,12,2013,2013-02-05,Ma-PUN,Hatchback,CNG,998,0,0,0,0,1,36017,Private,,Body kit,
VEH-14735,DBI18U97W912748911,KA57C7491,TOYOTA KIRLOSKAR,INNOVA CRYSTA,2.8 GX AT 7 STR,1377094.96,10,2015,2015-11-01,Ma-MUM,MUV,Diesel,2755,1,1,0,0,1,49910,Private,Dent on door,,2017-01-20
VEH-14736,UFN32D77M567337807,WB34B2303,HONDA,AMAZE,VX PETROL,980000.0,0,2025,2025-07-17,Ma-NAG,Sedan,Petrol,1199,1,1,1,1,1,7708,Private,Dent on door,Body kit,
VEH-14737,NVM83M05L417623021,UP11D5732,MARUTI,ERTIGA,1.5 VXI CNG,1045000.0,1,2024,2024-07-20,Ka-MYS,MUV,CNG,1462,1,0,0,1,1,121969,Private,,,2026-09-21
VEH-14738,NLW43L44P296426711,WB71A6655,MARUTI,VITARA BREZZA,VXI,1000000.0,0,2025,2025-08-16,Ma-NAG,SUV,Petrol,1462,0,1,0,1,1,80315,Private,Minor scratches,Body kit,2026-12-21
VEH-14739,NRX30Z35Y707452859,GJ28D1139,HYUNDAI,GRAND I10 NIOS,SPORTZ 1.2 KAPPA VTVT,359339.46,13,2012,2012-07-21,Ka-MYS,Hatchback,Petrol,1197,1,1,0,0,1,126566,Private,,Alloy wheels,
VEH-14740,HRR49S56N935548086,WB17A5480,MARUTI,BALENO HATCHBACK,Delta 1.2,432288.07,12,2013,2013-07-19,De-GUR,Hatchback,Petrol,1197,1,1,0,0,0,85209,Commercial,Minor scratches,,
VEH-14741,RHW76B33Y278523867,KA25B9504,MARUTI,SWIFT DZIRE,VDI,728768.75,3,2022,2022-10-21,Ma-NAG,Sedan,Diesel,1248,1,0,0,0,1,76128,Private,,Alloy wheels,2023-12-15
VEH-14742,UAQ65A89W040926335,DL40D6697,MARUTI,SWIFT,VDI (DIESEL),504199.53,9,2016,2016-12-27,De-GUR,Hatchback,Diesel,1248,0,0,0,0,0,102376,Commercial,,,
VEH-14743,YEP29O21F007103060,RJ96C3306,MARUTI,BALENO HATCHBACK,Zeta 1.2,486324.08,12,2013,2013-02-04,We-KOL,Hatchback,Petrol,1197,1,1,0,1,0,2960,Private,Minor scratches,,
VEH-14744,URR38L26J246986004,TN26B3470,HONDA,AMAZE,1.2 SMT i-VTEC,488836.11,7,2018,2018-10-08,De-GUR,Sedan,Petrol,1199,0,0,0,1,1,128724,Private,,Alloy wheels,
VEH-14745,IUC95A75D617139508,MH70D2635,MARUTI,BALENO HATCHBACK,Zeta 1.2,538863.25,10,2015,2015-11-21,Ka-MYS,Hatchback,Petrol,1197,1,0,0,0,1,58205,Private,Dent on door,Body kit,2017-12-26
VEH-14746,DQO24K86K855622047,GJ48B9687,HYUNDAI,GRAND I10,SPORTZ 1.2 KAPPA VTVT,345830.46,12,2013,2013-01-14,We-HOW,Hatchback,Petrol,1197,1,1,0,0,1,118069,Private,Minor scratches,Alloy wheels,
VEH-14747,ROS08Z63F969981454,GJ42B5272,HYUNDAI,GRAND I10,SPORTZ 1.2 KAPPA VTVT,470458.81,6,2019,2019-07-03,We-KOL,Hatchback,Petrol,1197,0,1,0,0,0,137709,Private,,,
VEH-14748,IVB31T35X012069100,MH40B1102,MARUTI,ERTIGA,1.5 VXI CNG,1045000.0,1,2024,2024-06-20,De-NEW,MUV,CNG,1462,0,1,0,0,0,75857,Private,Dent on door,Body kit,
VEH-14749,TUW43S67B025466132,KA07B5368,HONDA,AMAZE,1.2 VXMT i-VTEC,617644.42,9,2016,2016-05-09,Ta-CHE,Sedan,Petrol,1199,1,0,1,0,1,29052,Private,Minor scratches,Body kit,
VEH-14750,DUH01A33W043922240,RJ08C4507,MARUTI,ALTO,K10 VXI,254810.18,15,2010,2010-05-26,De-GUR,Hatchback,Petrol,998,0,0,1,0,1,69834,Commercial,,,2012-03-15
VEH-14751,BJO03O84D065204896,TN95D3052,MARUTI,WAGON R,1.0 LXI CNG,477809.73,6,2019,2019-09-09,Ma-MUM,Hatchback,CNG,998,0,0,0,1,0,54431,Private,Minor scratches,Body kit,
VEH-14752,OLG96M40X734531539,MH21A5462,TOYOTA KIRLOSKAR,INNOVA CRYSTA,2.8 ZX AT 7 STR,1267954.95,14,2011,2011-08-14,Ta-CHE,MUV,Diesel,2755,1,0,1,1,1,92112,Private,Minor scratches,Body kit,
VEH-14753,PWR28U85R944889919,GJ12C6775,MARUTI,WAGON R,1.0 LXI CNG,586625.0,2,2023,2023-02-27,Ka-BAN,Hatchback,CNG,998,1,0,0,1,0,24558,Private,,Body kit,
VEH-14754,DYK58M77G374199869,GJ26C4875,MARUTI,SWIFT,VXI,419115.86,10,2015,2015-06-24,Ma-MUM,Hatchback,Petrol,1197,0,1,0,1,1,33369,Commercial,,Body kit,
VEH-14755,WGS98C08H479837540,UP96A3974,MARUTI,SWIFT,1.2 VXi BS IV,529429.06,4,2021,2021-07-18,Ta-MAD,Hatchback,Petrol,1197,0,0,0,1,1,149451,Private,Dent on door,Alloy wheels,
VEH-14756,VJH65B69K358752754,GJ11A1984,MARUTI,ALTO 800,LXI,252099.76,9,2016,2016-03-22,Ma-NAG,Hatchback,Petrol,796,0,0,0,1,0,14462,Private,Dent on door,Alloy wheels,
VEH-14757,BEQ07T77M866410301,RJ82C2453,HYUNDAI,CRETA,1.5 E DIESEL,736446.44,10,2015,2015-12-26,De-NOI,SUV,Diesel,1493,1,0,0,0,0,139678,Private,,Body kit,
VEH-14758,MDD39P19U129772938,MH21B7548,MARUTI,BALENO HATCHBACK,Zeta 1.2,462007.87,13,2012,2012-06-17,Ma-PUN,Hatchback,Petrol,1197,1,1,0,1,1,28163,Private,,,
VEH-14759,PJU75Z02R662602305,MH83A7954,MARUTI,SWIFT,1.2 VXi BS IV,409662.12,9,2016,2016-08-16,De-NEW,Hatchback,Petrol,1197,1,0,0,0,1,15977,Private,,,
VEH-14760,GKV90I26L121822709,KA33D3763,MARUTI,VITARA BREZZA,ZDI PLUS,648432.11,12,2013,2013-03-28,Ka-MYS,SUV,Diesel,1248,1,0,0,0,1,52312,Private,Dent on door,Alloy wheels,
VEH-14761,COJ11W69I927532453,GJ05D3510,MARUTI,WAGON R,1.0 VXI,359242.16,10,2015,2015-05-21,De-NOI,Hatchback,Petrol,998,1,1,0,1,0,71894,Private,Minor scratches,,
VEH-14762,WOL64Z23Z306199662,MH41A9040,HONDA,AMAZE,1.2 SMT i-VTEC,665000.0,1,2024,2024-03-01,Ta-MAD,Sedan,Petrol,1199,1,0,1,1,0,112212,Private,Dent on door,,2026-04-15
VEH-14763,RLQ33W07R241124648,TN40B8911,MARUTI,SWIFT,1.2 VXi BS IV,477809.73,6,2019,2019-04-09,De-GUR,Hatchback,Petrol,1197,1,1,1,1,0,28241,Private,,Body kit,
VEH-14764,DAI68M12W791679770,TN80A4847,MAHINDRA,THAR,LX HARD TOP AT 4STR DIESEL,1071424.0,9,2016,2016-01-14,Ka-MYS,SUV,Diesel,2184,0,0,0,0,0,83860,Private,,,
VEH-14765,UZB67P92Z254026043,RJ01D7373,MARUTI,ALTO 800,LXI,265368.17,8,2017,2017-09-13,Ka-BAN,Hatchback,Petrol,796,1,0,0,1,0,33049,Private,Minor scratches,Body kit,
VEH-14766,SUG01Q58R232086809,TN98B9554,MARUTI,SWIFT DZIRE,VDI,807500.0,1,2024,2024-12-23,Ta-MAD,Sedan,Diesel,1248,1,0,1,0,0,94859,Private,Minor scratches,,
VEH-14767,DEI15G72A028757385,GJ40B8814,MARUTI,WAGON R,1.0 LXI CNG,650000.0,0,2025,2025-06-08,Ka-MYS,Hatchback,CNG,998,0,0,0,1,0,71368,Private,,,
VEH-14768,OLO61A90B229453051,KA91A4693,MARUTI,BALENO HATCHBACK,Delta 1.2,390139.98,14,2011,2011-12-26,De-GUR,Hatchback,Petrol,1197,1,1,0,0,0,14273,Private,,,
VEH-14769,HYX67O20M968246264,TN06B6740,HYUNDAI,CRETA,1.4 E Plus,778358.02,10,2015,2015-02-06,Ka-MYS,SUV,Diesel,1582,0,1,0,1,1,81213,Private,,Alloy wheels,
VEH-14770,NLL77Q99A485562715,GJ45D1996,MARUTI,DZIRE,VXI,478989.55,10,2015,2015-11-13,We-KOL,Sedan,Petrol,1197,1,1,0,1,1,106426,Private,Dent on door,Alloy wheels,
VEH-14771,SMA01G51N894890029,KA25C7966,MARUTI,ALTO 800,LXI,205336.83,13,2012,2012-02-07,We-HOW,Hatchback,Petrol,796,0,1,0,0,1,83885,Private,,Alloy wheels,
VEH-14772,VQP09P66N205334730,GJ19D7377,MARUTI,ALTO,K10 VXI,254810.18,15,2010,2010-04-26,De-NOI,Hatchback,Petrol,998,0,0,1,0,1,94293,Private,Dent on door,,
VEH-14773,FDX18H17X502354982,TN90B9906,HYUNDAI,GRAND I10,SPORTZ 1.2 KAPPA VTVT,521284.0,4,2021,2021-11-20,Ta-COI,Hatchback,Petrol,1197,1,1,0,1,1,12927,Private,Dent on door,,
VEH-14774,YZJ59W56T340549731,DL86B3473,HONDA,CITY,1.5 V MT,1480000.0,0,2025,2025-05-08,Ma-PUN,Sedan,Petrol,1498,0,0,0,0,0,80351,Private,Minor scratches,,
VEH-14775,FQM28U86Z485164705,WB56C6129,MARUTI,BALENO HATCHBACK,Zeta 1.2,486324.08,12,2013,2013-04-03,We-HOW,Hatchback,Petrol,1197,1,1,0,1,1,66795,Private,Minor scratches,Body kit,
VEH-14776,NRV52F69F407530081,UP32D2994,MAHINDRA,SCORPIO,S11 2WD 7STR,972648.16,12,2013,2013-03-20,Ma-MUM,SUV,Diesel,2184,0,0,0,0,1,84154,Private,,,
VEH-14777,AIT10D89N737376644,UP09D3277,MARUTI,BALENO HATCHBACK,Zeta 1.2,733055.62,4,2021,2021-02-22,De-NOI,Hatchback,Petrol,1197,1,0,0,1,1,15205,Private,Dent on door,Alloy wheels,
VEH-14778,KFU63G15C981713657,UP30B6927,MARUTI,SWIFT,VXI,665000.0,1,2024,2024-08-07,Ka-BAN,Hatchback,Petrol,1197,1,0,0,0,1,15551,Private,,,2026-10-24
VEH-14779,LRC06I59Y827745689,RJ06A1504,MARUTI,SWIFT,1.2 VXi BS IV,586625.0,2,2023,2023-01-04,De-NOI,Hatchback,Petrol,1197,0,0,0,1,1,89640,Private,,Alloy wheels,
VEH-14780,NYH66E90C618485685,UP28D5796,MARUTI,DZIRE,VXI,530736.35,8,2017,2017-07-02,Ka-BAN,Sedan,Petrol,1197,0,0,1,1,0,83851,Private,Dent on door,Alloy wheels,2018-07-02
VEH-14781,QPR03B84F635006251,KA17D4485,MARUTI,DZIRE,VXI,685900.0,3,2022,2022-03-07,Ta-COI,Sedan,Petrol,1197,1,0,0,1,0,10505,Private,,Body kit,2024-10-05
VEH-14782,HHT32G95T100395254,MH98A7716,TOYOTA KIRLOSKAR,INNOVA CRYSTA,2.8 GX AT 7 STR,1377094.96,10,2015,2015-04-03,We-KOL,MUV,Diesel,2755,1,0,1,0,0,56104,Private,Dent on door,,2017-12-14
VEH-14783,JPM56H66C815251649,TN51C9356,MARUTI,SWIFT,VXI,441174.59,9,2016,2016-06-07,Ka-BAN,Hatchback,Petrol,1197,0,1,0,0,0,132398,Private,Dent on door,Alloy wheels,
VEH-14784,TJC20D05P942632165,TN77A4094,MARUTI,SWIFT,VXI,600162.5,3,2022,2022-04-19,Ma-MUM,Hatchback,Petrol,1197,0,1,0,1,1,80796,Commercial,,,
VEH-14785,GDG25O14J133335385,TN61C3083,MARUTI,SWIFT DZIRE,VDI,459306.07,12,2013,2013-07-06,Ka-MYS,Sedan,Diesel,1248,1,0,0,1,0,111029,Private,,Alloy wheels,2015-07-09
VEH-14786,OOU04T10S803892331,UP79C3062,MARUTI,VITARA BREZZA,VDI,771846.49,6,2019,2019-09-20,Ta-MAD,SUV,Diesel,1248,1,1,0,0,0,89243,Private,,,
VEH-14787,UQB94F24H248591557,MH15D1455,HONDA,AMAZE,1.5 SMT i-DTEC,624828.11,6,2019,2019-08-02,Ta-MAD,Sedan,Diesel,1498,1,0,0,0,1,50655,Private,Minor scratches,,
VEH-14788,ISY94W91K257584172,KA72C4715,MARUTI,ALTO,K10 VXI,522500.0,1,2024,2024-02-24,We-HOW,Hatchback,Petrol,998,0,0,0,1,0,142977,Private,,Alloy wheels,
VEH-14789,YLK29K81D982877222,GJ08A8647,MARUTI,WAGON R,1.0 VXI,324216.05,12,2013,2013-04-03,De-NEW,Hatchback,Petrol,998,0,0,0,1,0,65630,Private,,Body kit,2014-04-14
VEH-14790,GGB17L36M153831877,WB95A7204,MARUTI,SWIFT,VXI,514564.32,6,2019,2019-07-05,De-NOI,Hatchback,Petrol,1197,0,0,1,0,0,137359,Private,Minor scratches,Alloy wheels,
VEH-14791,XIY72W28T243267595,UP84A9482,HYUNDAI,GRAND I10 NIOS,SPORTZ 1.2 KAPPA VTVT,700000.0,0,2025,2025-02-10,De-NOI,Hatchback,Petrol,1197,1,1,0,1,1,18720,Private,Dent on door,,
VEH-14792,KVK45T77T461244813,TN87C3779,HONDA,AMAZE,1.2 SMT i-VTEC,665000.0,1,2024,2024-06-16,Ka-MYS,Sedan,Petrol,1199,0,0,0,0,0,98920,Private,Dent on door,Body kit,
VEH-14793,JDC92W21G976686705,DL81B8391,MARUTI,SWIFT,1.2 VXi BS IV,617500.0,1,2024,2024-05-02,Ka-MYS,Hatchback,Petrol,1197,0,1,0,1,1,89440,Private,,,
VEH-14794,HPF03G74N814075202,UP82D9341,HONDA,AMAZE,1.2 VXMT i-VTEC,503075.24,13,2012,2012-02-10,De-GUR,Sedan,Petrol,1199,0,0,0,1,0,119157,Private,Dent on door,,2014-08-26
VEH-14795,OBG58U33Q191181824,UP64D9387,MARUTI,ALTO 800,LXI,216144.04,12,2013,2013-12-24,Ma-NAG,Hatchback,Petrol,796,0,1,0,1,1,94221,Private,,Body kit,2014-12-31
VEH-14796,MQX90G07K418516624,MH30C3835,TOYOTA KIRLOSKAR,INNOVA CRYSTA,2.8 Z 7 STR,2036265.62,4,2021,2021-09-12,Ma-NAG,MUV,Diesel,2755,0,0,0,0,1,55525,Private,Dent on door,,
VEH-14797,JCO20I33H360003100,TN79C4713,MARUTI,BALENO HATCHBACK,Delta 1.2,530736.35,8,2017,2017-01-11,Ta-CHE,Hatchback,Petrol,1197,0,1,0,1,1,69495,Private,Minor scratches,Alloy wheels,
VEH-14798,BTT66R13Q926417535,KA85C6086,MARUTI,SWIFT,VDI (DIESEL),478989.55,10,2015,2015-07-22,De-NOI,Hatchback,Diesel,1248,1,0,1,1,1,68571,Private,,,
VEH-14799,MXR08X63Z605729253,RJ91A7412,MARUTI,DZIRE,VXI,390139.98,14,2011,2011-09-27,Ka-MYS,Sedan,Petrol,1197,1,1,1,1,1,66085,Private,Minor scratches,Alloy wheels,
VEH-14800,VQZ46N47B925485461,GJ70B5221,MARUTI,DZIRE,VXI,504199.53,9,2016,2016-05-18,Ta-CHE,Sedan,Petrol,1197,0,0,0,1,1,126456,Commercial,Dent on door,,2017-08-14
VEH-14801,STP80W82X376949388,DL41C3621,MARUTI,ERTIGA,1.5 VXI CNG,992750.0,2,2023,2023-06-08,De-NOI,MUV,CNG,1462,1,0,0,1,0,94364,Private,,Alloy wheels,
VEH-14802,VDR68A13B310116856,TN05B4765,MARUTI,SWIFT,VDI (DIESEL),760000.0,1,2024,2024-07-22,Ta-COI,Hatchback,Diesel,1248,0,0,0,1,1,126006,Private,Dent on door,Body kit,
VEH-14803,RSP21B95J612402021,MH58C7013,HYUNDAI,CRETA,1.4 E Plus,778358.02,10,2015,2015-07-03,Ma-MUM,SUV,Diesel,1582,0,0,0,1,0,137614,Private,,Alloy wheels,
VEH-14804,LGL28M56H651762772,RJ78C2583,MARUTI,WAGON R,1.0 VXI,308005.25,13,2012,2012-02-08,Ta-COI,Hatchback,Petrol,998,1,1,1,1,1,3515,Private,Minor scratches,Body kit,
VEH-14805,KYD38I71L928550111,MH48B9472,MARUTI,WAGON R,1.0 LXI CNG,650000.0,0,2025,2025-07-14,Ta-COI,Hatchback,CNG,998,1,0,0,1,0,10760,Private,,Alloy wheels,2027-07-18
VEH-14806,UUR25Q66H106202812,GJ60D5115,MARUTI,BALENO HATCHBACK,Zeta 1.2,538863.25,10,2015,2015-12-14,Ka-BAN,Hatchback,Petrol,1197,1,1,0,1,1,131012,Private,,,
VEH-14807,ZSG20T22H332686577,UP68C2445,TOYOTA KIRLOSKAR,INNOVA CRYSTA,2.4 V 8S,1466508.32,7,2018,2018-11-18,Ma-MUM,MUV,Diesel,2393,0,1,0,1,0,100888,Private,Minor scratches,Alloy wheels,
VEH-14808,TOP22F75D593705618,TN85A2893,MARUTI,SWIFT,VDI (DIESEL),530736.35,8,2017,2017-01-15,Ma-MUM,Hatchback,Diesel,1248,0,0,0,0,1,138521,Private,Minor scratches,,
VEH-14809,FSX50B16K413024376,MH88D1022,TOYOTA KIRLOSKAR,INNOVA CRYSTA,2.4 ZX MT 7 STR,1791913.75,4,2021,2021-06-19,Ka-BAN,MUV,Diesel,2393,1,0,0,1,1,36604,Private,,,
VEH-14810,WUY24Y58R606006519,GJ43B4944,MARUTI,SWIFT DZIRE,VDI,459306.07,12,2013,2013-06-02,Ta-COI,Sedan,Diesel,1248,0,1,0,1,0,61765,Private,Minor scratches,,
VEH-14811,QDW28Y18J238089437,RJ51D2483,MARUTI,BALENO HATCHBACK,Delta 1.2,390139.98,14,2011,2011-11-10,Ma-MUM,Hatchback,Petrol,1197,0,1,1,0,1,103831,Private,,,
VEH-14812,FGR43J18C104164598,KA51B5748,HONDA,AMAZE,1.2 SMT i-VTEC,488836.11,7,2018,2018-03-11,We-HOW,Sedan,Petrol,1199,1,1,0,0,1,12476,Private,Dent on door,,
VEH-14813,SYY81D91W514083373,KA53A2298,MARUTI,SWIFT DZIRE,VDI,535712.0,9,2016,2016-11-02,De-NEW,Sedan,Diesel,1248,1,1,0,0,1,88072,Private,Minor scratches,Body kit,2017-12-06
VEH-14814,JNA59W36W930604678,RJ54C7772,MARUTI,WAGON R,1.0 LXI CNG,431223.28,8,2017,2017-08-28,Ma-MUM,Hatchback,CNG,998,1,0,0,0,1,70442,Private,,,
VEH-14815,YEL98E26S238529774,WB66A3235,MARUTI,WAGON R,1.0 LXI CNG,431223.28,8,2017,2017-06-25,Ma-NAG,Hatchback,CNG,998,1,1,0,1,1,137416,Private,,Body kit,
VEH-14816,VGP54S52N707666591,UP45B7866,HYUNDAI,CRETA,1.4 E Plus,667344.71,13,2012,2012-03-16,Ma-MUM,SUV,Diesel,1582,1,0,0,1,0,109019,Private,,,
VEH-14817,LZP20H61K707871158,UP83B8693,MARUTI,SWIFT DZIRE,VDI,483480.08,11,2014,2014-08-18,Ka-MYS,Sedan,Diesel,1248,1,1,1,0,1,95603,Private,Minor scratches,,
VEH-14818,FDL25E55F233794068,UP51D8139,MARUTI,BALENO HATCHBACK,Zeta 1.2,486324.08,12,2013,2013-11-13,We-KOL,Hatchback,Petrol,1197,1,1,0,0,0,60583,Private,Dent on door,Alloy wheels,
VEH-14819,AAV07P73D960561993,TN32D8376,HONDA,AMAZE,1.2 SMT i-VTEC,600162.5,3,2022,2022-10-10,We-HOW,Sedan,Petrol,1199,1,1,1,1,1,36961,Private,,Body kit,
VEH-14820,CEZ43U02P969395667,GJ98D3025,MARUTI,DZIRE,VXI,760000.0,1,2024,2024-05-24,Ka-BAN,Sedan,Petrol,1197,1,1,0,1,0,7223,Private,,Body kit,
VEH-14821,RTO48L50K733529282,MH61B8684,MARUTI,SWIFT,1.2 VXi BS IV,529429.06,4,2021,2021-09-22,Ka-MYS,Hatchback,Petrol,1197,0,0,0,0,1,97271,Private,,,
VEH-14822,OGK09D74B847429166,WB03B9234,MARUTI,DZIRE,VXI,410673.67,13,2012,2012-12-26,De-NEW,Sedan,Petrol,1197,0,0,0,0,1,125642,Private,Minor scratches,Body kit,2014-01-19
VEH-14823,WLF64O63W095421513,GJ56D4609,MARUTI,WAGON R,1.0 LXI CNG,557293.75,3,2022,2022-03-22,We-KOL,Hatchback,CNG,998,1,1,0,1,0,129604,Private,,Body kit,
VEH-14824,SVQ34X81A236714441,MH11C6252,MARUTI,SWIFT,VXI,665000.0,1,2024,2024-06-12,De-NEW,Hatchback,Petrol,1197,1,0,0,1,1,140678,Private,Minor scratches,Body kit,
VEH-14825,LEO84K64C665860689,GJ79C5544,MAHINDRA,THAR,LX HARD TOP AT 4STR DIESEL,829047.46,14,2011,2011-09-25,Ta-COI,SUV,Diesel,2184,0,0,1,1,0,47893,Private,Dent on door,,
VEH-14826,DTI62Z82Z453716462,RJ51B1716,MARUTI,BALENO HATCHBACK,Zeta 1.2,462007.87,13,2012,2012-12-18,Ma-NAG,Hatchback,Petrol,1197,0,0,1,1,1,50011,Private,Minor scratches,,
VEH-14827,JUY57N95R276838304,WB89D5449,MARUTI,BALENO HATCHBACK,Delta 1.2,800000.0,0,2025,2025-02-23,De-GUR,Hatchback,Petrol,1197,1,0,0,0,0,136862,Commercial,Minor scratches,,
VEH-14828,ISL76U16T125902982,MH18C2637,MARUTI,ERTIGA,1.5 VXI CNG,729762.47,8,2017,2017-01-27,Ta-CHE,MUV,CNG,1462,1,0,0,1,0,14381,Private,Dent on door,Body kit,
VEH-14829,FBO48R94T870486229,GJ99A1345,HONDA,AMAZE,1.5 SMT i-DTEC,767125.0,2,2023,2023-09-28,Ka-MYS,Sedan,Diesel,1498,1,0,0,1,0,74473,Private,,,
VEH-14830,TEW95K81Z358676923,TN47A2403,HONDA,AMAZE,1.2 SMT i-VTEC,665000.0,1,2024,2024-08-14,We-KOL,Sedan,Petrol,1199,1,0,0,0,1,98195,Private,,,
VEH-14831,AFC93I60B422993617,RJ84A4055,HYUNDAI,GRAND I10 NIOS,SPORTZ 1.2 KAPPA VTVT,464394.3,8,2017,2017-03-24,We-KOL,Hatchback,Petrol,1197,1,1,0,0,1,147467,Private,,Body kit,
VEH-14832,YJL12R08A407998742,MH28A5939,HYUNDAI,GRAND I10 NIOS,SPORTZ 1.2 KAPPA VTVT,341372.49,14,2011,2011-12-03,We-KOL,Hatchback,Petrol,1197,1,0,0,1,1,107820,Private,Dent on door,Alloy wheels,
VEH-14833,NNI16B20M323042121,UP63B7313,TOYOTA KIRLOSKAR,INNOVA CRYSTA,2.8 ZX AT 7 STR,1204557.2,15,2010,2010-09-16,De-GUR,MUV,Diesel,2755,0,0,1,1,1,1481,Private,,Alloy wheels,
VEH-14834,RFP17Y98F976064814,TN11D1617,MARUTI,SWIFT DZIRE,VDI,850000.0,0,2025,2025-05-16,We-KOL,Sedan,Diesel,1248,1,0,0,1,0,15001,Private,Minor scratches,Body kit,
VEH-14835,HSO90O91F773028710,WB34C4208,MARUTI,SWIFT DZIRE,VDI,657713.8,5,2020,2020-05-28,We-KOL,Sedan,Diesel,1248,0,0,0,1,0,44984,Private,Minor scratches,Alloy wheels,
VEH-14836,GND85E18H280342298,DL84A9432,MARUTI,BALENO HATCHBACK,Delta 1.2,619024.75,5,2020,2020-07-11,Ta-COI,Hatchback,Petrol,1197,1,0,0,1,1,9766,Private,,Alloy wheels,
VEH-14837,XMX05K00T563404281,WB27D4175,MARUTI,ALTO 800,LXI,185316.49,15,2010,2010-06-26,Ka-BAN,Hatchback,Petrol,796,1,1,0,1,0,20503,Private,,,
VEH-14838,DBS76N67K396329644,GJ40C4625,HONDA,AMAZE,1.2 VXMT i-VTEC,798216.12,4,2021,2021-09-25,Ka-BAN,Sedan,Petrol,1199,1,1,0,1,0,64812,Private,,Alloy wheels,
VEH-14839,BLK78G32A570065721,TN91D8208,MARUTI,ALTO 800,LXI,380000.0,1,2024,2024-02-21,Ka-BAN,Hatchback,Petrol,796,1,1,0,0,0,75257,Private,,Body kit,
VEH-14840,WBG16O62Q681321897,RJ15A5877,MARUTI,SWIFT,VXI,341372.49,14,2011,2011-09-16,We-HOW,Hatchback,Petrol,1197,1,1,1,0,1,140938,Private,Dent on door,Body kit,
VEH-14841,FLF86G05F870420472,RJ65A7101,HYUNDAI,VENUE,1.2 S PETROL,483480.08,11,2014,2014-09-06,Ma-NAG,SUV,Petrol,1197,0,1,0,0,1,7475,Private,Minor scratches,Body kit,
VEH-14842,VEY82H87X582942636,DL50D2610,TOYOTA KIRLOSKAR,INNOVA CRYSTA,2.8 GX AT 7 STR,1525866.99,8,2017,2017-01-18,Ta-MAD,MUV,Diesel,2755,0,1,1,1,1,49686,Private,Minor scratches,,
VEH-14843,HXO21A18C502774954,DL51A3468,HONDA,AMAZE,1.2 SMT i-VTEC,665000.0,1,2024,2024-03-09,We-KOL,Sedan,Petrol,1199,0,0,0,1,0,90720,Private,Dent on door,,2025-10-22
VEH-14844,LJT83F89F149666273,KA05D1151,MARUTI,DZIRE,VXI,504199.53,9,2016,2016-03-12,Ma-NAG,Sedan,Petrol,1197,1,0,0,1,0,26566,Private,Dent on door,Alloy wheels,
VEH-14845,EIJ40W79X436954278,TN92A8442,MARUTI,ERTIGA,1.5 VXI CNG,1100000.0,0,2025,2025-10-02,Ka-MYS,MUV,CNG,1462,0,1,0,1,1,23119,Private,,Body kit,2028-03-30
VEH-14846,KZR73O80H812399451,GJ96B4102,MARUTI,BALENO HATCHBACK,Zeta 1.2,733055.62,4,2021,2021-11-13,Ma-NAG,Hatchback,Petrol,1197,0,1,1,0,0,27458,Private,Minor scratches,,2024-02-15
VEH-14847,LIX10T09G042726978,MH93A3740,MARUTI,BALENO HATCHBACK,Delta 1.2,722000.0,2,2023,2023-02-23,Ta-COI,Hatchback,Petrol,1197,1,0,0,1,1,124194,Private,Dent on door,,
VEH-14848,FYU69A04T472569638,UP17C4822,HONDA,AMAZE,1.2 VXMT i-VTEC,684370.55,7,2018,2018-02-09,De-NEW,Sedan,Petrol,1199,1,1,1,0,0,113244,Private,Dent on door,Alloy wheels,
VEH-14849,ZYY98K26M331632095,RJ17A6247,HYUNDAI,VENUE,1.2 S PETROL,657713.8,5,2020,2020-11-12,Ka-BAN,SUV,Petrol,1197,0,1,0,1,0,3691,Private,,Body kit,
VEH-14850,YGO83W00T049603043,UP32D4941,HONDA,AMAZE,1.5 SMT i-DTEC,535712.0,9,2016,2016-08-18,We-KOL,Sedan,Diesel,1498,0,1,0,0,1,72317,Private,,,
VEH-14851,FPQ25N86P606791057,UP22A5425,MARUTI,ERTIGA,1.5 VXI CNG,564676.29,13,2012,2012-01-03,De-NOI,MUV,CNG,1462,0,1,0,0,1,31607,Private,Minor scratches,Body kit,
VEH-14852,BGU05M12A733790156,RJ57B3438,HYUNDAI,GRAND I10 NIOS,SPORTZ 1.2 KAPPA VTVT,341372.49,14,2011,2011-05-20,Ka-BAN,Hatchback,Petrol,1197,0,0,0,1,0,72350,Private,Minor scratches,,2012-11-24
VEH-14853,IAJ20Z09I417645450,WB36C8309,TOYOTA KIRLOSKAR,INNOVA CRYSTA,2.8 Z 7 STR,1837729.73,6,2019,2019-12-25,Ma-NAG,MUV,Diesel,2755,1,0,0,0,0,62065,Private,,,
VEH-14854,LRA67K73I968005069,MH71A5147,MARUTI,WAGON R,1.0 VXI,441055.13,6,2019,2019-05-16,Ma-MUM,Hatchback,Petrol,998,1,1,0,0,0,109473,Private,Dent on door,Body kit,
VEH-14855,DCT57R50E605114648,UP61A4813,MARUTI,ERTIGA,1.5 VXI CNG,895956.87,4,2021,2021-01-25,We-HOW,MUV,CNG,1462,1,1,0,0,0,86107,Private,Minor scratches,Body kit,
VEH-14856,NES45O49Z087281701,DL09A7420,MARUTI,VITARA BREZZA,VDI,947625.0,2,2023,2023-06-12,Ka-MYS,SUV,Diesel,1248,1,1,0,0,0,28988,Private,,Alloy wheels,
VEH-14857,EPN21O50I756024240,MH29B4161,MARUTI,WAGON R,1.0 VXI,488703.75,4,2021,2021-07-07,Ta-COI,Hatchback,Petrol,998,0,1,0,0,1,146916,Private,Dent on door,Body kit,
VEH-14858,GKY35A01S313925069,RJ74C5715,HYUNDAI,GRAND I10,SPORTZ 1.2 KAPPA VTVT,495219.8,5,2020,2020-08-14,Ta-COI,Hatchback,Petrol,1197,1,1,0,0,0,76161,Private,Minor scratches,,
VEH-14859,IMC93G72I515505816,MH48C3312,HYUNDAI,GRAND I10,SPORTZ 1.2 KAPPA VTVT,345830.46,12,2013,2013-08-06,We-HOW,Hatchback,Petrol,1197,1,0,0,1,0,119087,Private,Minor scratches,,
VEH-14860,NPN65A60T520777355,KA09B8960,MARUTI,BALENO HATCHBACK,Zeta 1.2,855000.0,1,2024,2024-07-10,Ma-NAG,Hatchback,Petrol,1197,0,1,0,1,1,21605,Private,,Alloy wheels,
VEH-14861,GKS52B22F100435724,WB41D3558,MARUTI,SWIFT,1.2 VXi BS IV,409662.12,9,2016,2016-10-28,De-NOI,Hatchback,Petrol,1197,1,1,0,1,0,89171,Private,Dent on door,,
VEH-14862,JRA17B93F999334324,MH59D1458,MARUTI,WAGON R,1.0 LXI CNG,333672.35,13,2012,2012-06-18,Ma-MUM,Hatchback,CNG,998,0,0,0,1,0,52481,Private,Minor scratches,,
VEH-14863,HCR44R22N501793468,WB49C2669,MARUTI,ERTIGA,1.5 VXI CNG,895956.87,4,2021,2021-03-17,Ta-COI,MUV,CNG,1462,0,1,0,1,1,67798,Private,,Alloy wheels,
VEH-14864,PGF63F48H770070930,KA83D9873,MARUTI,VITARA BREZZA,VXI,814506.25,4,2021,2021-02-14,Ta-COI,SUV,Petrol,1462,0,1,0,0,1,69856,Private,Minor scratches,,
VEH-14865,ZHP20M92P367341859,MH10A8480,MARUTI,SWIFT,VDI (DIESEL),619024.75,5,2020,2020-11-19,Ka-MYS,Hatchback,Diesel,1248,1,1,0,1,0,67609,Private,,Alloy wheels,
VEH-14866,YRZ07Q84J147842733,DL04A7710,MARUTI,ALTO 800,LXI,185316.49,15,2010,2010-03-07,Ta-CHE,Hatchback,Petrol,796,1,1,0,0,1,128079,Private,,,
VEH-14867,URD51U66G076109081,GJ36D5936,MARUTI,BALENO HATCHBACK,Delta 1.2,722000.0,2,2023,2023-03-08,Ka-MYS,Hatchback,Petrol,1197,1,1,1,1,0,121561,Private,Minor scratches,,
VEH-14868,KCP99E73G827912666,RJ22C2801,MARUTI,SWIFT,1.2 VXi BS IV,431223.28,8,2017,2017-12-13,Ta-COI,Hatchback,Petrol,1197,1,1,0,1,0,130757,Private,Dent on door,,2019-12-16
VEH-14869,QLS80X21C229756626,WB10D5002,MARUTI,SWIFT DZIRE,VDI,807500.0,1,2024,2024-03-20,De-GUR,Sedan,Diesel,1248,0,1,0,1,1,112741,Private,,Alloy wheels,
VEH-14870,MYC75C59E032609593,KA09C4600,MARUTI,SWIFT,VDI (DIESEL),800000.0,0,2025,2025-09-17,Ma-MUM,Hatchback,Diesel,1248,0,0,0,0,0,85475,Private,,,2027-03-12
VEH-14871,ZCI84E67T933778316,WB29B7431,MARUTI,SWIFT,VDI (DIESEL),760000.0,1,2024,2024-10-11,We-HOW,Hatchback,Diesel,1248,1,1,0,1,1,92498,Private,,Body kit,
VEH-14872,MMI87T93J124755629,MH95D7779,HONDA,AMAZE,1.2 SMT i-VTEC,570154.37,4,2021,2021-08-09,We-KOL,Sedan,Petrol,1199,1,0,0,1,1,55286,Private,,Alloy wheels,2023-07-14
VEH-14873,KMP83J70G070428573,MH23A6561,MARUTI,BALENO HATCHBACK,Delta 1.2,478989.55,10,2015,2015-06-13,Ta-CHE,Hatchback,Petrol,1197,0,1,0,1,0,135702,Private,,,2018-02-11
VEH-14874,CDQ58X96A514004993,WB21D6107,HYUNDAI,CRETA,1.4 E Plus,778358.02,10,2015,2015-12-02,De-NEW,SUV,Diesel,1582,0,1,0,1,0,34652,Private,Dent on door,,
VEH-14875,GVE47P87A704960687,MH25A1543,HYUNDAI,GRAND I10 NIOS,SPORTZ 1.2 KAPPA VTVT,419115.86,10,2015,2015-10-20,Ma-PUN,Hatchback,Petrol,1197,1,0,0,0,1,21174,Private,,Alloy wheels,
VEH-14876,RDV49X53L717765147,KA87A7711,MARUTI,ERTIGA,1.5 VXI CNG,943112.5,3,2022,2022-12-26,We-HOW,MUV,CNG,1462,0,0,1,1,0,39409,Private,,Body kit,2025-02-27
VEH-14877,TNF66P65A966328644,KA01B8405,MARUTI,ERTIGA,1.5 VXI CNG,625680.1,11,2014,2014-04-04,Ka-BAN,MUV,CNG,1462,1,1,0,1,0,51337,Private,Dent on door,Body kit,
VEH-14878,PJB25Y46D975072558,TN25C1947,MARUTI,WAGON R,1.0 VXI,441055.13,6,2019,2019-12-26,Ta-COI,Hatchback,Petrol,998,1,0,0,1,1,79680,Private,Minor scratches,Body kit,
VEH-14879,VCG55I29K623398978,KA85B9953,MARUTI,SWIFT,VXI,631750.0,2,2023,2023-03-22,Ta-COI,Hatchback,Petrol,1197,0,1,0,0,1,17175,Private,Minor scratches,Body kit,
VEH-14880,MKV38T95T315899168,GJ56A4924,MARUTI,SWIFT,VXI,665000.0,1,2024,2024-11-23,De-NEW,Hatchback,Petrol,1197,0,0,1,0,0,125038,Private,Minor scratches,,
VEH-14881,BZD03M30I583186004,RJ46A6557,HONDA,AMAZE,VX PETROL,840227.5,3,2022,2022-06-24,Ka-BAN,Sedan,Petrol,1199,0,1,0,1,1,120968,Private,,,
VEH-14882,GOB75K59M560212499,DL30D8413,MARUTI,BALENO HATCHBACK,Delta 1.2,370632.98,15,2010,2010-12-01,Ka-MYS,Hatchback,Petrol,1197,0,0,0,0,0,72142,Private,Minor scratches,Body kit,
VEH-14883,EVC33N22I773480363,WB53D5028,HONDA,AMAZE,1.2 SMT i-VTEC,631750.0,2,2023,2023-06-03,Ka-MYS,Sedan,Petrol,1199,1,1,0,1,1,140396,Private,,,
VEH-14884,QCZ01I36P332820773,KA86D2182,MARUTI,SWIFT,VXI,600162.5,3,2022,2022-09-07,Ma-NAG,Hatchback,Petrol,1197,0,1,0,1,1,111334,Private,,Body kit,
VEH-14885,WDK33C04H096785261,WB93A6385,TOYOTA KIRLOSKAR,INNOVA CRYSTA,2.8 ZX AT 7 STR,2011830.44,5,2020,2020-04-19,Ta-MAD,MUV,Diesel,2755,0,1,0,1,1,144861,Private,Minor scratches,,
VEH-14886,CRC52E16P053635412,GJ32A5030,TOYOTA KIRLOSKAR,INNOVA CRYSTA,2.4 V 8S,972911.58,15,2010,2010-06-20,Ma-MUM,MUV,Diesel,2393,1,0,0,1,0,54297,Private,Minor scratches,,2011-09-08
VEH-14887,OSW09O71F260102780,GJ92C1176,HONDA,AMAZE,1.2 VXMT i-VTEC,503075.24,13,2012,2012-05-01,Ta-COI,Sedan,Petrol,1199,0,1,1,1,1,25995,Private,Dent on door,,
VEH-14888,ACJ13W61O001164084,UP63A9471,MARUTI,BALENO HATCHBACK,Zeta 1.2,900000.0,0,2025,2025-08-22,De-NEW,Hatchback,Petrol,1197,1,0,0,1,0,120026,Private,Dent on door,,
VEH-14889,UHH69E08R679968923,TN46A9303,MARUTI,BALENO HATCHBACK,Delta 1.2,588073.51,6,2019,2019-07-04,De-NOI,Hatchback,Petrol,1197,0,0,0,1,1,23799,Private,,Body kit,
VEH-14890,ISY18X32N048943357,UP25A1767,MARUTI,BALENO HATCHBACK,Zeta 1.2,538863.25,10,2015,2015-09-17,Ka-BAN,Hatchback,Petrol,1197,0,0,0,1,1,84248,Private,,,
VEH-14891,IQT43N91T127341886,UP33C6301,HONDA,CITY,1.5 V MT,1268915.0,3,2022,2022-02-28,Ta-CHE,Sedan,Petrol,1498,1,1,0,0,0,16224,Private,Dent on door,,
VEH-14892,WTT52Z08S521391015,TN11B6734,MARUTI,ERTIGA,1.5 VXI CNG,658610.63,10,2015,2015-09-28,De-NOI,MUV,CNG,1462,0,0,1,1,0,20039,Private,,,
VEH-14893,LII63W53A437569625,GJ64A3885,MARUTI,BALENO HATCHBACK,Zeta 1.2,855000.0,1,2024,2024-08-05,Ma-NAG,Hatchback,Petrol,1197,1,1,0,1,0,52871,Private,,,
VEH-14894,UNF73E29I766199675,MH99C1256,MARUTI,DZIRE,VXI,504199.53,9,2016,2016-11-25,De-NOI,Sedan,Petrol,1197,1,1,1,0,1,71600,Private,,Body kit,2018-10-01
VEH-14895,TRT67F06K775833864,MH99C5376,HONDA,AMAZE,1.2 SMT i-VTEC,341372.49,14,2011,2011-07-07,Ka-BAN,Sedan,Petrol,1199,0,1,1,1,1,136680,Private,Dent on door,,
VEH-14896,VXE93G10Y906741606,RJ47D2252,MARUTI,VITARA BREZZA,VDI,539009.19,13,2012,2012-09-02,Ta-COI,SUV,Diesel,1248,0,0,0,1,0,62676,Private,,,
VEH-14897,GCR96U95S184369270,MH82D4913,HONDA,AMAZE,1.5 SMT i-DTEC,563907.37,8,2017,2017-07-27,Ka-MYS,Sedan,Diesel,1498,0,1,0,0,0,17123,Private,,Body kit,
VEH-14898,TGM17B75E224718181,MH54B2339,HONDA,CITY,1.5 V MT,721758.97,14,2011,2011-06-11,De-NOI,Sedan,Petrol,1498,0,1,0,1,1,80618,Private,,,
VEH-14899,OJS65U03Q333384173,KA40D3625,MARUTI,ERTIGA,1.5 VXI CNG,509620.35,15,2010,2010-07-20,We-HOW,MUV,CNG,1462,1,0,0,1,1,134889,Private,Dent on door,Body kit,2012-06-12
VEH-14900,PZL78O64R481227147,KA19B7178,MARUTI,BALENO HATCHBACK,Delta 1.2,619024.75,5,2020,2020-02-02,Ka-BAN,Hatchback,Petrol,1197,0,0,0,1,1,127926,Private,Minor scratches,Body kit,
VEH-14901,AQO45C30F374515088,GJ69B5441,MARUTI,ALTO 800,LXI,380000.0,1,2024,2024-06-06,Ta-CHE,Hatchback,Petrol,796,1,1,0,1,0,114198,Private,,Body kit,
VEH-14902,UHT34U32H380470963,WB89D7573,MARUTI,VITARA BREZZA,VDI,812469.98,5,2020,2020-01-28,Ta-MAD,SUV,Diesel,1248,1,0,0,1,1,56624,Private,Minor scratches,,
VEH-14903,AOK53K71Q154019095,MH12D4350,HONDA,AMAZE,VX PETROL,980000.0,0,2025,2025-10-17,Ma-NAG,Sedan,Petrol,1199,0,0,0,1,1,28922,Private,,Body kit,2027-10-27
VEH-14904,TNB19T04T046008420,TN70A6126,MARUTI,SWIFT,VDI (DIESEL),588073.51,6,2019,2019-09-15,Ka-MYS,Hatchback,Diesel,1248,1,0,0,0,0,25917,Private,,Alloy wheels,
VEH-14905,VNH03Q44F849835200,MH93C4664,HONDA,CITY,1.5 V MT,1033539.2,7,2018,2018-10-22,We-HOW,Sedan,Petrol,1498,0,1,0,1,1,108965,Private,Minor scratches,Alloy wheels,
VEH-14906,CAH89A27U136596559,WB40D9777,MARUTI,ALTO 800,LXI,252099.76,9,2016,2016-01-28,Ma-PUN,Hatchback,Petrol,796,1,0,0,0,1,119553,Private,Dent on door,Alloy wheels,
VEH-14907,AVA19R71V094145151,RJ49A1607,HONDA,AMAZE,1.2 SMT i-VTEC,631750.0,2,2023,2023-11-12,Ta-CHE,Sedan,Petrol,1199,0,0,0,1,0,13684,Private,Dent on door,Alloy wheels,
VEH-14908,GLS68L78Q465322627,MH53D1861,TOYOTA KIRLOSKAR,INNOVA CRYSTA,2.8 ZX AT 7 STR,1204557.2,15,2010,2010-09-06,Ma-MUM,MUV,Diesel,2755,0,1,1,1,1,56539,Private,Minor scratches,,
VEH-14909,LGL40L99V893012840,MH15C3854,HYUNDAI,VENUE,1.2 S PETROL,414523.73,14,2011,2011-01-23,Ma-PUN,SUV,Petrol,1197,0,1,0,1,0,89341,Private,,Alloy wheels,
VEH-14910,HLP69J95J791271068,TN24D9510,MARUTI,VITARA BREZZA,ZDI PLUS,555949.48,15,2010,2010-11-16,Ka-MYS,SUV,Diesel,1248,1,0,1,1,1,143446,Private,,Alloy wheels,
VEH-14911,IHU85P17L880930290,MH39A1963,MARUTI,VITARA BREZZA,VDI,771846.49,6,2019,2019-04-04,We-HOW,SUV,Diesel,1248,0,0,0,1,0,92827,Private,,Body kit,
VEH-14912,VLI71Z00N639361805,UP63C9872,MARUTI,VITARA BREZZA,VXI,487674.98,14,2011,2011-05-16,We-HOW,SUV,Petrol,1462,0,1,0,0,0,81642,Private,Dent on door,,2012-06-10
VEH-14913,EQU41I98N151231086,MH58B7101,MARUTI,BALENO HATCHBACK,Delta 1.2,530736.35,8,2017,2017-09-01,Ta-MAD,Hatchback,Petrol,1197,1,1,0,1,0,144834,Private,Dent on door,,2019-05-10
VEH-14914,UAV43O73G330752575,MH44A9568,MARUTI,WAGON R,1.0 VXI,324216.05,12,2013,2013-10-01,Ta-COI,Hatchback,Petrol,998,1,0,0,0,0,64346,Private,Dent on door,,
VEH-14915,JDX64D10U665853403,WB59C9504,MARUTI,BALENO HATCHBACK,Zeta 1.2,696402.84,5,2020,2020-01-08,Ma-MUM,Hatchback,Petrol,1197,1,0,0,0,1,36249,Private,Minor scratches,,2022-07-08
VEH-14916,NXA46E62F318342294,RJ39A9679,TOYOTA KIRLOSKAR,INNOVA CRYSTA,2.4 ZX MT 7 STR,1791913.75,4,2021,2021-06-04,De-NOI,MUV,Diesel,2393,1,1,1,1,0,104688,Private,Dent on door,,
VEH-14917,LPP58E69K003992164,UP96D9003,MARUTI,SWIFT,VXI,341372.49,14,2011,2011-04-05,Ta-MAD,Hatchback,Petrol,1197,1,1,0,1,0,42976,Private,,Alloy wheels,
VEH-14918,CHF46X30R864710912,RJ54B5510,MARUTI,BALENO HATCHBACK,Zeta 1.2,733055.62,4,2021,2021-01-07,Ma-NAG,Hatchback,Petrol,1197,1,0,1,1,1,44116,Private,Dent on door,Body kit,
VEH-14919,DJE33O66Q979619926,MH42A7831,MARUTI,SWIFT,1.2 VXi BS IV,477809.73,6,2019,2019-06-04,Ma-MUM,Hatchback,Petrol,1197,0,1,0,0,1,15424,Private,Dent on door,,
VEH-14920,ZMS52G19X296109379,DL71A4384,MARUTI,ERTIGA,1.5 VXI CNG,768171.03,7,2018,2018-07-03,Ka-MYS,MUV,CNG,1462,0,0,0,0,1,90105,Private,Dent on door,,
VEH-14921,DPZ57F57Q182362659,KA19D9022,MARUTI,BALENO HATCHBACK,Delta 1.2,370632.98,15,2010,2010-04-13,Ta-COI,Hatchback,Petrol,1197,0,0,0,0,1,29298,Private,,,2012-08-06
VEH-14922,GMK88I41V054770900,KA95D9552,MARUTI,DZIRE,VXI,432288.07,12,2013,2013-02-25,Ma-MUM,Sedan,Petrol,1197,1,1,0,1,0,34419,Private,,Alloy wheels,
VEH-14923,SRJ23P65G541857694,MH97D3139,MARUTI,SWIFT,VDI (DIESEL),390139.98,14,2011,2011-08-04,Ka-MYS,Hatchback,Diesel,1248,1,0,0,1,0,75734,Private,,Body kit,
VEH-14924,CCE99R56T233826625,DL41C1639,MARUTI,VITARA BREZZA,ZDI PLUS,882110.27,6,2019,2019-02-19,De-NOI,SUV,Diesel,1248,1,1,0,0,1,118902,Private,,,
VEH-14925,SXH63G82R436151054,WB22C9729,HONDA,AMAZE,1.2 SMT i-VTEC,631750.0,2,2023,2023-03-25,We-HOW,Sedan,Petrol,1199,1,0,0,1,1,52200,Private,,,
VEH-14926,WDS82A91V363352204,RJ52A4866,MARUTI,VITARA BREZZA,VXI,598736.94,10,2015,2015-02-02,Ta-COI,SUV,Petrol,1462,1,0,1,1,0,114209,Private,Dent on door,Body kit,
VEH-14927,NNA30K50R378948536,MH15D6473,HONDA,AMAZE,1.2 VXMT i-VTEC,684370.55,7,2018,2018-06-28,De-NEW,Sedan,Petrol,1199,0,1,1,0,1,50438,Private,,,
VEH-14928,XBS24T44M567418668,RJ56D9975,MARUTI,WAGON R,1.0 LXI CNG,431223.28,8,2017,2017-02-27,Ma-MUM,Hatchback,CNG,998,1,0,0,1,1,124092,Private,Minor scratches,Body kit,
VEH-14929,YHU37P09C415552580,MH31C3911,MARUTI,VITARA BREZZA,ZDI PLUS,1083000.0,2,2023,2023-08-01,Ta-COI,SUV,Diesel,1248,0,0,1,0,1,80359,Private,,Body kit,
VEH-14930,SXI89D15I735797658,TN30C9612,MARUTI,SWIFT,1.2 VXi BS IV,389179.01,10,2015,2015-09-25,Ta-COI,Hatchback,Petrol,1197,1,1,0,0,1,81231,Private,Dent on door,,2017-03-17
VEH-14931,GZO08G02A043704171,WB61D8179,MARUTI,DZIRE,VXI,685900.0,3,2022,2022-07-26,De-NOI,Sedan,Petrol,1197,1,0,0,0,0,143435,Private,Dent on door,Alloy wheels,
VEH-14932,MPU95J92P882724541,DL48B6621,MAHINDRA,THAR,LX HARD TOP AT 4STR DIESEL,1384660.62,4,2021,2021-11-25,Ka-BAN,SUV,Diesel,2184,0,0,0,1,1,84492,Private,,,2024-01-15
VEH-14933,EWA64Z63O093054192,WB73C8545,MARUTI,WAGON R,1.0 VXI,359242.16,10,2015,2015-05-13,Ta-MAD,Hatchback,Petrol,998,1,0,1,1,1,89488,Private,Dent on door,,2017-03-05
VEH-14934,TZY54G58G397111467,RJ43B7671,MARUTI,BALENO HATCHBACK,Delta 1.2,530736.35,8,2017,2017-10-23,Ka-BAN,Hatchback,Petrol,1197,0,0,1,1,0,125536,Private,Dent on door,,
VEH-14935,VXZ45W25F084388126,DL87C5508,HYUNDAI,CRETA,1.4 E Plus,667344.71,13,2012,2012-11-26,Ma-NAG,SUV,Diesel,1582,1,0,0,1,1,76630,Private,Dent on door,,
VEH-14936,OAR88O38K008378950,KA50A1356,HONDA,AMAZE,1.2 VXMT i-VTEC,840227.5,3,2022,2022-07-27,Ka-BAN,Sedan,Petrol,1199,1,1,0,1,1,120731,Private,,Body kit,2023-10-19
VEH-14937,PXT96G04D123092059,MH64B3095,HYUNDAI,GRAND I10 NIOS,SPORTZ 1.2 KAPPA VTVT,665000.0,1,2024,2024-08-24,De-NEW,Hatchback,Petrol,1197,0,0,0,1,1,53935,Private,Dent on door,Body kit,
VEH-14938,OGV30G35Y629946397,WB90D3621,HYUNDAI,CRETA,1.5 E DIESEL,736446.44,10,2015,2015-05-04,De-GUR,SUV,Diesel,1493,1,1,0,1,0,33109,Private,Dent on door,,
VEH-14939,RDF12I83L420202498,TN51D2649,HONDA,AMAZE,VX PETROL,758305.32,5,2020,2020-10-10,Ka-MYS,Sedan,Petrol,1199,0,1,0,1,1,44467,Private,,,
VEH-14940,KTT13V71K972799358,MH80B2095,HYUNDAI,CRETA,1.4 E Plus,1235000.0,1,2024,2024-04-20,Ka-BAN,SUV,Diesel,1582,1,1,1,0,0,98328,Private,Minor scratches,Body kit,
VEH-14941,VDF59W14P688753338,RJ84B1199,MARUTI,BALENO HATCHBACK,Zeta 1.2,462007.87,13,2012,2012-10-24,Ma-NAG,Hatchback,Petrol,1197,0,0,1,1,1,9012,Private,,Alloy wheels,2014-01-25
VEH-14942,MNF39N54Q569399901,UP48C6938,MARUTI,SWIFT,VDI (DIESEL),390139.98,14,2011,2011-12-01,Ka-MYS,Hatchback,Diesel,1248,0,1,0,1,0,71412,Private,Dent on door,Alloy wheels,
VEH-14943,ZKB13C38O709338441,WB35B3388,MARUTI,SWIFT,1.2 VXi BS IV,453919.24,7,2018,2018-10-15,We-KOL,Hatchback,Petrol,1197,0,1,0,1,0,137202,Private,,Body kit,
VEH-14944,XEL89B17V740253659,KA58C5883,HYUNDAI,CRETA,1.4 E Plus,1005915.22,5,2020,2020-05-02,De-NEW,SUV,Diesel,1582,1,0,0,1,1,3593,Private,Dent on door,,
VEH-14945,ASE39H22P338787042,KA53D5673,MARUTI,DZIRE,VXI,760000.0,1,2024,2024-05-10,De-NEW,Sedan,Petrol,1197,0,0,1,0,1,15423,Private,Minor scratches,Alloy wheels,
VEH-14946,ZCI60X01S464836206,UP68C6358,HONDA,CITY,1.5 V MT,759746.28,13,2012,2012-10-01,De-NEW,Sedan,Petrol,1498,0,0,0,0,1,142865,Private,Dent on door,,
VEH-14947,XXU24F68P677090968,KA88B5792,MARUTI,BALENO HATCHBACK,Delta 1.2,455040.07,11,2014,2014-07-22,Ma-MUM,Hatchback,Petrol,1197,0,0,1,1,1,85871,Private,,Alloy wheels,
VEH-14948,ATY94H19I022818197,WB75C9973,MARUTI,ALTO 800,LXI,400000.0,0,2025,2025-05-10,We-KOL,Hatchback,Petrol,796,1,0,0,1,1,81942,Private,Minor scratches,Body kit,2027-06-29
VEH-14949,DQY22F72Q118593806,UP52C9093,TOYOTA KIRLOSKAR,INNOVA CRYSTA,2.8 GX AT 7 STR,1971962.5,3,2022,2022-11-28,De-GUR,MUV,Diesel,2755,0,1,0,1,0,93704,Private,Dent on door,Alloy wheels,
VEH-14950,VJA41W35U797218546,DL90B9796,MARUTI,SWIFT,1.2 VXi BS IV,586625.0,2,2023,2023-05-26,Ka-BAN,Hatchback,Petrol,1197,0,0,0,1,0,19227,Private,,Body kit,2025-03-05
VEH-14951,ULU08T99D501115643,UP34C6702,MARUTI,SWIFT DZIRE,VDI,728768.75,3,2022,2022-10-12,Ma-MUM,Sedan,Diesel,1248,1,1,1,0,0,30395,Private,,Body kit,
VEH-14952,ROO44G51Y988831101,TN49C8233,MARUTI,BALENO HATCHBACK,Zeta 1.2,567224.47,9,2016,2016-10-01,Ma-PUN,Hatchback,Petrol,1197,1,1,0,1,0,69037,Private,Minor scratches,,2018-04-20
VEH-14953,SRJ17C01D308798928,WB41C9307,HONDA,AMAZE,1.2 SMT i-VTEC,600162.5,3,2022,2022-08-07,We-KOL,Sedan,Petrol,1199,1,0,0,1,1,67197,Private,,Alloy wheels,
VEH-14954,SQW32N41W028362783,RJ96B8067,MARUTI,SWIFT,VXI,398160.06,11,2014,2014-02-27,We-KOL,Hatchback,Petrol,1197,0,0,0,1,1,41718,Private,,,
VEH-14955,GRH74T49P754023097,WB45D4762,MARUTI,ERTIGA,1.5 VXI CNG,992750.0,2,2023,2023-01-03,Ka-BAN,MUV,CNG,1462,0,1,0,1,1,55878,Private,,,
VEH-14956,LAD57S44U966150445,TN90A4771,MARUTI,VITARA BREZZA,VDI,567378.09,12,2013,2013-12-12,Ma-PUN,SUV,Diesel,1248,0,0,1,1,0,82600,Private,,Body kit,
VEH-14957,GVH98T68Q393355745,WB30D4747,HONDA,CITY,1.5 V MT,721758.97,14,2011,2011-03-27,De-NOI,Sedan,Petrol,1498,0,1,0,1,0,59688,Private,,,
VEH-14958,AZK41A25K863676970,GJ05C9579,MARUTI,BALENO HATCHBACK,Delta 1.2,722000.0,2,2023,2023-11-23,De-NOI,Hatchback,Petrol,1197,0,0,0,0,1,4288,Private,Dent on door,,
VEH-14959,YOI05O80U452835730,GJ39C7964,MARUTI,VITARA BREZZA,VXI,814506.25,4,2021,2021-01-01,Ka-MYS,SUV,Petrol,1462,0,1,0,1,0,42867,Private,,,
VEH-14960,TKG26E98Q459300537,KA04A8988,MARUTI,ERTIGA,1.5 VXI CNG,808601.08,6,2019,2019-02-12,We-KOL,MUV,CNG,1462,0,1,1,0,0,54390,Private,Dent on door,Body kit,
VEH-14961,JIG21J46O736490767,TN24B6845,MARUTI,BALENO HATCHBACK,Delta 1.2,410673.67,13,2012,2012-11-26,We-HOW,Hatchback,Petrol,1197,0,1,0,1,1,12825,Private,,Alloy wheels,
VEH-14962,DVM81F99Z795525275,TN21C7083,MARUTI,ALTO 800,LXI,342950.0,3,2022,2022-11-22,De-NOI,Hatchback,Petrol,796,1,1,1,1,0,1136,Private,Dent on door,Body kit,
VEH-14963,GRH27A62X254085298,WB98C3436,MARUTI,ALTO 800,LXI,239494.78,10,2015,2015-08-07,Ta-COI,Hatchback,Petrol,796,0,1,0,1,0,43561,Private,,,
VEH-14964,LMR36R58T228786813,GJ16A5457,MARUTI,DZIRE,VXI,722000.0,2,2023,2023-10-17,Ta-COI,Sedan,Petrol,1197,1,1,1,0,0,26977,Private,,,
VEH-14965,OVD20T83W555534552,UP53B7614,MARUTI,ALTO 800,LXI,265368.17,8,2017,2017-12-14,De-GUR,Hatchback,Petrol,796,1,1,0,0,0,46157,Commercial,Minor scratches,Body kit,2019-02-25
VEH-14966,SIU34R25T096683398,DL26A1221,MARUTI,DZIRE,VXI,722000.0,2,2023,2023-06-02,Ma-NAG,Sedan,Petrol,1197,0,0,0,1,1,30165,Private,Minor scratches,,
VEH-14967,OGP28E30P324805539,TN21D3380,HONDA,CITY,1.5 V MT,1205469.25,4,2021,2021-03-19,Ka-BAN,Sedan,Petrol,1498,1,1,0,1,1,30877,Private,,,
VEH-14968,PBI07I50K858172138,KA01D7756,MARUTI,BALENO HATCHBACK,Delta 1.2,504199.53,9,2016,2016-12-26,We-HOW,Hatchback,Petrol,1197,1,0,0,1,1,120752,Private,,,
VEH-14969,AEV66T04W852647186,GJ84C5714,MARUTI,BALENO HATCHBACK,Delta 1.2,432288.07,12,2013,2013-11-13,De-NEW,Hatchback,Petrol,1197,1,0,0,1,1,59549,Private,Minor scratches,,2015-03-11
VEH-14970,QHD81V77B140136651,WB33D5947,MARUTI,ALTO 800,LXI,380000.0,1,2024,2024-03-07,Ka-BAN,Hatchback,Petrol,796,0,0,0,0,1,37100,Private,,Body kit,
VEH-14971,EYW56O34Y953679522,TN94A6739,HONDA,AMAZE,1.2 SMT i-VTEC,488836.11,7,2018,2018-04-12,De-NEW,Sedan,Petrol,1199,1,0,1,1,0,38741,Private,Dent on door,Alloy wheels,
VEH-14972,OPL13T75J370146621,TN06D3439,HONDA,AMAZE,1.2 VXMT i-VTEC,931000.0,1,2024,2024-08-17,Ta-COI,Sedan,Petrol,1199,0,0,1,0,0,67429,Private,Dent on door,Alloy wheels,
VEH-14973,VTI93M01T161018611,WB95A3427,MARUTI,ALTO,K10 VXI,447978.44,4,2021,2021-07-24,We-KOL,Hatchback,Petrol,998,1,1,0,1,0,129572,Private,Minor scratches,,
VEH-14974,ZAI09O61I500957752,DL43B4646,MARUTI,ALTO 800,LXI,279334.92,7,2018,2018-06-17,We-KOL,Hatchback,Petrol,796,0,1,0,1,0,83870,Private,Dent on door,,
VEH-14975,SMI09N01B860577889,RJ55D4997,HYUNDAI,GRAND I10 NIOS,SPORTZ 1.2 KAPPA VTVT,464394.3,8,2017,2017-07-20,Ta-CHE,Hatchback,Petrol,1197,1,0,0,1,0,111093,Private,,Body kit,
VEH-14976,VMQ50W13F464606283,DL51C2185,MARUTI,BALENO HATCHBACK,Delta 1.2,558669.84,7,2018,2018-03-22,Ka-MYS,Hatchback,Petrol,1197,0,1,0,0,0,75187,Private,Dent on door,,
VEH-14977,XYO66S20X241162868,UP50A6078,MARUTI,BALENO HATCHBACK,Delta 1.2,588073.51,6,2019,2019-12-06,Ma-PUN,Hatchback,Petrol,1197,0,1,0,1,0,38534,Private,Dent on door,,
VEH-14978,YHW88X76W598410413,MH09C1628,MARUTI,WAGON R,1.0 LXI CNG,586625.0,2,2023,2023-03-12,We-HOW,Hatchback,CNG,998,1,0,0,0,1,131039,Private,Dent on door,,
VEH-14979,ARQ97Y54L608307563,UP58C4265,HYUNDAI,CRETA,1.4 E Plus,602278.6,15,2010,2010-03-01,Ka-MYS,SUV,Diesel,1582,1,1,1,0,1,133972,Private,,Body kit,2011-07-09
VEH-14980,ORZ17T20H430519243,TN19C9561,TOYOTA KIRLOSKAR,INNOVA CRYSTA,2.4 ZX MT 7 STR,1386548.7,9,2016,2016-09-08,Ma-MUM,MUV,Diesel,2393,0,1,0,1,1,83106,Private,Minor scratches,Alloy wheels,2017-11-21
VEH-14981,SHJ14H56H718037382,TN54C6925,TOYOTA KIRLOSKAR,INNOVA CRYSTA,2.4 V 8S,1995000.0,1,2024,2024-01-14,Ta-CHE,MUV,Diesel,2393,0,1,0,1,1,41172,Private,,Alloy wheels,
VEH-14982,XDV91V20K815965268,GJ49A3499,MARUTI,BALENO HATCHBACK,Zeta 1.2,661582.7,6,2019,2019-10-11,Ta-CHE,Hatchback,Petrol,1197,1,0,0,0,1,119776,Private,,,2020-12-21
VEH-14983,OGQ94R12E545979206,WB90D3429,MARUTI,WAGON R,1.0 LXI CNG,409662.12,9,2016,2016-12-17,Ta-CHE,Hatchback,CNG,998,0,1,1,1,0,62208,Private,,,
VEH-14984,RVX12D96U280018456,DL85A4617,HYUNDAI,CRETA,1.4 E Plus,1173250.0,2,2023,2023-02-01,Ma-PUN,SUV,Diesel,1582,1,0,0,1,0,55609,Private,Minor scratches,Body kit,
VEH-14985,XRO68J30K939007313,MH11C5170,MARUTI,ALTO 800,LXI,309512.37,5,2020,2020-05-10,We-KOL,Hatchback,Petrol,796,1,1,0,1,0,36082,Private,Dent on door,,
VEH-14986,PST39W46J995483448,MH17A7605,MARUTI,BALENO HATCHBACK,Delta 1.2,478989.55,10,2015,2015-01-13,Ma-MUM,Hatchback,Petrol,1197,1,1,0,1,1,87910,Private,,Alloy wheels,
VEH-14987,TLS03E41L470158834,MH10B3202,MARUTI,VITARA BREZZA,ZDI PLUS,882110.27,6,2019,2019-08-19,Ka-BAN,SUV,Diesel,1248,0,0,0,1,0,58573,Private,,,
VEH-14988,GXZ29J42G519400487,GJ55C2074,MARUTI,VITARA BREZZA,VDI,855231.56,4,2021,2021-07-07,Ka-BAN,SUV,Diesel,1248,1,1,0,1,1,99299,Private,Dent on door,Alloy wheels,
VEH-14989,CCE61E54H074890504,WB94B3788,MARUTI,ALTO,K10 VXI,282338.15,13,2012,2012-04-22,We-KOL,Hatchback,Petrol,998,0,0,0,0,0,26803,Private,Dent on door,Alloy wheels,
VEH-14990,FVB56C77S257073498,GJ37D1427,MARUTI,BALENO HATCHBACK,Zeta 1.2,486324.08,12,2013,2013-09-17,Ka-MYS,Hatchback,Petrol,1197,0,1,0,1,0,78296,Private,,Body kit,2016-06-06
VEH-14991,WQV39Y75Y307441183,KA43B8454,MARUTI,VITARA BREZZA,VDI,855231.56,4,2021,2021-12-03,Ma-PUN,SUV,Diesel,1248,0,0,1,1,0,83558,Private,Dent on door,,
VEH-14992,UCW52N74W279521988,WB96D2397,HYUNDAI,CRETA,1.5 E DIESEL,1001842.69,4,2021,2021-03-15,De-NOI,SUV,Diesel,1493,1,0,0,1,1,25045,Private,,Alloy wheels,
VEH-14993,TAA57L56M900791266,TN49D4196,MAHINDRA,THAR,LX HARD TOP AT 4STR DIESEL,966960.16,11,2014,2014-08-27,Ta-CHE,SUV,Diesel,2184,1,0,0,1,1,138115,Commercial,Minor scratches,Body kit,
VEH-14994,PZW89W33A936362272,UP75D3098,HONDA,AMAZE,1.2 SMT i-VTEC,488836.11,7,2018,2018-07-25,Ma-NAG,Sedan,Petrol,1199,1,0,0,0,1,56810,Private,,Body kit,2020-04-18
VEH-14995,JXE67L91A293781715,DL78D7739,MARUTI,SWIFT,1.2 VXi BS IV,477809.73,6,2019,2019-06-09,Ma-NAG,Hatchback,Petrol,1197,0,0,0,1,1,87443,Private,,,
VEH-14996,WYM50K43B302441700,MH04C9696,HONDA,AMAZE,1.2 SMT i-VTEC,378252.06,12,2013,2013-03-07,Ka-BAN,Sedan,Petrol,1199,1,1,0,1,1,47006,Private,Minor scratches,,
VEH-14997,ZKB98M49K457026191,KA99D1330,MARUTI,WAGON R,1.0 LXI CNG,389179.01,10,2015,2015-05-24,Ma-NAG,Hatchback,CNG,998,0,0,0,0,1,81508,Private,,,
VEH-14998,DXI15U05H002746328,MH37B2221,MARUTI,WAGON R,1.0 LXI CNG,586625.0,2,2023,2023-04-25,Ta-COI,Hatchback,CNG,998,1,0,0,1,1,113787,Private,Minor scratches,,
VEH-14999,FKB02S79P601473334,TN35A2343,TOYOTA KIRLOSKAR,INNOVA CRYSTA,2.4 ZX MT 7 STR,1985500.0,2,2023,2023-03-27,Ka-MYS,MUV,Diesel,2393,1,0,0,0,1,63725,Private,Minor scratches,,2025-10-28
