witness_id,claim_id,witness_first_name,witness_middle_name,witness_last_name,witness_full_name,witness_mobile,witness_email,witness_gender,witness_dob,witness_gov_id,member_id
WIT-10000,CLM-00772,Arunima,,Tak,Arunima Tak,98434214060,arunima70@hotmail.com,F,1978-11-26,VOTER-C915703,
WIT-10001,CLM-00772,Devansh,,Mander,Devansh Mander,98560806345,devansh72@gmail.com,M,2002-06-01,VOTER-C272231,
WIT-10002,CLM-02354,Guneet,,Mani,Guneet Mani,97767284706,guneet68@hotmail.com,M,2004-03-11,VOTER-B234722,
WIT-10003,CLM-02354,Xalak,,Kale,Xalak Kale,97507831248,xalak29@outlook.co.in,F,1978-09-23,UID-160273640699,
WIT-10004,CLM-02354,Zayan,,Borde,Zayan Borde,97211892546,zayan98@outlook.co.in,M,1984-05-29,AADHAR-2084-3945-1513,
WIT-10005,CLM-01675,Om,,Tak,Om Tak,98560246673,om27@rediffmail.com,M,1973-06-30,UID-320246545804,
WIT-10006,CLM-00941,Xalak,,Kumer,Xalak Kumer,98713357567,xalak79@hotmail.com,F,1956-02-11,AADHAR-1682-3009-5586,
WIT-10007,CLM-00941,Maanas,,Nair,Maanas Nair,98749800476,maanas44@live.com,M,1981-12-13,UID-735799678032,
WIT-10008,CLM-02155,Chaman,,Khosla,Chaman Khosla,99751347028,chaman65@hotmail.com,F,1976-07-04,VOTER-C458588,
WIT-10009,CLM-02155,Jagdish,,Andra,Jagdish Andra,98275234348,jagdish27@outlook.co.in,M,1967-08-08,VOTER-B359273,
WIT-10010,CLM-02155,Raksha,,Suresh,Raksha Suresh,97612853248,raksha92@live.com,F,1950-07-18,AADHAR-1576-4654-5627,
WIT-10011,CLM-00169,Warhi,,Gopal,Warhi Gopal,98988906921,warhi15@live.com,F,1968-12-30,VOTER-E805270,
WIT-10012,CLM-00169,Vritti,,Barad,Vritti Barad,97858185548,vritti70@rediffmail.com,F,2004-03-04,UID-214297609565,
WIT-10013,CLM-01642,Ranbir,,Mahajan,Ranbir Mahajan,98839913568,ranbir55@live.com,M,1998-07-30,UID-868230935262,
WIT-10014,CLM-01642,Ranveer,,Basak,Ranveer Basak,97710771430,ranveer21@gmail.com,M,1963-01-10,AADHAR-4265-9203-9483,
WIT-10015,CLM-02255,Devika,,Patla,Devika Patla,97559310148,devika93@gmail.com,F,1982-08-11,VOTER-D721649,
WIT-10016,CLM-01431,Timothy,,Tandon,Timothy Tandon,99393527532,timothy91@outlook.co.in,M,1959-04-13,AADHAR-3435-2574-7203,
WIT-10017,CLM-01431,Gabriel,,Chowdhury,Gabriel Chowdhury,99309518255,gabriel61@outlook.co.in,M,1953-01-15,UID-872493691887,
WIT-10018,CLM-02621,Tanvi,,Divan,Tanvi Divan,99126823144,tanvi10@outlook.co.in,F,1955-04-08,AADHAR-3306-7324-6934,
WIT-10019,CLM-00276,Nicholas,,Gulati,Nicholas Gulati,99484750600,nicholas91@rediffmail.com,M,1966-07-28,VOTER-D690633,MEM-11573
WIT-10020,CLM-00276,Aahana,,Kara,Aahana Kara,98338366049,aahana91@hotmail.com,F,1955-06-04,AADHAR-4506-1370-7529,
WIT-10021,CLM-02178,Janya,,Rajan,Janya Rajan,98688146042,janya86@rediffmail.com,F,1988-06-26,VOTER-B584886,MEM-12868
WIT-10022,CLM-02178,Aryan,,Vohra,Aryan Vohra,98444134889,aryan70@hotmail.com,M,1981-07-17,AADHAR-1661-3732-9059,
WIT-10023,CLM-00482,Tamanna,,Sani,Tamanna Sani,97780736252,tamanna66@outlook.co.in,F,2002-11-10,UID-788043406804,
WIT-10024,CLM-02276,Falan,,Saha,Falan Saha,98485949568,falan52@rediffmail.com,M,1981-02-09,UID-606042108871,MEM-12971
WIT-10025,CLM-02276,Yagnesh,,Sami,Yagnesh Sami,97984064453,yagnesh61@hotmail.com,M,1987-03-03,VOTER-A567427,
WIT-10026,CLM-02346,Gaurangi,,Bandi,Gaurangi Bandi,98267931112,gaurangi81@hotmail.com,F,2003-12-07,VOTER-C877962,MEM-12369
WIT-10027,CLM-00637,Chandani,,Sethi,Chandani Sethi,99588615600,chandani21@live.com,F,1971-08-25,AADHAR-1013-4995-3209,
WIT-10028,CLM-00763,Zansi,,Dugar,Zansi Dugar,98572422685,zansi68@hotmail.com,F,1981-11-28,UID-317130898920,
WIT-10029,CLM-00763,Utkarsh,,Apte,Utkarsh Apte,97404007713,utkarsh17@rediffmail.com,M,1991-11-21,AADHAR-9052-1839-4022,
WIT-10030,CLM-00763,Onkar,,Chopra,Onkar Chopra,99419203460,onkar88@yahoo.com,M,2005-06-18,VOTER-A523977,
WIT-10031,CLM-01547,Jack,,Kadakia,Jack Kadakia,98215267080,jack67@rediffmail.com,M,1974-04-02,VOTER-C306133,MEM-11141
WIT-10032,CLM-02072,Jalsa,,Keer,Jalsa Keer,97948229334,jalsa80@yahoo.com,F,1982-10-23,AADHAR-2824-4838-4104,
WIT-10033,CLM-01044,Panini,,Palla,Panini Palla,99887521514,panini84@hotmail.com,F,1980-02-13,UID-866058768173,
WIT-10034,CLM-01016,Tristan,,Nagi,Tristan Nagi,98421411102,tristan51@outlook.co.in,M,1970-08-02,UID-374537280625,
WIT-10035,CLM-01016,Lohit,,Varkey,Lohit Varkey,99030462749,lohit82@yahoo.com,M,1968-04-23,AADHAR-1149-3050-4686,
WIT-10036,CLM-01016,Parth,,Hayer,Parth Hayer,97472556186,parth44@yahoo.com,M,1968-08-21,VOTER-E687571,
WIT-10037,CLM-02662,Balveer,,Kulkarni,Balveer Kulkarni,98010031526,balveer10@rediffmail.com,M,1971-10-08,VOTER-A211799,
WIT-10038,CLM-02662,Mekhala,,Dara,Mekhala Dara,97607499920,mekhala44@live.com,F,1959-07-19,AADHAR-4088-4273-8741,
WIT-10039,CLM-02344,Kamala,,Rau,Kamala Rau,98550964463,kamala12@yahoo.com,F,1993-11-27,UID-886100145007,
WIT-10040,CLM-02344,Manan,,Varghese,Manan Varghese,99496648102,manan78@rediffmail.com,M,1995-03-15,UID-669285754775,
WIT-10041,CLM-02344,Udyati,,Chaudry,Udyati Chaudry,99842384352,udyati42@gmail.com,F,1975-04-03,VOTER-C340927,
WIT-10042,CLM-02815,Fiyaz,,Mohan,Fiyaz Mohan,97829536077,fiyaz16@live.com,M,1960-09-03,VOTER-D939405,MEM-11320
WIT-10043,CLM-02815,Janya,,Maharaj,Janya Maharaj,97369829052,janya32@yahoo.com,F,1981-06-05,AADHAR-8576-3114-6965,
WIT-10044,CLM-02815,Qabil,,Badami,Qabil Badami,98638759868,qabil28@hotmail.com,M,1993-07-08,VOTER-C453743,
WIT-10045,CLM-02028,Jack,,Lall,Jack Lall,99782977595,jack20@rediffmail.com,M,1995-09-16,UID-407621860616,
WIT-10046,CLM-02028,Abha,,Rajan,Abha Rajan,97425051397,abha80@rediffmail.com,F,1977-11-19,VOTER-C319261,
WIT-10047,CLM-02028,Varsha,,Bahri,Varsha Bahri,97879910054,varsha26@gmail.com,F,1983-05-28,UID-278687244723,
WIT-10048,CLM-00199,Ishaan,,Ghosh,Ishaan Ghosh,97860908362,ishaan43@yahoo.com,M,1952-01-11,AADHAR-9004-5222-2237,
WIT-10049,CLM-00199,Qabil,,Solanki,Qabil Solanki,99031165069,qabil65@yahoo.com,M,1998-02-12,VOTER-C719338,MEM-13174
WIT-10050,CLM-02416,Quincy,,Parmar,Quincy Parmar,98886762554,quincy94@yahoo.com,M,1998-05-31,AADHAR-1034-4479-3492,
WIT-10051,CLM-02416,Janani,,Tara,Janani Tara,99759985634,janani60@outlook.co.in,F,1966-08-03,AADHAR-6637-7106-4221,
WIT-10052,CLM-02416,Chanakya,,Chander,Chanakya Chander,99374552927,chanakya74@outlook.co.in,M,1994-04-30,VOTER-D576632,
WIT-10053,CLM-00416,Ryan,,Shroff,Ryan Shroff,97723541502,ryan29@rediffmail.com,M,1997-08-27,AADHAR-3643-8785-1056,
WIT-10054,CLM-00416,Kevin,,Kumer,Kevin Kumer,98664108403,kevin38@live.com,M,1958-09-06,AADHAR-7452-5497-8020,
WIT-10055,CLM-00226,Maanas,,Hora,Maanas Hora,99676880997,maanas68@rediffmail.com,M,1964-02-29,UID-701445543816,
WIT-10056,CLM-00451,Kamala,,Chandran,Kamala Chandran,98425854603,kamala17@live.com,F,2000-08-05,VOTER-B489393,MEM-12882
WIT-10057,CLM-00451,Jeet,,Koshy,Jeet Koshy,97333156499,jeet15@live.com,M,1995-12-24,UID-952360783606,
WIT-10058,CLM-00655,Ikbal,,Chawla,Ikbal Chawla,98150239941,ikbal28@yahoo.com,M,1962-05-11,UID-105545563188,
WIT-10059,CLM-00655,Arin,,Dutta,Arin Dutta,97844914811,arin72@yahoo.com,M,2004-04-03,VOTER-B610932,
WIT-10060,CLM-00655,Pallavi,,Dalal,Pallavi Dalal,97982617763,pallavi85@hotmail.com,F,2001-08-30,AADHAR-9456-2069-9624,
WIT-10061,CLM-02581,Gagan,,Keer,Gagan Keer,97525291191,gagan38@outlook.co.in,M,2001-03-16,AADHAR-8541-1384-7156,
WIT-10062,CLM-01850,Jhalak,,Nanda,Jhalak Nanda,99129763475,jhalak28@outlook.co.in,F,1971-06-19,UID-541509533950,
WIT-10063,CLM-01850,Aarav,,Bir,Aarav Bir,99156837974,aarav39@rediffmail.com,M,1953-05-30,VOTER-A324637,
WIT-10064,CLM-02890,Ishita,,Sundaram,Ishita Sundaram,97741437021,ishita88@live.com,F,1995-10-30,AADHAR-9637-4342-1788,
WIT-10065,CLM-00910,Sachi,,Aurora,Sachi Aurora,99135101639,sachi16@hotmail.com,F,1988-04-09,AADHAR-8975-8743-8565,
WIT-10066,CLM-00057,Eiravati,,Narayanan,Eiravati Narayanan,97582842988,eiravati46@outlook.co.in,F,1953-02-02,VOTER-E193078,
WIT-10067,CLM-00057,Devansh,,Tailor,Devansh Tailor,99413122595,devansh48@gmail.com,M,1975-09-23,AADHAR-5448-7792-2894,
WIT-10068,CLM-00057,Panini,,Doshi,Panini Doshi,99210758130,panini67@hotmail.com,F,1963-12-10,AADHAR-1962-4046-9751,
WIT-10069,CLM-01158,Vritti,,Nair,Vritti Nair,99947713727,vritti30@hotmail.com,F,1955-05-23,UID-208592910886,
WIT-10070,CLM-01158,Megha,,Barad,Megha Barad,97043125256,megha43@live.com,F,1996-05-13,AADHAR-3544-9267-1289,
WIT-10071,CLM-01158,Mohammed,,Karpe,Mohammed Karpe,97100054370,mohammed73@live.com,M,1987-01-19,VOTER-D546448,
WIT-10072,CLM-01523,Lila,,Sen,Lila Sen,99033233674,lila24@live.com,F,1984-03-01,VOTER-C389627,
WIT-10073,CLM-01216,Chatura,,Basu,Chatura Basu,99356708131,chatura16@rediffmail.com,M,1977-10-14,AADHAR-4114-9656-8069,
WIT-10074,CLM-01216,Adweta,,Jani,Adweta Jani,97020537784,adweta57@hotmail.com,F,1987-08-23,UID-989630803099,MEM-11767
WIT-10075,CLM-02220,Pranit,,Bandi,Pranit Bandi,97985456963,pranit81@live.com,M,1983-04-09,VOTER-E217812,
WIT-10076,CLM-01937,Nirja,,Kala,Nirja Kala,99607807580,nirja44@live.com,F,1984-12-18,VOTER-C736657,
WIT-10077,CLM-01937,Abhiram,,Arya,Abhiram Arya,99357865732,abhiram14@live.com,M,1962-07-09,AADHAR-8132-6819-8703,
WIT-10078,CLM-01937,Nitara,,Narang,Nitara Narang,97683254423,nitara18@live.com,F,1999-06-12,UID-505417598681,
WIT-10079,CLM-00469,Jasmit,,Pathak,Jasmit Pathak,98712261566,jasmit81@outlook.co.in,F,1995-11-17,VOTER-E910698,
WIT-10080,CLM-01293,Abdul,,Chand,Abdul Chand,97459489972,abdul66@gmail.com,M,1966-12-23,VOTER-B140272,
WIT-10081,CLM-01293,Upadhriti,,Keer,Upadhriti Keer,99427698418,upadhriti96@hotmail.com,F,1950-06-04,VOTER-D295889,
WIT-10082,CLM-01649,Ethan,,Patel,Ethan Patel,98579436041,ethan47@rediffmail.com,M,1951-06-12,UID-510529846990,
WIT-10083,CLM-01147,Gaurika,,Bhatt,Gaurika Bhatt,97929631324,gaurika24@hotmail.com,F,1960-05-18,AADHAR-6745-6258-4705,
WIT-10084,CLM-01147,Laban,,Shere,Laban Shere,99430894754,laban35@yahoo.com,M,1965-06-02,VOTER-A440410,
WIT-10085,CLM-01147,Samesh,,Kadakia,Samesh Kadakia,98845645599,samesh18@hotmail.com,M,1984-05-24,AADHAR-7931-2742-9520,
WIT-10086,CLM-01329,Aarav,,Patla,Aarav Patla,99880400322,aarav60@hotmail.com,M,1997-12-24,UID-786943799415,
WIT-10087,CLM-01329,Tamanna,,Kalita,Tamanna Kalita,99558211615,tamanna33@live.com,F,2000-02-28,AADHAR-8294-2462-7711,
WIT-10088,CLM-02512,Lohit,,Gopal,Lohit Gopal,98487244437,lohit86@live.com,M,2003-03-09,UID-880404878646,
WIT-10089,CLM-01146,Amrita,,Kashyap,Amrita Kashyap,99172577121,amrita44@yahoo.com,F,1997-05-05,UID-751376661564,MEM-11890
WIT-10090,CLM-01146,Faqid,,Venkatesh,Faqid Venkatesh,98279958494,faqid41@outlook.co.in,M,1976-05-23,AADHAR-2008-4209-3442,
WIT-10091,CLM-01146,Gagan,,Chawla,Gagan Chawla,99284390524,gagan66@outlook.co.in,M,1998-08-28,VOTER-E977152,
WIT-10092,CLM-02473,Daniel,,Cherian,Daniel Cherian,99547614944,daniel67@hotmail.com,M,1986-03-09,UID-903205700369,
WIT-10093,CLM-02473,Gaurav,,Arora,Gaurav Arora,99413425986,gaurav29@yahoo.com,M,1993-10-28,VOTER-C344717,
WIT-10094,CLM-02473,Jyoti,,Kamdar,Jyoti Kamdar,97682509074,jyoti33@rediffmail.com,F,1965-10-20,UID-960424683421,
WIT-10095,CLM-01468,Lipika,,Sura,Lipika Sura,98125966270,lipika68@live.com,F,1972-08-15,UID-647621078141,
WIT-10096,CLM-02629,Bhanumati,,Joshi,Bhanumati Joshi,97180716706,bhanumati17@yahoo.com,F,1958-04-01,VOTER-D892617,
WIT-10097,CLM-02629,Nitesh,,Bhatnagar,Nitesh Bhatnagar,98355941269,nitesh63@gmail.com,M,1971-05-18,AADHAR-9166-5137-3241,
WIT-10098,CLM-00759,Manthan,,Borah,Manthan Borah,98064099678,manthan46@outlook.co.in,M,1973-03-01,AADHAR-4323-2502-4332,
WIT-10099,CLM-00759,Jack,,Sinha,Jack Sinha,97346531545,jack67@gmail.com,M,1992-09-03,AADHAR-8441-2329-6021,
WIT-10100,CLM-00759,Yagnesh,,Chada,Yagnesh Chada,97852797937,yagnesh73@outlook.co.in,M,2000-03-01,AADHAR-3031-5333-9320,
WIT-10101,CLM-02877,Wridesh,,Barad,Wridesh Barad,97800797277,wridesh35@yahoo.com,M,1954-09-10,UID-523261530469,
WIT-10102,CLM-02877,Aradhana,,Sani,Aradhana Sani,98226450705,aradhana12@rediffmail.com,F,1970-12-06,UID-841915959608,
WIT-10103,CLM-01109,Xiti,,Barad,Xiti Barad,97002242018,xiti28@hotmail.com,F,2004-02-04,VOTER-B512401,
WIT-10104,CLM-01109,Azad,,Gala,Azad Gala,98222813718,azad48@rediffmail.com,M,1961-12-19,AADHAR-8017-3301-8729,
WIT-10105,CLM-00397,Nandini,,Lata,Nandini Lata,97902871070,nandini29@outlook.co.in,F,2002-10-20,UID-206921869755,
WIT-10106,CLM-00397,Charles,,Vig,Charles Vig,99261094136,charles15@outlook.co.in,M,1973-03-07,VOTER-C965477,
WIT-10107,CLM-00397,Warhi,,Badami,Warhi Badami,97681746724,warhi56@outlook.co.in,F,1978-03-11,VOTER-D135201,
WIT-10108,CLM-02328,Lavanya,,Vohra,Lavanya Vohra,97825667103,lavanya37@gmail.com,F,1964-01-10,UID-119640831963,
WIT-10109,CLM-02328,Kalpit,,Madan,Kalpit Madan,99206864074,kalpit62@outlook.co.in,M,1978-05-19,VOTER-D645290,
WIT-10110,CLM-02328,Sarthak,,Singhal,Sarthak Singhal,97914870627,sarthak56@yahoo.com,M,1956-12-26,UID-330128361505,
WIT-10111,CLM-02904,Rehaan,,Sarraf,Rehaan Sarraf,97305335270,rehaan76@gmail.com,M,1980-07-15,UID-161308973790,
WIT-10112,CLM-02904,Benjamin,,Grover,Benjamin Grover,97077988893,benjamin64@live.com,M,1979-11-07,UID-643984490083,
WIT-10113,CLM-02036,Benjamin,,Shanker,Benjamin Shanker,97645476259,benjamin63@gmail.com,M,1973-04-05,AADHAR-1777-2736-6557,
WIT-10114,CLM-02036,Matthew,,Pradhan,Matthew Pradhan,97341833760,matthew30@hotmail.com,M,1979-06-08,VOTER-D874228,
WIT-10115,CLM-01189,Divya,,Varkey,Divya Varkey,97688498763,divya35@yahoo.com,F,1988-05-15,UID-247663714534,
WIT-10116,CLM-00711,Ekani,,Borah,Ekani Borah,97405399192,ekani20@rediffmail.com,F,1951-07-15,VOTER-B474546,
WIT-10117,CLM-00711,Chaaya,,Kala,Chaaya Kala,97937735433,chaaya39@live.com,F,1987-12-09,UID-418033750654,
WIT-10118,CLM-00854,David,,Mittal,David Mittal,99160156331,david71@outlook.co.in,M,2000-10-09,UID-299845223137,
WIT-10119,CLM-02316,Bhanumati,,Vig,Bhanumati Vig,99805264651,bhanumati36@outlook.co.in,F,1974-11-02,VOTER-C169874,MEM-10305
WIT-10120,CLM-02316,Lila,,Bansal,Lila Bansal,97401743775,lila21@outlook.co.in,F,1993-05-05,AADHAR-6876-4627-6525,
WIT-10121,CLM-01950,Benjamin,,Nagi,Benjamin Nagi,97228755812,benjamin95@rediffmail.com,M,1982-10-14,UID-846821949084,
WIT-10122,CLM-01950,Hemangini,,Dube,Hemangini Dube,99030048796,hemangini61@gmail.com,F,2002-09-14,UID-806137061732,
WIT-10123,CLM-02488,Nidra,,Dalal,Nidra Dalal,97757165502,nidra75@rediffmail.com,F,1982-01-21,AADHAR-3497-7489-3634,
WIT-10124,CLM-02488,Charita,,Mallick,Charita Mallick,97518362346,charita91@gmail.com,F,1988-08-18,VOTER-D127534,
WIT-10125,CLM-00838,Faraj,,Mitter,Faraj Mitter,97570198098,faraj91@rediffmail.com,M,1962-08-18,VOTER-A277953,
WIT-10126,CLM-01634,Adweta,,Naidu,Adweta Naidu,97411648704,adweta42@outlook.co.in,F,1980-02-25,AADHAR-2400-6465-7651,
WIT-10127,CLM-01634,Lekha,,Ray,Lekha Ray,99444676366,lekha77@gmail.com,F,1962-10-20,UID-329167066240,
WIT-10128,CLM-01058,Ira,,Taneja,Ira Taneja,97404685535,ira62@yahoo.com,F,1972-07-02,AADHAR-5768-3713-3750,
WIT-10129,CLM-01058,Vyanjana,,Char,Vyanjana Char,98931064830,vyanjana70@rediffmail.com,F,1967-07-22,AADHAR-9099-7328-7995,
WIT-10130,CLM-00074,Zilmil,,Contractor,Zilmil Contractor,98123218072,zilmil19@yahoo.com,F,1998-10-07,AADHAR-8006-1751-7921,
WIT-10131,CLM-00074,Falguni,,Kar,Falguni Kar,97988089158,falguni77@hotmail.com,F,1966-11-10,AADHAR-3502-3001-3921,
WIT-10132,CLM-00074,Anita,,Lal,Anita Lal,99168932762,anita21@hotmail.com,F,1980-07-14,AADHAR-6517-3910-1770,
WIT-10133,CLM-02765,Balendra,,Aggarwal,Balendra Aggarwal,99431583736,balendra38@yahoo.com,M,2003-10-13,UID-401539123629,
WIT-10134,CLM-02765,Adweta,,Yogi,Adweta Yogi,99863043769,adweta49@yahoo.com,F,1951-12-05,VOTER-B886788,
WIT-10135,CLM-02765,Zaitra,,Bhatia,Zaitra Bhatia,98184669073,zaitra17@gmail.com,F,2002-07-13,UID-395714025246,
WIT-10136,CLM-02396,Urvashi,,Shankar,Urvashi Shankar,98163979500,urvashi77@hotmail.com,F,1994-09-05,UID-901358813299,
WIT-10137,CLM-02396,Ridhi,,Kala,Ridhi Kala,97870333111,ridhi10@hotmail.com,F,2001-11-22,UID-398250754478,
WIT-10138,CLM-02396,Madhavi,,Virk,Madhavi Virk,98578802801,madhavi71@rediffmail.com,F,1990-02-16,AADHAR-7915-8209-6902,
WIT-10139,CLM-00009,Bina,,Nadig,Bina Nadig,98894453745,bina47@hotmail.com,F,1978-12-24,AADHAR-1877-9647-9290,MEM-11481
WIT-10140,CLM-00009,Udarsh,,Nigam,Udarsh Nigam,98711300128,udarsh99@outlook.co.in,M,1968-09-17,UID-686079982419,
WIT-10141,CLM-01237,Ranbir,,Kulkarni,Ranbir Kulkarni,98779010369,ranbir97@live.com,M,2006-06-06,VOTER-D859892,
WIT-10142,CLM-01237,Bhavna,,Keer,Bhavna Keer,99007462177,bhavna41@gmail.com,F,2007-08-13,VOTER-E831344,
WIT-10143,CLM-02854,Edhitha,,Raja,Edhitha Raja,97071630534,edhitha20@hotmail.com,F,2005-07-16,AADHAR-7637-8853-7392,
WIT-10144,CLM-02938,Nidra,,Loke,Nidra Loke,99108716137,nidra90@live.com,F,1999-09-01,AADHAR-8772-7769-8127,
WIT-10145,CLM-02938,Pratyush,,Sood,Pratyush Sood,97424225274,pratyush76@live.com,M,2001-08-07,VOTER-D628044,
WIT-10146,CLM-01253,Yahvi,,Bajwa,Yahvi Bajwa,98999375186,yahvi29@rediffmail.com,F,1970-05-18,VOTER-B380504,
WIT-10147,CLM-01253,Darika,,Modi,Darika Modi,99899938947,darika44@hotmail.com,F,1950-01-21,UID-930712534333,
WIT-10148,CLM-01253,Yahvi,,Aurora,Yahvi Aurora,97877251821,yahvi93@yahoo.com,F,1961-09-24,UID-446507539733,
WIT-10149,CLM-02557,Warinder,,Ranganathan,Warinder Ranganathan,99084037924,warinder45@rediffmail.com,M,1996-10-17,VOTER-D798836,
WIT-10150,CLM-00716,Jason,,Som,Jason Som,98348767220,jason91@outlook.co.in,M,1958-09-26,AADHAR-7988-1954-9463,
WIT-10151,CLM-00716,Ishita,,Pandey,Ishita Pandey,97558735388,ishita40@live.com,F,2000-09-09,VOTER-A628895,
WIT-10152,CLM-00716,Tanveer,,Walia,Tanveer Walia,98541533989,tanveer83@outlook.co.in,M,1981-08-17,AADHAR-6109-5826-6074,
WIT-10153,CLM-00903,Harini,,Narula,Harini Narula,98244710952,harini54@yahoo.com,F,1993-08-18,VOTER-B783105,
WIT-10154,CLM-00903,Qarin,,Keer,Qarin Keer,97799357430,qarin34@outlook.co.in,M,1965-11-16,AADHAR-1093-1383-2109,
WIT-10155,CLM-00903,Kabir,,Subramanian,Kabir Subramanian,98642578520,kabir32@live.com,M,1962-12-07,AADHAR-5581-7066-1220,
WIT-10156,CLM-01263,Anusha,,Deol,Anusha Deol,97657162086,anusha70@yahoo.com,F,1950-06-27,UID-442000262076,
WIT-10157,CLM-01263,Krisha,,Toor,Krisha Toor,98184659703,krisha41@live.com,F,2002-12-13,VOTER-E156009,MEM-11040
WIT-10158,CLM-01263,Yasti,,Batra,Yasti Batra,97187025491,yasti47@outlook.co.in,F,1983-04-05,UID-723845925312,
WIT-10159,CLM-00799,Jalsa,,Vala,Jalsa Vala,98011954360,jalsa44@rediffmail.com,F,1965-12-16,VOTER-A456468,
WIT-10160,CLM-00799,Umang,,Din,Umang Din,99320479356,umang88@live.com,M,1991-05-19,VOTER-C351635,
WIT-10161,CLM-02054,Ira,,Lal,Ira Lal,99972773981,ira79@gmail.com,F,1994-02-25,VOTER-E460252,
WIT-10162,CLM-02054,Anusha,,Basu,Anusha Basu,98780409085,anusha37@live.com,F,1969-11-21,AADHAR-1957-5706-8024,
WIT-10163,CLM-02054,Mitali,,Mangat,Mitali Mangat,98264347508,mitali55@gmail.com,F,1987-03-06,VOTER-C961334,
WIT-10164,CLM-02881,Fitan,,Banik,Fitan Banik,97026939893,fitan22@rediffmail.com,M,1996-06-23,VOTER-E291109,
WIT-10165,CLM-00347,Daniel,,Varkey,Daniel Varkey,99778363341,daniel46@gmail.com,M,2000-05-01,AADHAR-2205-8908-8594,
WIT-10166,CLM-00347,Wahab,,Sarin,Wahab Sarin,99706363455,wahab97@gmail.com,M,1970-02-14,AADHAR-8147-1789-1465,
WIT-10167,CLM-02206,Oscar,,Raju,Oscar Raju,98677002634,oscar72@hotmail.com,M,1955-02-23,VOTER-E358494,
WIT-10168,CLM-02573,Aarush,,Sha,Aarush Sha,97944325041,aarush51@hotmail.com,M,1991-01-01,UID-866746458178,
WIT-10169,CLM-02866,Pooja,,Ahluwalia,Pooja Ahluwalia,98242266445,pooja75@outlook.co.in,F,1960-05-30,UID-365158328366,
WIT-10170,CLM-02866,Warhi,,Nadkarni,Warhi Nadkarni,99814460386,warhi16@gmail.com,F,1988-10-25,AADHAR-2468-4795-2805,
WIT-10171,CLM-02548,Praneel,,Sunder,Praneel Sunder,99495347346,praneel54@gmail.com,M,1954-11-23,UID-519203112880,
WIT-10172,CLM-02548,Avi,,Bains,Avi Bains,98899593871,avi29@gmail.com,M,1995-03-12,AADHAR-9733-5548-3060,
WIT-10173,CLM-00782,Qasim,,Garg,Qasim Garg,98669398196,qasim76@gmail.com,M,1972-03-17,VOTER-A397581,MEM-12599
WIT-10174,CLM-00782,Vamakshi,,Raval,Vamakshi Raval,98775243793,vamakshi34@hotmail.com,F,1969-11-18,VOTER-E224362,
WIT-10175,CLM-02668,Upma,,Menon,Upma Menon,98965119581,upma38@outlook.co.in,F,1970-08-27,UID-853735319315,
WIT-10176,CLM-02668,Aachal,,Tandon,Aachal Tandon,97284438287,aachal74@rediffmail.com,F,2007-06-04,UID-139430896056,MEM-12653
WIT-10177,CLM-00533,Damini,,Chaudhuri,Damini Chaudhuri,99841825082,damini81@yahoo.com,F,1966-04-23,AADHAR-2832-2314-3833,MEM-10571
WIT-10178,CLM-00533,Raksha,,Dutt,Raksha Dutt,98873684912,raksha62@yahoo.com,F,1950-09-08,AADHAR-8467-9497-3779,
WIT-10179,CLM-00533,Xiti,,Naik,Xiti Naik,98596590326,xiti36@yahoo.com,F,1970-07-27,AADHAR-8355-6780-5996,
WIT-10180,CLM-00117,Harsh,,Pillai,Harsh Pillai,98142693956,harsh57@live.com,M,1972-05-23,AADHAR-2932-8132-8850,
WIT-10181,CLM-00117,Ijaya,,Krishnan,Ijaya Krishnan,98419241644,ijaya43@gmail.com,F,1950-05-01,UID-340808527474,
WIT-10182,CLM-00117,Chanakya,,Patel,Chanakya Patel,97978143113,chanakya76@gmail.com,M,1984-12-05,AADHAR-8779-1918-1346,
WIT-10183,CLM-01493,Elijah,,Basak,Elijah Basak,99746781555,elijah47@rediffmail.com,M,1993-04-18,AADHAR-1705-5520-7050,MEM-11745
WIT-10184,CLM-00423,Mason,,Jha,Mason Jha,98820409073,mason87@live.com,M,1976-08-12,VOTER-E505080,
WIT-10185,CLM-00673,Niharika,,Solanki,Niharika Solanki,97467771377,niharika37@yahoo.com,F,1984-09-05,VOTER-B617362,
WIT-10186,CLM-02849,Mason,,Sehgal,Mason Sehgal,98058334331,mason20@live.com,M,1957-09-28,AADHAR-4034-3994-9007,
WIT-10187,CLM-02849,Saanvi,,Sani,Saanvi Sani,97041972254,saanvi44@outlook.co.in,F,1972-11-14,AADHAR-7358-9162-5073,
WIT-10188,CLM-02849,Matthew,,Sastry,Matthew Sastry,97794014206,matthew12@rediffmail.com,M,1985-11-06,AADHAR-5965-3924-9719,
WIT-10189,CLM-02812,Ekbal,,Morar,Ekbal Morar,98502340122,ekbal96@rediffmail.com,M,1994-02-10,VOTER-C700787,
WIT-10190,CLM-02571,Vasatika,,Memon,Vasatika Memon,98253275696,vasatika21@outlook.co.in,F,1981-01-12,VOTER-B799453,
WIT-10191,CLM-02571,Matthew,,Raval,Matthew Raval,97720731351,matthew21@gmail.com,M,1980-04-10,VOTER-C345300,
WIT-10192,CLM-02571,Watika,,Luthra,Watika Luthra,99677934587,watika61@live.com,F,1976-10-28,AADHAR-9963-4195-1444,
WIT-10193,CLM-00608,Vansha,,Nigam,Vansha Nigam,97868995768,vansha51@gmail.com,F,1960-12-20,VOTER-E925076,
WIT-10194,CLM-00608,Keya,,Mandal,Keya Mandal,97494140986,keya42@hotmail.com,F,1983-02-05,AADHAR-2710-8194-9619,
WIT-10195,CLM-01594,Isaac,,Keer,Isaac Keer,97553045638,isaac28@outlook.co.in,M,1956-03-06,AADHAR-7972-6089-9343,
WIT-10196,CLM-01594,Falguni,,Datta,Falguni Datta,97132935515,falguni80@yahoo.com,F,1970-04-09,AADHAR-8334-7480-7618,
WIT-10197,CLM-02377,Ranbir,,Murthy,Ranbir Murthy,98687420985,ranbir99@rediffmail.com,M,1996-04-12,AADHAR-9057-7669-8391,MEM-11799
WIT-10198,CLM-00205,Tripti,,Seshadri,Tripti Seshadri,98488319945,tripti66@yahoo.com,F,2005-12-05,UID-359504640559,
WIT-10199,CLM-00205,Orinder,,Comar,Orinder Comar,99514810346,orinder66@yahoo.com,M,1965-10-02,VOTER-A698059,
WIT-10200,CLM-00885,Neha,,Singhal,Neha Singhal,97236888363,neha91@gmail.com,F,1962-08-18,VOTER-A277728,
WIT-10201,CLM-00484,Indira,,Sehgal,Indira Sehgal,97844791959,indira98@live.com,F,1994-02-15,VOTER-E138755,
WIT-10202,CLM-00484,Pavani,,Iyer,Pavani Iyer,98672670489,pavani18@outlook.co.in,F,1983-12-18,AADHAR-8053-4530-7765,
WIT-10203,CLM-00484,Yuvraj,,Naik,Yuvraj Naik,98963243300,yuvraj24@yahoo.com,M,1981-12-15,AADHAR-1285-9356-2435,MEM-12239
WIT-10204,CLM-00621,Janaki,,Raju,Janaki Raju,97588895619,janaki49@yahoo.com,F,2006-09-29,UID-189960401153,
WIT-10205,CLM-00621,Inaya,,Ray,Inaya Ray,99273141901,inaya18@yahoo.com,F,1951-08-29,AADHAR-3598-9737-3165,
WIT-10206,CLM-00621,Pooja,,Raghavan,Pooja Raghavan,98352806021,pooja97@outlook.co.in,F,2005-07-23,AADHAR-6269-4453-2622,
WIT-10207,CLM-01065,Pratyush,,Bala,Pratyush Bala,97021484000,pratyush12@rediffmail.com,M,1960-04-07,AADHAR-7843-4464-1944,
WIT-10208,CLM-01065,Aayush,,Venkatesh,Aayush Venkatesh,98964834040,aayush58@live.com,M,2006-08-11,UID-276413056341,
WIT-10209,CLM-02654,Max,,Dar,Max Dar,98172276944,max52@outlook.co.in,M,1971-05-08,AADHAR-7492-4296-2486,
WIT-10210,CLM-01316,Pallavi,,Gade,Pallavi Gade,98323850179,pallavi47@yahoo.com,F,1962-12-16,AADHAR-4720-2321-4535,
WIT-10211,CLM-02219,Gaurav,,Vora,Gaurav Vora,99224389133,gaurav12@hotmail.com,M,1961-12-05,AADHAR-4994-6023-1765,MEM-11215
WIT-10212,CLM-01278,Balendra,,Mane,Balendra Mane,99007317931,balendra72@rediffmail.com,M,1958-10-12,AADHAR-5951-3421-8327,
WIT-10213,CLM-02739,Hamsini,,Chad,Hamsini Chad,98849518443,hamsini59@live.com,F,1953-04-17,AADHAR-1298-3464-5405,
WIT-10214,CLM-02739,Nirja,,Bhargava,Nirja Bhargava,97945189294,nirja90@outlook.co.in,F,2004-04-08,UID-560927558254,
WIT-10215,CLM-01831,Onkar,,Nagy,Onkar Nagy,97858571610,onkar34@live.com,M,1962-06-22,UID-608568985823,
WIT-10216,CLM-01831,Vrishti,,Prashad,Vrishti Prashad,97047347898,vrishti39@gmail.com,F,1970-08-02,UID-714892710634,
WIT-10217,CLM-01831,Faras,,Doshi,Faras Doshi,99020275406,faras72@rediffmail.com,M,2001-07-08,AADHAR-7283-3426-1642,
WIT-10218,CLM-01979,Deepa,,Menon,Deepa Menon,99331018697,deepa30@live.com,F,1964-08-03,AADHAR-8548-5056-4248,
WIT-10219,CLM-01979,Ekbal,,De,Ekbal De,97528236681,ekbal70@live.com,M,1961-07-03,UID-681375549249,
WIT-10220,CLM-01979,Jagvi,,Trivedi,Jagvi Trivedi,98028268545,jagvi35@outlook.co.in,F,2002-11-10,AADHAR-7521-9884-5423,
WIT-10221,CLM-01288,Abhimanyu,,Balakrishnan,Abhimanyu Balakrishnan,99591361194,abhimanyu59@rediffmail.com,M,1959-05-21,UID-890821199215,
WIT-10222,CLM-01288,Ekalinga,,Mital,Ekalinga Mital,97122166221,ekalinga35@hotmail.com,M,1976-10-28,VOTER-C406621,
WIT-10223,CLM-01288,Anthony,,Narain,Anthony Narain,97776600547,anthony63@outlook.co.in,M,2003-07-09,AADHAR-9483-7260-8272,
WIT-10224,CLM-02845,Qabil,,Pal,Qabil Pal,98558487621,qabil68@hotmail.com,M,1978-09-05,VOTER-E226382,
WIT-10225,CLM-02845,Siya,,Dubey,Siya Dubey,97388141816,siya45@rediffmail.com,F,1962-04-12,AADHAR-8756-6832-9034,
WIT-10226,CLM-01818,Alka,,Doctor,Alka Doctor,98335135032,alka63@hotmail.com,F,1976-07-06,UID-311594763685,MEM-11083
WIT-10227,CLM-01818,Ati,,Parekh,Ati Parekh,98550297523,ati14@rediffmail.com,F,2007-08-18,AADHAR-2159-9340-6652,
WIT-10228,CLM-01818,Gaurika,,Kapoor,Gaurika Kapoor,99766947704,gaurika22@rediffmail.com,F,1955-04-04,UID-579499725747,
WIT-10229,CLM-00005,Yahvi,,Suri,Yahvi Suri,97523046448,yahvi27@gmail.com,F,1951-01-27,VOTER-C874793,
WIT-10230,CLM-00005,Gayathri,,Balan,Gayathri Balan,98135195878,gayathri35@live.com,F,1974-12-18,VOTER-A844921,
WIT-10231,CLM-00005,Falak,,Rege,Falak Rege,97871586649,falak97@rediffmail.com,F,1957-12-30,VOTER-E467460,
WIT-10232,CLM-02471,Vihaan,,Raj,Vihaan Raj,98265443882,vihaan82@gmail.com,M,1988-03-10,VOTER-A755007,
WIT-10233,CLM-00805,Manbir,,Pandey,Manbir Pandey,99153415665,manbir79@rediffmail.com,M,1988-12-07,VOTER-B553059,
WIT-10234,CLM-01137,Vrishti,,Dewan,Vrishti Dewan,98802355915,vrishti30@hotmail.com,F,1982-08-25,VOTER-B138319,
WIT-10235,CLM-01137,Vanya,,Bhakta,Vanya Bhakta,98421872122,vanya57@hotmail.com,F,1953-11-06,VOTER-A861581,
WIT-10236,CLM-01137,Krishna,,Misra,Krishna Misra,97514110661,krishna36@yahoo.com,M,2000-02-10,AADHAR-5076-2964-3421,
WIT-10237,CLM-00783,Keya,,Gera,Keya Gera,99824638374,keya52@outlook.co.in,F,1994-07-04,VOTER-B511551,MEM-12781
WIT-10238,CLM-00783,Riya,,Deo,Riya Deo,98065877266,riya92@yahoo.com,F,1958-08-07,UID-362734828133,
WIT-10239,CLM-00783,Mitali,,D’Alia,Mitali D’Alia,99689507050,mitali75@outlook.co.in,F,1970-10-16,UID-553836772135,MEM-11199
WIT-10240,CLM-00892,Dhriti,,Bir,Dhriti Bir,99651040643,dhriti31@rediffmail.com,F,2005-08-26,UID-916206592615,
WIT-10241,CLM-02924,Oni,,Jain,Oni Jain,99722985787,oni11@gmail.com,F,1953-06-09,AADHAR-2988-5955-7492,
WIT-10242,CLM-02924,Oliver,,Kala,Oliver Kala,99758641512,oliver25@gmail.com,M,1961-04-19,UID-937519538711,
WIT-10243,CLM-02649,Bhavani,,Gola,Bhavani Gola,98445539480,bhavani82@hotmail.com,F,2004-06-09,VOTER-D574467,
WIT-10244,CLM-02649,Darika,,Handa,Darika Handa,99578835015,darika36@hotmail.com,F,1959-02-28,VOTER-A979946,
WIT-10245,CLM-02772,Abeer,,Garg,Abeer Garg,98322982968,abeer40@hotmail.com,M,1950-09-27,UID-115286736356,
WIT-10246,CLM-01387,Indira,,Rattan,Indira Rattan,97173215982,indira24@hotmail.com,F,1964-01-16,UID-825575871337,
WIT-10247,CLM-01387,Turvi,,Parmar,Turvi Parmar,99197184906,turvi27@gmail.com,F,1967-07-06,UID-407102034771,
WIT-10248,CLM-01387,Onkar,,Mahajan,Onkar Mahajan,99801068183,onkar13@rediffmail.com,M,1965-01-17,AADHAR-1599-3159-2310,
WIT-10249,CLM-01497,Jasmit,,Desai,Jasmit Desai,98414413962,jasmit77@rediffmail.com,F,2003-08-29,VOTER-D636683,
WIT-10250,CLM-01497,Raghav,,Mukherjee,Raghav Mukherjee,99630472289,raghav60@yahoo.com,M,1993-09-19,UID-799549864737,
WIT-10251,CLM-00137,Tripti,,Mittal,Tripti Mittal,97879143170,tripti24@live.com,F,1975-12-12,VOTER-A881107,
WIT-10252,CLM-00137,Ria,,Goda,Ria Goda,99587861375,ria19@gmail.com,F,1989-10-20,VOTER-B322374,
WIT-10253,CLM-00137,Darpan,,Date,Darpan Date,97948047576,darpan74@rediffmail.com,M,1976-08-23,UID-902547813751,
WIT-10254,CLM-02462,Ubika,,Andra,Ubika Andra,98109607785,ubika68@gmail.com,F,1998-08-18,VOTER-A480361,
WIT-10255,CLM-02462,Ansh,,Brahmbhatt,Ansh Brahmbhatt,97480757799,ansh57@outlook.co.in,M,1957-03-19,VOTER-D515955,
WIT-10256,CLM-00810,Vasudha,,Naidu,Vasudha Naidu,99874140294,vasudha51@hotmail.com,F,1970-04-15,VOTER-E205777,
WIT-10257,CLM-00810,Ethan,,Rajagopal,Ethan Rajagopal,97504547446,ethan76@live.com,M,1979-02-20,AADHAR-9524-2830-8218,
WIT-10258,CLM-00810,Eiravati,,Sani,Eiravati Sani,97598864182,eiravati65@rediffmail.com,F,2007-04-28,AADHAR-1610-2271-9615,
WIT-10259,CLM-01909,Samarth,,Sandhu,Samarth Sandhu,98670931081,samarth15@hotmail.com,M,1976-02-19,UID-910314124409,
WIT-10260,CLM-00462,Falguni,,Kale,Falguni Kale,99448823197,falguni62@rediffmail.com,F,1999-11-30,AADHAR-8979-7182-8542,
WIT-10261,CLM-00193,Ekiya,,Pandit,Ekiya Pandit,97355301612,ekiya15@yahoo.com,F,1993-09-22,AADHAR-7557-9989-3423,MEM-10015
WIT-10262,CLM-00193,Turvi,,Sinha,Turvi Sinha,98242754919,turvi76@yahoo.com,F,1967-10-01,VOTER-E235725,
WIT-10263,CLM-00088,Unni,,Nath,Unni Nath,98178572571,unni44@yahoo.com,F,1964-04-06,UID-860503888342,
WIT-10264,CLM-00531,Aarna,,Agrawal,Aarna Agrawal,98429531993,aarna92@gmail.com,F,1972-12-10,UID-345405812409,
WIT-10265,CLM-01026,Hemani,,Tandon,Hemani Tandon,99682663392,hemani67@gmail.com,F,1966-05-04,UID-918730888488,
WIT-10266,CLM-01026,Barkha,,Mittal,Barkha Mittal,99698602383,barkha30@yahoo.com,F,1978-01-14,UID-342047036737,MEM-13442
WIT-10267,CLM-01026,Vasatika,,Sunder,Vasatika Sunder,99908829028,vasatika58@yahoo.com,F,1949-12-28,UID-789346086722,
WIT-10268,CLM-00593,Widisha,,Loke,Widisha Loke,99463119657,widisha18@gmail.com,F,1968-12-20,AADHAR-3044-6234-7341,
WIT-10269,CLM-00593,Lavanya,,Dash,Lavanya Dash,98383353897,lavanya35@rediffmail.com,F,1959-08-12,UID-837698136476,
WIT-10270,CLM-00593,Qasim,,Hegde,Qasim Hegde,98026841288,qasim73@rediffmail.com,M,1994-06-29,UID-358273078786,
WIT-10271,CLM-00483,Fiyaz,,Patla,Fiyaz Patla,99841884406,fiyaz48@outlook.co.in,M,1962-05-25,UID-425125975166,
WIT-10272,CLM-00483,Amol,,Krish,Amol Krish,99846286040,amol92@outlook.co.in,M,1952-06-02,UID-960953108877,
WIT-10273,CLM-00483,Faris,,Dara,Faris Dara,99906821751,faris79@yahoo.com,M,1982-03-19,VOTER-B291834,
WIT-10274,CLM-02173,Nathan,,Rajan,Nathan Rajan,98636100342,nathan37@rediffmail.com,M,2003-06-03,AADHAR-2326-3308-9193,
WIT-10275,CLM-02173,Faris,,Narula,Faris Narula,99427836208,faris23@outlook.co.in,M,1961-12-29,VOTER-C461589,
WIT-10276,CLM-02831,Manan,,Khanna,Manan Khanna,98586257122,manan88@gmail.com,M,1971-01-25,UID-122256490523,
WIT-10277,CLM-02831,Jagvi,,Basak,Jagvi Basak,97400009489,jagvi11@live.com,F,1967-05-25,AADHAR-6095-9024-4720,MEM-11873
WIT-10278,CLM-02831,Zayyan,,Ganesan,Zayyan Ganesan,98424127231,zayyan16@outlook.co.in,M,1968-03-25,UID-801765398083,
WIT-10279,CLM-01544,Indira,,Kari,Indira Kari,97466349943,indira39@hotmail.com,F,1961-09-21,VOTER-D171265,MEM-11397
WIT-10280,CLM-02553,Aachal,,Manda,Aachal Manda,99193940449,aachal97@yahoo.com,F,1952-07-08,UID-667717563222,
WIT-10281,CLM-00520,Yatin,,Parekh,Yatin Parekh,98305947226,yatin67@hotmail.com,M,1967-11-02,UID-568164577227,
WIT-10282,CLM-00520,Saumya,,Loyal,Saumya Loyal,98897455657,saumya73@gmail.com,F,2004-12-15,UID-368594442117,
WIT-10283,CLM-00809,Kai,,Subramanian,Kai Subramanian,99235971960,kai57@live.com,M,1977-11-14,AADHAR-4582-2755-6041,MEM-10377
WIT-10284,CLM-00809,Nakul,,Som,Nakul Som,99844616419,nakul51@hotmail.com,M,1951-02-22,UID-734622408128,
WIT-10285,CLM-01597,Yatan,,Hayre,Yatan Hayre,97285342308,yatan71@outlook.co.in,M,1985-02-06,VOTER-D264286,MEM-12470
WIT-10286,CLM-02239,Osha,,Mody,Osha Mody,98354016196,osha60@rediffmail.com,F,1990-12-09,VOTER-C564299,
WIT-10287,CLM-00491,Aditya,,Kapadia,Aditya Kapadia,97667440916,aditya54@rediffmail.com,M,1966-12-28,AADHAR-7835-6674-8618,
WIT-10288,CLM-01629,Krishna,,Sabharwal,Krishna Sabharwal,98415771386,krishna20@live.com,M,1996-04-30,UID-514420537085,
WIT-10289,CLM-01629,Ishita,,Karan,Ishita Karan,97582494307,ishita96@live.com,F,1956-05-15,UID-978124046148,
WIT-10290,CLM-01629,Jatin,,Dayal,Jatin Dayal,97092920306,jatin58@outlook.co.in,M,2004-12-16,VOTER-E656027,
WIT-10291,CLM-01200,Gavin,,Wable,Gavin Wable,98331886740,gavin33@gmail.com,M,1964-12-27,VOTER-E481729,
WIT-10292,CLM-01200,Onveer,,Ray,Onveer Ray,99322800644,onveer60@hotmail.com,M,1951-04-21,UID-726649742227,
WIT-10293,CLM-01200,Chameli,,Gade,Chameli Gade,98187020693,chameli29@yahoo.com,F,1994-12-26,AADHAR-7387-6599-8072,
WIT-10294,CLM-01005,Vyanjana,,Chana,Vyanjana Chana,98904619305,vyanjana82@outlook.co.in,F,1996-03-30,VOTER-E305857,
WIT-10295,CLM-00095,Radha,,Nadig,Radha Nadig,99988920844,radha24@outlook.co.in,F,1982-03-29,AADHAR-2587-4683-5402,
WIT-10296,CLM-00095,Ekaja,,Comar,Ekaja Comar,97287489456,ekaja23@gmail.com,F,1989-01-10,VOTER-A647396,
WIT-10297,CLM-01502,Christopher,,Singh,Christopher Singh,98810370768,christopher87@live.com,M,1952-07-03,VOTER-E498232,
WIT-10298,CLM-02603,Samesh,,Dada,Samesh Dada,99413656152,samesh88@outlook.co.in,M,1977-06-29,VOTER-B657332,
WIT-10299,CLM-02603,Wahab,,Amble,Wahab Amble,98702320921,wahab79@live.com,M,1989-11-28,AADHAR-6598-5035-6001,
WIT-10300,CLM-02603,Ekbal,,Minhas,Ekbal Minhas,99048745174,ekbal61@live.com,M,1966-07-30,AADHAR-7371-1667-6937,MEM-10276
WIT-10301,CLM-01616,Lakshit,,Deep,Lakshit Deep,99474304849,lakshit94@hotmail.com,M,1984-07-11,UID-660768841571,
WIT-10302,CLM-02857,Ethan,,Chandra,Ethan Chandra,97590601239,ethan91@rediffmail.com,M,1996-03-10,AADHAR-3191-9723-1687,
WIT-10303,CLM-02857,Kamya,,Setty,Kamya Setty,98125230399,kamya48@rediffmail.com,F,1962-11-08,AADHAR-1400-9552-4511,
WIT-10304,CLM-02599,Siya,,Srivastava,Siya Srivastava,99230784182,siya74@hotmail.com,F,1957-01-14,VOTER-B735421,
WIT-10305,CLM-02943,Radha,,Varma,Radha Varma,99883271162,radha87@outlook.co.in,F,1954-12-16,UID-681302081124,
WIT-10306,CLM-00915,Aishani,,Chana,Aishani Chana,99254059480,aishani71@outlook.co.in,F,1997-02-12,AADHAR-7532-3438-8801,
WIT-10307,CLM-00915,Ekani,,Kumar,Ekani Kumar,99523703513,ekani21@live.com,F,2004-08-21,VOTER-D804783,
WIT-10308,CLM-02182,Turvi,,Ahluwalia,Turvi Ahluwalia,97382383633,turvi99@rediffmail.com,F,2006-06-29,VOTER-E467248,
WIT-10309,CLM-02182,Ikshita,,Chada,Ikshita Chada,98681001043,ikshita80@rediffmail.com,F,1960-09-13,UID-863511747047,
WIT-10310,CLM-02182,Hemang,,Mital,Hemang Mital,99052894997,hemang94@rediffmail.com,M,1953-04-11,AADHAR-9522-7868-8997,
WIT-10311,CLM-01419,Aradhana,,Din,Aradhana Din,98791439695,aradhana56@yahoo.com,F,2007-03-23,VOTER-C345924,
WIT-10312,CLM-01419,Nikita,,Sekhon,Nikita Sekhon,98086442610,nikita55@hotmail.com,F,1993-03-10,AADHAR-5092-6346-6462,
WIT-10313,CLM-01419,Arunima,,Gole,Arunima Gole,97539928417,arunima50@hotmail.com,F,1968-02-12,UID-971232625430,
WIT-10314,CLM-00368,Ikshita,,Banerjee,Ikshita Banerjee,97112514991,ikshita13@live.com,F,1983-12-03,AADHAR-8600-1267-8519,
WIT-10315,CLM-00368,Irya,,Naik,Irya Naik,99086629068,irya16@yahoo.com,F,1967-04-01,AADHAR-5083-6289-6471,
WIT-10316,CLM-00368,Avni,,Arya,Avni Arya,97033144954,avni78@rediffmail.com,F,1956-05-08,VOTER-C456650,
WIT-10317,CLM-00699,Tanish,,Chatterjee,Tanish Chatterjee,98423457614,tanish61@outlook.co.in,M,1993-05-21,AADHAR-3298-7844-3467,MEM-13278
WIT-10318,CLM-00699,Onkar,,Ahuja,Onkar Ahuja,98043975733,onkar45@outlook.co.in,M,1963-05-13,VOTER-C177737,
WIT-10319,CLM-01815,Ansh,,Mangat,Ansh Mangat,97989140052,ansh15@gmail.com,M,1977-01-13,UID-209373559338,
WIT-10320,CLM-02533,Kalpit,,Kala,Kalpit Kala,98126746651,kalpit64@rediffmail.com,M,2005-09-18,VOTER-C714094,
WIT-10321,CLM-02533,Ishaan,,Karan,Ishaan Karan,99880132058,ishaan64@yahoo.com,M,1992-06-28,UID-900935756033,
WIT-10322,CLM-02533,Eshana,,Mohan,Eshana Mohan,97449334825,eshana87@rediffmail.com,F,2003-09-22,UID-462001614969,
WIT-10323,CLM-00636,Hema,,Walla,Hema Walla,99371828194,hema44@rediffmail.com,F,1999-07-31,UID-934624536116,
WIT-10324,CLM-00636,Nikita,,Amble,Nikita Amble,98883049742,nikita58@live.com,F,1968-07-18,AADHAR-7398-1010-3686,
WIT-10325,CLM-00636,Chanchal,,Anne,Chanchal Anne,98074795637,chanchal38@live.com,F,1982-01-26,VOTER-D762255,MEM-11581
WIT-10326,CLM-00535,Anjali,,Varughese,Anjali Varughese,98922576876,anjali39@rediffmail.com,F,1985-12-01,VOTER-E791565,
WIT-10327,CLM-00055,Rajeshri,,Roy,Rajeshri Roy,99485955856,rajeshri72@hotmail.com,F,2002-03-11,AADHAR-4421-6415-3218,
WIT-10328,CLM-00055,Kai,,Balan,Kai Balan,98218557792,kai84@outlook.co.in,M,1975-02-12,UID-284319624807,
WIT-10329,CLM-01722,Vamakshi,,Mangal,Vamakshi Mangal,99999260106,vamakshi63@yahoo.com,F,1969-06-15,AADHAR-8221-3686-3140,
WIT-10330,CLM-01722,Vinaya,,Sarraf,Vinaya Sarraf,99584348263,vinaya43@hotmail.com,F,1968-08-13,AADHAR-4248-7410-1220,
WIT-10331,CLM-00570,Adya,,Borde,Adya Borde,99830224909,adya69@live.com,F,1969-11-27,AADHAR-8631-7738-4207,MEM-11143
WIT-10332,CLM-00570,Yatan,,Soni,Yatan Soni,97683902901,yatan37@live.com,M,1988-09-03,AADHAR-6173-8712-3299,
WIT-10333,CLM-00570,Banjeet,,Khosla,Banjeet Khosla,97329930469,banjeet86@outlook.co.in,M,1950-03-02,VOTER-C374536,
WIT-10334,CLM-01766,Oeshi,,Rattan,Oeshi Rattan,97029064670,oeshi99@live.com,F,1955-05-13,VOTER-E313821,
WIT-10335,CLM-01766,Tanish,,Bath,Tanish Bath,97853716333,tanish12@yahoo.com,M,1993-03-21,UID-710526631875,
WIT-10336,CLM-01766,Radhika,,Subramaniam,Radhika Subramaniam,97211835729,radhika59@rediffmail.com,F,1968-03-08,AADHAR-6281-6221-1267,
WIT-10337,CLM-01342,Wahab,,Pingle,Wahab Pingle,98889038162,wahab86@outlook.co.in,M,1979-08-18,UID-904234514235,
WIT-10338,CLM-02340,Charles,,Palan,Charles Palan,99677448428,charles19@outlook.co.in,M,1973-05-12,VOTER-A961643,
WIT-10339,CLM-02340,Om,,Sur,Om Sur,99139433087,om83@gmail.com,M,2006-04-26,VOTER-D311010,
WIT-10340,CLM-02340,Samaksh,,Gole,Samaksh Gole,98043023119,samaksh39@rediffmail.com,M,1992-01-17,VOTER-A101442,MEM-12165
WIT-10341,CLM-00918,Upkaar,,Mukherjee,Upkaar Mukherjee,99267288808,upkaar78@live.com,M,1979-08-08,VOTER-B100769,
WIT-10342,CLM-01838,Naveen,,Kurian,Naveen Kurian,98158446439,naveen54@rediffmail.com,M,1998-11-03,AADHAR-9473-4307-2189,
WIT-10343,CLM-01838,Chakradhar,,Dhaliwal,Chakradhar Dhaliwal,97132329399,chakradhar93@hotmail.com,M,1998-11-18,UID-910603288691,
WIT-10344,CLM-00734,Yadavi,,Dey,Yadavi Dey,97369441218,yadavi16@outlook.co.in,F,1972-07-13,VOTER-E803898,
WIT-10345,CLM-02290,Omaja,,Dhaliwal,Omaja Dhaliwal,98475048702,omaja98@outlook.co.in,F,1982-08-04,AADHAR-3646-3335-4303,
WIT-10346,CLM-00518,Adya,,Parmer,Adya Parmer,99896233445,adya33@outlook.co.in,F,1970-10-05,UID-478747877467,
WIT-10347,CLM-00479,Urmi,,Atwal,Urmi Atwal,98592782442,urmi53@live.com,F,1996-09-21,VOTER-B325069,
WIT-10348,CLM-00544,Mohini,,Dhaliwal,Mohini Dhaliwal,98427608458,mohini27@yahoo.com,F,2007-03-30,UID-804085714157,
WIT-10349,CLM-00544,Sanya,,Saraf,Sanya Saraf,97709638460,sanya11@gmail.com,F,1957-06-21,VOTER-B816904,
WIT-10350,CLM-01364,Advika,,Prasad,Advika Prasad,97164637087,advika23@gmail.com,F,1966-03-18,VOTER-C915979,
WIT-10351,CLM-01312,Ati,,Jayaraman,Ati Jayaraman,99555908478,ati15@live.com,F,1994-05-07,AADHAR-7950-4148-4013,
WIT-10352,CLM-01312,Gauri,,Swaminathan,Gauri Swaminathan,98532861459,gauri24@hotmail.com,F,1980-02-10,VOTER-D584550,
WIT-10353,CLM-01312,Kashvi,,Hora,Kashvi Hora,97223826541,kashvi72@hotmail.com,F,1954-10-29,UID-333050960055,
WIT-10354,CLM-01945,Mason,,Raj,Mason Raj,99098903364,mason64@yahoo.com,M,1952-05-11,AADHAR-9426-5845-1647,
WIT-10355,CLM-01232,Elijah,,Singhal,Elijah Singhal,99060342667,elijah51@yahoo.com,M,1992-08-05,VOTER-E976318,
WIT-10356,CLM-01450,Janani,,Patil,Janani Patil,97625311291,janani37@yahoo.com,F,1976-04-21,VOTER-B747773,
WIT-10357,CLM-01450,Netra,,Pau,Netra Pau,99914269620,netra17@outlook.co.in,F,1951-10-08,VOTER-B474980,
WIT-10358,CLM-01450,Yashasvi,,Jhaveri,Yashasvi Jhaveri,98579545385,yashasvi56@outlook.co.in,F,1958-11-25,UID-125287100579,
WIT-10359,CLM-02315,Tarak,,Narain,Tarak Narain,98348712441,tarak43@hotmail.com,M,1960-07-09,VOTER-B361515,
WIT-10360,CLM-02213,Anvi,,Mittal,Anvi Mittal,97835669348,anvi86@outlook.co.in,F,2002-06-10,AADHAR-9907-6041-8668,
WIT-10361,CLM-02213,Garima,,Kant,Garima Kant,98117521094,garima26@live.com,F,1993-06-25,VOTER-D238164,
WIT-10362,CLM-02547,Ganga,,Saran,Ganga Saran,98831807541,ganga78@rediffmail.com,F,1996-06-23,UID-262647879316,
WIT-10363,CLM-02547,Isha,,Salvi,Isha Salvi,98827693426,isha11@live.com,F,1968-11-04,VOTER-B616096,
WIT-10364,CLM-01525,Om,,Bhardwaj,Om Bhardwaj,99676389825,om69@outlook.co.in,M,1953-11-08,AADHAR-4349-3360-4568,
WIT-10365,CLM-02101,Nitesh,,Mukherjee,Nitesh Mukherjee,97328120361,nitesh75@live.com,M,1964-10-12,UID-581838309204,
WIT-10366,CLM-02101,Triya,,Dugal,Triya Dugal,99330173957,triya13@live.com,F,1983-08-20,AADHAR-1110-9036-6095,
WIT-10367,CLM-02619,Harinakshi,,Gaba,Harinakshi Gaba,99130293273,harinakshi10@yahoo.com,F,2005-03-10,UID-827789081134,
WIT-10368,CLM-02619,Pranav,,Yadav,Pranav Yadav,98634241169,pranav50@rediffmail.com,M,1967-11-02,UID-602693804679,
WIT-10369,CLM-02083,Gautam,,Mital,Gautam Mital,97456416852,gautam13@gmail.com,M,2005-03-09,AADHAR-1103-8669-5308,
WIT-10370,CLM-02656,Wridesh,,Sura,Wridesh Sura,99468269136,wridesh23@gmail.com,M,2001-10-29,AADHAR-1324-2842-5191,
WIT-10371,CLM-00588,Siddharth,,Saha,Siddharth Saha,97398964386,siddharth70@live.com,M,1955-07-25,VOTER-D818350,
WIT-10372,CLM-00588,Hiral,,Soman,Hiral Soman,99354363422,hiral13@live.com,F,1963-11-12,AADHAR-6828-7970-6616,
WIT-10373,CLM-00588,Nathaniel,,Narang,Nathaniel Narang,98712198707,nathaniel35@outlook.co.in,M,1952-06-11,UID-974036860686,
WIT-10374,CLM-00839,Gaurav,,Dugal,Gaurav Dugal,99689250501,gaurav28@live.com,M,1988-08-01,AADHAR-8985-3360-4494,
WIT-10375,CLM-01651,Vasatika,,Johal,Vasatika Johal,97979229909,vasatika20@rediffmail.com,F,1999-06-02,UID-242722333671,MEM-12702
WIT-10376,CLM-02252,Samar,,Atwal,Samar Atwal,99481340778,samar30@outlook.co.in,M,2006-06-10,AADHAR-1704-2418-5105,
WIT-10377,CLM-02252,Gayathri,,Gera,Gayathri Gera,99646998161,gayathri67@gmail.com,F,1965-09-21,UID-447643110921,
WIT-10378,CLM-01071,Zashil,,Kaul,Zashil Kaul,97558608927,zashil54@gmail.com,M,1979-09-04,UID-690334552541,
WIT-10379,CLM-01075,Nathaniel,,Chakrabarti,Nathaniel Chakrabarti,99143144504,nathaniel19@hotmail.com,M,1951-08-16,UID-574107388993,
WIT-10380,CLM-00170,Gaurav,,Parsa,Gaurav Parsa,99786055283,gaurav23@yahoo.com,M,1964-08-18,VOTER-A832744,
WIT-10381,CLM-02009,Lohit,,Rege,Lohit Rege,97335032721,lohit70@rediffmail.com,M,1979-05-14,AADHAR-1564-5231-9301,
WIT-10382,CLM-02009,Frederick,,Palla,Frederick Palla,97241736897,frederick51@yahoo.com,M,1999-12-27,UID-691058689462,
WIT-10383,CLM-02009,Jalsa,,Goyal,Jalsa Goyal,99228652752,jalsa92@outlook.co.in,F,1974-04-27,VOTER-C409158,MEM-11479
WIT-10384,CLM-02880,Tara,,Grover,Tara Grover,98073558962,tara40@hotmail.com,F,1996-04-02,AADHAR-5518-6426-3838,
WIT-10385,CLM-02880,Chatresh,,Bera,Chatresh Bera,97561336755,chatresh93@hotmail.com,M,1999-12-20,VOTER-D353453,
WIT-10386,CLM-02880,Ayaan,,Trivedi,Ayaan Trivedi,99640608767,ayaan54@hotmail.com,M,1974-04-09,UID-938198594004,
WIT-10387,CLM-00775,Reyansh,,Kunda,Reyansh Kunda,97026182719,reyansh88@live.com,M,2001-07-17,UID-133239844502,
WIT-10388,CLM-00775,Ekalinga,,Bava,Ekalinga Bava,99558651153,ekalinga68@live.com,M,2006-08-30,UID-110897054312,
WIT-10389,CLM-00439,Siddharth,,Atwal,Siddharth Atwal,97651304817,siddharth12@live.com,M,1982-04-27,AADHAR-7528-7423-4078,
WIT-10390,CLM-00439,Eshana,,Bhagat,Eshana Bhagat,97388458474,eshana27@outlook.co.in,F,1997-08-02,AADHAR-2975-4732-5513,
WIT-10391,CLM-00439,Gautam,,Lad,Gautam Lad,99214641719,gautam32@outlook.co.in,M,1986-12-20,VOTER-D392073,
WIT-10392,CLM-01833,Finn,,Mand,Finn Mand,97481193172,finn62@hotmail.com,M,2000-03-08,AADHAR-9351-4417-9640,
WIT-10393,CLM-01833,Gopal,,Varma,Gopal Varma,98695592523,gopal55@gmail.com,M,1952-11-06,AADHAR-6160-4219-8297,
WIT-10394,CLM-01833,Nicholas,,Lanka,Nicholas Lanka,98429533275,nicholas56@hotmail.com,M,1993-06-18,AADHAR-6500-9831-3854,
WIT-10395,CLM-02440,Naksh,,Sarkar,Naksh Sarkar,98174149269,naksh88@rediffmail.com,M,1983-11-24,UID-279402188993,
WIT-10396,CLM-02440,Balhaar,,Pall,Balhaar Pall,99221755378,balhaar35@yahoo.com,M,1983-07-04,AADHAR-1438-1462-3045,
WIT-10397,CLM-01690,Naveen,,Wali,Naveen Wali,98798833341,naveen58@gmail.com,M,2000-06-30,UID-382615794437,
WIT-10398,CLM-01690,Adweta,,Nayak,Adweta Nayak,98823487801,adweta50@outlook.co.in,F,1963-12-08,AADHAR-2925-6758-2465,
WIT-10399,CLM-01690,Barkha,,Savant,Barkha Savant,99010644529,barkha74@live.com,F,1951-10-15,VOTER-B243940,
WIT-10400,CLM-01247,Kevin,,Rajan,Kevin Rajan,99704475215,kevin50@outlook.co.in,M,1998-09-18,VOTER-A351189,
WIT-10401,CLM-01247,Yasti,,Kar,Yasti Kar,97299446683,yasti50@yahoo.com,F,1977-03-22,VOTER-D131876,
WIT-10402,CLM-01373,Unnati,,Kamdar,Unnati Kamdar,98144924284,unnati74@hotmail.com,F,1969-03-08,UID-423381659521,
WIT-10403,CLM-01373,Yagnesh,,Kapur,Yagnesh Kapur,99969526248,yagnesh85@yahoo.com,M,1967-11-21,VOTER-D182955,
WIT-10404,CLM-02322,Max,,Shenoy,Max Shenoy,99168071161,max33@yahoo.com,M,1999-12-26,AADHAR-4782-8979-8423,
WIT-10405,CLM-02322,Ekiya,,Dass,Ekiya Dass,98272082508,ekiya32@hotmail.com,F,1970-07-28,AADHAR-8225-1491-7453,
WIT-10406,CLM-02322,Manan,,Prashad,Manan Prashad,99303115683,manan57@hotmail.com,M,1993-02-21,VOTER-D248351,
WIT-10407,CLM-01250,Urishilla,,Ravi,Urishilla Ravi,97922616306,urishilla20@hotmail.com,F,1993-02-19,AADHAR-4087-6582-5438,MEM-10129
WIT-10408,CLM-01250,Simon,,Bhatti,Simon Bhatti,99643277720,simon63@live.com,M,1961-12-16,AADHAR-8779-6172-9200,
WIT-10409,CLM-01250,Chaaya,,Balasubramanian,Chaaya Balasubramanian,98574330370,chaaya15@live.com,F,2003-08-28,VOTER-B409032,
WIT-10410,CLM-01822,Vihaan,,Hans,Vihaan Hans,99687314528,vihaan49@gmail.com,M,1976-10-06,AADHAR-7860-1605-6604,
WIT-10411,CLM-01822,Luke,,Sur,Luke Sur,98780510255,luke54@rediffmail.com,M,1958-12-10,UID-484731097245,
WIT-10412,CLM-01822,Amara,,Arora,Amara Arora,99519228360,amara58@live.com,F,1963-05-28,UID-958541834472,MEM-11008
WIT-10413,CLM-01791,Sudiksha,,Wable,Sudiksha Wable,99956249439,sudiksha43@outlook.co.in,F,1976-04-23,VOTER-C349151,
WIT-10414,CLM-01791,Odika,,Bobal,Odika Bobal,99098683305,odika28@hotmail.com,F,2002-03-31,UID-175089728108,
WIT-10415,CLM-01405,Lakshit,,Brahmbhatt,Lakshit Brahmbhatt,99555983565,lakshit61@live.com,M,1991-01-03,UID-455993917425,
WIT-10416,CLM-01405,Ijaya,,Joshi,Ijaya Joshi,98284903939,ijaya84@live.com,F,1977-04-06,VOTER-D567960,
WIT-10417,CLM-01405,Jeevika,,Bhakta,Jeevika Bhakta,97365009467,jeevika47@live.com,F,1954-10-05,UID-974717370252,
WIT-10418,CLM-00577,Krisha,,Tata,Krisha Tata,97156903797,krisha32@outlook.co.in,F,1964-08-14,UID-550700656073,
WIT-10419,CLM-00577,Aarna,,Kannan,Aarna Kannan,97896105327,aarna53@hotmail.com,F,1968-04-12,AADHAR-8761-1785-4017,
WIT-10420,CLM-02637,Nakul,,Sabharwal,Nakul Sabharwal,97621597974,nakul39@live.com,M,1978-04-04,UID-959492540153,
WIT-10421,CLM-00629,Lajita,,Doctor,Lajita Doctor,98274885086,lajita55@hotmail.com,F,2004-09-12,AADHAR-6844-8344-8026,
WIT-10422,CLM-02577,Onveer,,Loyal,Onveer Loyal,97138800740,onveer87@live.com,M,1972-08-12,UID-245867935029,
WIT-10423,CLM-02577,Radha,,Gokhale,Radha Gokhale,98732934391,radha68@hotmail.com,F,1969-08-24,UID-366255577921,
WIT-10424,CLM-02577,Ayaan,,Chanda,Ayaan Chanda,99019720688,ayaan54@rediffmail.com,M,1999-03-29,VOTER-E561205,
WIT-10425,CLM-01748,Widisha,,Rana,Widisha Rana,99554396852,widisha16@rediffmail.com,F,1985-07-08,UID-870818392814,
WIT-10426,CLM-02942,Pranav,,Warrior,Pranav Warrior,99486860141,pranav49@rediffmail.com,M,1967-05-20,AADHAR-5007-9081-2045,
WIT-10427,CLM-00293,Aarav,,Lall,Aarav Lall,97577742284,aarav85@gmail.com,M,1996-11-17,AADHAR-2285-7520-7229,MEM-10838
WIT-10428,CLM-00293,Ekani,,Pandey,Ekani Pandey,99508892503,ekani83@gmail.com,F,1989-11-02,VOTER-C822735,
WIT-10429,CLM-00293,Yadavi,,Ramanathan,Yadavi Ramanathan,99422056713,yadavi68@gmail.com,F,1964-01-14,VOTER-C621980,
WIT-10430,CLM-02110,Meghana,,Bhattacharyya,Meghana Bhattacharyya,97696743286,meghana66@outlook.co.in,F,1994-12-14,VOTER-E762968,
WIT-10431,CLM-02632,Manthan,,Lad,Manthan Lad,99501727525,manthan79@hotmail.com,M,1983-04-25,UID-773690113987,
WIT-10432,CLM-01589,Pallavi,,Rao,Pallavi Rao,98248503073,pallavi99@gmail.com,F,1995-03-30,VOTER-C384226,
WIT-10433,CLM-01589,Jagat,,Narasimhan,Jagat Narasimhan,98305336656,jagat63@yahoo.com,M,1987-05-22,VOTER-A948356,MEM-12121
WIT-10434,CLM-00703,Fiyaz,,Jani,Fiyaz Jani,99643844689,fiyaz32@gmail.com,M,1967-01-06,VOTER-C647107,
WIT-10435,CLM-00916,Chanchal,,Nagi,Chanchal Nagi,99590857313,chanchal66@yahoo.com,F,1953-11-19,VOTER-B600573,
WIT-10436,CLM-00916,Bimala,,Kala,Bimala Kala,99221999969,bimala29@rediffmail.com,F,1960-11-20,VOTER-A933660,
WIT-10437,CLM-01031,Harshil,,Bhardwaj,Harshil Bhardwaj,99488185137,harshil89@gmail.com,M,2007-01-19,VOTER-D704254,
WIT-10438,CLM-01031,Ekalinga,,Chatterjee,Ekalinga Chatterjee,99964830141,ekalinga89@rediffmail.com,M,1977-01-01,VOTER-B532398,
WIT-10439,CLM-02876,Nilima,,Dada,Nilima Dada,99854622260,nilima14@outlook.co.in,F,1964-04-06,UID-539215284953,
WIT-10440,CLM-02876,Amol,,Walla,Amol Walla,98676688691,amol70@gmail.com,M,1955-03-19,VOTER-A164114,
WIT-10441,CLM-02876,Janani,,Dayal,Janani Dayal,99612890998,janani71@yahoo.com,F,2006-04-16,VOTER-B698742,
WIT-10442,CLM-02868,Rayaan,,Chaudry,Rayaan Chaudry,97685637548,rayaan29@outlook.co.in,M,1963-10-08,UID-933875536116,
WIT-10443,CLM-02868,Daksh,,Chandran,Daksh Chandran,99523330144,daksh22@live.com,M,1990-03-19,AADHAR-7504-6034-7274,
WIT-10444,CLM-01402,Rayaan,,Rai,Rayaan Rai,97728976481,rayaan27@gmail.com,M,1956-02-25,AADHAR-4065-5771-5596,
WIT-10445,CLM-01402,Dev,,Bath,Dev Bath,97624125228,dev73@gmail.com,M,1960-02-29,AADHAR-1717-3273-7435,
WIT-10446,CLM-02686,Dalaja,,Ramesh,Dalaja Ramesh,97909505957,dalaja93@gmail.com,F,1960-12-02,VOTER-A970769,
WIT-10447,CLM-01677,Sarthak,,Dara,Sarthak Dara,98733347666,sarthak20@rediffmail.com,M,1964-02-19,UID-535273877476,
WIT-10448,CLM-01677,Sudiksha,,Lall,Sudiksha Lall,97122243584,sudiksha94@rediffmail.com,F,2001-12-25,UID-696527906604,
WIT-10449,CLM-01677,Rajeshri,,Vora,Rajeshri Vora,98525707734,rajeshri67@outlook.co.in,F,1959-01-10,UID-542303573769,
WIT-10450,CLM-01397,Ridhi,,Bedi,Ridhi Bedi,97023878616,ridhi62@hotmail.com,F,1988-12-26,VOTER-C981573,
WIT-10451,CLM-00092,Zayan,,Chacko,Zayan Chacko,99930085792,zayan45@rediffmail.com,M,1962-03-18,AADHAR-6102-3957-8953,
WIT-10452,CLM-00092,Avi,,Sandal,Avi Sandal,97976921801,avi49@rediffmail.com,M,1998-09-15,UID-209723791208,
WIT-10453,CLM-01518,Dhruv,,Baral,Dhruv Baral,98044499507,dhruv20@yahoo.com,M,1966-02-05,VOTER-C269232,
WIT-10454,CLM-02394,Zashil,,Choudhary,Zashil Choudhary,99313945949,zashil75@yahoo.com,M,1960-03-21,VOTER-A659597,
WIT-10455,CLM-02394,Madhav,,Dixit,Madhav Dixit,97357208730,madhav88@gmail.com,M,1971-05-24,VOTER-E500763,
WIT-10456,CLM-00932,Jhalak,,Mittal,Jhalak Mittal,97779964648,jhalak43@rediffmail.com,F,1951-03-14,UID-993245713265,
WIT-10457,CLM-00529,Ekalinga,,Naidu,Ekalinga Naidu,99975983584,ekalinga79@gmail.com,M,1959-03-17,VOTER-C321049,
WIT-10458,CLM-00285,Mugdha,,Rattan,Mugdha Rattan,97270997931,mugdha43@outlook.co.in,F,1951-10-27,UID-171188773840,
WIT-10459,CLM-00285,Chakradhar,,Kant,Chakradhar Kant,99081334520,chakradhar44@yahoo.com,M,1963-01-08,UID-428549012829,
WIT-10460,CLM-00285,Vedant,,Rama,Vedant Rama,97769781887,vedant86@outlook.co.in,M,1959-01-28,VOTER-B404428,
WIT-10461,CLM-00164,Shivansh,,Sridhar,Shivansh Sridhar,98245324897,shivansh31@hotmail.com,M,1952-02-09,VOTER-D471673,
WIT-10462,CLM-00164,Peter,,Naidu,Peter Naidu,97134111151,peter93@hotmail.com,M,1977-08-21,AADHAR-3364-9821-7798,
WIT-10463,CLM-00164,Vritti,,Walia,Vritti Walia,97810787103,vritti10@gmail.com,F,1963-01-24,VOTER-D637575,
WIT-10464,CLM-02438,Yug,,Kaur,Yug Kaur,98949022842,yug85@outlook.co.in,M,1957-04-18,UID-472400491771,
WIT-10465,CLM-00059,Ayaan,,Dada,Ayaan Dada,99376502558,ayaan53@outlook.co.in,M,1952-03-06,AADHAR-5793-8850-1521,
WIT-10466,CLM-02478,Omisha,,Naidu,Omisha Naidu,98367063892,omisha27@yahoo.com,F,1965-09-08,VOTER-B914841,MEM-11394
WIT-10467,CLM-02478,Hemal,,Acharya,Hemal Acharya,98028757541,hemal92@gmail.com,F,1989-02-15,VOTER-B593918,
WIT-10468,CLM-00446,Yashodhara,,Khalsa,Yashodhara Khalsa,99682860106,yashodhara40@live.com,F,2007-01-30,UID-986401227718,MEM-10202
WIT-10469,CLM-01410,Madhav,,Bhagat,Madhav Bhagat,98371502419,madhav53@rediffmail.com,M,1950-10-31,AADHAR-8287-4757-4211,
WIT-10470,CLM-01410,Isaiah,,Doshi,Isaiah Doshi,98501331835,isaiah99@outlook.co.in,M,1988-01-14,UID-559448973082,
WIT-10471,CLM-01494,Ishita,,Sama,Ishita Sama,99779304149,ishita70@outlook.co.in,F,1975-07-25,UID-724165883379,
WIT-10472,CLM-02243,Yashoda,,Trivedi,Yashoda Trivedi,97122868078,yashoda90@live.com,F,2004-02-22,UID-550214013123,
WIT-10473,CLM-02243,Nisha,,Gala,Nisha Gala,99393296180,nisha24@outlook.co.in,F,2006-05-13,VOTER-C529820,
WIT-10474,CLM-02015,Omkaar,,Chadha,Omkaar Chadha,99727821616,omkaar95@hotmail.com,M,1982-05-20,UID-684022738549,
WIT-10475,CLM-02015,Indali,,Wagle,Indali Wagle,98460111339,indali26@gmail.com,F,1997-07-15,VOTER-D276641,
WIT-10476,CLM-02015,Tanveer,,Baria,Tanveer Baria,99192153696,tanveer75@gmail.com,M,1984-01-20,UID-439736137014,
WIT-10477,CLM-02570,Bakhshi,,Sunder,Bakhshi Sunder,97339529789,bakhshi89@hotmail.com,M,1954-05-26,AADHAR-3157-1176-9537,
WIT-10478,CLM-01361,Sudiksha,,Sastry,Sudiksha Sastry,99513778064,sudiksha28@yahoo.com,F,1996-05-02,UID-160528771906,
WIT-10479,CLM-01361,Ijaya,,Guha,Ijaya Guha,99676296556,ijaya60@live.com,F,1961-06-09,VOTER-E838537,
WIT-10480,CLM-01361,Upasna,,Chakraborty,Upasna Chakraborty,98342074953,upasna52@outlook.co.in,F,2005-05-03,VOTER-E244824,
WIT-10481,CLM-01202,Arin,,Korpal,Arin Korpal,98983999966,arin30@live.com,M,1973-09-12,AADHAR-8935-2967-8636,
WIT-10482,CLM-01202,Noah,,Sahota,Noah Sahota,99765789063,noah98@rediffmail.com,M,1974-11-13,UID-578845729479,
WIT-10483,CLM-02457,Madhav,,Srivastava,Madhav Srivastava,98660236887,madhav46@rediffmail.com,M,1955-03-20,VOTER-B763918,
WIT-10484,CLM-02457,Baljiwan,,Badami,Baljiwan Badami,97133089833,baljiwan70@outlook.co.in,M,1985-12-12,UID-544294429372,
WIT-10485,CLM-02457,Balhaar,,Divan,Balhaar Divan,98966138670,balhaar13@yahoo.com,M,1975-04-10,AADHAR-7304-3641-9248,
WIT-10486,CLM-01243,Nitara,,Taneja,Nitara Taneja,99833994617,nitara24@hotmail.com,F,1983-07-14,AADHAR-6391-8402-3542,
WIT-10487,CLM-01515,Wriddhish,,Mann,Wriddhish Mann,97196890294,wriddhish64@yahoo.com,M,1969-09-22,AADHAR-2648-9248-6651,
WIT-10488,CLM-01515,Qarin,,Sunder,Qarin Sunder,98827941530,qarin42@gmail.com,M,1959-02-21,UID-974059141857,
WIT-10489,CLM-01515,Harish,,Rai,Harish Rai,98836293871,harish76@rediffmail.com,M,1990-04-29,UID-658774080775,
WIT-10490,CLM-01902,Chakradhar,,Dixit,Chakradhar Dixit,99339799289,chakradhar79@rediffmail.com,M,1963-12-06,VOTER-A758338,
WIT-10491,CLM-00394,Vaishnavi,,Yogi,Vaishnavi Yogi,98470471328,vaishnavi40@outlook.co.in,F,1957-05-22,AADHAR-6803-6611-7401,
WIT-10492,CLM-00394,Jeevika,,Prabhu,Jeevika Prabhu,97192626876,jeevika40@hotmail.com,F,1967-08-29,AADHAR-9560-3225-7797,
WIT-10493,CLM-01157,Hredhaan,,Sabharwal,Hredhaan Sabharwal,97221423710,hredhaan39@rediffmail.com,M,1984-12-01,UID-155802657232,MEM-13085
WIT-10494,CLM-01157,Harshil,,Tailor,Harshil Tailor,97367023380,harshil25@rediffmail.com,M,1992-09-21,AADHAR-4618-2362-4079,
WIT-10495,CLM-01903,Osha,,Bhattacharyya,Osha Bhattacharyya,98346074194,osha53@gmail.com,F,1987-02-24,VOTER-C607439,
WIT-10496,CLM-00767,Nirja,,Baria,Nirja Baria,97113667150,nirja63@rediffmail.com,F,2006-03-21,AADHAR-2043-2143-2853,
WIT-10497,CLM-00840,Saumya,,Lal,Saumya Lal,97130079072,saumya65@yahoo.com,F,1981-03-24,UID-856916597029,MEM-11951
WIT-10498,CLM-00840,Owen,,Balay,Owen Balay,97917445569,owen66@gmail.com,M,1968-03-24,VOTER-D781829,
WIT-10499,CLM-00840,Girindra,,Bhardwaj,Girindra Bhardwaj,99854031501,girindra91@live.com,M,1963-05-06,VOTER-E991339,
WIT-10500,CLM-02070,Priya,,Pillai,Priya Pillai,98553709825,priya38@yahoo.com,F,2000-04-17,UID-376780497836,
WIT-10501,CLM-02070,Abdul,,Soni,Abdul Soni,99861177171,abdul32@rediffmail.com,M,1967-04-24,AADHAR-5804-7030-8503,
WIT-10502,CLM-02410,Nihal,,Soman,Nihal Soman,97888402876,nihal82@gmail.com,M,1982-03-13,AADHAR-4189-8227-2559,
WIT-10503,CLM-02410,Kevin,,Garg,Kevin Garg,99760012076,kevin56@gmail.com,M,1953-11-17,VOTER-A101004,
WIT-10504,CLM-02204,Yamini,,Wali,Yamini Wali,97396831898,yamini55@yahoo.com,F,1975-02-22,AADHAR-1528-3496-8254,
WIT-10505,CLM-02204,Ishaan,,Sheth,Ishaan Sheth,97201005646,ishaan83@hotmail.com,M,2007-10-15,UID-694498608782,
WIT-10506,CLM-01521,Advik,,Gola,Advik Gola,98545711103,advik38@yahoo.com,M,1961-04-29,VOTER-C983585,
WIT-10507,CLM-00475,Zansi,,Keer,Zansi Keer,98486683039,zansi72@outlook.co.in,F,1994-07-22,AADHAR-3862-7094-9318,
WIT-10508,CLM-00475,Inaya,,Shan,Inaya Shan,99406767323,inaya60@hotmail.com,F,2004-09-01,UID-346637303212,
WIT-10509,CLM-02428,Arjun,,Vyas,Arjun Vyas,97558448560,arjun56@hotmail.com,M,1968-09-03,AADHAR-3991-7565-6040,
WIT-10510,CLM-02428,Xalak,,Varkey,Xalak Varkey,97168056520,xalak69@yahoo.com,F,1989-03-03,VOTER-A449039,
WIT-10511,CLM-00006,Umang,,Mallick,Umang Mallick,98343631758,umang78@live.com,M,1971-09-22,UID-130530851033,
WIT-10512,CLM-00186,Naksh,,Chatterjee,Naksh Chatterjee,99706619455,naksh18@live.com,M,2002-08-14,AADHAR-7650-9252-7348,
WIT-10513,CLM-01901,Varsha,,Bali,Varsha Bali,98245019709,varsha92@hotmail.com,F,1988-11-17,AADHAR-9920-5247-3275,
WIT-10514,CLM-00890,Faqid,,Choudhary,Faqid Choudhary,98121358387,faqid98@rediffmail.com,M,1985-05-08,VOTER-E632079,
WIT-10515,CLM-00890,Harsh,,Palan,Harsh Palan,99378468785,harsh79@yahoo.com,M,1971-10-19,AADHAR-5937-8540-3321,
WIT-10516,CLM-01116,Yauvani,,Kale,Yauvani Kale,98948459543,yauvani52@gmail.com,F,1973-11-15,VOTER-E645323,
WIT-10517,CLM-01116,Dayita,,Badami,Dayita Badami,99317712686,dayita45@live.com,F,1973-03-02,UID-268363940758,
WIT-10518,CLM-00760,Geetika,,Ramanathan,Geetika Ramanathan,99600431762,geetika65@outlook.co.in,F,1955-11-23,UID-805718395266,
WIT-10519,CLM-00760,Wakeeta,,Verma,Wakeeta Verma,97539783118,wakeeta24@outlook.co.in,F,1959-10-04,AADHAR-3630-7916-7726,
WIT-10520,CLM-00760,Kevin,,Dubey,Kevin Dubey,97171447596,kevin93@yahoo.com,M,1964-06-05,VOTER-C325490,
WIT-10521,CLM-02274,Shravya,,Sandhu,Shravya Sandhu,97402114064,shravya68@yahoo.com,F,1993-08-23,VOTER-E373427,
WIT-10522,CLM-02274,Ekansh,,Jayaraman,Ekansh Jayaraman,97541430367,ekansh46@hotmail.com,M,1999-05-16,AADHAR-8279-5389-8009,
WIT-10523,CLM-02274,Yamini,,Sami,Yamini Sami,99649378234,yamini83@hotmail.com,F,2000-09-13,VOTER-B253120,
WIT-10524,CLM-02730,Rudra,,Buch,Rudra Buch,98896083329,rudra90@hotmail.com,M,1956-12-21,UID-891026693490,
WIT-10525,CLM-02730,Zarna,,Rajan,Zarna Rajan,99029604565,zarna89@outlook.co.in,F,1997-11-07,AADHAR-7354-4435-5187,
WIT-10526,CLM-02730,Krish,,Pillai,Krish Pillai,98388146139,krish99@yahoo.com,M,1973-10-10,UID-376884328222,
WIT-10527,CLM-02988,Yashvi,,Kaul,Yashvi Kaul,99534530807,yashvi86@outlook.co.in,F,1971-09-29,UID-171110115817,
WIT-10528,CLM-02988,Anika,,Chandra,Anika Chandra,97016717245,anika85@yahoo.com,F,2003-01-08,AADHAR-6875-8549-5715,
WIT-10529,CLM-02988,Kabir,,Batta,Kabir Batta,99980039173,kabir94@rediffmail.com,M,1996-03-18,AADHAR-1974-4110-7955,
WIT-10530,CLM-03000,Qabil,,Bhattacharyya,Qabil Bhattacharyya,98747014188,qabil81@hotmail.com,M,2005-11-10,AADHAR-2743-1352-5383,
WIT-10531,CLM-03000,Geetika,,Yogi,Geetika Yogi,97895820910,geetika84@gmail.com,F,1964-07-01,UID-491311297546,
WIT-10532,CLM-00012,Jagdish,,Kara,Jagdish Kara,97389310617,jagdish24@gmail.com,M,1991-06-20,VOTER-A121273,MEM-11819
WIT-10533,CLM-00012,Kalpit,,Nagar,Kalpit Nagar,98619374702,kalpit22@outlook.co.in,M,1952-05-11,AADHAR-3414-5057-6548,
WIT-10534,CLM-00012,Dhruv,,Taneja,Dhruv Taneja,98810671481,dhruv93@gmail.com,M,1956-08-03,AADHAR-7617-3778-2582,
WIT-10535,CLM-01647,Girindra,,Dada,Girindra Dada,99451491447,girindra31@rediffmail.com,M,1962-11-20,UID-426379825506,
WIT-10536,CLM-01647,Vansha,,Buch,Vansha Buch,99647523302,vansha40@gmail.com,F,1983-05-30,AADHAR-3460-7043-5916,
WIT-10537,CLM-01647,Jeremiah,,Bhargava,Jeremiah Bhargava,98729182474,jeremiah69@hotmail.com,M,2000-05-14,AADHAR-1483-9258-3841,
WIT-10538,CLM-01144,Pushti,,Kaur,Pushti Kaur,97322665117,pushti46@live.com,F,1975-06-23,UID-232506209166,
WIT-10539,CLM-00644,Bhavna,,Dora,Bhavna Dora,99949310137,bhavna39@hotmail.com,F,1961-01-10,AADHAR-5157-4378-6901,
WIT-10540,CLM-00644,Falak,,Sunder,Falak Sunder,99972054198,falak41@live.com,F,1980-01-30,VOTER-B849581,
WIT-10541,CLM-00644,Elijah,,Kohli,Elijah Kohli,97969657628,elijah13@gmail.com,M,1976-03-29,AADHAR-2551-8182-4443,
WIT-10542,CLM-02811,Neelima,,Aggarwal,Neelima Aggarwal,99418989423,neelima51@hotmail.com,F,2004-05-25,UID-850572944341,MEM-11076
WIT-10543,CLM-02811,Ranbir,,Sankaran,Ranbir Sankaran,99452753112,ranbir53@live.com,M,1984-08-19,UID-869099661685,
WIT-10544,CLM-02811,Neel,,Kakar,Neel Kakar,99642744595,neel36@live.com,M,1966-11-07,AADHAR-8453-6100-2560,
WIT-10545,CLM-01986,Jagrati,,Deep,Jagrati Deep,97662169973,jagrati43@gmail.com,F,1962-10-25,UID-668345611709,
WIT-10546,CLM-01986,Diya,,Lal,Diya Lal,97237616038,diya46@live.com,F,1958-03-03,AADHAR-9125-9510-4054,
WIT-10547,CLM-01986,Viraj,,Naik,Viraj Naik,97233352982,viraj68@live.com,M,1979-05-23,UID-132824711160,
WIT-10548,CLM-01745,Harish,,Pathak,Harish Pathak,99362141556,harish98@live.com,M,1968-06-05,AADHAR-3548-4756-3662,
WIT-10549,CLM-01745,Niharika,,Deshmukh,Niharika Deshmukh,97982684909,niharika38@outlook.co.in,F,1989-04-15,AADHAR-1911-9025-1471,
WIT-10550,CLM-02016,Yug,,Chhabra,Yug Chhabra,97213389678,yug12@rediffmail.com,M,1961-08-26,UID-587269496507,MEM-10035
WIT-10551,CLM-01716,Ekantika,,Raman,Ekantika Raman,98405310649,ekantika67@live.com,F,1975-04-19,UID-163395271946,
WIT-10552,CLM-01086,Theodore,,Roy,Theodore Roy,99300643930,theodore82@hotmail.com,M,1979-03-03,AADHAR-1663-7228-1230,
WIT-10553,CLM-00061,Rushil,,Goda,Rushil Goda,99001343671,rushil31@gmail.com,M,1975-09-04,UID-664649201971,
WIT-10554,CLM-00061,Siddharth,,Yohannan,Siddharth Yohannan,99697000599,siddharth25@outlook.co.in,M,1964-09-26,VOTER-E414384,
WIT-10555,CLM-00358,Rayaan,,Seshadri,Rayaan Seshadri,97035833270,rayaan62@outlook.co.in,M,1987-06-08,AADHAR-8868-6389-4765,
WIT-10556,CLM-01684,Logan,,Varghese,Logan Varghese,99564501976,logan92@gmail.com,M,1982-03-02,VOTER-E687029,
WIT-10557,CLM-02159,Bhavini,,Kunda,Bhavini Kunda,99521661688,bhavini71@yahoo.com,F,1968-06-11,VOTER-B637841,
WIT-10558,CLM-02159,Eesha,,Puri,Eesha Puri,98819277990,eesha97@outlook.co.in,F,1983-06-22,UID-689848143526,
WIT-10559,CLM-02106,Eta,,Khosla,Eta Khosla,97238530373,eta80@yahoo.com,F,1988-06-20,UID-280307352607,
WIT-10560,CLM-02974,Yutika,,Chaudhry,Yutika Chaudhry,97615437601,yutika60@hotmail.com,F,1957-10-17,UID-114739843937,
WIT-10561,CLM-02974,Ayaan,,Memon,Ayaan Memon,98470213293,ayaan35@gmail.com,M,1987-07-17,AADHAR-3600-3301-6195,
WIT-10562,CLM-01328,Madhavi,,Wali,Madhavi Wali,97333095154,madhavi24@live.com,F,1995-08-26,AADHAR-8479-3332-3791,
WIT-10563,CLM-01072,Eiravati,,Goswami,Eiravati Goswami,99395572610,eiravati24@hotmail.com,F,1973-12-07,AADHAR-1553-2313-7865,
WIT-10564,CLM-02133,Warinder,,Thaker,Warinder Thaker,97488633171,warinder91@live.com,M,1950-03-10,UID-250549784044,
WIT-10565,CLM-02133,Christopher,,Chaudry,Christopher Chaudry,98196047208,christopher12@gmail.com,M,1976-05-01,VOTER-A436218,
WIT-10566,CLM-02133,Yashasvi,,Rastogi,Yashasvi Rastogi,98791276090,yashasvi70@outlook.co.in,F,1980-11-14,VOTER-B154051,
WIT-10567,CLM-02872,Oliver,,Prakash,Oliver Prakash,99547931813,oliver74@hotmail.com,M,1960-05-26,AADHAR-6320-3523-6607,
WIT-10568,CLM-02872,Widisha,,Krishnamurthy,Widisha Krishnamurthy,99359797350,widisha65@live.com,F,1982-01-07,UID-966899101601,MEM-12467
WIT-10569,CLM-02872,Eshana,,Shah,Eshana Shah,97763856106,eshana73@gmail.com,F,1977-03-31,AADHAR-6315-4417-6367,
WIT-10570,CLM-02752,Ayaan,,Karpe,Ayaan Karpe,99481834723,ayaan12@live.com,M,1985-05-04,VOTER-E589648,
WIT-10571,CLM-02752,Ojas,,Bali,Ojas Bali,97995460096,ojas46@live.com,M,1965-03-28,UID-130984777583,
WIT-10572,CLM-02752,Jeremiah,,Mani,Jeremiah Mani,99508836263,jeremiah48@yahoo.com,M,2003-05-17,UID-700713298964,
WIT-10573,CLM-02003,Rayaan,,Verma,Rayaan Verma,98152880064,rayaan19@hotmail.com,M,1982-12-12,UID-301931062191,MEM-12911
WIT-10574,CLM-00981,Azad,,Dasgupta,Azad Dasgupta,97715362611,azad88@yahoo.com,M,1992-07-25,VOTER-E737823,
WIT-10575,CLM-00981,Jatin,,Sridhar,Jatin Sridhar,99432775721,jatin48@hotmail.com,M,1962-04-10,AADHAR-3988-2305-6841,
WIT-10576,CLM-00981,Nathan,,Kaur,Nathan Kaur,97903450396,nathan96@outlook.co.in,M,1988-07-30,AADHAR-9283-7019-6117,
WIT-10577,CLM-00373,Aachal,,Babu,Aachal Babu,98772075902,aachal24@live.com,F,1963-11-28,AADHAR-8453-9492-5462,
WIT-10578,CLM-00373,Gautam,,Buch,Gautam Buch,99230258163,gautam65@hotmail.com,M,1951-05-06,UID-266221425861,
WIT-10579,CLM-01951,Upma,,Ahluwalia,Upma Ahluwalia,97453319427,upma26@outlook.co.in,F,1978-01-19,VOTER-C671832,
WIT-10580,CLM-01347,Omkaar,,Bal,Omkaar Bal,99786275302,omkaar22@outlook.co.in,M,1950-03-04,AADHAR-4850-2496-4300,
WIT-10581,CLM-01347,Krishna,,Gala,Krishna Gala,98067344383,krishna50@rediffmail.com,F,1967-08-06,VOTER-C657132,
WIT-10582,CLM-01347,Sachi,,Issac,Sachi Issac,99965179121,sachi72@live.com,F,1974-10-12,AADHAR-7291-4181-9398,
WIT-10583,CLM-02207,Manya,,Chhabra,Manya Chhabra,97444164604,manya50@hotmail.com,F,2000-12-15,VOTER-A714179,
WIT-10584,CLM-00476,Ladli,,Padmanabhan,Ladli Padmanabhan,98522848761,ladli44@outlook.co.in,F,1975-07-22,AADHAR-1940-8597-3904,
WIT-10585,CLM-00476,Avni,,Reddy,Avni Reddy,97711008393,avni26@yahoo.com,F,1966-04-23,VOTER-A308579,
WIT-10586,CLM-00043,George,,Manda,George Manda,98245576843,george83@rediffmail.com,M,1968-02-04,UID-886161743077,
WIT-10587,CLM-02911,Libni,,Hans,Libni Hans,99373266660,libni75@yahoo.com,F,2004-11-18,AADHAR-2170-1393-7590,
WIT-10588,CLM-02911,Zayyan,,Keer,Zayyan Keer,99486660698,zayyan72@live.com,M,1968-09-14,UID-680220223568,MEM-11353
WIT-10589,CLM-02911,Sanaya,,Sibal,Sanaya Sibal,98409139784,sanaya85@live.com,F,1966-07-20,UID-451191139316,
WIT-10590,CLM-01688,Ojas,,Handa,Ojas Handa,99601086671,ojas99@rediffmail.com,M,1961-07-12,UID-402457466909,MEM-10176
WIT-10591,CLM-01688,Forum,,Barman,Forum Barman,99805945531,forum26@outlook.co.in,F,1999-08-26,AADHAR-7823-5562-7541,MEM-11575
WIT-10592,CLM-01688,Ranbir,,Merchant,Ranbir Merchant,98336475829,ranbir77@live.com,M,1955-09-14,VOTER-E539895,
WIT-10593,CLM-01604,Omisha,,Naidu,Omisha Naidu,98367063892,omisha27@yahoo.com,F,1965-09-08,VOTER-B914841,MEM-11394
WIT-10594,CLM-01604,William,,Purohit,William Purohit,97168046005,william48@gmail.com,M,1970-04-10,VOTER-E166204,
WIT-10595,CLM-00847,Zarna,,Uppal,Zarna Uppal,98139067311,zarna22@rediffmail.com,F,1955-06-25,UID-313874258688,
WIT-10596,CLM-02063,Maanav,,Swamy,Maanav Swamy,97807721243,maanav14@hotmail.com,M,1976-01-21,AADHAR-7827-8279-5476,
WIT-10597,CLM-02063,Pallavi,,Tripathi,Pallavi Tripathi,99261419805,pallavi72@hotmail.com,F,1970-10-27,AADHAR-1595-2605-8903,MEM-11257
WIT-10598,CLM-02063,Zashil,,Kurian,Zashil Kurian,99688828446,zashil39@gmail.com,M,1962-08-31,AADHAR-1654-6492-3096,MEM-13049
WIT-10599,CLM-02275,Zilmil,,Singhal,Zilmil Singhal,99026235719,zilmil91@hotmail.com,F,1979-03-28,AADHAR-6165-3063-3149,MEM-11395
WIT-10600,CLM-00508,Neha,,Sem,Neha Sem,99184319657,neha32@outlook.co.in,F,1956-07-19,VOTER-A807400,
WIT-10601,CLM-00508,Dominic,,Mani,Dominic Mani,99485883668,dominic78@live.com,M,1988-10-29,AADHAR-5886-1888-3067,MEM-12992
WIT-10602,CLM-00508,Rachit,,Swamy,Rachit Swamy,99691227573,rachit59@outlook.co.in,M,1961-08-26,UID-107712509892,
WIT-10603,CLM-00136,Damyanti,,Pal,Damyanti Pal,99780058944,damyanti24@hotmail.com,F,1988-10-20,AADHAR-1965-2302-9851,MEM-11211
WIT-10604,CLM-00136,Arjun,,Gupta,Arjun Gupta,98570292833,arjun13@outlook.co.in,M,1967-07-06,UID-105578495557,
WIT-10605,CLM-00136,Sanya,,Pai,Sanya Pai,99055402677,sanya29@hotmail.com,F,2000-02-07,UID-490063062384,
WIT-10606,CLM-00480,Hema,,Shah,Hema Shah,99363569743,hema79@live.com,F,2007-05-31,VOTER-D675485,
WIT-10607,CLM-00751,Aditya,,Zachariah,Aditya Zachariah,98884330829,aditya87@gmail.com,M,1999-01-20,AADHAR-4999-3616-5089,
WIT-10608,CLM-01881,Rudra,,Wali,Rudra Wali,98906577515,rudra85@outlook.co.in,M,2003-06-13,UID-669216501223,
WIT-10609,CLM-01046,Champak,,Nadig,Champak Nadig,97384555092,champak27@gmail.com,M,1979-04-29,VOTER-B742571,
WIT-10610,CLM-01046,Udant,,Salvi,Udant Salvi,99558568325,udant21@yahoo.com,M,1999-04-10,VOTER-B341410,
WIT-10611,CLM-01046,Eiravati,,Chaudhuri,Eiravati Chaudhuri,97537902199,eiravati68@live.com,F,1997-12-24,VOTER-A730750,
WIT-10612,CLM-02002,Lohit,,Kaur,Lohit Kaur,98166498296,lohit75@rediffmail.com,M,1989-04-10,VOTER-D445600,
WIT-10613,CLM-01612,Anusha,,Varghese,Anusha Varghese,97062792180,anusha36@yahoo.com,F,1956-01-12,VOTER-E511158,
WIT-10614,CLM-01612,Nachiket,,Dhar,Nachiket Dhar,98591077587,nachiket55@yahoo.com,M,1957-02-12,AADHAR-5417-3590-8320,
WIT-10615,CLM-00793,Chanchal,,Solanki,Chanchal Solanki,98791905911,chanchal50@gmail.com,F,1977-01-27,UID-974545273053,
WIT-10616,CLM-00793,Mohini,,Borra,Mohini Borra,98511415530,mohini23@gmail.com,F,1964-08-08,VOTER-B854215,MEM-10594
WIT-10617,CLM-00374,Vasatika,,Sehgal,Vasatika Sehgal,99365723426,vasatika72@yahoo.com,F,1998-02-17,AADHAR-5957-9568-9446,
WIT-10618,CLM-00374,Samaksh,,Iyengar,Samaksh Iyengar,99557646554,samaksh32@live.com,M,2003-06-04,AADHAR-9679-7610-3639,MEM-12136
WIT-10619,CLM-00374,Udyati,,Sinha,Udyati Sinha,97237759543,udyati60@hotmail.com,F,1989-10-20,VOTER-A364975,
WIT-10620,CLM-01790,Faris,,Sur,Faris Sur,97701669456,faris99@hotmail.com,M,1967-04-20,UID-446420567159,
WIT-10621,CLM-01790,Zaitra,,Naidu,Zaitra Naidu,98459117094,zaitra18@yahoo.com,F,1953-12-11,AADHAR-3013-9215-2778,
WIT-10622,CLM-01790,Vrinda,,Mistry,Vrinda Mistry,99006729317,vrinda20@yahoo.com,F,1983-03-04,VOTER-A284412,
WIT-10623,CLM-02145,Ayushman,,Chowdhury,Ayushman Chowdhury,99971505196,ayushman76@rediffmail.com,M,1978-10-03,UID-993386394200,
WIT-10624,CLM-02145,Gavin,,Sabharwal,Gavin Sabharwal,98856409911,gavin69@hotmail.com,M,1956-07-02,VOTER-D175194,
WIT-10625,CLM-02145,Ethan,,Puri,Ethan Puri,98418908252,ethan39@outlook.co.in,M,1993-10-06,VOTER-A473270,
WIT-10626,CLM-02642,Kashvi,,Kalita,Kashvi Kalita,99700553056,kashvi16@live.com,F,1994-05-10,AADHAR-9627-2147-7641,
WIT-10627,CLM-02642,Upasna,,Choudhry,Upasna Choudhry,99115430869,upasna61@gmail.com,F,1953-09-14,AADHAR-1395-9002-1301,
WIT-10628,CLM-02642,Oviya,,Borra,Oviya Borra,99484728933,oviya79@yahoo.com,F,1957-10-01,UID-719889790733,
WIT-10629,CLM-02532,Avi,,Jha,Avi Jha,99987005100,avi71@yahoo.com,M,1999-04-24,VOTER-E983160,MEM-13250
WIT-10630,CLM-00339,Ekansh,,Basu,Ekansh Basu,97599516450,ekansh88@outlook.co.in,M,1969-02-06,UID-630093429435,
WIT-10631,CLM-00339,Frederick,,Maharaj,Frederick Maharaj,97482438101,frederick72@gmail.com,M,1960-08-07,VOTER-D132901,
WIT-10632,CLM-00339,Parth,,Kannan,Parth Kannan,99816945098,parth56@gmail.com,M,1998-10-04,UID-855899153660,
WIT-10633,CLM-00231,Yashvi,,Jain,Yashvi Jain,98332081390,yashvi96@outlook.co.in,F,1995-04-01,VOTER-A330266,
WIT-10634,CLM-01437,Harinakshi,,Som,Harinakshi Som,97353374484,harinakshi90@rediffmail.com,F,1978-02-16,AADHAR-5101-8613-9205,
WIT-10635,CLM-00109,Nathan,,Borah,Nathan Borah,98319556077,nathan85@gmail.com,M,2006-08-31,VOTER-A346784,
WIT-10636,CLM-00109,Daksh,,Narayanan,Daksh Narayanan,99449707321,daksh32@rediffmail.com,M,1984-01-08,VOTER-C760993,
WIT-10637,CLM-02751,Vidhi,,Pandey,Vidhi Pandey,98629784308,vidhi74@rediffmail.com,F,2004-06-17,UID-128377922208,
WIT-10638,CLM-02246,Bimala,,Varty,Bimala Varty,99954215010,bimala31@live.com,F,2000-07-22,AADHAR-8468-2127-4133,
WIT-10639,CLM-02246,Yatan,,Chada,Yatan Chada,98964621588,yatan82@hotmail.com,M,1975-12-06,VOTER-C980172,MEM-13065
WIT-10640,CLM-02246,Qushi,,Bhat,Qushi Bhat,98155577769,qushi66@outlook.co.in,F,2001-03-09,UID-435081642158,
WIT-10641,CLM-02737,Noah,,Handa,Noah Handa,99348995772,noah78@live.com,M,2002-11-16,UID-213245075727,
WIT-10642,CLM-00521,Aradhana,,Chokshi,Aradhana Chokshi,98958476325,aradhana79@hotmail.com,F,1961-08-06,VOTER-C544419,
WIT-10643,CLM-00521,Arin,,Boase,Arin Boase,98466940547,arin58@gmail.com,M,1970-03-27,VOTER-B350389,
WIT-10644,CLM-00521,Chakradhar,,Chadha,Chakradhar Chadha,99653270333,chakradhar73@hotmail.com,M,1952-10-02,VOTER-D633757,
WIT-10645,CLM-00756,Chaaya,,Padmanabhan,Chaaya Padmanabhan,98637381592,chaaya78@gmail.com,F,1970-02-05,AADHAR-5316-6989-7796,
WIT-10646,CLM-00756,Tejas,,Murty,Tejas Murty,98335472690,tejas90@hotmail.com,M,1960-01-08,UID-335896869726,MEM-11631
WIT-10647,CLM-00251,Ikbal,,Sane,Ikbal Sane,98533952034,ikbal20@yahoo.com,M,1985-09-13,AADHAR-1149-4012-1341,
WIT-10648,CLM-00251,Oscar,,Seshadri,Oscar Seshadri,97639042926,oscar28@live.com,M,1975-01-18,VOTER-A378953,
WIT-10649,CLM-02448,Ojasvi,,Bhatia,Ojasvi Bhatia,97048505886,ojasvi66@gmail.com,F,1999-05-12,AADHAR-1073-2638-8176,
WIT-10650,CLM-02448,Ijaya,,Bedi,Ijaya Bedi,97939256004,ijaya35@rediffmail.com,F,1985-07-08,UID-451724496681,
WIT-10651,CLM-02722,Yagnesh,,Ramaswamy,Yagnesh Ramaswamy,97957734784,yagnesh70@hotmail.com,M,2003-05-29,VOTER-E113193,
WIT-10652,CLM-02722,Rishi,,Viswanathan,Rishi Viswanathan,98992973159,rishi21@gmail.com,M,1966-01-12,UID-515867767828,
WIT-10653,CLM-00747,Chaaya,,Ramanathan,Chaaya Ramanathan,98423504505,chaaya40@yahoo.com,F,1990-06-05,AADHAR-6499-8446-9013,
WIT-10654,CLM-00747,Vrishti,,Ravel,Vrishti Ravel,98815098183,vrishti27@gmail.com,F,1971-03-16,AADHAR-9113-9183-2959,
WIT-10655,CLM-00697,Wyatt,,Varghese,Wyatt Varghese,97516202118,wyatt10@outlook.co.in,M,1971-04-24,UID-109466620415,
WIT-10656,CLM-01375,Keya,,Sahni,Keya Sahni,97092346415,keya18@hotmail.com,F,1967-09-01,VOTER-D119812,
WIT-10657,CLM-01375,Avi,,Datta,Avi Datta,98392463324,avi76@rediffmail.com,M,1999-09-30,AADHAR-3828-1707-3371,
WIT-10658,CLM-01919,Qushi,,Pradhan,Qushi Pradhan,98314922724,qushi80@gmail.com,F,1964-05-11,UID-959027656236,
WIT-10659,CLM-02012,Rushil,,Sekhon,Rushil Sekhon,99346653527,rushil77@rediffmail.com,M,2003-11-14,AADHAR-2711-6619-5266,
WIT-10660,CLM-02012,Forum,,Sengupta,Forum Sengupta,98549598443,forum76@hotmail.com,F,1977-02-03,VOTER-A511862,
WIT-10661,CLM-01206,Niharika,,Din,Niharika Din,98778976413,niharika63@gmail.com,F,2002-03-30,VOTER-C653621,
WIT-10662,CLM-01206,Hemal,,Gole,Hemal Gole,99253070557,hemal73@gmail.com,F,1969-12-13,AADHAR-4159-7105-8729,
WIT-10663,CLM-02676,Indali,,Dugar,Indali Dugar,99351812629,indali65@live.com,F,1984-12-20,VOTER-E511931,
WIT-10664,CLM-01254,Finn,,Datta,Finn Datta,97849307375,finn83@gmail.com,M,1980-08-26,VOTER-C628743,
WIT-10665,CLM-01254,Qushi,,Sodhi,Qushi Sodhi,99195223478,qushi80@live.com,F,2003-01-01,VOTER-C333393,
WIT-10666,CLM-01254,Ayaan,,Mahajan,Ayaan Mahajan,97626311821,ayaan46@rediffmail.com,M,1950-11-15,UID-492079569008,
WIT-10667,CLM-00813,Darpan,,Rao,Darpan Rao,98390501395,darpan69@yahoo.com,M,1993-05-09,VOTER-E832682,
WIT-10668,CLM-00813,Jagrati,,Prabhakar,Jagrati Prabhakar,98222471985,jagrati55@rediffmail.com,F,1960-02-02,VOTER-B932362,
WIT-10669,CLM-01305,Pratyush,,Manda,Pratyush Manda,99434654709,pratyush20@hotmail.com,M,1974-11-05,UID-531795011397,
WIT-10670,CLM-00591,Dhruv,,Pandya,Dhruv Pandya,97996804726,dhruv18@gmail.com,M,1950-02-18,AADHAR-3041-7921-8262,
WIT-10671,CLM-00591,Upadhriti,,Bassi,Upadhriti Bassi,98036117572,upadhriti15@outlook.co.in,F,1977-10-16,AADHAR-2322-8199-9258,MEM-12430
WIT-10672,CLM-00591,Neelima,,Kaul,Neelima Kaul,97292893003,neelima27@gmail.com,F,1965-08-25,VOTER-A904053,
WIT-10673,CLM-00445,Patrick,,Shankar,Patrick Shankar,99234976664,patrick94@live.com,M,1970-12-18,UID-667286386415,
WIT-10674,CLM-00445,Mitesh,,Sheth,Mitesh Sheth,99762112027,mitesh38@live.com,M,1994-09-02,VOTER-A461643,MEM-11565
WIT-10675,CLM-00445,Ishwar,,More,Ishwar More,97417331693,ishwar75@yahoo.com,M,1950-11-02,VOTER-E850329,
WIT-10676,CLM-02288,Vincent,,Chaudhary,Vincent Chaudhary,99916150632,vincent90@outlook.co.in,M,1986-04-26,VOTER-E488661,
WIT-10677,CLM-02288,Azad,,Dhawan,Azad Dhawan,97373152466,azad44@yahoo.com,M,1968-11-24,UID-107993870525,
WIT-10678,CLM-02288,Qabil,,Uppal,Qabil Uppal,98616528098,qabil78@gmail.com,M,1966-07-11,VOTER-B758512,MEM-10978
WIT-10679,CLM-00244,Rayaan,,Dhawan,Rayaan Dhawan,99704601144,rayaan12@rediffmail.com,M,1996-12-09,AADHAR-4492-9540-8768,MEM-12559
WIT-10680,CLM-00244,Sara,,Kuruvilla,Sara Kuruvilla,97077287426,sara33@hotmail.com,F,1967-02-11,AADHAR-6135-5787-7537,MEM-13497
WIT-10681,CLM-01231,Ati,,Madan,Ati Madan,98643571842,ati23@rediffmail.com,F,1974-01-04,VOTER-C733041,
WIT-10682,CLM-01231,Nandini,,Magar,Nandini Magar,98477233487,nandini59@outlook.co.in,F,1951-03-02,VOTER-E471004,
WIT-10683,CLM-01231,Atharv,,Varty,Atharv Varty,97199178886,atharv14@hotmail.com,M,1963-03-05,AADHAR-8351-8612-9972,
WIT-10684,CLM-01940,Ekaraj,,Basu,Ekaraj Basu,99399241433,ekaraj99@rediffmail.com,M,1974-06-07,AADHAR-4611-8616-9079,
WIT-10685,CLM-01940,Diya,,Mammen,Diya Mammen,97968077214,diya30@gmail.com,F,1991-09-19,AADHAR-7801-8708-5447,
WIT-10686,CLM-01940,Vedika,,Sur,Vedika Sur,99529177145,vedika52@live.com,F,1986-01-15,VOTER-C700342,
WIT-10687,CLM-02604,Adweta,,Savant,Adweta Savant,99604280608,adweta40@gmail.com,F,1976-01-19,AADHAR-2508-2879-8802,
WIT-10688,CLM-02604,Harrison,,Mittal,Harrison Mittal,97964503060,harrison98@gmail.com,M,1975-12-13,UID-769817105152,
WIT-10689,CLM-01779,Faras,,Lad,Faras Lad,97783454618,faras57@gmail.com,M,1950-11-13,UID-615280938846,
WIT-10690,CLM-01779,Wridesh,,Ganguly,Wridesh Ganguly,97666057946,wridesh24@rediffmail.com,M,1986-04-04,AADHAR-6320-1235-9823,
WIT-10691,CLM-02254,Hemal,,Kapadia,Hemal Kapadia,97153173179,hemal33@outlook.co.in,F,1994-11-04,UID-164794206273,
WIT-10692,CLM-02254,Ati,,Aggarwal,Ati Aggarwal,98645619902,ati14@yahoo.com,F,1976-02-24,VOTER-E948594,
WIT-10693,CLM-02254,Damini,,Bhavsar,Damini Bhavsar,99739266708,damini70@gmail.com,F,1969-01-25,VOTER-D103971,
WIT-10694,CLM-00695,Dhruv,,Jaggi,Dhruv Jaggi,97882725297,dhruv69@hotmail.com,M,1960-02-28,AADHAR-3890-1183-2017,MEM-12614
WIT-10695,CLM-00695,Dhruv,,Dixit,Dhruv Dixit,98304435634,dhruv83@outlook.co.in,M,1976-11-18,VOTER-D386608,
WIT-10696,CLM-00159,Darsh,,Pillai,Darsh Pillai,99512975285,darsh22@outlook.co.in,M,1989-06-29,AADHAR-6179-5944-8509,
WIT-10697,CLM-00159,Kevin,,Bhakta,Kevin Bhakta,99623931927,kevin35@gmail.com,M,1954-08-02,UID-473154288605,
WIT-10698,CLM-01578,Anika,,Konda,Anika Konda,99064682865,anika80@yahoo.com,F,1999-02-18,UID-140342931439,
WIT-10699,CLM-01578,Unni,,Bhasin,Unni Bhasin,97590958873,unni70@yahoo.com,F,1978-02-12,UID-224439834968,
WIT-10700,CLM-00584,Mitali,,Naidu,Mitali Naidu,98645334832,mitali45@yahoo.com,F,1992-04-13,UID-498741619271,
WIT-10701,CLM-00584,Mahika,,Chaudhary,Mahika Chaudhary,99647548232,mahika20@hotmail.com,F,1990-11-14,UID-905721010441,
WIT-10702,CLM-02031,Sathvik,,Lanka,Sathvik Lanka,99502451703,sathvik87@live.com,M,1991-07-27,VOTER-B348224,
WIT-10703,CLM-02031,Qasim,,De,Qasim De,99008151137,qasim15@rediffmail.com,M,1999-10-17,UID-763872820191,
WIT-10704,CLM-01870,Yashoda,,Nagarajan,Yashoda Nagarajan,97217426331,yashoda78@yahoo.com,F,2004-11-26,UID-345034614697,
WIT-10705,CLM-01870,Saumya,,Gaba,Saumya Gaba,97865156945,saumya82@hotmail.com,F,1975-08-24,VOTER-A998273,MEM-10135
WIT-10706,CLM-00443,Hiral,,Jain,Hiral Jain,99673830981,hiral85@gmail.com,F,1968-01-01,VOTER-C782446,
WIT-10707,CLM-00443,Oscar,,Dash,Oscar Dash,98132960503,oscar32@hotmail.com,M,1983-12-18,AADHAR-7695-7844-9981,
WIT-10708,CLM-00443,Ryan,,Basak,Ryan Basak,98924061451,ryan68@yahoo.com,M,1974-08-18,UID-217627102294,
WIT-10709,CLM-00025,Nidra,,Prabhu,Nidra Prabhu,99033233674,nidra75@rediffmail.com,F,1987-09-22,AADHAR-9052-5792-7844,
WIT-10710,CLM-00025,Parth,,Chaudhari,Parth Chaudhari,98711155535,parth19@rediffmail.com,M,1982-12-30,UID-877324283574,MEM-11512
WIT-10711,CLM-01000,Siddharth,,Jhaveri,Siddharth Jhaveri,98191572986,siddharth59@live.com,M,1996-11-11,VOTER-A200059,
WIT-10712,CLM-01000,Pahal,,Shroff,Pahal Shroff,97241943965,pahal85@gmail.com,F,1985-12-17,UID-224095147183,
WIT-10713,CLM-02387,Saanvi,,Sarin,Saanvi Sarin,98543418114,saanvi52@hotmail.com,F,1987-04-23,VOTER-D293981,
WIT-10714,CLM-01904,Liam,,Brar,Liam Brar,97513892603,liam22@hotmail.com,M,2007-10-29,UID-229551734963,
WIT-10715,CLM-01904,Aachal,,Hora,Aachal Hora,98928796744,aachal85@outlook.co.in,F,2003-07-26,VOTER-A478136,
WIT-10716,CLM-01887,Ikbal,,Arora,Ikbal Arora,97179317758,ikbal69@rediffmail.com,M,1977-09-03,UID-117078954921,
WIT-10717,CLM-02262,Finn,,Raman,Finn Raman,98222147036,finn70@outlook.co.in,M,1996-07-22,AADHAR-2251-8454-5414,
WIT-10718,CLM-02262,Jalsa,,Wali,Jalsa Wali,99295602709,jalsa60@hotmail.com,F,1961-02-04,VOTER-C400983,
WIT-10719,CLM-02742,Aarnav,,Dugal,Aarnav Dugal,98744900537,aarnav89@outlook.co.in,M,1985-02-03,UID-822532120539,
WIT-10720,CLM-01802,Kashvi,,Rama,Kashvi Rama,99468046372,kashvi82@outlook.co.in,F,2004-10-31,VOTER-C925201,
WIT-10721,CLM-01802,Zashil,,Goswami,Zashil Goswami,98965420822,zashil79@outlook.co.in,M,1974-04-27,VOTER-D205586,
WIT-10722,CLM-01802,Luke,,Palan,Luke Palan,99562836655,luke74@gmail.com,M,1971-06-16,AADHAR-7407-5017-4834,
WIT-10723,CLM-02017,Qushi,,Pradhan,Qushi Pradhan,99544025835,qushi24@live.com,F,1950-08-27,AADHAR-5733-1030-7415,
WIT-10724,CLM-01932,Tristan,,Srivastava,Tristan Srivastava,97650319182,tristan39@outlook.co.in,M,1989-03-15,AADHAR-6728-2837-7071,
WIT-10725,CLM-01969,Alexander,,Gulati,Alexander Gulati,98035814991,alexander16@yahoo.com,M,1979-05-21,AADHAR-4186-2919-5101,
WIT-10726,CLM-01566,Chatura,,Narayan,Chatura Narayan,99955936079,chatura10@live.com,M,2001-04-14,UID-670608055668,
WIT-10727,CLM-01566,Lila,,Date,Lila Date,99881656059,lila14@live.com,F,1997-11-17,UID-625375531092,
WIT-10728,CLM-01580,Anmol,,Chakrabarti,Anmol Chakrabarti,97471567539,anmol15@rediffmail.com,M,1962-03-31,AADHAR-7152-1618-2181,
WIT-10729,CLM-01580,Turvi,,Mody,Turvi Mody,98291303775,turvi95@gmail.com,F,1997-05-06,UID-557822298228,
WIT-10730,CLM-01765,Idika,,Sundaram,Idika Sundaram,99257823665,idika30@hotmail.com,F,1952-10-25,AADHAR-2318-3850-8642,
WIT-10731,CLM-01765,Aachal,,Sampath,Aachal Sampath,98358301742,aachal98@hotmail.com,F,1971-10-03,AADHAR-3318-3674-6071,
WIT-10732,CLM-01214,Yauvani,,Mannan,Yauvani Mannan,97759748803,yauvani29@live.com,F,1953-12-24,UID-645592086703,
WIT-10733,CLM-02465,Aarav,,Kunda,Aarav Kunda,99701749143,aarav99@gmail.com,M,1950-01-24,UID-659464255520,
WIT-10734,CLM-02465,Ekapad,,Sarna,Ekapad Sarna,98422075419,ekapad48@hotmail.com,M,1991-07-08,AADHAR-5999-4529-2280,MEM-12937
WIT-10735,CLM-02465,Zayan,,Chakraborty,Zayan Chakraborty,97704782376,zayan26@gmail.com,M,1992-10-06,UID-924558437102,
WIT-10736,CLM-01693,Upma,,Natarajan,Upma Natarajan,97071681213,upma85@yahoo.com,F,1984-08-03,UID-903299677783,
WIT-10737,CLM-01693,Yashodhara,,Bahri,Yashodhara Bahri,98382800741,yashodhara80@live.com,F,1956-08-28,VOTER-B360809,
WIT-10738,CLM-01693,Tarak,,Mukhopadhyay,Tarak Mukhopadhyay,99400574659,tarak50@rediffmail.com,M,1957-12-31,VOTER-A744714,
WIT-10739,CLM-02853,Hitesh,,Saraf,Hitesh Saraf,99663894757,hitesh71@yahoo.com,M,2004-01-29,AADHAR-3083-6055-3626,MEM-10579
WIT-10740,CLM-02853,Ria,,Mutti,Ria Mutti,99774903223,ria44@live.com,F,1972-07-21,UID-290828921955,
WIT-10741,CLM-02853,Jeet,,Suri,Jeet Suri,99970680615,jeet43@rediffmail.com,M,1980-06-18,AADHAR-4434-3895-4318,
WIT-10742,CLM-02486,Chakradev,,Bains,Chakradev Bains,99049608665,chakradev50@hotmail.com,M,1960-12-25,UID-672126962230,
WIT-10743,CLM-02486,Nitesh,,Cheema,Nitesh Cheema,99401138304,nitesh64@rediffmail.com,M,2001-07-01,UID-277309595045,
WIT-10744,CLM-02129,Alexander,,Sethi,Alexander Sethi,97459334118,alexander77@live.com,M,1968-03-13,UID-272300765164,
WIT-10745,CLM-02129,Jeremiah,,Varghese,Jeremiah Varghese,97214005345,jeremiah49@gmail.com,M,2002-07-13,VOTER-D514619,
WIT-10746,CLM-02129,Omkaar,,Bakshi,Omkaar Bakshi,98991488154,omkaar14@yahoo.com,M,1955-03-03,VOTER-A205463,
WIT-10747,CLM-00996,Upkaar,,Ramakrishnan,Upkaar Ramakrishnan,99074262238,upkaar81@hotmail.com,M,1966-01-08,UID-368031440284,
WIT-10748,CLM-00996,Kamya,,Kala,Kamya Kala,97271827626,kamya74@rediffmail.com,F,1992-01-19,UID-712399780013,
WIT-10749,CLM-01976,Jonathan,,Bahl,Jonathan Bahl,98671254156,jonathan83@rediffmail.com,M,1955-11-09,AADHAR-5917-6034-7165,
WIT-10750,CLM-01976,Vansha,,Bajaj,Vansha Bajaj,97580662387,vansha86@rediffmail.com,F,1987-11-29,UID-608313082350,
WIT-10751,CLM-02521,Ayaan,,Seshadri,Ayaan Seshadri,99557560407,ayaan34@outlook.co.in,M,1959-10-25,VOTER-B261084,
WIT-10752,CLM-02521,Urmi,,Sami,Urmi Sami,98326721631,urmi95@hotmail.com,F,1963-07-10,UID-832976309498,
WIT-10753,CLM-01829,Tanmayi,,Sabharwal,Tanmayi Sabharwal,98306369054,tanmayi75@live.com,F,1980-06-19,AADHAR-9838-1908-9512,
WIT-10754,CLM-02760,Bhavna,,Arya,Bhavna Arya,98450823132,bhavna51@gmail.com,F,1951-03-30,AADHAR-7361-5046-4016,
WIT-10755,CLM-02760,Gauri,,Shetty,Gauri Shetty,98639215255,gauri75@outlook.co.in,F,1951-07-12,AADHAR-5730-2957-1320,
WIT-10756,CLM-02869,Tristan,,Kannan,Tristan Kannan,98520332677,tristan55@gmail.com,M,1987-06-27,AADHAR-6635-7249-3570,
WIT-10757,CLM-02869,Meghana,,Purohit,Meghana Purohit,97704815537,meghana75@yahoo.com,F,1984-04-15,VOTER-B811509,
WIT-10758,CLM-00485,Kamya,,Varghese,Kamya Varghese,99783580032,kamya89@hotmail.com,F,2001-10-15,AADHAR-2335-3632-8384,
WIT-10759,CLM-00485,Pavani,,Majumdar,Pavani Majumdar,97464621644,pavani69@yahoo.com,F,1969-06-27,UID-165525917350,
WIT-10760,CLM-00485,Yagnesh,,Dugal,Yagnesh Dugal,97328984923,yagnesh30@live.com,M,1976-11-06,VOTER-C807505,
WIT-10761,CLM-02825,Anirudh,,Kalita,Anirudh Kalita,99320374748,anirudh96@gmail.com,M,1991-04-02,VOTER-C990447,
WIT-10762,CLM-01101,Dayamai,,Khurana,Dayamai Khurana,99115935430,dayamai27@gmail.com,F,1962-06-08,VOTER-E693946,MEM-11371
WIT-10763,CLM-01280,Yatan,,Butala,Yatan Butala,97621848039,yatan74@gmail.com,M,1997-08-07,AADHAR-5691-7820-3868,MEM-13115
WIT-10764,CLM-00196,Vivaan,,Merchant,Vivaan Merchant,98209990364,vivaan82@gmail.com,M,2004-09-24,AADHAR-8807-9723-3135,MEM-12152
WIT-10765,CLM-00196,Jason,,Munshi,Jason Munshi,98382912103,jason83@gmail.com,M,1955-05-27,AADHAR-7744-2763-1173,
WIT-10766,CLM-00196,Andrew,,Naidu,Andrew Naidu,99695464736,andrew34@yahoo.com,M,1983-09-30,UID-974107898082,
WIT-10767,CLM-00780,Aarav,,Sangha,Aarav Sangha,98837817156,aarav12@hotmail.com,M,1978-01-31,UID-490508960247,
WIT-10768,CLM-00780,Saumya,,Dora,Saumya Dora,98233835686,saumya65@hotmail.com,F,1977-06-06,UID-717856619117,
WIT-10769,CLM-00780,Vidhi,,Nair,Vidhi Nair,97050353914,vidhi56@gmail.com,F,2005-06-17,AADHAR-1704-4422-1316,
WIT-10770,CLM-00688,Ekiya,,Korpal,Ekiya Korpal,97447438526,ekiya87@hotmail.com,F,1961-05-02,AADHAR-9482-4881-7643,MEM-11816
WIT-10771,CLM-02174,Zehaan,,Chaudhuri,Zehaan Chaudhuri,98545273213,zehaan54@hotmail.com,M,1973-08-11,UID-814861530942,
WIT-10772,CLM-00743,Pooja,,Pant,Pooja Pant,98227211206,pooja69@yahoo.com,F,1963-04-27,UID-277524119059,
WIT-10773,CLM-00743,Neel,,Pall,Neel Pall,98410830152,neel84@live.com,M,1978-05-03,UID-228378912198,MEM-10331
WIT-10774,CLM-00743,Bakhshi,,Taneja,Bakhshi Taneja,98071468822,bakhshi28@rediffmail.com,M,2002-08-30,VOTER-B373246,
WIT-10775,CLM-02887,Lopa,,Hans,Lopa Hans,97897423741,lopa57@gmail.com,F,1954-01-29,VOTER-A746489,
WIT-10776,CLM-02887,Tanvi,,Mittal,Tanvi Mittal,99036687453,tanvi29@outlook.co.in,F,1955-12-10,AADHAR-1628-5683-5879,
WIT-10777,CLM-00176,Triya,,Bahl,Triya Bahl,97955400181,triya11@live.com,F,1972-03-26,VOTER-B564301,
WIT-10778,CLM-00176,Pranit,,Swamy,Pranit Swamy,99838669012,pranit58@live.com,M,1975-11-01,UID-194217461606,
WIT-10779,CLM-00176,Anusha,,Hayre,Anusha Hayre,97690169994,anusha62@outlook.co.in,F,1963-12-29,VOTER-A653806,
WIT-10780,CLM-00050,Pushti,,Edwin,Pushti Edwin,98741946823,pushti83@hotmail.com,F,2000-03-17,UID-833376340445,
WIT-10781,CLM-02136,Hardik,,Lalla,Hardik Lalla,98472944647,hardik46@gmail.com,M,1997-05-20,VOTER-E118311,
WIT-10782,CLM-02136,Aditya,,Sachar,Aditya Sachar,97955156005,aditya97@hotmail.com,M,1977-08-20,UID-721537824440,
WIT-10783,CLM-02136,Onkar,,Dey,Onkar Dey,99057586577,onkar12@gmail.com,M,1970-07-16,VOTER-C188339,
WIT-10784,CLM-02523,Ranveer,,Lala,Ranveer Lala,98435503075,ranveer78@live.com,M,1999-07-23,VOTER-B331166,
WIT-10785,CLM-02523,Sanya,,Kade,Sanya Kade,97836295928,sanya96@live.com,F,1956-08-21,UID-153586510603,
WIT-10786,CLM-00126,Rehaan,,Seshadri,Rehaan Seshadri,97576527557,rehaan60@live.com,M,2005-05-30,AADHAR-5803-9062-9605,
WIT-10787,CLM-00126,Pratyush,,Bala,Pratyush Bala,99935800895,pratyush22@yahoo.com,M,1951-07-15,VOTER-E182019,
WIT-10788,CLM-00126,Neel,,Rajan,Neel Rajan,98969670529,neel96@live.com,M,1997-11-14,UID-742347227521,
WIT-10789,CLM-01581,Yug,,Mane,Yug Mane,99776120036,yug42@hotmail.com,M,1960-09-16,UID-229642639010,
WIT-10790,CLM-02283,Aayush,,Sunder,Aayush Sunder,98486115901,aayush54@outlook.co.in,M,1973-08-30,AADHAR-7520-8045-1852,
WIT-10791,CLM-02615,Avni,,Patla,Avni Patla,97360028571,avni72@hotmail.com,F,2002-05-02,VOTER-C793215,
WIT-10792,CLM-02615,Chakradev,,Parmer,Chakradev Parmer,97472698416,chakradev26@live.com,M,1958-04-28,AADHAR-7545-5875-9857,
WIT-10793,CLM-02615,Shivansh,,Comar,Shivansh Comar,97853167914,shivansh28@live.com,M,2006-03-26,AADHAR-9112-2463-8512,
WIT-10794,CLM-02164,Rehaan,,Talwar,Rehaan Talwar,99810820294,rehaan77@hotmail.com,M,1971-03-28,UID-438632910303,
WIT-10795,CLM-02164,Gaurika,,Rege,Gaurika Rege,98176544784,gaurika63@hotmail.com,F,1956-02-27,AADHAR-3178-6849-5551,
WIT-10796,CLM-02370,Ijaya,,Char,Ijaya Char,97252446167,ijaya15@outlook.co.in,F,1993-02-20,VOTER-A121097,
WIT-10797,CLM-02248,Dhriti,,Som,Dhriti Som,98014002033,dhriti89@rediffmail.com,F,1977-07-21,VOTER-A179012,
WIT-10798,CLM-01256,Lila,,More,Lila More,97938708447,lila59@hotmail.com,F,1964-10-11,UID-729641215902,
WIT-10799,CLM-01256,Ethan,,Yadav,Ethan Yadav,97041744297,ethan12@live.com,M,1973-07-02,AADHAR-4947-2556-9984,
WIT-10800,CLM-02453,Lakshmi,,Deshmukh,Lakshmi Deshmukh,97925639361,lakshmi65@rediffmail.com,F,1979-09-21,UID-487138125410,
WIT-10801,CLM-02505,Udarsh,,Ram,Udarsh Ram,98511628027,udarsh77@live.com,M,1977-02-02,VOTER-B738630,MEM-10439
WIT-10802,CLM-02399,Pranit,,Bawa,Pranit Bawa,98735832525,pranit99@gmail.com,M,1985-05-08,UID-881026782073,
WIT-10803,CLM-02399,Megha,,Boase,Megha Boase,99362919511,megha48@yahoo.com,F,1956-01-28,VOTER-E767906,
WIT-10804,CLM-02518,Rehaan,,Mutti,Rehaan Mutti,98153010861,rehaan92@live.com,M,1992-12-02,VOTER-B208440,
WIT-10805,CLM-00829,Vanya,,Arya,Vanya Arya,97528081618,vanya29@hotmail.com,F,1983-10-01,AADHAR-2805-6281-1751,
WIT-10806,CLM-02082,Anjali,,Nori,Anjali Nori,97718357708,anjali17@rediffmail.com,F,1994-02-10,UID-856558177706,
WIT-10807,CLM-02948,Ekanta,,Khatri,Ekanta Khatri,98752080124,ekanta79@hotmail.com,F,1975-11-08,VOTER-B738250,
WIT-10808,CLM-02826,Indrajit,,Sarna,Indrajit Sarna,97406871898,indrajit67@live.com,M,1962-12-14,AADHAR-3104-4223-7161,
WIT-10809,CLM-02968,Amara,,Rana,Amara Rana,98773232338,amara85@live.com,F,1952-02-10,UID-329953887482,
WIT-10810,CLM-02968,Aarav,,Pau,Aarav Pau,98271930818,aarav50@yahoo.com,M,2001-01-06,VOTER-E906004,MEM-10773
WIT-10811,CLM-02544,Yashvi,,Banerjee,Yashvi Banerjee,98133819704,yashvi44@gmail.com,F,1977-04-07,VOTER-C953499,
WIT-10812,CLM-00338,Veer,,Lanka,Veer Lanka,99711409776,veer63@gmail.com,M,1960-03-03,VOTER-E159816,
WIT-10813,CLM-00338,Jack,,Banik,Jack Banik,99496073537,jack57@gmail.com,M,2002-10-05,UID-346027769410,
WIT-10814,CLM-01579,Dayamai,,Pingle,Dayamai Pingle,97961978909,dayamai92@rediffmail.com,F,1980-01-07,UID-144540240020,
WIT-10815,CLM-01579,Harrison,,Taneja,Harrison Taneja,97093868744,harrison38@outlook.co.in,M,1996-03-04,AADHAR-6748-5121-4554,
WIT-10816,CLM-01579,Janya,,Pandya,Janya Pandya,97009381196,janya20@gmail.com,F,2005-02-01,VOTER-A500686,
WIT-10817,CLM-02493,Harita,,Mittal,Harita Mittal,97078622173,harita11@outlook.co.in,F,1955-04-09,UID-809122805319,
WIT-10818,CLM-00144,Faras,,Gandhi,Faras Gandhi,98431601916,faras77@outlook.co.in,M,1953-09-01,UID-970652322639,
WIT-10819,CLM-00144,Hemani,,Boase,Hemani Boase,97412752275,hemani22@yahoo.com,F,1967-01-13,VOTER-B693361,
WIT-10820,CLM-01447,Varenya,,Sen,Varenya Sen,97987622796,varenya35@outlook.co.in,F,1997-11-24,VOTER-A974093,
WIT-10821,CLM-00989,Nirja,,Sampath,Nirja Sampath,99321455944,nirja62@outlook.co.in,F,1967-06-18,UID-561817032229,
WIT-10822,CLM-00681,Oviya,,Khatri,Oviya Khatri,98034624130,oviya81@gmail.com,F,1950-12-17,VOTER-B830252,
WIT-10823,CLM-01403,Amruta,,Bhargava,Amruta Bhargava,99717995590,amruta32@outlook.co.in,F,1976-02-27,VOTER-A132745,
WIT-10824,CLM-01403,Onkar,,Pall,Onkar Pall,98219728738,onkar68@gmail.com,M,1968-03-27,UID-616814147251,
WIT-10825,CLM-01403,Vaishnavi,,Bawa,Vaishnavi Bawa,98786178425,vaishnavi67@outlook.co.in,F,1956-06-16,AADHAR-7595-9653-2390,
WIT-10826,CLM-01796,Aarnav,,Mahajan,Aarnav Mahajan,99941237090,aarnav48@live.com,M,2004-07-07,AADHAR-1821-9633-4412,
WIT-10827,CLM-01796,Chaman,,Shetty,Chaman Shetty,99035742995,chaman56@live.com,F,1974-10-12,AADHAR-8161-1928-3138,
WIT-10828,CLM-01796,Aadhya,,Bal,Aadhya Bal,97619175198,aadhya18@yahoo.com,F,1964-07-29,VOTER-A845365,
WIT-10829,CLM-00032,Isaiah,,Kapur,Isaiah Kapur,99907895704,isaiah22@live.com,M,2002-04-11,VOTER-E459484,
WIT-10830,CLM-00032,Tanveer,,Borde,Tanveer Borde,99184984054,tanveer11@yahoo.com,M,1981-11-27,AADHAR-6812-9086-4909,
WIT-10831,CLM-00032,Yasti,,Purohit,Yasti Purohit,98121382592,yasti40@outlook.co.in,F,1958-05-05,VOTER-D743495,
WIT-10832,CLM-01414,Advik,,Pathak,Advik Pathak,98620269555,advik53@gmail.com,M,1973-11-01,AADHAR-4346-2648-1625,
WIT-10833,CLM-01810,Victor,,Chandran,Victor Chandran,97085823973,victor61@outlook.co.in,M,1952-03-26,VOTER-B844496,
WIT-10834,CLM-01810,Patrick,,Bora,Patrick Bora,98550070024,patrick95@gmail.com,M,1954-09-12,AADHAR-7399-5727-1811,
WIT-10835,CLM-01810,Warinder,,Gour,Warinder Gour,98297444900,warinder62@yahoo.com,M,1998-10-30,AADHAR-8907-5322-4345,
WIT-10836,CLM-01434,Nikita,,Rege,Nikita Rege,97534042573,nikita48@gmail.com,F,1961-01-19,UID-909787086510,
WIT-10837,CLM-01434,Nisha,,Chandra,Nisha Chandra,98879958237,nisha49@hotmail.com,F,2003-12-06,AADHAR-4388-1186-5332,
WIT-10838,CLM-01776,Chavvi,,Pillay,Chavvi Pillay,99153686267,chavvi71@rediffmail.com,F,1968-03-31,VOTER-B393741,
WIT-10839,CLM-00017,Ranveer,,Subramaniam,Ranveer Subramaniam,97719390029,ranveer18@outlook.co.in,M,1962-11-24,UID-791326635519,
WIT-10840,CLM-00017,Kai,,Om,Kai Om,99542938426,kai77@yahoo.com,M,1950-08-29,UID-759152807482,
WIT-10841,CLM-01894,Simon,,Chaudhuri,Simon Chaudhuri,99948623475,simon58@yahoo.com,M,2005-12-14,UID-229533764608,
WIT-10842,CLM-01894,Vritti,,Basak,Vritti Basak,99606419619,vritti31@gmail.com,F,1961-02-02,UID-208451322411,
WIT-10843,CLM-01894,Ekaraj,,Kashyap,Ekaraj Kashyap,98860018048,ekaraj18@live.com,M,1999-01-31,AADHAR-8640-4706-7739,
WIT-10844,CLM-02564,Widisha,,Palla,Widisha Palla,99550742816,yamini88@yahoo.com,F,2001-05-21,UID-799187529363,
WIT-10845,CLM-02564,Megha,,Jaggi,Megha Jaggi,98210777973,megha93@yahoo.com,F,1978-09-14,UID-131778798954,
WIT-10846,CLM-02564,Warjas,,Lal,Warjas Lal,99529390642,warjas61@outlook.co.in,M,1966-03-24,UID-301802698063,
WIT-10847,CLM-01803,Adweta,,Rattan,Adweta Rattan,98791838313,adweta50@hotmail.com,F,1992-01-17,UID-635651745513,
WIT-10848,CLM-01803,Hema,,Kalita,Hema Kalita,99290469849,hema79@gmail.com,F,1959-06-12,AADHAR-3119-5813-8509,
WIT-10849,CLM-01803,Ayush,,Krishnamurthy,Ayush Krishnamurthy,98175204373,ayush51@live.com,M,2001-07-16,UID-824899094469,
WIT-10850,CLM-01522,Balhaar,,Radhakrishnan,Balhaar Radhakrishnan,98524211166,balhaar22@yahoo.com,M,1977-07-22,VOTER-A401441,
WIT-10851,CLM-01522,Rehaan,,Anne,Rehaan Anne,98656626952,rehaan10@rediffmail.com,M,2001-06-05,VOTER-D129862,
WIT-10852,CLM-01348,Teerth,,Khatri,Teerth Khatri,98398452424,teerth42@gmail.com,M,1991-02-05,AADHAR-3820-1505-6508,
WIT-10853,CLM-01348,Zayan,,Gour,Zayan Gour,99370892942,zayan78@yahoo.com,M,1988-07-09,AADHAR-6246-7329-7921,
WIT-10854,CLM-01348,Hemal,,Kadakia,Hemal Kadakia,97302740058,hemal16@hotmail.com,F,1975-02-14,UID-473255383857,
WIT-10855,CLM-02643,Yug,,Kar,Yug Kar,99738216364,yug48@yahoo.com,M,1990-02-22,AADHAR-6853-4311-5712,
WIT-10856,CLM-02643,Baghyawati,,Sridhar,Baghyawati Sridhar,99013337778,baghyawati47@gmail.com,F,1955-09-01,AADHAR-5640-6516-8266,
WIT-10857,CLM-02467,Kabir,,Joshi,Kabir Joshi,97554676259,kabir76@yahoo.com,M,1963-12-25,VOTER-B676135,
WIT-10858,CLM-00777,Naksh,,Dixit,Naksh Dixit,99422135020,naksh94@hotmail.com,M,1973-12-08,UID-353475955037,
WIT-10859,CLM-00116,Janya,,Subramaniam,Janya Subramaniam,97410478914,janya26@yahoo.com,F,1998-07-28,UID-790724262534,
WIT-10860,CLM-00116,Gabriel,,Jain,Gabriel Jain,98475628249,gabriel76@rediffmail.com,M,1962-06-16,VOTER-E874356,MEM-13185
WIT-10861,CLM-01485,Sathvik,,Samra,Sathvik Samra,97654338495,sathvik62@gmail.com,M,2005-03-30,AADHAR-2201-9270-3826,
WIT-10862,CLM-00463,Idika,,Bajaj,Idika Bajaj,98568744312,idika20@gmail.com,F,1992-05-06,VOTER-B352820,
WIT-10863,CLM-00463,Amaira,,Dutt,Amaira Dutt,99983159039,amaira19@yahoo.com,F,1995-05-31,VOTER-D747892,MEM-10690
WIT-10864,CLM-00044,Vincent,,Patel,Vincent Patel,97830314161,vincent57@outlook.co.in,M,1964-01-07,VOTER-C475671,
WIT-10865,CLM-00044,Isaac,,Andra,Isaac Andra,98399279103,isaac73@hotmail.com,M,1989-04-16,AADHAR-1611-4701-8592,
WIT-10866,CLM-01335,Jhalak,,Sodhi,Jhalak Sodhi,99398798810,jhalak61@gmail.com,F,1961-08-22,AADHAR-2822-7775-1177,
WIT-10867,CLM-02378,Arya,,Dugar,Arya Dugar,97193995208,arya64@live.com,F,1951-04-12,UID-202429903904,
WIT-10868,CLM-02378,Samuel,,Nagi,Samuel Nagi,97914658484,samuel20@live.com,M,1974-05-12,AADHAR-6579-8077-1274,
WIT-10869,CLM-02378,Alexander,,Chatterjee,Alexander Chatterjee,97487577507,alexander82@yahoo.com,M,2005-01-15,AADHAR-3636-7442-9740,
WIT-10870,CLM-00990,Ayaan,,Choudhary,Ayaan Choudhary,99544466673,ayaan37@live.com,M,1999-06-05,UID-681993450145,
WIT-10871,CLM-00990,Bhavya,,Sehgal,Bhavya Sehgal,99225273429,bhavya35@live.com,F,1984-10-11,VOTER-D480146,
WIT-10872,CLM-01061,Krishna,,Kar,Krishna Kar,98790477762,krishna20@rediffmail.com,M,1968-12-22,AADHAR-3923-8499-1452,
WIT-10873,CLM-01061,Lajita,,Kumar,Lajita Kumar,97370858349,lajita33@live.com,F,1976-06-19,VOTER-D625666,
WIT-10874,CLM-00862,Ubika,,Srivastava,Ubika Srivastava,97244369219,ubika31@yahoo.com,F,1957-11-23,UID-834669645187,
WIT-10875,CLM-00862,Xalak,,Chaudry,Xalak Chaudry,99341390958,xalak90@yahoo.com,F,1964-06-05,UID-246982781841,
WIT-10876,CLM-00519,Vinaya,,Subramaniam,Vinaya Subramaniam,98953464841,vinaya21@hotmail.com,F,1971-07-03,AADHAR-4858-5082-6442,
WIT-10877,CLM-00519,Geetika,,Dhawan,Geetika Dhawan,97999482308,geetika30@outlook.co.in,F,2002-10-12,VOTER-A226752,
WIT-10878,CLM-00519,Sai,,Kala,Sai Kala,99864745171,sai81@outlook.co.in,F,1969-04-30,UID-504832945601,
WIT-10879,CLM-02477,Neha,,Kamdar,Neha Kamdar,97600155787,neha87@rediffmail.com,F,1977-10-15,UID-369338341445,
WIT-10880,CLM-02477,Veer,,Bahri,Veer Bahri,97136977935,veer48@live.com,M,1978-07-04,UID-149711626376,MEM-13215
WIT-10881,CLM-02477,Alka,,Zachariah,Alka Zachariah,97084763345,alka32@rediffmail.com,F,1997-09-26,AADHAR-7597-5606-2650,
WIT-10882,CLM-01346,Chandran,,Saraf,Chandran Saraf,98449969393,chandran63@outlook.co.in,M,1970-09-30,VOTER-B470944,
WIT-10883,CLM-01346,Noah,,Raj,Noah Raj,98705187840,noah19@yahoo.com,M,2006-05-24,UID-717877904832,
WIT-10884,CLM-01346,Teerth,,Zachariah,Teerth Zachariah,99288112465,teerth75@outlook.co.in,M,1978-03-06,UID-437261377452,
WIT-10885,CLM-01855,Sanaya,,Gour,Sanaya Gour,99950595644,sanaya20@live.com,F,1964-05-11,VOTER-D444683,
WIT-10886,CLM-02011,Yagnesh,,Garde,Yagnesh Garde,99272005328,yagnesh73@live.com,M,1967-05-15,UID-587697740925,
WIT-10887,CLM-00302,Vansha,,Balasubramanian,Vansha Balasubramanian,97342431930,vansha11@outlook.co.in,F,1966-10-14,AADHAR-3520-8737-7715,
WIT-10888,CLM-00302,Radha,,Walla,Radha Walla,98762072908,radha77@hotmail.com,F,1967-08-28,AADHAR-4055-7812-9703,MEM-12171
WIT-10889,CLM-00815,Hemangini,,Bava,Hemangini Bava,97985779381,hemangini86@rediffmail.com,F,1978-10-25,AADHAR-8013-4359-5018,
WIT-10890,CLM-00815,Meera,,Tella,Meera Tella,97738098599,meera46@yahoo.com,F,2000-10-18,AADHAR-7141-5920-2923,
WIT-10891,CLM-01400,Theodore,,Sharaf,Theodore Sharaf,99402229486,theodore29@rediffmail.com,M,1981-11-29,AADHAR-2606-6349-2369,
WIT-10892,CLM-01400,Darika,,Thakur,Darika Thakur,98602012754,darika40@hotmail.com,F,1997-06-12,AADHAR-2079-8023-7057,
WIT-10893,CLM-01372,Pallavi,,Amble,Pallavi Amble,98751084217,pallavi76@live.com,F,1987-12-15,VOTER-D657689,
WIT-10894,CLM-01372,Meghana,,Shankar,Meghana Shankar,98128471874,meghana26@rediffmail.com,F,1964-07-18,AADHAR-5489-1495-2793,
WIT-10895,CLM-00237,Lavanya,,De,Lavanya De,98845653022,lavanya33@rediffmail.com,F,1963-11-28,UID-327239634875,
WIT-10896,CLM-00237,Gaurika,,Talwar,Gaurika Talwar,99223907771,gaurika84@rediffmail.com,F,2005-07-31,VOTER-C499145,MEM-11101
WIT-10897,CLM-01069,Rajeshri,,Chad,Rajeshri Chad,98772651425,rajeshri81@live.com,F,1987-05-14,UID-585272808885,
WIT-10898,CLM-01069,Indira,,Pandey,Indira Pandey,99582570619,indira84@live.com,F,1984-03-13,UID-133932847799,
WIT-10899,CLM-01069,Agastya,,Shere,Agastya Shere,98410866390,agastya13@rediffmail.com,M,2004-05-31,VOTER-A452454,MEM-13092
WIT-10900,CLM-00238,Geetika,,Sengupta,Geetika Sengupta,97515160590,geetika65@yahoo.com,F,1963-05-25,AADHAR-8879-5320-1008,
WIT-10901,CLM-00238,Manthan,,Kade,Manthan Kade,98649009785,manthan79@outlook.co.in,M,1966-11-01,UID-963930585489,
WIT-10902,CLM-00819,Vinaya,,Mangat,Vinaya Mangat,97738880021,vinaya77@live.com,F,1955-09-19,AADHAR-7434-8617-2013,
WIT-10903,CLM-00316,Rishi,,Chaudhry,Rishi Chaudhry,97609513384,rishi30@outlook.co.in,M,2001-11-22,AADHAR-9906-8217-7679,
WIT-10904,CLM-00316,Zaitra,,Nayar,Zaitra Nayar,99386427069,zaitra40@hotmail.com,F,1988-12-13,AADHAR-8805-5076-9294,
WIT-10905,CLM-00316,Ekavir,,Boase,Ekavir Boase,98826189590,ekavir42@live.com,M,1975-03-30,VOTER-D464723,
WIT-10906,CLM-02237,Ranveer,,Barad,Ranveer Barad,98813146029,ranveer96@yahoo.com,M,1957-12-28,AADHAR-2551-5413-7672,
WIT-10907,CLM-02237,Harsh,,Tailor,Harsh Tailor,99234114162,harsh94@outlook.co.in,M,1995-11-25,AADHAR-5818-3003-3403,
WIT-10908,CLM-00395,Ikbal,,Maharaj,Ikbal Maharaj,99302401713,ikbal70@rediffmail.com,M,1993-04-17,VOTER-A316519,
WIT-10909,CLM-00395,Ishwar,,Varughese,Ishwar Varughese,99901193147,ishwar11@gmail.com,M,1970-12-27,VOTER-C785135,
WIT-10910,CLM-01753,Arjun,,Banik,Arjun Banik,98748665006,arjun80@hotmail.com,M,1969-01-18,VOTER-C489707,
WIT-10911,CLM-01753,Quincy,,Bali,Quincy Bali,97322256609,quincy28@live.com,M,1989-08-12,AADHAR-6383-7921-3647,
WIT-10912,CLM-01753,Timothy,,Solanki,Timothy Solanki,98326273982,timothy52@outlook.co.in,M,1981-10-14,UID-106621260580,
WIT-10913,CLM-01799,Hardik,,Ratta,Hardik Ratta,97499227875,hardik36@outlook.co.in,M,1980-08-23,UID-521594000880,
WIT-10914,CLM-01799,Sai,,Arora,Sai Arora,99682819922,sai48@hotmail.com,F,2002-09-22,AADHAR-6963-5830-4174,
WIT-10915,CLM-01799,Baljiwan,,Khare,Baljiwan Khare,98439959174,baljiwan78@rediffmail.com,M,1980-11-04,VOTER-B234479,
WIT-10916,CLM-01758,Logan,,Boase,Logan Boase,97335364217,logan36@rediffmail.com,M,1991-07-14,UID-306069276958,
WIT-10917,CLM-01758,Aashi,,Shankar,Aashi Shankar,98481733435,aashi74@rediffmail.com,F,1951-09-20,VOTER-C568961,
WIT-10918,CLM-01758,Mekhala,,Tak,Mekhala Tak,98630337336,mekhala64@hotmail.com,F,1976-08-08,VOTER-C996878,
WIT-10919,CLM-00097,Jatin,,Tiwari,Jatin Tiwari,98809435012,jatin86@gmail.com,M,1991-05-12,AADHAR-9233-1382-9533,MEM-12124
WIT-10920,CLM-01671,Jeevika,,Deol,Jeevika Deol,98767156461,jeevika97@live.com,F,1995-05-29,AADHAR-6307-6638-6897,
WIT-10921,CLM-01671,Ati,,Shetty,Ati Shetty,97583733934,ati68@live.com,F,1986-10-25,AADHAR-1684-2555-3758,
WIT-10922,CLM-00961,Kala,,Chopra,Kala Chopra,97297062990,kala35@live.com,F,1992-07-09,UID-746848603133,
WIT-10923,CLM-00961,Ayushman,,Sen,Ayushman Sen,97168308212,ayushman45@yahoo.com,M,1980-07-25,VOTER-D611189,MEM-13237
WIT-10924,CLM-02249,Qushi,,Kala,Qushi Kala,98527780504,qushi34@rediffmail.com,F,1997-09-07,AADHAR-9355-4415-5992,
WIT-10925,CLM-02249,Qushi,,Sarkar,Qushi Sarkar,99971493624,qushi58@live.com,F,1971-08-25,UID-573083063384,MEM-10458
WIT-10926,CLM-02249,Vritti,,De,Vritti De,98611122876,vritti66@gmail.com,F,1977-03-12,AADHAR-4651-7550-9732,
WIT-10927,CLM-02508,Ishwar,,Dara,Ishwar Dara,98750042433,ishwar17@yahoo.com,M,1975-06-17,AADHAR-9566-5963-2590,
WIT-10928,CLM-02508,Yamini,,Shere,Yamini Shere,99954395370,yamini38@hotmail.com,F,2001-12-12,UID-725748106533,
WIT-10929,CLM-02508,Simon,,Mandal,Simon Mandal,97630509072,simon38@hotmail.com,M,1976-05-16,UID-126265554206,
WIT-10930,CLM-00121,Gauri,,Goda,Gauri Goda,99242025728,gauri11@live.com,F,1954-06-04,UID-930492529740,
WIT-10931,CLM-00121,Naveen,,Rajagopal,Naveen Rajagopal,97965357580,naveen45@yahoo.com,M,1967-05-10,VOTER-E434518,
WIT-10932,CLM-02798,Falguni,,Doctor,Falguni Doctor,97380473359,falguni90@gmail.com,F,1980-10-12,VOTER-E740283,
WIT-10933,CLM-02798,George,,Pai,George Pai,98001197034,george82@live.com,M,1983-07-05,UID-318483213051,
WIT-10934,CLM-01261,Aarnav,,Raval,Aarnav Raval,97442104031,aarnav52@hotmail.com,M,1961-06-28,UID-474503591752,
WIT-10935,CLM-01261,Udyati,,Madan,Udyati Madan,98075548939,udyati41@live.com,F,1999-10-16,UID-284681139395,
WIT-10936,CLM-01261,Ikshita,,Narain,Ikshita Narain,97641365220,ikshita33@rediffmail.com,F,1957-02-08,UID-540557378474,
WIT-10937,CLM-02058,Robert,,Varty,Robert Varty,98639715611,robert90@hotmail.com,M,1962-11-26,UID-577746560666,
WIT-10938,CLM-02058,Hemal,,Suresh,Hemal Suresh,97231555709,hemal32@gmail.com,F,1954-05-30,UID-807649233729,
WIT-10939,CLM-01930,Abdul,,Krishnan,Abdul Krishnan,98306876901,abdul15@gmail.com,M,1999-12-03,VOTER-B565762,
WIT-10940,CLM-01930,Advaith,,Nanda,Advaith Nanda,99027203743,advaith49@gmail.com,M,1951-08-27,UID-887034461658,
WIT-10941,CLM-01930,Ijaya,,Krishna,Ijaya Krishna,99917297144,ijaya77@rediffmail.com,F,1984-11-05,UID-207220625627,
WIT-10942,CLM-01030,Pavani,,Balasubramanian,Pavani Balasubramanian,98862909186,pavani82@hotmail.com,F,2007-10-16,VOTER-A700659,MEM-10703
WIT-10943,CLM-00033,Nakul,,Chand,Nakul Chand,97660951230,nakul28@rediffmail.com,M,1988-04-17,VOTER-D340785,MEM-11748
WIT-10944,CLM-00033,Lakshmi,,Devi,Lakshmi Devi,97621243925,lakshmi10@outlook.co.in,F,1974-05-25,AADHAR-7993-3419-2878,
WIT-10945,CLM-00417,Frado,,Sharma,Frado Sharma,97324002883,frado31@live.com,M,1986-12-14,UID-212889826366,
WIT-10946,CLM-00210,Yatin,,Sane,Yatin Sane,99142343451,yatin90@gmail.com,M,1979-01-12,UID-800594155242,
WIT-10947,CLM-02179,Radhika,,Behl,Radhika Behl,97269352222,radhika14@rediffmail.com,F,1976-07-13,AADHAR-7874-2584-4986,
WIT-10948,CLM-02179,Dayita,,Korpal,Dayita Korpal,99557717895,dayita72@gmail.com,F,2007-10-13,VOTER-D914497,
WIT-10949,CLM-00318,Jatin,,Borra,Jatin Borra,98360011352,jatin15@gmail.com,M,1995-07-17,UID-341663782888,
WIT-10950,CLM-01611,Harsh,,Dixit,Harsh Dixit,97191467758,harsh72@rediffmail.com,M,1954-11-06,AADHAR-4711-8391-5435,
WIT-10951,CLM-01611,Neel,,Sarna,Neel Sarna,98209944758,neel95@live.com,M,1983-01-09,AADHAR-9077-5544-6081,
WIT-10952,CLM-01611,Ayushman,,Rajan,Ayushman Rajan,98916895096,ayushman45@rediffmail.com,M,1981-07-23,VOTER-B980818,
WIT-10953,CLM-00056,Teerth,,Bali,Teerth Bali,98063128671,teerth81@yahoo.com,M,2006-10-16,AADHAR-2804-1200-1789,
WIT-10954,CLM-00056,Anita,,Swaminathan,Anita Swaminathan,98355959225,anita33@live.com,F,1968-03-07,UID-400453740625,
WIT-10955,CLM-00056,Amara,,Chada,Amara Chada,97053561131,amara94@hotmail.com,F,1957-01-11,AADHAR-5068-8323-7945,
WIT-10956,CLM-01982,Fiyaz,,Tank,Fiyaz Tank,99666404184,fiyaz14@outlook.co.in,M,1996-10-08,VOTER-E575945,
WIT-10957,CLM-01982,Pushti,,Dixit,Pushti Dixit,98747260437,pushti79@yahoo.com,F,1971-07-20,AADHAR-6369-5136-6537,
WIT-10958,CLM-01982,Gaurangi,,Ray,Gaurangi Ray,98184957491,gaurangi69@hotmail.com,F,1973-12-08,UID-728045907033,
WIT-10959,CLM-02509,Lakshit,,Suri,Lakshit Suri,98729933167,lakshit61@rediffmail.com,M,1994-02-07,UID-867050621657,
WIT-10960,CLM-02509,Vamakshi,,Koshy,Vamakshi Koshy,97104557424,vamakshi88@live.com,F,1983-06-26,AADHAR-7858-3955-1189,MEM-11415
WIT-10961,CLM-02509,Sathvik,,Parsa,Sathvik Parsa,98822211730,sathvik36@yahoo.com,M,1979-06-08,UID-628719124125,
WIT-10962,CLM-00217,Zaid,,Sharaf,Zaid Sharaf,99321522108,zaid74@outlook.co.in,M,1954-07-15,UID-752714350828,
WIT-10963,CLM-02594,Saanvi,,Kata,Saanvi Kata,99619207019,saanvi57@rediffmail.com,F,1992-03-07,VOTER-E628412,
WIT-10964,CLM-02594,Ikshita,,Majumdar,Ikshita Majumdar,98160975357,ikshita92@gmail.com,F,1950-11-20,AADHAR-2349-6323-7384,
WIT-10965,CLM-00274,Bakhshi,,Varkey,Bakhshi Varkey,98666961078,bakhshi15@yahoo.com,M,1971-12-22,VOTER-C608936,
WIT-10966,CLM-00274,Saumya,,Varma,Saumya Varma,99099601349,saumya46@rediffmail.com,F,2003-07-23,UID-580738252786,
WIT-10967,CLM-00274,Hamsini,,Bandi,Hamsini Bandi,99420763789,hamsini28@rediffmail.com,F,1989-09-20,VOTER-A407173,
WIT-10968,CLM-01174,Caleb,,Guha,Caleb Guha,98169223830,caleb85@hotmail.com,M,1950-03-12,UID-781194344864,
WIT-10969,CLM-02583,Ekalinga,,Sandal,Ekalinga Sandal,97118325163,ekalinga31@live.com,M,1973-06-09,AADHAR-6969-9376-2061,
WIT-10970,CLM-02583,Yasti,,Rege,Yasti Rege,97382784999,yasti91@outlook.co.in,F,1983-02-09,VOTER-B888533,
WIT-10971,CLM-02583,Aarna,,Bhandari,Aarna Bhandari,99415832086,aarna34@outlook.co.in,F,2000-03-31,UID-790649588441,
WIT-10972,CLM-02863,Tanvi,,Aggarwal,Tanvi Aggarwal,97026406984,tanvi61@gmail.com,F,1961-07-23,VOTER-B984466,
WIT-10973,CLM-02863,Advay,,Bhatti,Advay Bhatti,99106616460,advay87@hotmail.com,M,1993-07-07,AADHAR-9189-7162-5985,
WIT-10974,CLM-00501,Noah,,Sama,Noah Sama,98053136892,noah65@rediffmail.com,M,2002-07-01,UID-448910998346,
WIT-10975,CLM-01458,Yatin,,Arora,Yatin Arora,97094127708,yatin80@gmail.com,M,1990-05-07,AADHAR-3467-5932-8993,MEM-13385
WIT-10976,CLM-00456,Brinda,,Swaminathan,Brinda Swaminathan,97438293787,brinda57@hotmail.com,F,2003-05-02,AADHAR-7404-1976-8892,
WIT-10977,CLM-00456,Damyanti,,Garg,Damyanti Garg,98707114409,damyanti13@rediffmail.com,F,1962-10-22,VOTER-E488864,
WIT-10978,CLM-02750,Sai,,Karpe,Sai Karpe,97958937979,sai66@yahoo.com,M,1995-02-14,VOTER-C382532,
WIT-10979,CLM-02750,Yamini,,Patla,Yamini Patla,98353446043,yamini96@rediffmail.com,F,1971-03-05,VOTER-E199323,
WIT-10980,CLM-02212,Charan,,Bajwa,Charan Bajwa,99378528591,charan61@outlook.co.in,M,1979-06-18,UID-363612392464,
WIT-10981,CLM-02212,William,,Sen,William Sen,99282806730,william75@outlook.co.in,M,1955-08-13,UID-481718264708,
WIT-10982,CLM-01883,Rishi,,Jha,Rishi Jha,98943621311,rishi47@hotmail.com,M,1966-02-25,AADHAR-8252-2073-6214,
WIT-10983,CLM-01883,Niharika,,Rattan,Niharika Rattan,97357261493,niharika72@gmail.com,F,1986-12-10,AADHAR-2088-9778-1276,
WIT-10984,CLM-01078,Anusha,,Mukhopadhyay,Anusha Mukhopadhyay,99933459349,anusha34@yahoo.com,F,1953-06-10,AADHAR-7137-2012-4107,
WIT-10985,CLM-01078,Vinaya,,Yadav,Vinaya Yadav,98525220020,vinaya32@rediffmail.com,F,1988-04-17,VOTER-A274318,
WIT-10986,CLM-01078,Alexander,,Chander,Alexander Chander,99579462179,alexander47@rediffmail.com,M,2005-10-19,VOTER-E929927,
WIT-10987,CLM-01084,Leena,,Babu,Leena Babu,97767173398,leena18@gmail.com,F,1970-08-13,VOTER-D877380,
WIT-10988,CLM-01084,Indrajit,,Varkey,Indrajit Varkey,97340389385,indrajit34@live.com,M,1998-02-28,VOTER-D317590,
WIT-10989,CLM-01084,Hiral,,Kalla,Hiral Kalla,98988042780,hiral39@outlook.co.in,F,1981-10-31,VOTER-D906167,MEM-12353
WIT-10990,CLM-00951,Timothy,,Chaudhuri,Timothy Chaudhuri,98600405984,timothy96@yahoo.com,M,1961-12-05,AADHAR-9954-6588-9889,
WIT-10991,CLM-00951,Netra,,Datta,Netra Datta,98025975345,netra11@outlook.co.in,F,1999-04-03,VOTER-C849113,MEM-10044
WIT-10992,CLM-02718,Ekiya,,Subramaniam,Ekiya Subramaniam,99617441201,ekiya28@gmail.com,F,1997-12-27,UID-974520066141,
WIT-10993,CLM-02718,Arya,,Parmar,Arya Parmar,99232176462,arya12@live.com,F,2002-04-14,VOTER-C532969,
WIT-10994,CLM-00466,Sarthak,,Shetty,Sarthak Shetty,99893417509,sarthak11@hotmail.com,M,1998-01-31,AADHAR-8642-8056-4463,
WIT-10995,CLM-00466,Yuvraj,,Dani,Yuvraj Dani,97394092328,yuvraj41@yahoo.com,M,1979-09-26,AADHAR-9832-9475-5251,
WIT-10996,CLM-00466,Wakeeta,,Gokhale,Wakeeta Gokhale,98492559616,wakeeta66@gmail.com,F,1961-05-12,UID-546219452512,
WIT-10997,CLM-02783,Frederick,,Gera,Frederick Gera,98825875167,frederick19@live.com,M,1997-01-06,VOTER-E906020,MEM-10713
WIT-10998,CLM-02783,Luke,,Salvi,Luke Salvi,99914638512,luke52@live.com,M,1957-02-04,UID-155464824979,
WIT-10999,CLM-02783,Vansha,,Chandra,Vansha Chandra,97478197728,vansha34@gmail.com,F,1985-09-28,VOTER-D156923,
WIT-11000,CLM-02469,Tanay,,Rana,Tanay Rana,97061473491,tanay76@gmail.com,M,1949-11-04,VOTER-A454515,
WIT-11001,CLM-02469,Dipta,,Balakrishnan,Dipta Balakrishnan,99980031439,dipta41@rediffmail.com,F,1983-10-31,VOTER-C371680,
WIT-11002,CLM-02242,Jagvi,,Balakrishnan,Jagvi Balakrishnan,97647391286,jagvi21@gmail.com,F,1978-12-21,AADHAR-8205-4735-3065,
WIT-11003,CLM-02242,Baghyawati,,Srinivasan,Baghyawati Srinivasan,97507200116,baghyawati88@live.com,F,2005-09-18,UID-643296803504,
WIT-11004,CLM-02242,Vedant,,Gara,Vedant Gara,99002332319,vedant22@outlook.co.in,M,1990-11-24,UID-669412434488,
WIT-11005,CLM-01415,Chakradhar,,Narang,Chakradhar Narang,97732573006,chakradhar93@live.com,M,2003-11-27,AADHAR-4119-9332-1433,
WIT-11006,CLM-01415,Chatresh,,Suresh,Chatresh Suresh,99292903749,chatresh48@yahoo.com,M,1979-04-30,VOTER-C389969,MEM-11530
WIT-11007,CLM-01201,Henry,,Suresh,Henry Suresh,99977837275,henry99@outlook.co.in,M,1988-01-01,AADHAR-3423-9431-8770,
WIT-11008,CLM-00602,Ansh,,Sankaran,Ansh Sankaran,98172020773,ansh34@hotmail.com,M,1956-06-12,VOTER-D108509,
WIT-11009,CLM-00602,Sara,,Nagy,Sara Nagy,99548776222,sara99@live.com,F,1949-11-04,AADHAR-8236-8854-4548,
WIT-11010,CLM-00602,Faras,,Chandra,Faras Chandra,99967621899,faras57@rediffmail.com,M,1954-04-16,UID-436777366717,
WIT-11011,CLM-01880,Neha,,Mangal,Neha Mangal,99619068816,neha72@rediffmail.com,F,1976-07-24,AADHAR-8658-4529-6061,
WIT-11012,CLM-01880,Tanish,,Chatterjee,Tanish Chatterjee,98423457614,tanish61@outlook.co.in,M,1993-05-21,AADHAR-3298-7844-3467,MEM-13278
WIT-11013,CLM-01880,Robert,,Chatterjee,Robert Chatterjee,98343376744,robert49@gmail.com,M,1982-10-28,UID-212104097686,
WIT-11014,CLM-00442,Hemani,,Patla,Hemani Patla,98305647890,hemani42@hotmail.com,F,2007-02-14,VOTER-C778996,
WIT-11015,CLM-00442,Falan,,Brar,Falan Brar,97974402308,falan74@yahoo.com,M,1963-10-03,AADHAR-9846-9156-4964,
WIT-11016,CLM-00442,Yagnesh,,Bumb,Yagnesh Bumb,99105502259,yagnesh62@live.com,M,1975-11-30,UID-386209571641,MEM-12008
WIT-11017,CLM-01915,Indrajit,,Badal,Indrajit Badal,97683277633,indrajit40@live.com,M,1954-05-24,UID-919983297763,
WIT-11018,CLM-01915,Inaya,,Luthra,Inaya Luthra,99653177821,inaya17@outlook.co.in,F,2001-09-14,VOTER-C865332,
WIT-11019,CLM-01915,Zehaan,,Kashyap,Zehaan Kashyap,98845730762,zehaan78@gmail.com,M,1971-04-07,AADHAR-5025-4621-1586,MEM-10156
WIT-11020,CLM-02294,Veda,,Shankar,Veda Shankar,97506661911,veda37@gmail.com,F,1975-08-23,VOTER-B790420,
WIT-11021,CLM-02294,Amol,,Bawa,Amol Bawa,97131624581,amol92@hotmail.com,M,1971-11-06,UID-191878178155,
WIT-11022,CLM-02294,Libni,,Krishna,Libni Krishna,97121646740,libni98@outlook.co.in,F,1983-10-15,VOTER-D529441,
WIT-11023,CLM-02287,Vrinda,,Swamy,Vrinda Swamy,99066074803,vrinda87@yahoo.com,F,1977-06-30,UID-100960862533,
WIT-11024,CLM-02287,Agastya,,Ray,Agastya Ray,97951399023,agastya58@rediffmail.com,M,1979-10-21,VOTER-E954337,
WIT-11025,CLM-02287,Yachana,,Rau,Yachana Rau,98354776703,yachana99@live.com,F,1993-05-13,VOTER-A929760,
WIT-11026,CLM-00643,Wyatt,,Andra,Wyatt Andra,97537720618,wyatt96@hotmail.com,M,1992-02-26,AADHAR-5339-1604-5293,
WIT-11027,CLM-00643,Amrita,,Garde,Amrita Garde,99240955396,amrita30@rediffmail.com,F,1953-12-12,VOTER-E722337,
WIT-11028,CLM-00643,Ayush,,Nagy,Ayush Nagy,98628629016,ayush92@rediffmail.com,M,1996-06-29,AADHAR-6184-8149-3827,
WIT-11029,CLM-00542,Vidhi,,Murty,Vidhi Murty,99024083333,vidhi93@hotmail.com,F,1965-03-12,UID-861447326076,
WIT-11030,CLM-00542,Siddharth,,Morar,Siddharth Morar,97043578702,siddharth84@yahoo.com,M,1962-10-20,VOTER-D357932,
WIT-11031,CLM-01620,Dayita,,Chaudhuri,Dayita Chaudhuri,98376978897,dayita39@gmail.com,F,1968-05-11,VOTER-A796907,
WIT-11032,CLM-01620,Raghav,,Seshadri,Raghav Seshadri,97297312266,raghav73@yahoo.com,M,1978-01-02,VOTER-E391138,MEM-11437
WIT-11033,CLM-01170,Naksh,,Bhakta,Naksh Bhakta,97787034584,naksh51@outlook.co.in,M,1965-03-18,AADHAR-5830-4485-4817,
WIT-11034,CLM-01170,Amaira,,Sachar,Amaira Sachar,97104455373,amaira56@outlook.co.in,F,2004-08-24,VOTER-E306352,
WIT-11035,CLM-01170,Aashi,,Tella,Aashi Tella,98248855721,aashi25@gmail.com,F,2004-09-03,VOTER-A892513,
WIT-11036,CLM-01931,Keya,,Ram,Keya Ram,99496714024,keya14@hotmail.com,F,2007-03-21,VOTER-D509645,
WIT-11037,CLM-01931,Jason,,Sule,Jason Sule,97848611166,jason29@yahoo.com,M,1964-03-28,VOTER-A129391,
WIT-11038,CLM-01931,Chandresh,,Biswas,Chandresh Biswas,98182024669,chandresh30@live.com,M,1971-09-25,VOTER-B830645,
WIT-11039,CLM-02432,Manan,,Bir,Manan Bir,98084792971,manan66@live.com,M,1983-01-13,UID-747126282883,
WIT-11040,CLM-00112,Dayita,,Bora,Dayita Bora,99744693404,dayita23@hotmail.com,F,1950-12-17,VOTER-D589156,
WIT-11041,CLM-00112,Vedant,,D’Alia,Vedant D’Alia,98223061458,vedant88@outlook.co.in,M,1998-07-13,UID-972874223718,
WIT-11042,CLM-01248,Pahal,,Doctor,Pahal Doctor,98276946710,pahal29@live.com,F,2007-05-30,AADHAR-8577-8212-4061,
WIT-11043,CLM-01248,Yasti,,Suri,Yasti Suri,97156570684,yasti94@outlook.co.in,F,1983-01-09,UID-221253892471,
WIT-11044,CLM-01248,Pushti,,Dubey,Pushti Dubey,97503666120,pushti61@hotmail.com,F,1993-12-21,UID-146149577112,
WIT-11045,CLM-02098,Warda,,Jhaveri,Warda Jhaveri,97864785964,warda42@rediffmail.com,F,1968-04-25,VOTER-C343961,
WIT-11046,CLM-02712,Pranav,,Natarajan,Pranav Natarajan,99275063556,pranav52@yahoo.com,M,1950-08-20,AADHAR-5253-2580-7181,
WIT-11047,CLM-02731,Champak,,Pandey,Champak Pandey,97369803559,champak89@gmail.com,M,1990-03-05,UID-435528005939,
WIT-11048,CLM-02731,Mohini,,Deshpande,Mohini Deshpande,99402640342,mohini75@gmail.com,F,1958-02-24,VOTER-D313349,
WIT-11049,CLM-01376,Harita,,Tata,Harita Tata,98599510978,harita95@rediffmail.com,F,1960-08-25,AADHAR-8339-4186-2789,
WIT-11050,CLM-01076,Netra,,Luthra,Netra Luthra,99911930765,netra90@hotmail.com,F,1986-03-05,VOTER-A947883,
WIT-11051,CLM-00308,Isha,,Chana,Isha Chana,98836342361,isha93@gmail.com,F,1950-02-20,AADHAR-2891-8993-6475,
WIT-11052,CLM-01964,Bhavini,,Keer,Bhavini Keer,99232387059,bhavini37@yahoo.com,F,1955-04-12,AADHAR-9644-8055-9096,
WIT-11053,CLM-02818,Frederick,,Karnik,Frederick Karnik,98344622098,frederick43@outlook.co.in,M,1999-03-31,VOTER-E318360,
WIT-11054,CLM-01070,Samuel,,Misra,Samuel Misra,98299403796,samuel72@rediffmail.com,M,1977-02-08,VOTER-A931362,
WIT-11055,CLM-01070,Gabriel,,Tak,Gabriel Tak,98939033386,gabriel35@rediffmail.com,M,1973-03-17,UID-457031013829,
WIT-11056,CLM-00441,Pushti,,Thakkar,Pushti Thakkar,97854701148,pushti37@outlook.co.in,F,1961-04-23,VOTER-D489640,
WIT-11057,CLM-00441,Xavier,,Barad,Xavier Barad,97681782187,xavier26@outlook.co.in,M,1951-06-23,VOTER-B136314,
WIT-11058,CLM-00441,Akshay,,Singh,Akshay Singh,99288806845,akshay13@hotmail.com,M,1991-12-15,AADHAR-7078-3921-3231,
WIT-11059,CLM-01027,Yash,,Vora,Yash Vora,99660727796,yash65@rediffmail.com,M,1979-09-10,AADHAR-8665-7058-2843,
WIT-11060,CLM-02044,Ekbal,,Gaba,Ekbal Gaba,99063370845,ekbal55@yahoo.com,M,1979-02-19,AADHAR-6882-5640-7562,
WIT-11061,CLM-02044,Yochana,,Guha,Yochana Guha,97176606527,yochana30@rediffmail.com,F,1982-11-30,AADHAR-9529-5780-9257,
WIT-11062,CLM-02044,Mekhala,,Panchal,Mekhala Panchal,98292154186,mekhala64@hotmail.com,F,1957-04-28,AADHAR-5442-4268-6031,
WIT-11063,CLM-02829,Kabir,,Gara,Kabir Gara,98675909650,kabir34@live.com,M,1994-07-25,UID-642351742789,
WIT-11064,CLM-02829,Vedhika,,Bawa,Vedhika Bawa,99917090736,vedhika33@rediffmail.com,F,1959-07-12,UID-308229312060,
WIT-11065,CLM-01010,Neel,,Jhaveri,Neel Jhaveri,99185194805,neel20@outlook.co.in,M,1987-06-16,UID-548186497714,
WIT-11066,CLM-01457,Charan,,Radhakrishnan,Charan Radhakrishnan,99828427011,charan99@live.com,M,2001-06-30,AADHAR-9008-6701-7873,
WIT-11067,CLM-01457,Henry,,Pillai,Henry Pillai,98552034489,henry11@gmail.com,M,1970-07-31,UID-541145918609,
WIT-11068,CLM-01754,Onkar,,Anand,Onkar Anand,97282272897,onkar30@outlook.co.in,M,1998-01-04,AADHAR-2066-4243-8591,MEM-12321
WIT-11069,CLM-01788,Tanish,,Din,Tanish Din,99979497809,tanish95@yahoo.com,M,1980-10-18,VOTER-B274684,
WIT-11070,CLM-02828,Rajata,,Sahota,Rajata Sahota,98887310549,rajata68@live.com,F,1983-11-18,VOTER-D642301,
WIT-11071,CLM-00656,Anusha,,Rai,Anusha Rai,97646745727,anusha18@outlook.co.in,F,1969-07-06,VOTER-D110645,
WIT-11072,CLM-00656,Advika,,Atwal,Advika Atwal,99125759097,advika46@gmail.com,F,1980-02-11,VOTER-B955726,
WIT-11073,CLM-00656,Matthew,,Bava,Matthew Bava,99346319631,matthew51@gmail.com,M,1966-11-16,AADHAR-9103-9050-6140,
WIT-11074,CLM-00211,Gabriel,,Rajagopalan,Gabriel Rajagopalan,98330539634,gabriel35@live.com,M,1994-06-13,UID-594174438880,
WIT-11075,CLM-00211,Tanish,,Thaman,Tanish Thaman,98200747899,tanish61@gmail.com,M,1955-10-28,UID-572036233741,
WIT-11076,CLM-00211,Ucchal,,Kakar,Ucchal Kakar,97513415888,ucchal33@hotmail.com,F,1957-03-30,AADHAR-3096-5307-5555,
WIT-11077,CLM-02569,Harini,,Hayre,Harini Hayre,97195131309,harini59@outlook.co.in,F,1994-06-12,AADHAR-4097-2668-1544,
WIT-11078,CLM-02638,Nirja,,Dugal,Nirja Dugal,99288145612,nirja96@hotmail.com,F,1973-08-07,UID-748672267337,MEM-11903
WIT-11079,CLM-02638,Frederick,,Kaur,Frederick Kaur,99977885325,frederick43@rediffmail.com,M,1980-03-04,UID-659937121555,
WIT-11080,CLM-02638,Bhavna,,Bansal,Bhavna Bansal,98506884109,bhavna47@outlook.co.in,F,1965-11-10,VOTER-A329420,
WIT-11081,CLM-02596,Netra,,Char,Netra Char,99561416534,netra25@yahoo.com,F,1964-01-22,AADHAR-1965-2918-6038,
WIT-11082,CLM-02596,Isha,,Solanki,Isha Solanki,97975574607,isha93@live.com,F,1951-01-01,AADHAR-7552-5583-6468,
WIT-11083,CLM-01569,Widisha,,Sridhar,Widisha Sridhar,99748485890,widisha39@live.com,F,1952-07-04,AADHAR-6971-9102-9394,
WIT-11084,CLM-01569,Mohini,,Palla,Mohini Palla,98887446288,mohini24@gmail.com,F,1957-12-30,VOTER-A319602,
WIT-11085,CLM-01816,Alka,,Prakash,Alka Prakash,97606545796,alka54@live.com,F,1971-04-01,VOTER-C772983,
WIT-11086,CLM-01816,Ethan,,Magar,Ethan Magar,98534983557,ethan64@live.com,M,1969-10-09,VOTER-D402630,MEM-12094
WIT-11087,CLM-01816,Oeshi,,Agrawal,Oeshi Agrawal,99862974070,oeshi85@gmail.com,F,1959-07-12,AADHAR-3996-4032-6594,
WIT-11088,CLM-02293,Oviya,,Amble,Oviya Amble,99557818051,oviya59@yahoo.com,F,1970-09-18,AADHAR-1120-8574-2007,
WIT-11089,CLM-00313,Wazir,,Khurana,Wazir Khurana,98199193679,wazir44@outlook.co.in,M,1988-06-11,AADHAR-6292-4231-3814,
WIT-11090,CLM-00313,Yashodhara,,Memon,Yashodhara Memon,99609467412,yashodhara83@yahoo.com,F,1984-03-22,UID-596495391920,
WIT-11091,CLM-00313,Qushi,,Biswas,Qushi Biswas,99304915750,qushi45@live.com,F,1963-06-16,VOTER-C326416,
WIT-11092,CLM-02576,Faraj,,Bedi,Faraj Bedi,97343824290,faraj33@yahoo.com,M,1957-12-22,UID-341293715518,
WIT-11093,CLM-02576,Nathan,,Chhabra,Nathan Chhabra,99454473163,nathan66@rediffmail.com,M,1957-09-18,AADHAR-3014-5781-7530,
WIT-11094,CLM-01145,Jackson,,Gokhale,Jackson Gokhale,98384176850,jackson74@rediffmail.com,M,1994-11-08,VOTER-B225453,
WIT-11095,CLM-01145,Ishita,,Choudhary,Ishita Choudhary,98712928312,ishita52@live.com,F,1972-01-04,UID-678034883171,
WIT-11096,CLM-00246,Harrison,,Ramakrishnan,Harrison Ramakrishnan,99461722857,harrison13@rediffmail.com,M,1976-10-05,UID-992444658315,
WIT-11097,CLM-00246,Vasana,,Bhatti,Vasana Bhatti,97593991470,vasana96@gmail.com,F,1989-05-24,AADHAR-4144-3885-7278,MEM-12217
WIT-11098,CLM-00246,Chaitaly,,Mammen,Chaitaly Mammen,97506461095,chaitaly27@outlook.co.in,F,1974-07-18,VOTER-D276536,
WIT-11099,CLM-01421,Laban,,Ramakrishnan,Laban Ramakrishnan,98014189837,laban52@rediffmail.com,M,1958-08-07,AADHAR-3310-6133-7931,
WIT-11100,CLM-02555,Vasana,,Mammen,Vasana Mammen,97031895477,vasana23@rediffmail.com,F,1980-02-28,VOTER-C216910,
WIT-11101,CLM-02555,Madhav,,Nagarajan,Madhav Nagarajan,99989722697,madhav61@gmail.com,M,2000-06-20,AADHAR-2639-4482-3178,
WIT-11102,CLM-02555,Ria,,Muni,Ria Muni,97237215589,ria20@hotmail.com,F,1979-01-03,AADHAR-6108-1616-9752,
WIT-11103,CLM-01303,Manya,,Shenoy,Manya Shenoy,98186860004,manya13@live.com,F,1993-12-01,UID-721970542881,
WIT-11104,CLM-01303,Vrinda,,Pandya,Vrinda Pandya,97515840681,vrinda91@gmail.com,F,1977-05-30,AADHAR-6588-4672-9214,
WIT-11105,CLM-02715,Neelima,,Rattan,Neelima Rattan,98468393218,neelima74@gmail.com,F,1951-07-17,AADHAR-3396-9757-4440,
WIT-11106,CLM-02715,Harini,,Kadakia,Harini Kadakia,98991202794,harini72@hotmail.com,F,1993-03-12,AADHAR-6234-4030-6118,
WIT-11107,CLM-02715,Zehaan,,Goda,Zehaan Goda,99836489814,zehaan52@rediffmail.com,M,1980-12-15,AADHAR-6662-8435-8363,
WIT-11108,CLM-01332,Pooja,,Dara,Pooja Dara,97889972772,pooja39@gmail.com,F,1971-07-20,AADHAR-2045-4836-6235,
WIT-11109,CLM-01332,Watika,,Vasa,Watika Vasa,99525195988,watika83@rediffmail.com,F,1976-09-03,VOTER-A123447,
WIT-11110,CLM-01332,Tarak,,Vaidya,Tarak Vaidya,98574059899,tarak10@outlook.co.in,M,1974-01-10,VOTER-B523349,
WIT-11111,CLM-00312,Pooja,,Purohit,Pooja Purohit,97596595802,pooja37@hotmail.com,F,1981-12-12,VOTER-A807984,
WIT-11112,CLM-01839,Oni,,Banerjee,Oni Banerjee,98238026393,oni52@yahoo.com,F,2001-04-18,UID-866558757743,
WIT-11113,CLM-02319,Dhruv,,Khare,Dhruv Khare,98223780600,dhruv74@live.com,M,2002-08-17,VOTER-C737563,MEM-13205
WIT-11114,CLM-02945,Abdul,,Rana,Abdul Rana,97746845979,abdul63@live.com,M,1983-10-18,AADHAR-7564-5294-5719,
WIT-11115,CLM-02945,Lajita,,Pradhan,Lajita Pradhan,97713514397,lajita49@live.com,F,1976-11-07,AADHAR-8258-1012-2505,
WIT-11116,CLM-02945,Veda,,Hari,Veda Hari,97808011978,veda10@rediffmail.com,F,2005-05-05,AADHAR-4151-5505-6237,
WIT-11117,CLM-02124,Ishwar,,Gera,Ishwar Gera,98505726940,ishwar85@rediffmail.com,M,1958-06-18,VOTER-D404105,
WIT-11118,CLM-02124,Thomas,,Gill,Thomas Gill,99823138829,thomas75@rediffmail.com,M,2002-05-29,UID-412711390984,
WIT-11119,CLM-00371,Jai,,Venkatesh,Jai Venkatesh,99957860214,jai25@yahoo.com,M,1977-04-10,VOTER-E984588,
WIT-11120,CLM-00371,Jack,,Kapoor,Jack Kapoor,98306646838,jack23@outlook.co.in,M,1967-06-18,VOTER-D127193,
WIT-11121,CLM-00371,Jonathan,,Sinha,Jonathan Sinha,97221880100,jonathan21@hotmail.com,M,1992-05-28,VOTER-C114894,
WIT-11122,CLM-01949,Yoshita,,Guha,Yoshita Guha,99528250640,yoshita35@live.com,F,1960-05-30,AADHAR-1112-9290-2492,
WIT-11123,CLM-00105,Rehaan,,Bala,Rehaan Bala,97201599682,rehaan69@hotmail.com,M,2002-05-17,UID-620856301890,
WIT-11124,CLM-00105,Widisha,,Om,Widisha Om,97948757390,widisha34@yahoo.com,F,1969-03-23,VOTER-B676090,
WIT-11125,CLM-01378,Yashodhara,,Ramanathan,Yashodhara Ramanathan,97265672359,yashodhara31@gmail.com,F,1956-05-05,UID-460904356887,
WIT-11126,CLM-01378,Sathvik,,Wadhwa,Sathvik Wadhwa,97700153329,sathvik96@yahoo.com,M,1964-06-18,UID-468030937853,
WIT-11127,CLM-01391,Nathaniel,,Chanda,Nathaniel Chanda,99993751369,nathaniel99@gmail.com,M,2007-05-20,VOTER-A169391,
WIT-11128,CLM-01391,Samarth,,Banerjee,Samarth Banerjee,98323736206,samarth13@live.com,M,1990-09-10,UID-849940404387,
WIT-11129,CLM-00459,Omaja,,Ghose,Omaja Ghose,98932603360,omaja62@hotmail.com,F,1996-04-30,UID-132162468357,
WIT-11130,CLM-00459,Abhiram,,Chhabra,Abhiram Chhabra,98361580954,abhiram91@outlook.co.in,M,1970-12-19,VOTER-C582521,MEM-11844
WIT-11131,CLM-00459,Unni,,Tata,Unni Tata,99985729255,unni54@live.com,F,1958-03-17,VOTER-D330049,
WIT-11132,CLM-01985,Reva,,Kara,Reva Kara,97638687122,reva38@gmail.com,F,1962-09-15,VOTER-C399249,
WIT-11133,CLM-02455,Chakrika,,Anand,Chakrika Anand,99055553851,chakrika56@yahoo.com,F,1954-09-07,UID-917561773006,
WIT-11134,CLM-02455,Jagvi,,Chand,Jagvi Chand,99018977650,jagvi13@outlook.co.in,F,2002-03-13,VOTER-D940854,
WIT-11135,CLM-02216,Janani,,Dhingra,Janani Dhingra,98898181826,janani36@outlook.co.in,F,1953-01-05,UID-211000027073,
WIT-11136,CLM-02216,Arya,,Prabhu,Arya Prabhu,97703796859,arya59@gmail.com,F,1980-03-31,UID-349209354926,MEM-11190
WIT-11137,CLM-00292,Anita,,Koshy,Anita Koshy,97691375951,anita69@hotmail.com,F,1969-12-20,UID-378211868893,
WIT-11138,CLM-00292,Aahana,,Chokshi,Aahana Chokshi,99495187060,aahana93@rediffmail.com,F,2006-12-25,VOTER-D196374,
WIT-11139,CLM-00292,Akshay,,Prabhakar,Akshay Prabhakar,98593745700,akshay53@yahoo.com,M,1956-05-15,UID-624248236759,
WIT-11140,CLM-01777,Mason,,Bajaj,Mason Bajaj,98203094396,mason26@gmail.com,M,1987-04-17,UID-929209920275,MEM-11035
WIT-11141,CLM-01777,Sudiksha,,Pillay,Sudiksha Pillay,97953160219,sudiksha86@outlook.co.in,F,1977-02-20,AADHAR-7995-8211-4189,
WIT-11142,CLM-01777,Charvi,,Vaidya,Charvi Vaidya,97513045448,charvi39@live.com,F,1961-06-24,AADHAR-4323-1406-9216,
WIT-11143,CLM-01673,Yatin,,Dave,Yatin Dave,99720049035,yatin67@gmail.com,M,2005-05-16,VOTER-D215946,
WIT-11144,CLM-01673,Rayaan,,Puri,Rayaan Puri,98508771444,rayaan72@outlook.co.in,M,1972-08-18,VOTER-C314080,
WIT-11145,CLM-02560,Gaurang,,Kadakia,Gaurang Kadakia,98950320740,gaurang58@gmail.com,M,2005-10-25,AADHAR-9083-1298-3807,
WIT-11146,CLM-01924,Quincy,,Sachdev,Quincy Sachdev,98266295478,quincy55@outlook.co.in,M,1968-11-14,UID-378103610581,
WIT-11147,CLM-01977,Maanav,,Batta,Maanav Batta,99197009602,maanav73@hotmail.com,M,2005-07-31,AADHAR-4272-4317-7727,
WIT-11148,CLM-01977,Jhalak,,De,Jhalak De,99789852117,jhalak65@yahoo.com,F,2006-11-21,AADHAR-5563-9456-7028,
WIT-11149,CLM-01977,Christopher,,Bala,Christopher Bala,98465571797,christopher29@gmail.com,M,1961-06-04,VOTER-E573957,
WIT-11150,CLM-01404,Chatresh,,Lata,Chatresh Lata,99520438823,chatresh94@yahoo.com,M,1988-01-05,VOTER-C208424,
WIT-11151,CLM-02996,Aradhana,,Kapoor,Aradhana Kapoor,97308334460,aradhana62@rediffmail.com,F,1993-07-06,AADHAR-4971-6872-2793,
WIT-11152,CLM-02996,Dalaja,,Naik,Dalaja Naik,99671651903,dalaja46@hotmail.com,F,2004-05-01,AADHAR-7455-2114-5459,
WIT-11153,CLM-02472,Idika,,Narayanan,Idika Narayanan,99971775299,idika63@rediffmail.com,F,1989-07-04,UID-504697018667,
WIT-11154,CLM-02472,Triveni,,Sami,Triveni Sami,98375133859,triveni80@hotmail.com,F,1969-01-24,AADHAR-4133-5373-9358,
WIT-11155,CLM-02984,Forum,,Nigam,Forum Nigam,99538669216,forum50@gmail.com,F,2002-01-01,VOTER-E274456,
WIT-11156,CLM-02984,Bahadurjit,,Sur,Bahadurjit Sur,98901637384,bahadurjit44@outlook.co.in,M,1956-06-10,UID-421646794628,
WIT-11157,CLM-02984,David,,Doctor,David Doctor,97651318626,david83@rediffmail.com,M,1990-02-08,AADHAR-8109-8474-9862,MEM-11424
WIT-11158,CLM-00606,Manya,,Ahluwalia,Manya Ahluwalia,99755783967,manya86@outlook.co.in,F,2003-05-25,UID-170185646084,
WIT-11159,CLM-00606,Yuvraj,,Pillay,Yuvraj Pillay,97894662664,yuvraj10@yahoo.com,M,1978-10-22,VOTER-C841787,
WIT-11160,CLM-01052,Oliver,,Thaman,Oliver Thaman,97516235759,oliver68@outlook.co.in,M,1991-01-29,AADHAR-2357-4168-9298,
WIT-11161,CLM-01052,Chaman,,Pall,Chaman Pall,97920022823,chaman67@yahoo.com,F,1984-02-10,AADHAR-6247-2944-3091,
WIT-11162,CLM-00860,Anita,,Gara,Anita Gara,99550871429,anita79@outlook.co.in,F,1966-09-22,AADHAR-6173-1089-9142,
WIT-11163,CLM-00860,Atharv,,Merchant,Atharv Merchant,98708994247,atharv29@outlook.co.in,M,1986-11-29,VOTER-C424215,
WIT-11164,CLM-00860,Pushti,,Sunder,Pushti Sunder,98339284782,pushti96@rediffmail.com,F,1960-02-10,AADHAR-2532-3999-1761,
WIT-11165,CLM-00333,Ekta,,Barman,Ekta Barman,97828734961,ekta65@outlook.co.in,F,1990-09-25,AADHAR-9538-8945-6012,
WIT-11166,CLM-00333,Ikbal,,Chahal,Ikbal Chahal,97318355304,ikbal52@hotmail.com,M,1998-03-22,UID-240343668281,
WIT-11167,CLM-00333,Tarak,,Patla,Tarak Patla,98934263592,tarak78@outlook.co.in,M,2003-07-25,AADHAR-7778-2264-4258,
WIT-11168,CLM-00807,Hema,,Badami,Hema Badami,98689418257,hema82@live.com,F,1969-01-07,UID-678605195214,MEM-10259
WIT-11169,CLM-00807,Ranveer,,Behl,Ranveer Behl,97728990608,ranveer99@outlook.co.in,M,1987-01-16,AADHAR-8553-6516-5501,
WIT-11170,CLM-02687,Bina,,Kalla,Bina Kalla,99765620088,bina81@live.com,F,1960-06-24,AADHAR-9107-3548-9626,
WIT-11171,CLM-02687,Brijesh,,Tandon,Brijesh Tandon,98876010496,brijesh74@gmail.com,M,1988-11-29,VOTER-C200353,
WIT-11172,CLM-00771,Jagdish,,Mohanty,Jagdish Mohanty,98018707860,jagdish26@gmail.com,M,1993-05-18,UID-471324008665,
WIT-11173,CLM-00771,Anay,,Uppal,Anay Uppal,98965931573,anay95@live.com,M,1982-05-30,UID-833054426820,
WIT-11174,CLM-01984,Azaan,,Nair,Azaan Nair,97424060640,azaan65@yahoo.com,M,1971-02-25,AADHAR-2262-8291-3393,
WIT-11175,CLM-02855,Yachana,,Nagi,Yachana Nagi,97815244916,yachana69@hotmail.com,F,1970-11-04,AADHAR-1260-5244-2351,MEM-13003
WIT-11176,CLM-02088,Tanvi,,Nath,Tanvi Nath,99436070937,tanvi89@outlook.co.in,F,1986-05-30,UID-273431559484,
WIT-11177,CLM-00913,Fiyaz,,Hegde,Fiyaz Hegde,97061892874,wishi68@yahoo.com,M,1972-01-13,AADHAR-6069-1635-6655,MEM-10011
WIT-11178,CLM-00913,Ranbir,,Mittal,Ranbir Mittal,97771061754,ranbir85@hotmail.com,M,1967-03-26,UID-394613357337,
WIT-11179,CLM-00913,Ekanta,,Sharma,Ekanta Sharma,97151609221,ekanta31@gmail.com,F,1986-08-04,VOTER-B134303,
WIT-11180,CLM-00908,Gaurangi,,Batra,Gaurangi Batra,98399701384,gaurangi71@hotmail.com,F,2002-02-10,VOTER-A721386,
WIT-11181,CLM-01614,Kiaan,,Balay,Kiaan Balay,99939381917,kiaan80@yahoo.com,M,1950-07-31,UID-315779029995,
WIT-11182,CLM-01614,Aarush,,Agate,Aarush Agate,99118366715,aarush27@gmail.com,M,2002-04-13,UID-663657069463,
WIT-11183,CLM-00874,Kashvi,,Ratti,Kashvi Ratti,98997707091,kashvi54@yahoo.com,F,1982-07-31,UID-752601599586,
WIT-11184,CLM-00874,Advika,,Dugal,Advika Dugal,98363520137,advika66@yahoo.com,F,1993-09-07,AADHAR-6053-8051-6304,
WIT-11185,CLM-01939,Yashawini,,Jha,Yashawini Jha,97299249449,yashawini72@gmail.com,F,1966-11-29,UID-269957619179,
WIT-11186,CLM-01939,Yochana,,Bhat,Yochana Bhat,97164622846,yochana27@outlook.co.in,F,1997-11-09,VOTER-B843703,
WIT-11187,CLM-01939,Bishakha,,Mishra,Bishakha Mishra,98836740018,bishakha34@rediffmail.com,F,1951-08-31,UID-522293128017,
WIT-11188,CLM-01681,Elijah,,Jani,Elijah Jani,97991615301,elijah70@gmail.com,M,1966-11-27,AADHAR-2626-1307-6035,
WIT-11189,CLM-00468,Yuvraj,,Sabharwal,Yuvraj Sabharwal,99158191399,yuvraj46@live.com,M,1983-11-04,VOTER-D774360,
WIT-11190,CLM-00468,Qasim,,Sami,Qasim Sami,97954728431,qasim83@outlook.co.in,M,1997-12-18,UID-497273064756,
WIT-11191,CLM-00901,Theodore,,Misra,Theodore Misra,99787903194,theodore80@outlook.co.in,M,1967-04-29,AADHAR-1893-9830-7753,
WIT-11192,CLM-00124,Henry,,Nigam,Henry Nigam,97386493707,henry14@gmail.com,M,1973-05-22,VOTER-D779138,
WIT-11193,CLM-00124,Chandran,,Mistry,Chandran Mistry,97547076503,chandran35@live.com,M,1962-11-13,UID-819507607525,
WIT-11194,CLM-00124,Charles,,Shetty,Charles Shetty,99952048482,charles24@rediffmail.com,M,2005-04-24,UID-778185069383,
WIT-11195,CLM-02222,Shivansh,,Nayak,Shivansh Nayak,97251376317,shivansh70@gmail.com,M,1956-07-08,UID-629426086164,
WIT-11196,CLM-02222,Chatresh,,Sarma,Chatresh Sarma,97617453019,chatresh90@rediffmail.com,M,1999-02-08,UID-570664912329,
WIT-11197,CLM-02222,Ayaan,,Shanker,Ayaan Shanker,99152887922,ayaan65@hotmail.com,M,1983-10-02,VOTER-E181914,
WIT-11198,CLM-01767,Ganga,,Rege,Ganga Rege,99128789563,ganga30@live.com,F,1981-12-21,UID-583315193949,
WIT-11199,CLM-01767,Nicholas,,Minhas,Nicholas Minhas,97041452318,nicholas50@hotmail.com,M,1973-11-15,AADHAR-4405-7188-4784,
WIT-11200,CLM-02932,Jeet,,Luthra,Jeet Luthra,99165862643,jeet16@yahoo.com,M,1973-10-31,VOTER-B197779,
WIT-11201,CLM-02932,Dayita,,Rama,Dayita Rama,99709628261,dayita53@hotmail.com,F,1957-08-24,VOTER-B470458,
WIT-11202,CLM-02932,Upkaar,,Natt,Upkaar Natt,98359217163,upkaar83@yahoo.com,M,1958-11-19,AADHAR-8793-4153-3120,
WIT-11203,CLM-01334,Abdul,,Dayal,Abdul Dayal,98414158482,abdul21@hotmail.com,M,1998-12-04,AADHAR-9263-6605-1241,
WIT-11204,CLM-01334,Devansh,,Dutt,Devansh Dutt,99662350484,devansh82@hotmail.com,M,1950-08-10,UID-363860170573,
WIT-11205,CLM-00138,Upma,,Puri,Upma Puri,98052922168,upma55@hotmail.com,F,1996-07-05,UID-664246871705,
WIT-11206,CLM-00138,Owen,,Badal,Owen Badal,97120127492,owen80@hotmail.com,M,1981-09-08,AADHAR-5918-5242-5287,
WIT-11207,CLM-02823,Chaitanya,,Thakur,Chaitanya Thakur,99773785923,chaitanya72@outlook.co.in,M,1983-05-16,VOTER-B148993,MEM-12725
WIT-11208,CLM-02823,Aarush,,Biswas,Aarush Biswas,98345471510,aarush98@outlook.co.in,M,1996-08-09,AADHAR-6727-7721-4594,
WIT-11209,CLM-02823,Siddharth,,Karpe,Siddharth Karpe,99203869949,siddharth41@live.com,M,1986-08-26,UID-648585319083,
WIT-11210,CLM-02392,Chatresh,,Ravel,Chatresh Ravel,97667635471,chatresh90@live.com,M,1991-08-25,AADHAR-7227-2037-4633,
WIT-11211,CLM-02392,Vidhi,,Oak,Vidhi Oak,99497167580,vidhi73@rediffmail.com,F,2004-06-23,VOTER-A701026,MEM-10805
WIT-11212,CLM-02392,Ikbal,,Pant,Ikbal Pant,99616222934,ikbal36@hotmail.com,M,1955-02-10,VOTER-A111317,
WIT-11213,CLM-00830,Gauri,,Dalal,Gauri Dalal,97349283271,gauri40@rediffmail.com,F,1987-12-21,VOTER-B840409,
WIT-11214,CLM-01996,Lekha,,Ganesan,Lekha Ganesan,99606578216,lekha75@outlook.co.in,F,2005-09-28,UID-410018607430,
WIT-11215,CLM-00410,Oviya,,Ranganathan,Oviya Ranganathan,99826549786,oviya34@live.com,F,1982-07-19,VOTER-E325456,
WIT-11216,CLM-00410,Benjamin,,Shan,Benjamin Shan,98314663364,benjamin95@outlook.co.in,M,1964-02-25,UID-855230809234,
WIT-11217,CLM-00410,Ati,,Venkataraman,Ati Venkataraman,99466653012,ati64@yahoo.com,F,1965-08-21,VOTER-A200360,
WIT-11218,CLM-01560,Umang,,Sundaram,Umang Sundaram,98087619580,umang76@hotmail.com,M,1988-12-19,VOTER-E319158,
WIT-11219,CLM-02595,Christopher,,Bhandari,Christopher Bhandari,98022105495,christopher98@yahoo.com,M,1965-03-19,UID-789646209131,
WIT-11220,CLM-02595,Gopal,,Sharaf,Gopal Sharaf,97610360555,gopal16@live.com,M,1983-03-30,UID-613222260444,
WIT-11221,CLM-02595,Oliver,,Sarkar,Oliver Sarkar,98898379533,oliver83@rediffmail.com,M,1995-03-04,AADHAR-8898-6207-5182,
WIT-11222,CLM-01863,Vaishnavi,,Purohit,Vaishnavi Purohit,99492150126,vaishnavi42@hotmail.com,F,1954-02-25,VOTER-E298792,
WIT-11223,CLM-01863,Parth,,Prabhakar,Parth Prabhakar,97017578911,parth48@hotmail.com,M,2000-12-14,AADHAR-6905-9453-9144,
WIT-11224,CLM-02708,Hemangini,,Batra,Hemangini Batra,98719411858,hemangini19@live.com,F,1990-04-29,VOTER-D181673,
WIT-11225,CLM-02708,Ekani,,Prakash,Ekani Prakash,97862308326,ekani52@rediffmail.com,F,2004-10-17,UID-576655582247,MEM-12417
WIT-11226,CLM-02835,Dhruv,,Bumb,Dhruv Bumb,98830331160,dhruv45@outlook.co.in,M,1959-03-17,AADHAR-6862-8312-1067,
WIT-11227,CLM-02835,Jonathan,,Kothari,Jonathan Kothari,97499850825,jonathan39@outlook.co.in,M,1968-07-26,VOTER-D311250,
WIT-11228,CLM-00856,Faras,,Nadkarni,Faras Nadkarni,99975183896,faras86@outlook.co.in,M,1954-03-29,UID-584395669895,
WIT-11229,CLM-02189,Robert,,Rastogi,Robert Rastogi,97222763845,robert61@gmail.com,M,1950-11-17,AADHAR-8205-7916-8190,
WIT-11230,CLM-02189,Zilmil,,Bhakta,Zilmil Bhakta,98053965918,zilmil59@hotmail.com,F,1954-03-17,UID-139412380958,
WIT-11231,CLM-00393,Kala,,Kumer,Kala Kumer,98259526606,kala41@rediffmail.com,F,1999-10-12,VOTER-E211516,
WIT-11232,CLM-00517,Samaksh,,Din,Samaksh Din,99241374137,samaksh39@rediffmail.com,M,1998-12-10,UID-559917620566,
WIT-11233,CLM-01074,Sanaya,,Khanna,Sanaya Khanna,97811902826,sanaya82@yahoo.com,F,1963-11-20,VOTER-D706375,
WIT-11234,CLM-01353,Ronith,,Nanda,Ronith Nanda,97403106582,ronith93@yahoo.com,M,1962-01-14,VOTER-A915593,
WIT-11235,CLM-01219,Zaitra,,Varkey,Zaitra Varkey,98492139877,zaitra59@outlook.co.in,F,1987-01-25,UID-771882024148,
WIT-11236,CLM-01219,Rachana,,Guha,Rachana Guha,98115535571,rachana26@yahoo.com,F,1961-06-05,UID-699220637936,
WIT-11237,CLM-01219,Zilmil,,Sethi,Zilmil Sethi,99987163736,zilmil75@yahoo.com,F,1962-11-30,AADHAR-5419-4910-2220,
WIT-11238,CLM-00940,Ganga,,Wable,Ganga Wable,98686228314,ganga39@yahoo.com,F,1985-02-25,VOTER-C594203,MEM-10922
WIT-11239,CLM-01898,Anvi,,Raja,Anvi Raja,98192326596,anvi75@rediffmail.com,F,1989-12-18,VOTER-C342076,
WIT-11240,CLM-01898,Omkaar,,Tank,Omkaar Tank,99965919369,omkaar11@live.com,M,1990-11-17,AADHAR-2356-7248-6877,
WIT-11241,CLM-01898,Anay,,Mander,Anay Mander,99625447581,anay13@outlook.co.in,M,2005-06-09,AADHAR-5004-4287-7034,
WIT-11242,CLM-01867,Yashodhara,,Bhattacharyya,Yashodhara Bhattacharyya,98895426343,yashodhara50@outlook.co.in,F,1967-03-24,AADHAR-5095-2938-3376,
WIT-11243,CLM-01867,Isaiah,,Salvi,Isaiah Salvi,99848484387,isaiah45@live.com,M,1990-11-27,AADHAR-9690-3277-8457,
WIT-11244,CLM-00498,Mugdha,,Varma,Mugdha Varma,97723440838,mugdha18@yahoo.com,F,1999-08-19,VOTER-B606627,
WIT-11245,CLM-01558,Anirudh,,Behl,Anirudh Behl,97399049096,anirudh74@yahoo.com,M,1977-05-16,VOTER-D819598,MEM-11282
WIT-11246,CLM-02000,Fiyaz,,Sachar,Fiyaz Sachar,98215341087,fiyaz76@hotmail.com,M,1987-10-28,VOTER-C618417,
WIT-11247,CLM-02000,Yashasvi,,Chadha,Yashasvi Chadha,99549859122,yashasvi84@live.com,F,1957-12-19,AADHAR-8827-2185-6523,
WIT-11248,CLM-02000,Laban,,Rastogi,Laban Rastogi,99340048740,laban19@rediffmail.com,M,2002-09-15,UID-273371374944,
WIT-11249,CLM-00175,Yadavi,,Narang,Yadavi Narang,97261854396,yadavi40@hotmail.com,F,1979-01-10,AADHAR-9893-9843-3687,
WIT-11250,CLM-00175,Watika,,Basak,Watika Basak,97425122329,watika82@rediffmail.com,F,1979-08-12,AADHAR-2621-4850-3428,
WIT-11251,CLM-00175,Rajeshri,,Dalal,Rajeshri Dalal,98372551421,rajeshri26@outlook.co.in,F,1996-12-09,AADHAR-3192-9672-1748,
WIT-11252,CLM-01755,Chandran,,Bandi,Chandran Bandi,98543163043,chandran26@hotmail.com,M,1961-02-11,AADHAR-2735-6780-8294,
WIT-11253,CLM-01755,Chameli,,Krishnan,Chameli Krishnan,98424141549,chameli74@hotmail.com,F,1963-01-14,VOTER-A539936,MEM-13103
WIT-11254,CLM-01755,Odika,,Sha,Odika Sha,98681608863,odika56@hotmail.com,F,2002-12-25,AADHAR-2806-1615-1795,
WIT-11255,CLM-02624,Arunima,,Tara,Arunima Tara,97408966665,arunima48@live.com,F,1958-11-23,VOTER-E903869,
WIT-11256,CLM-02624,Triya,,Gara,Triya Gara,97241780452,triya13@hotmail.com,F,1956-12-18,AADHAR-5308-7716-6985,
WIT-11257,CLM-02624,Nitesh,,Ahluwalia,Nitesh Ahluwalia,98315277356,nitesh41@outlook.co.in,M,1992-05-24,UID-391936379435,
WIT-11258,CLM-00984,Vamakshi,,Sani,Vamakshi Sani,99773170674,vamakshi68@hotmail.com,F,1965-12-23,UID-491379347664,
WIT-11259,CLM-01340,Amol,,Sarma,Amol Sarma,98902046839,amol91@yahoo.com,M,1969-04-11,AADHAR-3752-2850-8444,
WIT-11260,CLM-01340,Vincent,,Mandal,Vincent Mandal,97537647870,vincent36@rediffmail.com,M,1950-05-26,AADHAR-2508-6456-5457,
WIT-11261,CLM-00532,Raghav,,Bhargava,Raghav Bhargava,98760246048,raghav24@yahoo.com,M,1956-11-13,UID-131449931490,
WIT-11262,CLM-01301,Nitara,,Mander,Nitara Mander,97662007012,nitara60@yahoo.com,F,1977-03-01,VOTER-A725575,
WIT-11263,CLM-01301,Niharika,,Merchant,Niharika Merchant,97819746497,niharika30@rediffmail.com,F,1952-06-08,VOTER-B662317,
WIT-11264,CLM-01301,Ishani,,Sabharwal,Ishani Sabharwal,99441407015,ishani48@hotmail.com,F,1996-06-04,VOTER-C733109,
WIT-11265,CLM-00513,Leela,,Bahri,Leela Bahri,98605441796,leela46@gmail.com,F,1953-05-23,VOTER-B538779,
WIT-11266,CLM-02987,Aahana,,Saran,Aahana Saran,97287438591,aahana74@outlook.co.in,F,1980-03-06,UID-778908277697,
WIT-11267,CLM-02987,Jeremiah,,Bandi,Jeremiah Bandi,99502150743,jeremiah19@yahoo.com,M,1967-10-26,UID-141984993764,
WIT-11268,CLM-01962,Advika,,Palan,Advika Palan,97093567511,advika91@hotmail.com,F,2000-05-11,AADHAR-2129-9236-8896,
WIT-11269,CLM-01962,Ryan,,Kumer,Ryan Kumer,97757135031,ryan64@outlook.co.in,M,1982-02-08,UID-848743204634,MEM-10654
WIT-11270,CLM-01388,Chandani,,Chanda,Chandani Chanda,97048856093,chandani81@live.com,F,1970-01-07,UID-850354440893,MEM-12924
WIT-11271,CLM-01388,Bhavna,,Doctor,Bhavna Doctor,97294123557,bhavna72@gmail.com,F,1979-06-25,UID-259293216216,
WIT-11272,CLM-02840,Chakradhar,,Patla,Chakradhar Patla,98531591908,chakradhar34@live.com,M,1952-06-28,AADHAR-8856-6665-8417,
WIT-11273,CLM-02201,Siya,,Sharaf,Siya Sharaf,99520378824,siya57@live.com,F,1960-07-01,AADHAR-9294-7351-4117,
WIT-11274,CLM-00623,Vritti,,Borra,Vritti Borra,97175757937,vritti82@live.com,F,1999-08-18,UID-236643627630,
WIT-11275,CLM-01741,Tamanna,,Sachdeva,Tamanna Sachdeva,99089371854,tamanna42@hotmail.com,F,1981-03-07,UID-506423000299,
WIT-11276,CLM-01741,Anirudh,,Sethi,Anirudh Sethi,98001707003,anirudh15@yahoo.com,M,1991-06-19,AADHAR-2489-7482-2754,
WIT-11277,CLM-01741,Aishani,,Bhat,Aishani Bhat,97858058894,aishani92@yahoo.com,F,1959-04-05,VOTER-E991255,
WIT-11278,CLM-01184,Sai,,Prabhakar,Sai Prabhakar,98277389372,sai48@hotmail.com,M,2007-02-14,VOTER-B671836,
WIT-11279,CLM-01184,Max,,Viswanathan,Max Viswanathan,98869182116,max41@yahoo.com,M,1979-06-17,AADHAR-7918-9130-2237,
WIT-11280,CLM-01184,Adya,,Bahl,Adya Bahl,98629721421,adya47@hotmail.com,F,1966-09-22,VOTER-A871415,
WIT-11281,CLM-02977,Ojasvi,,Nazareth,Ojasvi Nazareth,99066027592,ojasvi95@rediffmail.com,F,1992-10-21,UID-181552866494,
WIT-11282,CLM-00573,Adya,,Sahota,Adya Sahota,98255544195,adya36@rediffmail.com,F,1995-02-24,VOTER-E572345,
WIT-11283,CLM-00573,Panini,,Mohan,Panini Mohan,99579254032,panini94@gmail.com,F,1970-01-06,VOTER-D794288,
WIT-11284,CLM-01163,Nakul,,Srinivasan,Nakul Srinivasan,97050119897,nakul80@outlook.co.in,M,2006-07-25,UID-127068709086,
WIT-11285,CLM-01163,Zansi,,Mani,Zansi Mani,99797508671,zansi39@rediffmail.com,F,1968-01-25,VOTER-E461688,
WIT-11286,CLM-01721,Yoshita,,Murty,Yoshita Murty,97381624627,yoshita30@rediffmail.com,F,1992-08-18,UID-949470407971,
WIT-11287,CLM-01721,Meghana,,Kala,Meghana Kala,99960167115,meghana77@rediffmail.com,F,2005-02-08,VOTER-B227080,
WIT-11288,CLM-01113,Chaman,,Raman,Chaman Raman,97011920326,chaman73@hotmail.com,F,1961-09-19,AADHAR-6273-7044-1119,MEM-10388
WIT-11289,CLM-00127,Vanya,,Bhatt,Vanya Bhatt,99053778885,vanya93@hotmail.com,F,1952-09-30,VOTER-A730967,
WIT-11290,CLM-00127,Joshua,,De,Joshua De,98398101970,joshua35@hotmail.com,M,1978-08-23,VOTER-A406045,
WIT-11291,CLM-01155,Gavin,,Majumdar,Gavin Majumdar,98449054253,gavin18@yahoo.com,M,1961-04-08,AADHAR-3667-9394-2254,
WIT-11292,CLM-01155,Jatin,,Pillai,Jatin Pillai,98414291185,jatin36@gmail.com,M,1952-06-01,AADHAR-8298-2520-5314,
WIT-11293,CLM-01155,Faras,,Saran,Faras Saran,98270030365,faras27@outlook.co.in,M,1991-12-27,VOTER-D293491,
WIT-11294,CLM-00163,Neelima,,Rajagopalan,Neelima Rajagopalan,98584183715,neelima48@yahoo.com,F,1986-08-14,AADHAR-9594-6093-1935,
WIT-11295,CLM-00163,Arin,,Suresh,Arin Suresh,98433674864,arin65@outlook.co.in,M,2004-11-14,VOTER-A883980,
WIT-11296,CLM-02318,Vedika,,Jayaraman,Vedika Jayaraman,99973163906,vedika23@live.com,F,1972-09-14,AADHAR-6186-3052-1731,
WIT-11297,CLM-02934,Max,,Loke,Max Loke,98332849587,max92@gmail.com,M,1992-05-12,AADHAR-7930-3964-4715,
WIT-11298,CLM-02934,Balendra,,Dixit,Balendra Dixit,98144385571,balendra96@rediffmail.com,M,1998-12-08,VOTER-D714868,
WIT-11299,CLM-02934,Jonathan,,Mukhopadhyay,Jonathan Mukhopadhyay,99073605605,jonathan66@yahoo.com,M,1971-04-23,UID-716857906465,
WIT-11300,CLM-01290,Dayamai,,Virk,Dayamai Virk,98277944743,dayamai41@rediffmail.com,F,1997-07-25,AADHAR-7866-2940-1835,MEM-12264
WIT-11301,CLM-01290,Qarin,,Karnik,Qarin Karnik,97254851729,qarin90@yahoo.com,M,1991-12-09,AADHAR-6845-3740-5696,MEM-12341
WIT-11302,CLM-01290,Wishi,,Mandal,Wishi Mandal,99077496148,wishi42@yahoo.com,F,2006-12-07,AADHAR-4073-8955-1836,
WIT-11303,CLM-01972,Harrison,,Bhatia,Harrison Bhatia,97450678956,harrison43@yahoo.com,M,1997-09-28,AADHAR-1418-3010-1455,
WIT-11304,CLM-01499,Girindra,,Raju,Girindra Raju,97994612443,girindra97@hotmail.com,M,1979-01-10,VOTER-C829537,
WIT-11305,CLM-01499,Ekansh,,Sarna,Ekansh Sarna,98022741360,ekansh71@rediffmail.com,M,1967-02-06,VOTER-C388013,
WIT-11306,CLM-02655,Qabil,,Sathe,Qabil Sathe,97165015284,qabil19@live.com,M,2005-11-03,UID-961209377333,
WIT-11307,CLM-02226,Sathvik,,Vohra,Sathvik Vohra,99411137663,sathvik63@hotmail.com,M,1995-11-23,AADHAR-8282-7099-8994,
WIT-11308,CLM-02226,Harita,,Pradhan,Harita Pradhan,99564845192,harita84@outlook.co.in,F,1966-08-03,UID-695242366258,
WIT-11309,CLM-02226,Nihal,,Brahmbhatt,Nihal Brahmbhatt,98272140007,nihal72@rediffmail.com,M,1957-07-18,AADHAR-4232-3575-7457,
WIT-11310,CLM-01118,Ranveer,,Swaminathan,Ranveer Swaminathan,97728177398,ranveer92@live.com,M,1957-05-09,VOTER-D599273,
WIT-11311,CLM-01118,Darpan,,De,Darpan De,97940469144,darpan11@hotmail.com,M,1979-08-23,AADHAR-3712-5220-9360,
WIT-11312,CLM-01694,Dhruv,,Bhagat,Dhruv Bhagat,98736981312,dhruv58@hotmail.com,M,1961-01-14,VOTER-E865179,
WIT-11313,CLM-01694,Panini,,Sandhu,Panini Sandhu,99385905140,panini54@rediffmail.com,F,1975-10-22,VOTER-D463804,
WIT-11314,CLM-01694,Samar,,Soman,Samar Soman,99236864064,samar64@outlook.co.in,M,1951-07-25,AADHAR-5958-2701-2656,
WIT-11315,CLM-00206,Yasti,,Das,Yasti Das,98657580147,yasti94@live.com,F,1987-01-26,UID-181848469246,
WIT-11316,CLM-00206,Anika,,Shankar,Anika Shankar,97494430737,anika55@rediffmail.com,F,1976-02-25,UID-939951313114,
WIT-11317,CLM-00037,Fiyaz,,De,Fiyaz De,99554578038,fiyaz74@outlook.co.in,M,1953-06-27,UID-486135575956,
WIT-11318,CLM-02007,Yasti,,Shetty,Yasti Shetty,98529897199,yasti50@yahoo.com,F,1998-09-23,VOTER-A176137,
WIT-11319,CLM-02075,Jeet,,Upadhyay,Jeet Upadhyay,99808132076,jeet43@hotmail.com,M,1960-03-21,AADHAR-6907-5571-6249,
WIT-11320,CLM-02075,Zansi,,Bhattacharyya,Zansi Bhattacharyya,97788539692,zansi80@outlook.co.in,F,1965-06-19,VOTER-A547887,
WIT-11321,CLM-00490,Oscar,,Bose,Oscar Bose,97507188561,oscar83@gmail.com,M,1964-07-09,AADHAR-5750-1051-3636,
WIT-11322,CLM-00886,Yochana,,Anne,Yochana Anne,98230507063,yochana23@outlook.co.in,F,1962-07-23,UID-634072733298,
WIT-11323,CLM-02259,Ronith,,Zacharia,Ronith Zacharia,98492418650,ronith49@outlook.co.in,M,1984-04-19,UID-620527468555,
WIT-11324,CLM-02259,Faraj,,Mutti,Faraj Mutti,98675940233,faraj62@hotmail.com,M,1976-10-21,VOTER-A891050,MEM-12939
WIT-11325,CLM-02259,Sachi,,Raja,Sachi Raja,98876199642,sachi64@yahoo.com,F,1978-05-02,UID-114893365935,
WIT-11326,CLM-02056,Rushil,,Venkatesh,Rushil Venkatesh,97397542101,rushil57@hotmail.com,M,1969-04-08,AADHAR-9408-5831-8786,MEM-11622
WIT-11327,CLM-02056,Harinakshi,,Brahmbhatt,Harinakshi Brahmbhatt,98668699662,harinakshi43@hotmail.com,F,1993-09-08,UID-770472023490,
WIT-11328,CLM-00370,Kashish,,Chaudhry,Kashish Chaudhry,98305862604,kashish33@outlook.co.in,F,1969-01-20,VOTER-B308045,
WIT-11329,CLM-00370,Mitali,,Thakur,Mitali Thakur,99089672306,mitali79@yahoo.com,F,1995-03-28,UID-539294211958,MEM-12282
WIT-11330,CLM-00370,Warinder,,Sekhon,Warinder Sekhon,99794719961,warinder73@live.com,M,1994-02-20,AADHAR-2414-6709-3768,
WIT-11331,CLM-00367,Gayathri,,Tandon,Gayathri Tandon,98173979899,gayathri50@outlook.co.in,F,1981-08-10,VOTER-B660915,
WIT-11332,CLM-00367,Vivaan,,Iyer,Vivaan Iyer,97027145489,vivaan58@hotmail.com,M,1989-04-01,VOTER-D341721,
WIT-11333,CLM-00367,Isaac,,Vyas,Isaac Vyas,99267700638,isaac58@rediffmail.com,M,2003-09-22,UID-890562482632,MEM-10214
WIT-11334,CLM-01582,Rehaan,,Khanna,Rehaan Khanna,97250190286,rehaan64@live.com,M,1954-03-01,VOTER-D448453,
WIT-11335,CLM-01582,Darsh,,Wali,Darsh Wali,98566792865,darsh88@rediffmail.com,M,1972-12-04,UID-183409588760,
WIT-11336,CLM-02304,Balhaar,,Shenoy,Balhaar Shenoy,99155095969,balhaar86@outlook.co.in,M,1984-08-10,AADHAR-6708-9018-9759,
WIT-11337,CLM-02304,Kashish,,Dhar,Kashish Dhar,98654507058,kashish28@outlook.co.in,F,1995-03-07,AADHAR-6926-4266-1108,MEM-11483
WIT-11338,CLM-02304,Ira,,Agrawal,Ira Agrawal,97912319000,ira74@gmail.com,F,1988-07-30,AADHAR-4753-7723-4218,
WIT-11339,CLM-01025,Daksha,,Magar,Daksha Magar,98623659351,daksha47@outlook.co.in,F,1999-06-16,VOTER-C173388,
WIT-11340,CLM-01025,Oliver,,Mitra,Oliver Mitra,98341082481,oliver89@hotmail.com,M,2005-08-07,AADHAR-4531-6494-3406,MEM-12433
WIT-11341,CLM-00128,Sarthak,,Kuruvilla,Sarthak Kuruvilla,97613364708,sarthak15@gmail.com,M,1987-04-08,VOTER-A403181,
WIT-11342,CLM-00128,Frederick,,Balan,Frederick Balan,98069264055,frederick39@outlook.co.in,M,1984-09-22,VOTER-B800787,
WIT-11343,CLM-01377,Matthew,,Sawhney,Matthew Sawhney,97640205973,matthew57@gmail.com,M,2000-03-21,AADHAR-7780-3877-7703,
WIT-11344,CLM-01377,Qadim,,Amble,Qadim Amble,99816286105,qadim32@live.com,M,1978-09-18,VOTER-B144652,
WIT-11345,CLM-01377,Damyanti,,Pal,Damyanti Pal,99780058944,damyanti24@hotmail.com,F,1988-10-20,AADHAR-1965-2302-9851,MEM-11211
WIT-11346,CLM-00398,Chakradhar,,Dey,Chakradhar Dey,98304743589,chakradhar53@yahoo.com,M,1983-06-10,AADHAR-4133-6969-5301,
WIT-11347,CLM-00398,Aayush,,Sathe,Aayush Sathe,97005152436,aayush26@hotmail.com,M,1964-09-22,VOTER-B760484,
WIT-11348,CLM-00911,Gabriel,,Lala,Gabriel Lala,97944203527,gabriel28@outlook.co.in,M,1973-08-15,UID-801188971568,
WIT-11349,CLM-00911,Vasana,,Lalla,Vasana Lalla,99766239378,vasana34@gmail.com,F,2002-06-18,UID-973583373640,
WIT-11350,CLM-00348,Quincy,,Sahota,Quincy Sahota,99645661478,quincy48@outlook.co.in,M,1977-02-09,VOTER-B101052,
WIT-11351,CLM-00492,Tejas,,Tella,Tejas Tella,99721468368,tejas42@live.com,M,1976-08-23,AADHAR-1187-8891-2037,
WIT-11352,CLM-00568,Isaiah,,Mitter,Isaiah Mitter,98064148982,isaiah39@yahoo.com,M,1993-10-12,AADHAR-5702-5717-4980,
WIT-11353,CLM-02153,Nathaniel,,Mahajan,Nathaniel Mahajan,97292758974,nathaniel26@outlook.co.in,M,1979-10-17,UID-211361416114,
WIT-11354,CLM-02217,Radha,,Randhawa,Radha Randhawa,98652054489,radha40@rediffmail.com,F,2006-08-30,AADHAR-2757-5348-1571,
WIT-11355,CLM-01177,Vincent,,Kadakia,Vincent Kadakia,99744007577,vincent35@gmail.com,M,2007-05-17,UID-805445223982,
WIT-11356,CLM-01177,Ishaan,,Tripathi,Ishaan Tripathi,97914633465,ishaan99@yahoo.com,M,1991-02-22,AADHAR-7196-5054-5175,
WIT-11357,CLM-00875,Yoshita,,Khanna,Yoshita Khanna,98748423050,yoshita73@live.com,F,1976-03-23,VOTER-D629765,
WIT-11358,CLM-00096,Pooja,,Savant,Pooja Savant,99823922251,pooja81@hotmail.com,F,1998-03-19,VOTER-D661557,
WIT-11359,CLM-00096,Faris,,Gaba,Faris Gaba,98017469423,faris92@rediffmail.com,M,1994-09-20,UID-250753852555,
WIT-11360,CLM-01534,Jackson,,Vig,Jackson Vig,99534872833,jackson37@outlook.co.in,M,1961-09-09,AADHAR-8752-8563-2137,
WIT-11361,CLM-00156,Kashish,,Bath,Kashish Bath,99583900302,kashish73@outlook.co.in,F,1953-02-01,AADHAR-7021-1842-2728,
WIT-11362,CLM-00156,Sneha,,Nagy,Sneha Nagy,97359030933,sneha28@rediffmail.com,F,2005-04-04,VOTER-C377385,
WIT-11363,CLM-00156,Chatresh,,Mani,Chatresh Mani,98134943790,chatresh81@hotmail.com,M,1973-02-24,UID-797189697182,
WIT-11364,CLM-01882,Pushti,,Bhasin,Pushti Bhasin,98126594515,pushti47@rediffmail.com,F,1970-03-14,UID-941050697742,
WIT-11365,CLM-02451,Gaurang,,Manda,Gaurang Manda,97395169357,gaurang48@hotmail.com,M,1980-12-25,AADHAR-8456-1160-9463,MEM-12671
WIT-11366,CLM-01504,Kamya,,Divan,Kamya Divan,97147471266,kamya28@gmail.com,F,2000-02-16,VOTER-C257398,MEM-12896
WIT-11367,CLM-01504,Fitan,,Gade,Fitan Gade,98339536830,fitan14@live.com,M,1969-04-08,UID-880235142767,
WIT-11368,CLM-00239,Zashil,,Prabhakar,Zashil Prabhakar,98252813767,zashil83@hotmail.com,M,1959-12-30,AADHAR-1706-6930-9480,
WIT-11369,CLM-00239,Yashasvi,,Chander,Yashasvi Chander,99451276172,yashasvi30@yahoo.com,F,1950-08-26,AADHAR-7081-9911-7803,
WIT-11370,CLM-00239,Anya,,Gole,Anya Gole,99998334413,anya49@rediffmail.com,F,1956-11-14,VOTER-D707159,
WIT-11371,CLM-02147,Ishaan,,Radhakrishnan,Ishaan Radhakrishnan,97215260715,ishaan40@gmail.com,M,1962-02-08,UID-773318850867,
WIT-11372,CLM-02147,Nicholas,,Loyal,Nicholas Loyal,97163231327,nicholas48@live.com,M,1964-10-15,UID-688092196719,MEM-12667
WIT-11373,CLM-02147,Meghana,,Mahajan,Meghana Mahajan,97407805915,meghana67@live.com,F,1987-10-24,VOTER-A583288,
WIT-11374,CLM-00738,Alka,,Nigam,Alka Nigam,97146535065,alka26@yahoo.com,F,1967-05-15,AADHAR-4616-7791-4143,
WIT-11375,CLM-00380,Chandresh,,Sachdev,Chandresh Sachdev,99095333315,chandresh70@yahoo.com,M,1952-10-03,AADHAR-6132-8105-2174,
WIT-11376,CLM-02565,Dayamai,,Gopal,Dayamai Gopal,99342594881,dayamai88@gmail.com,F,1971-06-20,AADHAR-4942-6947-2442,
WIT-11377,CLM-02565,Gabriel,,Dhar,Gabriel Dhar,98396536856,gabriel74@gmail.com,M,1960-12-19,VOTER-B922202,
WIT-11378,CLM-02565,Adya,,Dara,Adya Dara,99162447568,adya62@gmail.com,F,2003-02-01,AADHAR-5618-9658-2998,
WIT-11379,CLM-01043,Upkaar,,Raju,Upkaar Raju,98115625342,upkaar67@live.com,M,1995-10-17,UID-812138875521,
WIT-11380,CLM-01043,Adweta,,Rana,Adweta Rana,99194788478,adweta69@hotmail.com,F,1998-07-26,UID-171353104074,
WIT-11381,CLM-01043,Tanveer,,Iyengar,Tanveer Iyengar,99721853812,tanveer15@rediffmail.com,M,1993-11-14,UID-337132167043,
WIT-11382,CLM-02281,Ishaan,,Patel,Ishaan Patel,97667395369,ishaan49@gmail.com,M,1964-02-25,UID-110099901267,MEM-13027
WIT-11383,CLM-00733,Lekha,,Nagarajan,Lekha Nagarajan,97811319399,lekha38@gmail.com,F,1951-09-17,UID-812767921354,
WIT-11384,CLM-00733,Quincy,,Sha,Quincy Sha,97227196080,quincy34@hotmail.com,M,1950-12-19,AADHAR-6057-7467-3470,
WIT-11385,CLM-01166,Charan,,Muni,Charan Muni,98483631912,charan70@rediffmail.com,M,1979-03-11,UID-975248715918,
WIT-11386,CLM-01166,Hemangini,,Mukhopadhyay,Hemangini Mukhopadhyay,99832718907,hemangini38@outlook.co.in,F,2000-09-28,VOTER-B108381,MEM-10308
WIT-11387,CLM-00619,Brijesh,,Hora,Brijesh Hora,97937790986,brijesh90@gmail.com,M,1961-07-03,UID-203365037376,
WIT-11388,CLM-00619,Ridhi,,Prabhu,Ridhi Prabhu,97862398925,ridhi60@rediffmail.com,F,1957-07-25,UID-835263806568,
WIT-11389,CLM-00619,Eesha,,Sami,Eesha Sami,98955547535,eesha89@hotmail.com,F,1975-09-21,AADHAR-6567-1007-1117,MEM-11227
WIT-11390,CLM-00068,Mahika,,Hayer,Mahika Hayer,97533258974,mahika25@yahoo.com,F,1994-10-19,AADHAR-7841-1578-8779,
WIT-11391,CLM-00068,Rudra,,Baria,Rudra Baria,98681859331,rudra27@live.com,M,1987-11-13,UID-162571042481,MEM-13253
WIT-11392,CLM-00068,Brinda,,Nadkarni,Brinda Nadkarni,97004237274,brinda13@yahoo.com,F,1970-08-22,UID-674782337433,
WIT-11393,CLM-00554,Ishanvi,,Bhattacharyya,Ishanvi Bhattacharyya,98469132210,ishanvi60@hotmail.com,F,2003-05-28,VOTER-C980641,
WIT-11394,CLM-02803,Fiyaz,,Hegde,Fiyaz Hegde,99965433566,vedant44@outlook.co.in,M,1972-01-13,AADHAR-6069-1635-6655,MEM-10011
WIT-11395,CLM-02803,Udyati,,Bhargava,Udyati Bhargava,98521191158,udyati26@live.com,F,2006-02-25,VOTER-A204484,
WIT-11396,CLM-02803,Girish,,Sahota,Girish Sahota,97902042724,girish97@outlook.co.in,M,1998-12-10,UID-664804417163,
WIT-11397,CLM-02029,Vasatika,,Upadhyay,Vasatika Upadhyay,99059851855,vasatika18@gmail.com,F,1996-04-12,VOTER-A611482,
WIT-11398,CLM-02029,Mekhala,,Tandon,Mekhala Tandon,97648249291,mekhala63@outlook.co.in,F,1999-11-06,UID-920497405369,
WIT-11399,CLM-02029,Panini,,Panchal,Panini Panchal,98547515010,panini28@live.com,F,1998-05-19,AADHAR-9060-4529-1530,
WIT-11400,CLM-00102,Dalaja,,Kar,Dalaja Kar,97177129449,dalaja54@hotmail.com,F,1987-02-24,VOTER-B573903,
WIT-11401,CLM-00102,Ekapad,,Dhingra,Ekapad Dhingra,99306427492,ekapad84@outlook.co.in,M,1995-05-20,AADHAR-2265-9332-6847,
WIT-11402,CLM-02068,Janaki,,Pandit,Janaki Pandit,97874942618,janaki72@rediffmail.com,F,1981-05-29,AADHAR-7090-7477-3809,
WIT-11403,CLM-00351,Balveer,,Mannan,Balveer Mannan,97547485643,balveer88@live.com,M,1978-02-18,VOTER-C297355,
WIT-11404,CLM-00351,Raghav,,Seth,Raghav Seth,99828818961,raghav56@live.com,M,1959-07-24,UID-959324047295,
WIT-11405,CLM-00351,Maanas,,Rout,Maanas Rout,98765912049,maanas15@outlook.co.in,M,1988-10-02,UID-843613333724,
WIT-11406,CLM-01007,Qarin,,Venkatesh,Qarin Venkatesh,99889850353,qarin75@gmail.com,M,1963-10-19,UID-355786383806,
WIT-11407,CLM-01007,Pranav,,Goswami,Pranav Goswami,97386493224,pranav29@yahoo.com,M,1970-06-03,UID-768160947998,
WIT-11408,CLM-01007,Nimrat,,Ram,Nimrat Ram,97155754214,nimrat71@yahoo.com,F,1977-08-17,VOTER-B997859,
WIT-11409,CLM-00013,Aarini,,Sura,Aarini Sura,98143098998,aarini21@hotmail.com,F,1980-10-25,UID-883073923004,
WIT-11410,CLM-00013,Krishna,,Bir,Krishna Bir,99679243907,krishna75@outlook.co.in,F,1987-06-16,AADHAR-5957-8272-8393,
WIT-11411,CLM-00013,Sai,,Magar,Sai Magar,99623387723,sai59@gmail.com,M,2006-01-31,VOTER-E978965,
WIT-11412,CLM-02332,Aadhya,,Dhar,Aadhya Dhar,99598402613,aadhya28@outlook.co.in,F,1992-03-06,AADHAR-6782-9369-4859,
WIT-11413,CLM-02332,Falguni,,Loyal,Falguni Loyal,98942389134,falguni82@rediffmail.com,F,1981-10-17,VOTER-B214096,
WIT-11414,CLM-02332,Anjali,,Kata,Anjali Kata,97130014519,anjali66@hotmail.com,F,1981-06-20,UID-782876551532,
WIT-11415,CLM-02245,Yutika,,Nadkarni,Yutika Nadkarni,99375719838,yutika69@yahoo.com,F,1963-09-03,VOTER-D590508,
WIT-11416,CLM-01610,Ria,,Amble,Ria Amble,99114512245,ria36@hotmail.com,F,1974-12-07,UID-643051696991,
WIT-11417,CLM-01610,Harinakshi,,Rai,Harinakshi Rai,98013809075,harinakshi18@outlook.co.in,F,1958-05-15,AADHAR-7169-7699-5738,
WIT-11418,CLM-01610,Wakeeta,,Oommen,Wakeeta Oommen,99899634069,wakeeta35@hotmail.com,F,1975-03-23,VOTER-E120320,
WIT-11419,CLM-00493,Jatin,,Basak,Jatin Basak,98255403417,jatin94@rediffmail.com,M,1953-08-10,VOTER-D816085,
WIT-11420,CLM-00493,David,,Datta,David Datta,97067724427,david77@yahoo.com,M,1976-01-25,UID-523523981760,
WIT-11421,CLM-00493,Harshil,,Panchal,Harshil Panchal,99797002753,harshil18@gmail.com,M,1986-09-19,AADHAR-8718-5786-7933,
WIT-11422,CLM-01728,Odika,,Chakrabarti,Odika Chakrabarti,98852994199,odika36@gmail.com,F,1982-07-01,AADHAR-5454-7477-6332,
WIT-11423,CLM-00280,Darpan,,Suri,Darpan Suri,99244058730,darpan82@rediffmail.com,M,1974-10-29,AADHAR-5413-7667-7192,MEM-12553
WIT-11424,CLM-00280,Qushi,,Wagle,Qushi Wagle,98390642266,qushi12@yahoo.com,F,1966-01-22,AADHAR-8908-6460-8089,
WIT-11425,CLM-02606,Yasti,,Zachariah,Yasti Zachariah,97780082307,yasti97@rediffmail.com,F,2007-07-15,VOTER-A258204,
WIT-11426,CLM-02606,Ekbal,,Amble,Ekbal Amble,98189848301,ekbal35@rediffmail.com,M,1972-09-28,AADHAR-8972-6723-4319,
WIT-11427,CLM-01420,Siya,,Iyengar,Siya Iyengar,97274422226,siya87@gmail.com,F,1974-03-07,UID-396502938084,
WIT-11428,CLM-00011,Chavvi,,Natt,Chavvi Natt,98932035748,chavvi17@live.com,F,1977-02-28,UID-948835165961,
WIT-11429,CLM-00011,Kabir,,Vohra,Kabir Vohra,97906155903,kabir99@yahoo.com,M,1962-02-11,UID-363964683241,
WIT-11430,CLM-01668,Urvi,,Dugal,Urvi Dugal,97967177139,urvi77@live.com,F,1980-01-07,VOTER-E555340,
WIT-11431,CLM-01879,Chakrika,,Mander,Chakrika Mander,99881131101,chakrika52@hotmail.com,F,1955-04-02,VOTER-A343797,
WIT-11432,CLM-02802,Wazir,,Madan,Wazir Madan,98581571730,wazir61@live.com,M,1983-03-18,AADHAR-2479-2619-4386,
WIT-11433,CLM-02802,Dakshesh,,Aurora,Dakshesh Aurora,97539784857,dakshesh91@rediffmail.com,M,1995-05-07,VOTER-D906662,
WIT-11434,CLM-01568,Meera,,Lal,Meera Lal,97833148765,meera96@hotmail.com,F,2002-02-02,VOTER-D245182,
WIT-11435,CLM-01568,Aadhya,,Dora,Aadhya Dora,97244412190,aadhya45@gmail.com,F,1990-05-07,AADHAR-8825-3563-1916,
WIT-11436,CLM-01568,Indali,,Lad,Indali Lad,99664323409,indali70@gmail.com,F,1970-07-18,VOTER-C983432,
WIT-11437,CLM-02921,Yashica,,Bhatia,Yashica Bhatia,97294010800,yashica54@hotmail.com,F,2003-09-29,VOTER-C960769,
WIT-11438,CLM-02921,Jacob,,Lad,Jacob Lad,98650666254,jacob75@hotmail.com,M,1980-11-29,UID-398671172610,
WIT-11439,CLM-00219,Madhavi,,Ganguly,Madhavi Ganguly,98757761197,madhavi75@outlook.co.in,F,2006-09-05,AADHAR-2287-9403-7864,
WIT-11440,CLM-00219,Yachana,,Chakrabarti,Yachana Chakrabarti,98214705390,yachana31@outlook.co.in,F,1972-06-02,AADHAR-1586-4234-2266,
WIT-11441,CLM-00219,Girish,,Tata,Girish Tata,99823218958,girish43@yahoo.com,M,2001-05-21,AADHAR-2029-5480-5577,
WIT-11442,CLM-02834,Turvi,,Soni,Turvi Soni,97290027345,turvi13@rediffmail.com,F,1983-03-11,VOTER-D253429,
WIT-11443,CLM-02834,Wriddhish,,Jain,Wriddhish Jain,98211286827,wriddhish66@yahoo.com,M,1975-02-04,UID-713925364779,
WIT-11444,CLM-00194,Aarnav,,Ganesh,Aarnav Ganesh,98620237686,aarnav13@outlook.co.in,M,1968-08-05,UID-268947569444,
WIT-11445,CLM-02985,Damini,,Sant,Damini Sant,99542590868,damini92@yahoo.com,F,1997-11-02,UID-206197123380,
WIT-11446,CLM-01143,Yashvi,,Sant,Yashvi Sant,99072551390,yashvi60@yahoo.com,F,1984-03-30,AADHAR-8972-7570-1683,MEM-12785
WIT-11447,CLM-00647,Guneet,,Kala,Guneet Kala,98566072593,guneet18@rediffmail.com,M,1993-10-15,VOTER-C606472,
WIT-11448,CLM-01444,Ekta,,Arya,Ekta Arya,98229659813,ekta92@outlook.co.in,F,1988-07-30,AADHAR-3090-5910-2527,
WIT-11449,CLM-01444,Oliver,,Dara,Oliver Dara,97077547936,oliver98@rediffmail.com,M,1961-07-10,AADHAR-8520-6367-1907,
WIT-11450,CLM-01444,Yoshita,,Babu,Yoshita Babu,98809178056,yoshita85@hotmail.com,F,1968-06-10,AADHAR-7915-8539-6351,MEM-11523
WIT-11451,CLM-00467,Pranav,,Nagy,Pranav Nagy,98275226287,pranav56@gmail.com,M,1960-07-18,AADHAR-4617-7177-1819,
WIT-11452,CLM-01857,Alka,,Rajan,Alka Rajan,99150357458,alka57@hotmail.com,F,1958-02-15,AADHAR-2475-7912-2983,
WIT-11453,CLM-00106,Lohit,,Lanka,Lohit Lanka,97475448948,lohit81@hotmail.com,M,1991-05-19,UID-461805619672,MEM-10697
WIT-11454,CLM-00106,Orinder,,Mital,Orinder Mital,98751544961,orinder86@rediffmail.com,M,1973-03-16,AADHAR-2794-3528-3536,
WIT-11455,CLM-01873,Arya,,Merchant,Arya Merchant,99375974402,arya54@hotmail.com,F,1993-11-07,VOTER-B569580,
WIT-11456,CLM-01873,Janya,,Sarraf,Janya Sarraf,98014272655,janya36@gmail.com,F,1955-09-10,AADHAR-6702-2982-1699,
WIT-11457,CLM-01873,Ria,,Mani,Ria Mani,99295689586,ria27@live.com,F,1960-07-09,UID-761713671924,
WIT-11458,CLM-01542,Hardik,,Ganesan,Hardik Ganesan,98762497098,hardik79@outlook.co.in,M,1986-08-28,UID-621786264020,MEM-10264
WIT-11459,CLM-02933,Ekantika,,Grewal,Ekantika Grewal,98879160653,ekantika13@outlook.co.in,F,1995-11-17,VOTER-C662740,MEM-11461
WIT-11460,CLM-01439,Gaurang,,Ahuja,Gaurang Ahuja,97416771651,gaurang78@rediffmail.com,M,1960-07-01,VOTER-A308208,
WIT-11461,CLM-01439,Yashica,,Karpe,Yashica Karpe,98615180351,yashica58@live.com,F,2003-11-05,VOTER-D907801,
WIT-11462,CLM-01439,Chasmum,,Gupta,Chasmum Gupta,98105609903,chasmum92@yahoo.com,F,1993-01-18,UID-552422841658,
WIT-11463,CLM-02658,Edhitha,,Mandal,Edhitha Mandal,98993169992,edhitha77@gmail.com,F,1972-11-16,VOTER-D998936,MEM-11343
WIT-11464,CLM-02735,Oni,,Setty,Oni Setty,97371787055,oni11@live.com,F,2002-05-08,VOTER-C847624,MEM-12153
WIT-11465,CLM-02735,Rachit,,Narayan,Rachit Narayan,97511519186,rachit63@live.com,M,1981-09-21,AADHAR-6507-2007-5920,
WIT-11466,CLM-00634,Tristan,,Dayal,Tristan Dayal,99183550221,tristan42@yahoo.com,M,1968-11-11,UID-705827940179,
WIT-11467,CLM-00419,Waida,,Contractor,Waida Contractor,97779849787,waida96@gmail.com,F,1980-12-09,AADHAR-3949-8720-6214,
WIT-11468,CLM-01239,Warda,,Joshi,Warda Joshi,97557779336,warda48@hotmail.com,F,1997-09-09,AADHAR-7051-3175-7000,
WIT-11469,CLM-01239,Adweta,,Karpe,Adweta Karpe,99977977038,adweta95@live.com,F,1976-02-20,UID-188333701856,MEM-12659
WIT-11470,CLM-01239,Wriddhish,,Chakrabarti,Wriddhish Chakrabarti,98781087573,wriddhish27@hotmail.com,M,1950-04-14,UID-190252949926,
WIT-11471,CLM-01707,Radha,,Dada,Radha Dada,98932574524,radha32@gmail.com,F,1994-07-07,VOTER-D183055,
WIT-11472,CLM-01707,Rayaan,,Jayaraman,Rayaan Jayaraman,97955159463,rayaan38@outlook.co.in,M,1986-11-25,VOTER-D132120,MEM-10286
WIT-11473,CLM-02270,Udarsh,,Natt,Udarsh Natt,99170276701,udarsh43@live.com,M,1957-10-21,VOTER-C810476,
WIT-11474,CLM-00523,Advaith,,Som,Advaith Som,99889786145,advaith69@gmail.com,M,1983-12-06,VOTER-C913503,
WIT-11475,CLM-00624,Nilima,,Naidu,Nilima Naidu,99240398093,nilima46@rediffmail.com,F,1990-09-08,VOTER-E235583,
WIT-11476,CLM-00624,Bhavna,,Kala,Bhavna Kala,99998511324,bhavna82@yahoo.com,F,1981-12-05,VOTER-E870905,
WIT-11477,CLM-00624,Siya,,Vala,Siya Vala,99796728560,siya89@gmail.com,F,1981-09-29,UID-114359500781,
WIT-11478,CLM-01102,Deepa,,Setty,Deepa Setty,98803301717,deepa93@outlook.co.in,F,2002-06-16,UID-829731862341,
WIT-11479,CLM-01507,Aishani,,D’Alia,Aishani D’Alia,99234535370,aishani94@outlook.co.in,F,1993-05-24,UID-525465898357,
WIT-11480,CLM-02661,Tara,,Iyer,Tara Iyer,98574874118,tara68@gmail.com,F,2001-12-03,UID-231691263863,
WIT-11481,CLM-02661,Onveer,,Om,Onveer Om,97419076046,onveer76@live.com,M,1964-07-02,AADHAR-9138-7074-7482,
WIT-11482,CLM-02661,Avi,,Sethi,Avi Sethi,99943124798,avi72@gmail.com,M,1998-05-12,UID-934131732011,
WIT-11483,CLM-02215,Leena,,Varghese,Leena Varghese,97571429690,leena59@hotmail.com,F,1978-06-10,UID-839403597893,
WIT-11484,CLM-02215,Tejas,,Guha,Tejas Guha,98185337387,tejas17@outlook.co.in,M,1967-04-02,VOTER-A244681,
WIT-11485,CLM-00268,Chaitanya,,Varty,Chaitanya Varty,99340776177,chaitanya21@yahoo.com,M,1970-09-03,VOTER-E836644,
WIT-11486,CLM-00268,Avi,,Khalsa,Avi Khalsa,99881300845,avi96@hotmail.com,M,1995-02-08,UID-585614013919,
WIT-11487,CLM-00322,Chakradhar,,Krish,Chakradhar Krish,99540887719,chakradhar33@rediffmail.com,M,1993-12-12,AADHAR-9497-3306-5465,
WIT-11488,CLM-02268,Anita,,Puri,Anita Puri,98368266732,anita83@yahoo.com,F,1995-12-12,VOTER-B396933,
WIT-11489,CLM-01175,Dhriti,,Bora,Dhriti Bora,97006053031,dhriti70@live.com,F,1964-08-09,VOTER-E893041,
WIT-11490,CLM-01175,Devika,,Krishnamurthy,Devika Krishnamurthy,98601615590,devika37@gmail.com,F,1952-06-27,AADHAR-8021-6085-2078,
WIT-11491,CLM-01175,Urvashi,,Bhakta,Urvashi Bhakta,97285981025,urvashi85@gmail.com,F,1984-08-13,VOTER-A117058,
WIT-11492,CLM-01465,Netra,,Kapoor,Netra Kapoor,97051471467,netra20@hotmail.com,F,1973-03-05,VOTER-A472139,
WIT-11493,CLM-01465,Zehaan,,Madan,Zehaan Madan,98998863722,zehaan96@gmail.com,M,1954-03-16,AADHAR-4464-3223-4991,
WIT-11494,CLM-01465,Nakul,,Ram,Nakul Ram,97670181885,nakul11@rediffmail.com,M,1992-06-16,UID-855442978927,
WIT-11495,CLM-01551,Eiravati,,Ratti,Eiravati Ratti,99305608290,eiravati83@yahoo.com,F,1976-08-30,UID-955764015694,
WIT-11496,CLM-02366,Vrishti,,Muni,Vrishti Muni,97123545925,vrishti33@hotmail.com,F,2006-12-21,AADHAR-3636-8637-6127,
WIT-11497,CLM-00330,Christopher,,Kalita,Christopher Kalita,97571266745,christopher45@rediffmail.com,M,1986-11-19,UID-901133496965,
WIT-11498,CLM-00330,Orinder,,Naidu,Orinder Naidu,97298603073,orinder43@gmail.com,M,1990-01-01,AADHAR-4886-3950-1473,
WIT-11499,CLM-01366,Chanchal,,Issac,Chanchal Issac,97039064717,chanchal49@rediffmail.com,F,1978-12-24,UID-107682708063,
WIT-11500,CLM-01366,Manbir,,Talwar,Manbir Talwar,98381247716,manbir75@live.com,M,2007-06-21,AADHAR-2829-3729-3286,MEM-11165
WIT-11501,CLM-01366,Darika,,Narayanan,Darika Narayanan,97232245694,darika57@rediffmail.com,F,1954-05-30,AADHAR-7114-2308-2777,
WIT-11502,CLM-02380,Imaran,,Dey,Imaran Dey,98422092178,imaran27@live.com,M,1978-02-02,AADHAR-2649-5892-6244,
WIT-11503,CLM-02380,Kashish,,Pingle,Kashish Pingle,97213326887,kashish62@gmail.com,F,1989-01-25,VOTER-D174974,
WIT-11504,CLM-02380,Vidhi,,Natt,Vidhi Natt,98166994066,vidhi10@rediffmail.com,F,1965-03-15,UID-583673579894,
WIT-11505,CLM-00936,Logan,,Sangha,Logan Sangha,99449032289,logan71@hotmail.com,M,1951-08-08,UID-479965255551,
WIT-11506,CLM-00936,Aadhya,,Bassi,Aadhya Bassi,99392352897,aadhya63@yahoo.com,F,1975-06-26,UID-569861194146,
WIT-11507,CLM-00936,Mahika,,Ganesan,Mahika Ganesan,99871689264,mahika31@yahoo.com,F,1975-04-26,VOTER-E471721,
WIT-11508,CLM-01251,Vasana,,Dhawan,Vasana Dhawan,98710995674,vasana88@outlook.co.in,F,1956-05-25,VOTER-B316050,
WIT-11509,CLM-01251,Omisha,,Anne,Omisha Anne,97059486701,omisha91@gmail.com,F,1982-09-28,AADHAR-5262-9801-7974,
WIT-11510,CLM-02134,Turvi,,Mahajan,Turvi Mahajan,98744872656,turvi52@gmail.com,F,1958-01-09,VOTER-B343813,
WIT-11511,CLM-02134,Onkar,,Roy,Onkar Roy,99271187831,onkar15@live.com,M,1951-11-11,AADHAR-8333-9702-2814,
WIT-11512,CLM-02479,Kamya,,Ganesh,Kamya Ganesh,99776180487,kamya88@outlook.co.in,F,1977-03-21,UID-824755281849,
WIT-11513,CLM-02092,Lila,,Desai,Lila Desai,98227892327,lila59@outlook.co.in,F,1999-09-01,AADHAR-3388-9661-2124,
WIT-11514,CLM-02092,Rehaan,,Bajaj,Rehaan Bajaj,98968349543,rehaan67@hotmail.com,M,1968-02-23,UID-687916841454,
WIT-11515,CLM-02726,Quincy,,Wagle,Quincy Wagle,99193722474,quincy31@hotmail.com,M,1999-06-08,AADHAR-2273-3563-4048,
WIT-11516,CLM-00900,Aradhana,,Seshadri,Aradhana Seshadri,98558604648,aradhana79@yahoo.com,F,2004-10-15,VOTER-E650218,
WIT-11517,CLM-00900,Janya,,Zachariah,Janya Zachariah,97282962451,janya45@gmail.com,F,1955-04-11,UID-150489028413,
WIT-11518,CLM-02444,Rajeshri,,Keer,Rajeshri Keer,97415362970,rajeshri43@yahoo.com,F,1966-10-12,UID-759096864125,
WIT-11519,CLM-02444,Mitesh,,Jayaraman,Mitesh Jayaraman,98454537267,mitesh93@yahoo.com,M,1986-02-06,VOTER-C191663,
WIT-11520,CLM-02444,Neelima,,Shan,Neelima Shan,98768767562,neelima28@live.com,F,1954-03-09,VOTER-C300201,
WIT-11521,CLM-02186,Yug,,More,Yug More,99334156592,yug21@hotmail.com,M,1992-07-29,UID-681937314788,
WIT-11522,CLM-01104,Gauri,,Kata,Gauri Kata,97918055874,gauri72@live.com,F,1951-09-18,UID-482596552586,
WIT-11523,CLM-00440,Alka,,Nayar,Alka Nayar,97352813270,alka54@outlook.co.in,F,1954-09-02,VOTER-B421481,
WIT-11524,CLM-00440,Frederick,,Sundaram,Frederick Sundaram,99417103508,frederick77@gmail.com,M,1966-10-24,UID-196107335716,
WIT-11525,CLM-02078,Isha,,Kakar,Isha Kakar,97959594537,isha88@rediffmail.com,F,1989-08-22,AADHAR-6989-4476-6855,
WIT-11526,CLM-02078,Ekiya,,Gade,Ekiya Gade,99107141480,ekiya20@rediffmail.com,F,1991-04-16,AADHAR-4031-1649-4424,
WIT-11527,CLM-00549,Ekavir,,Chaudhari,Ekavir Chaudhari,97764402428,ekavir54@hotmail.com,M,1962-01-12,AADHAR-6876-8746-4220,
WIT-11528,CLM-00549,Gopal,,Naidu,Gopal Naidu,98967482975,gopal63@yahoo.com,M,1994-08-10,AADHAR-7626-9747-8449,
WIT-11529,CLM-00706,Manthan,,Ganguly,Manthan Ganguly,99701062186,manthan70@live.com,M,1982-05-15,AADHAR-8393-6422-6543,
WIT-11530,CLM-02420,Upma,,Prabhakar,Upma Prabhakar,99131209693,upma20@gmail.com,F,1980-12-30,UID-353376357840,
WIT-11531,CLM-02420,Lopa,,Bawa,Lopa Bawa,97438314670,lopa28@yahoo.com,F,1976-04-23,VOTER-D314917,
WIT-11532,CLM-02420,Jeremiah,,Patel,Jeremiah Patel,97911116359,jeremiah50@live.com,M,1959-09-28,VOTER-A801781,
WIT-11533,CLM-01422,Oeshi,,Shan,Oeshi Shan,99491472727,oeshi92@gmail.com,F,1951-10-10,AADHAR-7384-7536-5037,
WIT-11534,CLM-01422,Frado,,Pandey,Frado Pandey,99346484300,frado54@rediffmail.com,M,1991-05-09,AADHAR-8274-1056-8615,MEM-12594
WIT-11535,CLM-01036,Zayan,,Khalsa,Zayan Khalsa,97969280331,zayan78@yahoo.com,M,1998-02-14,VOTER-E723408,
WIT-11536,CLM-01486,Ati,,Sura,Ati Sura,99085441847,ati10@outlook.co.in,F,1974-03-25,AADHAR-1679-3547-5915,
WIT-11537,CLM-02260,Advay,,Kannan,Advay Kannan,98119339914,advay17@hotmail.com,M,2006-04-30,AADHAR-2625-1250-9510,
WIT-11538,CLM-02260,Ayaan,,Nadkarni,Ayaan Nadkarni,97546007476,ayaan73@gmail.com,M,1982-03-06,AADHAR-9008-6173-6278,
WIT-11539,CLM-02326,Jagat,,Kannan,Jagat Kannan,97985027045,jagat78@gmail.com,M,1976-06-29,UID-225080503201,
WIT-11540,CLM-02326,Atharv,,Chad,Atharv Chad,99436452813,atharv48@gmail.com,M,1978-01-07,AADHAR-3556-8977-8554,
WIT-11541,CLM-00252,Dhruv,,Thakkar,Dhruv Thakkar,99775417341,dhruv46@hotmail.com,M,1982-01-26,UID-209811491199,
WIT-11542,CLM-00189,Harita,,Sankaran,Harita Sankaran,99462811790,harita40@hotmail.com,F,1957-03-18,UID-444269494706,
WIT-11543,CLM-00189,Ishita,,Parmar,Ishita Parmar,97564635798,ishita18@gmail.com,F,2006-12-24,VOTER-D934923,
WIT-11544,CLM-02450,Wriddhish,,Gera,Wriddhish Gera,98553907693,wriddhish28@yahoo.com,M,1981-04-06,AADHAR-3360-7549-9833,MEM-13303
WIT-11545,CLM-02450,Wakeeta,,Gulati,Wakeeta Gulati,97465025258,wakeeta87@live.com,F,2005-03-23,AADHAR-9580-7915-2202,
WIT-11546,CLM-02310,Rishi,,Savant,Rishi Savant,99060170423,rishi65@hotmail.com,M,1989-05-30,UID-339273481621,
WIT-11547,CLM-02310,Noah,,Borah,Noah Borah,97648606226,noah65@outlook.co.in,M,1999-09-05,UID-383213240904,
WIT-11548,CLM-02310,George,,Radhakrishnan,George Radhakrishnan,97744190187,george74@yahoo.com,M,1981-09-03,AADHAR-8133-2340-9636,
WIT-11549,CLM-00453,Widisha,,Palla,Widisha Palla,98085577117,yutika38@outlook.co.in,F,2001-05-21,UID-799187529363,
WIT-11550,CLM-01891,Yoshita,,Toor,Yoshita Toor,99411557684,yoshita22@outlook.co.in,F,1965-09-27,VOTER-A319392,
WIT-11551,CLM-02554,Isha,,Rattan,Isha Rattan,99781826480,isha51@yahoo.com,F,1969-01-14,VOTER-C759594,
WIT-11552,CLM-01149,Noah,,Pathak,Noah Pathak,98059419927,noah84@live.com,M,1961-01-30,AADHAR-9142-4857-3364,
WIT-11553,CLM-01149,Irya,,Cheema,Irya Cheema,99437012703,irya65@yahoo.com,F,1990-12-23,AADHAR-5838-7602-9424,
WIT-11554,CLM-01094,Gautam,,Bhagat,Gautam Bhagat,97385282186,gautam75@gmail.com,M,1979-07-31,UID-728951703634,
WIT-11555,CLM-00149,Hredhaan,,Gara,Hredhaan Gara,97098696029,hredhaan34@gmail.com,M,1988-02-06,AADHAR-1761-5820-2067,MEM-10068
WIT-11556,CLM-00149,Ishaan,,Sarna,Ishaan Sarna,99871524951,ishaan93@gmail.com,M,1998-12-03,UID-327487063664,
WIT-11557,CLM-00149,Patrick,,Varma,Patrick Varma,98310337289,patrick94@live.com,M,1981-04-12,UID-130666432763,
WIT-11558,CLM-00209,Lakshit,,Sehgal,Lakshit Sehgal,99566755082,lakshit59@yahoo.com,M,1972-10-14,UID-556384264731,
WIT-11559,CLM-00209,Tarak,,Anand,Tarak Anand,99311116643,tarak14@hotmail.com,M,1957-10-11,AADHAR-1058-8509-6546,
WIT-11560,CLM-00209,Faras,,Desai,Faras Desai,98273348177,faras33@live.com,M,1950-02-20,AADHAR-2488-5847-1694,
WIT-11561,CLM-00045,Vinaya,,Korpal,Vinaya Korpal,97018510799,vinaya97@live.com,F,1980-06-21,VOTER-C565083,
WIT-11562,CLM-00045,Balendra,,Bandi,Balendra Bandi,98992888063,balendra35@live.com,M,2002-04-05,UID-979884292274,
WIT-11563,CLM-02682,Baljiwan,,Lad,Baljiwan Lad,97362437804,baljiwan38@rediffmail.com,M,1950-08-24,VOTER-C413325,
WIT-11564,CLM-02682,Bhanumati,,Kapur,Bhanumati Kapur,97627233732,bhanumati92@gmail.com,F,2003-04-04,VOTER-C986760,
WIT-11565,CLM-00977,Naksh,,Badal,Naksh Badal,98471641915,naksh40@yahoo.com,M,1976-04-05,AADHAR-5838-7197-2213,MEM-12410
WIT-11566,CLM-00977,Qadim,,Sane,Qadim Sane,99137169576,qadim76@outlook.co.in,M,1959-01-27,AADHAR-5988-1911-6794,
WIT-11567,CLM-00977,Netra,,Garg,Netra Garg,99453397472,netra63@hotmail.com,F,1959-03-06,UID-404342610745,
WIT-11568,CLM-01530,Dalbir,,Iyer,Dalbir Iyer,97928574094,dalbir13@outlook.co.in,M,1953-02-09,AADHAR-6382-3912-6564,
WIT-11569,CLM-01583,Zilmil,,Mody,Zilmil Mody,97837361500,zilmil16@yahoo.com,F,1955-10-15,UID-569701881351,
WIT-11570,CLM-01826,Ishanvi,,Bhat,Ishanvi Bhat,97778311614,ishanvi99@hotmail.com,F,1968-08-07,UID-525100811301,MEM-10077
WIT-11571,CLM-00014,Krisha,,Rao,Krisha Rao,98006939743,krisha31@outlook.co.in,F,1996-01-26,UID-327433574763,
WIT-11572,CLM-02168,Isaiah,,Gaba,Isaiah Gaba,98435594935,isaiah97@hotmail.com,M,1992-09-23,AADHAR-9739-8519-9416,
WIT-11573,CLM-02168,Raksha,,Morar,Raksha Morar,97558176342,raksha17@live.com,F,2006-09-08,UID-735683861422,
WIT-11574,CLM-02168,Pushti,,Johal,Pushti Johal,97764582225,pushti45@rediffmail.com,F,1987-10-31,VOTER-E313452,
WIT-11575,CLM-01478,Ryan,,Walia,Ryan Walia,98280549897,ryan73@rediffmail.com,M,1993-10-02,AADHAR-9399-5172-7366,
WIT-11576,CLM-01478,Nitesh,,Arora,Nitesh Arora,98387577557,nitesh61@yahoo.com,M,2001-01-01,UID-783987084287,
WIT-11577,CLM-01478,Falak,,Sane,Falak Sane,99845401628,falak81@outlook.co.in,F,1993-10-12,AADHAR-6480-6251-9444,
WIT-11578,CLM-01209,Girindra,,Pai,Girindra Pai,99891940087,girindra80@hotmail.com,M,1976-08-13,UID-722745086417,
WIT-11579,CLM-01958,Pallavi,,Kara,Pallavi Kara,98330555560,pallavi93@rediffmail.com,F,1982-09-03,UID-344518782665,
WIT-11580,CLM-01958,Maanav,,Kala,Maanav Kala,97607526746,maanav49@gmail.com,M,1951-04-01,VOTER-B228830,
WIT-11581,CLM-00991,Divya,,Goel,Divya Goel,99539052860,divya77@outlook.co.in,F,1970-10-07,VOTER-D639082,MEM-12555
WIT-11582,CLM-00991,Jagvi,,Tiwari,Jagvi Tiwari,98868596278,jagvi40@hotmail.com,F,1968-02-24,AADHAR-7366-2794-2431,
WIT-11583,CLM-00018,Chandani,,Vohra,Chandani Vohra,97433902420,chandani28@hotmail.com,F,2002-01-22,VOTER-A891762,
WIT-11584,CLM-00018,Hiral,,Krishnan,Hiral Krishnan,98408125411,hiral37@live.com,F,1973-11-16,VOTER-C361928,
WIT-11585,CLM-02171,Matthew,,Vaidya,Matthew Vaidya,98028945045,matthew97@outlook.co.in,M,1997-01-20,VOTER-D555578,
WIT-11586,CLM-01730,Chanchal,,Sura,Chanchal Sura,98084344859,chanchal96@live.com,F,1988-05-30,UID-878979052296,
WIT-11587,CLM-01730,Pooja,,Chahal,Pooja Chahal,98245569901,pooja16@outlook.co.in,F,1996-02-29,VOTER-D249779,
WIT-11588,CLM-02681,Neha,,Sathe,Neha Sathe,99673511031,neha36@hotmail.com,F,1952-12-23,AADHAR-6428-2872-8151,
WIT-11589,CLM-02681,Divya,,Vig,Divya Vig,98507904067,divya58@yahoo.com,F,1991-03-26,VOTER-A586237,
WIT-11590,CLM-01652,Jeet,,Choudhury,Jeet Choudhury,97063967614,jeet31@yahoo.com,M,1995-08-16,AADHAR-8996-8811-8515,MEM-12564
WIT-11591,CLM-01652,Daksh,,Raj,Daksh Raj,98367851817,daksh33@gmail.com,M,1961-02-16,AADHAR-7670-6746-1467,
WIT-11592,CLM-01652,Ekbal,,Dhillon,Ekbal Dhillon,99662331196,ekbal29@gmail.com,M,1993-09-25,AADHAR-6297-6407-3685,
WIT-11593,CLM-02808,Varsha,,Shah,Varsha Shah,98995408175,varsha37@rediffmail.com,F,1977-06-07,AADHAR-6400-3076-8268,MEM-12387
WIT-11594,CLM-02808,Harsh,,Manda,Harsh Manda,98861913323,harsh36@rediffmail.com,M,1951-11-05,UID-961322160356,
WIT-11595,CLM-00080,Chandresh,,Agrawal,Chandresh Agrawal,97042653972,chandresh40@hotmail.com,M,1955-05-28,VOTER-B216268,
WIT-11596,CLM-00094,Qasim,,Balay,Qasim Balay,98602033860,qasim54@live.com,M,1950-05-03,UID-969095004660,
WIT-11597,CLM-00094,Aashi,,Mangat,Aashi Mangat,99063875854,aashi48@rediffmail.com,F,1996-10-01,VOTER-B734233,
WIT-11598,CLM-01099,Leena,,Singh,Leena Singh,99509918912,leena35@rediffmail.com,F,1955-02-10,AADHAR-5685-2407-7324,
WIT-11599,CLM-01099,Kiaan,,Raj,Kiaan Raj,98983434010,kiaan20@rediffmail.com,M,1976-07-11,AADHAR-6921-3824-4142,
WIT-11600,CLM-00431,Megha,,Singh,Megha Singh,97115456336,megha70@live.com,F,2000-06-06,VOTER-D180655,
WIT-11601,CLM-00431,Anamika,,Apte,Anamika Apte,97604962121,anamika19@live.com,F,1980-07-15,UID-781623020986,
WIT-11602,CLM-01908,Chaitanya,,Dhar,Chaitanya Dhar,99912363500,chaitanya22@live.com,M,1981-03-23,UID-946347921010,
WIT-11603,CLM-01908,Ayaan,,Misra,Ayaan Misra,98518746142,ayaan60@hotmail.com,M,1995-06-23,UID-638457543282,
WIT-11604,CLM-01908,Qarin,,Srinivas,Qarin Srinivas,97617165895,qarin78@outlook.co.in,M,2005-02-18,AADHAR-8949-6190-6349,
WIT-11605,CLM-00307,Darpan,,Pandya,Darpan Pandya,97559248672,darpan54@gmail.com,M,2002-04-15,VOTER-A958523,
WIT-11606,CLM-00307,Vihaan,,Kapadia,Vihaan Kapadia,98584297365,vihaan29@hotmail.com,M,1992-02-05,UID-263526035141,
WIT-11607,CLM-00307,Meghana,,Anand,Meghana Anand,97008062090,meghana99@live.com,F,1970-01-01,UID-197555129080,MEM-12771
WIT-11608,CLM-01287,Peter,,Sura,Peter Sura,97450594819,peter21@rediffmail.com,M,1985-02-23,AADHAR-2743-3662-6699,
WIT-11609,CLM-01287,Yauvani,,Mitra,Yauvani Mitra,97057264212,yauvani64@outlook.co.in,F,2000-02-16,UID-227676971762,
WIT-11610,CLM-01287,Om,,Patla,Om Patla,99716406461,om42@live.com,M,1973-07-19,VOTER-D180978,
WIT-11611,CLM-01704,Lohit,,Devan,Lohit Devan,99980452371,lohit23@hotmail.com,M,2005-08-27,AADHAR-7795-1821-9028,
WIT-11612,CLM-01704,Indira,,Gole,Indira Gole,99760240501,indira18@outlook.co.in,F,2000-06-03,UID-148722086061,
WIT-11613,CLM-01704,Bhavya,,Bhalla,Bhavya Bhalla,98564748829,bhavya26@hotmail.com,F,1968-08-21,UID-306495173779,
WIT-11614,CLM-02796,Jeet,,Goel,Jeet Goel,97122842173,jeet34@yahoo.com,M,1989-09-15,VOTER-D968927,MEM-10970
WIT-11615,CLM-01725,Banjeet,,Dhar,Banjeet Dhar,97520565817,banjeet74@yahoo.com,M,1985-09-12,AADHAR-6450-4992-2640,
WIT-11616,CLM-01725,Siya,,Kaur,Siya Kaur,99843615459,siya34@outlook.co.in,F,1957-03-01,AADHAR-2243-6800-3598,
WIT-11617,CLM-01725,Faris,,Majumdar,Faris Majumdar,98569211522,faris62@hotmail.com,M,1985-04-09,VOTER-E959675,MEM-13397
WIT-11618,CLM-00713,Indali,,Dass,Indali Dass,98133349747,indali49@yahoo.com,F,1968-10-02,UID-271531931723,
WIT-11619,CLM-02382,Nicholas,,Seth,Nicholas Seth,98616667083,nicholas49@hotmail.com,M,1977-11-19,VOTER-D635756,
WIT-11620,CLM-00227,Wishi,,Shanker,Wishi Shanker,98470831842,wishi60@gmail.com,F,1993-04-02,UID-135876641752,
WIT-11621,CLM-00227,Kai,,Amble,Kai Amble,97323483872,kai13@outlook.co.in,M,1957-11-11,AADHAR-9456-6429-3573,
WIT-11622,CLM-02483,Ekani,,Naik,Ekani Naik,97626804478,ekani16@live.com,F,1969-08-07,UID-558944431909,
WIT-11623,CLM-00758,Frado,,Kalla,Frado Kalla,99699148254,frado30@gmail.com,M,2007-04-22,VOTER-E177448,
WIT-11624,CLM-00758,Adya,,Chand,Adya Chand,99036672295,adya13@hotmail.com,F,1989-10-02,AADHAR-9427-3622-5295,
WIT-11625,CLM-00758,Caleb,,Sankaran,Caleb Sankaran,98717552905,caleb27@gmail.com,M,1961-06-02,VOTER-C533538,
WIT-11626,CLM-02183,Sai,,Dey,Sai Dey,97082053107,sai79@live.com,M,1999-07-29,VOTER-A937999,
WIT-11627,CLM-02183,Omaja,,Chowdhury,Omaja Chowdhury,99243508131,omaja15@hotmail.com,F,1971-09-18,AADHAR-2953-6336-5833,
WIT-11628,CLM-02183,Charles,,Bhatt,Charles Bhatt,99665810712,charles88@hotmail.com,M,1952-09-16,VOTER-D426907,
WIT-11629,CLM-02047,Quincy,,Kota,Quincy Kota,97748110551,quincy82@live.com,M,1950-03-19,UID-534762761192,
WIT-11630,CLM-02047,Gagan,,Wagle,Gagan Wagle,98653946290,gagan69@yahoo.com,M,1990-07-25,VOTER-A530943,
WIT-11631,CLM-02047,Sara,,Thaker,Sara Thaker,99960964753,sara95@gmail.com,F,1963-02-06,AADHAR-3205-6208-3225,
WIT-11632,CLM-00198,Christopher,,Chandra,Christopher Chandra,97481843089,christopher78@outlook.co.in,M,1959-11-03,UID-267118281370,
WIT-11633,CLM-00198,Isha,,Narang,Isha Narang,99412285358,isha20@live.com,F,1995-03-04,AADHAR-3149-6621-3267,
WIT-11634,CLM-00198,Megha,,Bhat,Megha Bhat,99900792406,megha70@yahoo.com,F,1957-05-10,UID-556443691917,
WIT-11635,CLM-00628,Sara,,Jha,Sara Jha,98090202255,sara80@live.com,F,1966-04-30,UID-899483818837,
WIT-11636,CLM-01428,Om,,Mallick,Om Mallick,97155196574,om71@yahoo.com,M,1990-09-28,AADHAR-5537-4382-9310,
WIT-11637,CLM-01643,Robert,,Kaul,Robert Kaul,99085126784,robert56@outlook.co.in,M,2003-03-16,VOTER-B981516,
WIT-11638,CLM-02807,Eta,,Behl,Eta Behl,98234261308,eta85@hotmail.com,F,1967-01-13,AADHAR-4555-9648-8442,
WIT-11639,CLM-02807,Tara,,Chaudhary,Tara Chaudhary,97814502006,tara43@live.com,F,1990-09-09,VOTER-D861629,
WIT-11640,CLM-02807,Chaman,,Modi,Chaman Modi,99297014899,chaman79@hotmail.com,F,1969-03-25,AADHAR-9273-9516-4427,
WIT-11641,CLM-00021,Sarthak,,Taneja,Sarthak Taneja,98212631282,sarthak49@rediffmail.com,M,1975-10-05,VOTER-A818130,
WIT-11642,CLM-00021,Shivansh,,Prabhu,Shivansh Prabhu,99229789398,shivansh44@rediffmail.com,M,1970-05-16,VOTER-D256531,
WIT-11643,CLM-00021,Leena,,Rout,Leena Rout,98074858993,leena43@live.com,F,2001-04-08,UID-438338769077,MEM-11858
WIT-11644,CLM-02745,Rajeshri,,Bhagat,Rajeshri Bhagat,99665608254,rajeshri75@outlook.co.in,F,1966-03-27,AADHAR-3968-8419-4335,
WIT-11645,CLM-02745,Nicholas,,Jani,Nicholas Jani,98106783863,nicholas79@outlook.co.in,M,2005-07-27,UID-250694060089,
WIT-11646,CLM-02745,Jagvi,,Pradhan,Jagvi Pradhan,99199714403,jagvi85@rediffmail.com,F,1972-02-27,VOTER-C470452,
WIT-11647,CLM-00730,Rajata,,Baria,Rajata Baria,98370561941,rajata60@outlook.co.in,F,2000-06-23,UID-571156240201,MEM-12085
WIT-11648,CLM-01482,Aishani,,Barad,Aishani Barad,97668306599,aishani25@hotmail.com,F,1983-02-09,UID-436568742437,
WIT-11649,CLM-01482,Max,,Lala,Max Lala,99832059414,max21@hotmail.com,M,1982-02-10,UID-527061076934,
WIT-11650,CLM-00386,Bahadurjit,,Yadav,Bahadurjit Yadav,98618088229,bahadurjit75@rediffmail.com,M,1950-12-23,AADHAR-6605-4071-7346,
WIT-11651,CLM-00386,Ishaan,,Ganguly,Ishaan Ganguly,98539728867,ishaan44@rediffmail.com,M,1994-03-20,VOTER-B724402,
WIT-11652,CLM-01595,Aarnav,,Chakraborty,Aarnav Chakraborty,97484116403,aarnav66@hotmail.com,M,1998-05-22,VOTER-B811609,
WIT-11653,CLM-01595,Kavya,,Goyal,Kavya Goyal,99805204388,kavya47@outlook.co.in,F,1957-04-10,AADHAR-9953-5193-3660,
WIT-11654,CLM-01595,Yutika,,Nagy,Yutika Nagy,99219595201,yutika34@live.com,F,1966-09-05,AADHAR-2182-7119-5241,
WIT-11655,CLM-01617,Abhiram,,Prabhu,Abhiram Prabhu,97735908303,abhiram56@outlook.co.in,M,1991-10-16,AADHAR-3402-1776-5142,
WIT-11656,CLM-01617,Jack,,Sathe,Jack Sathe,99043664701,jack91@live.com,M,1975-07-08,UID-884724410480,
WIT-11657,CLM-01617,Maanas,,Deol,Maanas Deol,97283602627,maanas15@live.com,M,1951-03-10,AADHAR-4022-9804-3668,
WIT-11658,CLM-02776,Chandresh,,Nath,Chandresh Nath,97340084949,chandresh97@hotmail.com,M,1987-09-13,AADHAR-5982-2573-7965,
WIT-11659,CLM-02776,Rachana,,Zacharia,Rachana Zacharia,98739615287,rachana75@live.com,F,1989-07-10,UID-347673974877,
WIT-11660,CLM-02338,Omisha,,Dhar,Omisha Dhar,98031642352,omisha96@live.com,F,1994-08-06,AADHAR-3836-7354-8933,
WIT-11661,CLM-01835,Nidra,,Barman,Nidra Barman,99355266011,nidra64@outlook.co.in,F,1975-02-28,VOTER-A130116,
WIT-11662,CLM-01835,Oeshi,,Varghese,Oeshi Varghese,98408134597,oeshi91@outlook.co.in,F,1966-01-17,VOTER-E323139,
WIT-11663,CLM-01835,Dev,,Chaudhuri,Dev Chaudhuri,97998181887,dev32@gmail.com,M,1985-02-02,UID-647335426025,MEM-13123
WIT-11664,CLM-00179,Rayaan,,Vora,Rayaan Vora,97790392086,rayaan38@outlook.co.in,M,1987-07-05,VOTER-A398689,
WIT-11665,CLM-02291,Harrison,,Garg,Harrison Garg,97527515377,harrison45@outlook.co.in,M,1983-04-24,VOTER-C218580,
WIT-11666,CLM-02291,Adweta,,Kanda,Adweta Kanda,98246091475,adweta35@hotmail.com,F,1969-02-09,UID-623525663882,
WIT-11667,CLM-01869,Ishaan,,Bedi,Ishaan Bedi,99045776804,ishaan26@outlook.co.in,M,1999-05-26,VOTER-B308602,
WIT-11668,CLM-01869,Rudra,,Kanda,Rudra Kanda,97529393041,rudra93@live.com,M,1969-01-25,AADHAR-1536-7142-7939,
WIT-11669,CLM-02630,Harinakshi,,Thaker,Harinakshi Thaker,97934641810,harinakshi30@rediffmail.com,F,1985-11-27,UID-545159541668,
WIT-11670,CLM-02630,Vihaan,,Dube,Vihaan Dube,97110802484,vihaan65@outlook.co.in,M,1985-02-27,AADHAR-2793-8674-3675,
WIT-11671,CLM-02085,Wakeeta,,Nadig,Wakeeta Nadig,99928014894,wakeeta86@live.com,F,1993-10-10,UID-875181752460,
WIT-11672,CLM-02085,Ati,,Mangat,Ati Mangat,99535668541,ati19@live.com,F,1972-02-29,AADHAR-9321-6357-8232,
WIT-11673,CLM-02795,Siya,,Prashad,Siya Prashad,97298313782,siya74@live.com,F,1986-03-09,AADHAR-4775-6211-5540,
WIT-11674,CLM-02795,Wriddhish,,Ravel,Wriddhish Ravel,99601489716,wriddhish82@hotmail.com,M,2006-03-08,VOTER-B339092,
WIT-11675,CLM-01393,Zinal,,Kapadia,Zinal Kapadia,99494905786,zinal83@hotmail.com,F,1984-12-06,AADHAR-1308-5601-6922,
WIT-11676,CLM-01393,Riya,,Prasad,Riya Prasad,99687104147,riya94@hotmail.com,F,1977-05-24,AADHAR-1900-6306-1969,
WIT-11677,CLM-01001,Simon,,Menon,Simon Menon,97044536823,simon88@gmail.com,M,2003-12-17,AADHAR-5866-9776-4390,
WIT-11678,CLM-01588,Indrajit,,Koshy,Indrajit Koshy,98471305381,indrajit48@live.com,M,1973-06-12,VOTER-D868776,
WIT-11679,CLM-01588,Gavin,,Doshi,Gavin Doshi,99962183180,gavin93@live.com,M,1969-12-14,VOTER-D688167,
WIT-11680,CLM-01588,Yoshita,,Shah,Yoshita Shah,97577933576,yoshita57@gmail.com,F,1956-06-22,AADHAR-4814-6237-9864,
WIT-11681,CLM-01954,Ganga,,Om,Ganga Om,98668063465,ganga15@gmail.com,F,1959-06-10,AADHAR-7993-1604-3958,
WIT-11682,CLM-00569,Chatresh,,Bhalla,Chatresh Bhalla,97674144813,chatresh83@outlook.co.in,M,1987-12-03,UID-829725049768,MEM-11956
WIT-11683,CLM-00569,Pranit,,Bhatti,Pranit Bhatti,97335953944,pranit57@yahoo.com,M,1967-09-28,VOTER-B387521,
WIT-11684,CLM-00800,Chakradev,,Deol,Chakradev Deol,98893975629,chakradev79@gmail.com,M,1976-09-13,AADHAR-3709-2183-4266,
WIT-11685,CLM-02163,Warinder,,Bhagat,Warinder Bhagat,98814940819,warinder88@hotmail.com,M,1955-01-25,UID-863785241195,
WIT-11686,CLM-02163,Abhiram,,Wali,Abhiram Wali,97854315942,abhiram93@gmail.com,M,2000-12-22,AADHAR-9790-2090-7952,
WIT-11687,CLM-00530,Sachi,,Rattan,Sachi Rattan,99387738229,sachi84@hotmail.com,F,1957-10-22,VOTER-E489500,
WIT-11688,CLM-00530,Qabil,,Ramesh,Qabil Ramesh,99391993011,qabil69@rediffmail.com,M,1957-06-24,AADHAR-7329-1502-7562,
WIT-11689,CLM-00530,Urvashi,,Srinivas,Urvashi Srinivas,99793045367,urvashi55@hotmail.com,F,1956-12-13,UID-401810280342,
WIT-11690,CLM-01385,Maanas,,Dhillon,Maanas Dhillon,98126096998,maanas46@yahoo.com,M,1958-02-15,AADHAR-5795-7623-8970,
WIT-11691,CLM-01385,Rayaan,,Kulkarni,Rayaan Kulkarni,99591014244,rayaan41@yahoo.com,M,1972-11-09,AADHAR-1254-9711-9956,
WIT-11692,CLM-01385,Quincy,,Bhatnagar,Quincy Bhatnagar,99177886893,quincy72@gmail.com,M,1955-05-01,AADHAR-7027-4377-8650,
WIT-11693,CLM-02870,Pavani,,Bhat,Pavani Bhat,99922765433,pavani15@outlook.co.in,F,1980-10-30,VOTER-D504790,
WIT-11694,CLM-02870,Hiral,,Nori,Hiral Nori,98295478447,hiral14@hotmail.com,F,1974-07-27,AADHAR-3950-7987-9851,
WIT-11695,CLM-00893,Amaira,,Comar,Amaira Comar,98545407533,amaira36@live.com,F,1984-08-29,VOTER-A967166,MEM-13268
WIT-11696,CLM-00473,Anita,,Choudhry,Anita Choudhry,99837549771,anita63@gmail.com,F,1987-01-21,UID-809768158630,
WIT-11697,CLM-00052,Dhriti,,Dalal,Dhriti Dalal,98441478182,dhriti76@hotmail.com,F,1970-01-29,UID-723171250909,
WIT-11698,CLM-00052,Neel,,Patla,Neel Patla,98531590955,neel65@hotmail.com,M,1960-07-25,UID-700267677870,
WIT-11699,CLM-00052,Diya,,Ramachandran,Diya Ramachandran,98500541384,diya16@outlook.co.in,F,1977-07-08,UID-706907354353,
WIT-11700,CLM-01178,Madhavi,,Butala,Madhavi Butala,98721767074,madhavi11@rediffmail.com,F,2005-11-22,VOTER-B848160,
WIT-11701,CLM-01314,Tanish,,Mukherjee,Tanish Mukherjee,97227966721,tanish38@live.com,M,1979-06-25,UID-278784245741,
WIT-11702,CLM-01314,Madhav,,Dani,Madhav Dani,98089184699,madhav68@outlook.co.in,M,1977-05-19,AADHAR-5755-4278-6726,
WIT-11703,CLM-00470,Kashvi,,Lanka,Kashvi Lanka,99508082155,kashvi94@gmail.com,F,1988-04-03,AADHAR-7139-1866-2535,
WIT-11704,CLM-00470,Joshua,,Choudhury,Joshua Choudhury,98200040856,joshua82@live.com,M,1993-04-20,UID-143943995205,
WIT-11705,CLM-00470,Rajeshri,,Babu,Rajeshri Babu,99661713989,rajeshri46@outlook.co.in,F,1974-03-30,VOTER-C558692,
WIT-11706,CLM-02051,Aarav,,Chokshi,Aarav Chokshi,98425851875,aarav19@gmail.com,M,2005-10-23,AADHAR-7402-8971-9954,
WIT-11707,CLM-02051,Atharv,,Patel,Atharv Patel,99097731284,atharv57@yahoo.com,M,2003-06-04,AADHAR-3765-2278-1516,
WIT-11708,CLM-02051,Bhanumati,,Agarwal,Bhanumati Agarwal,97022171876,bhanumati23@gmail.com,F,1983-11-01,VOTER-B210844,
WIT-11709,CLM-02271,Manbir,,Goda,Manbir Goda,97982857097,manbir86@outlook.co.in,M,1975-08-16,UID-261629601984,
WIT-11710,CLM-02271,Ekapad,,Goswami,Ekapad Goswami,98975351961,ekapad86@gmail.com,M,1985-01-22,UID-453900340683,MEM-13387
WIT-11711,CLM-02225,Tamanna,,Mistry,Tamanna Mistry,97218956634,tamanna73@live.com,F,1972-05-16,VOTER-D193007,
WIT-11712,CLM-02809,Yoshita,,Bava,Yoshita Bava,99288082400,yoshita17@outlook.co.in,F,1960-10-12,AADHAR-2490-5926-9998,
WIT-11713,CLM-00331,Rohan,,Deep,Rohan Deep,98442140264,rohan60@hotmail.com,M,2000-12-08,VOTER-C662697,
WIT-11714,CLM-00331,Aarini,,Panchal,Aarini Panchal,97611838650,aarini92@live.com,F,1952-08-16,VOTER-A383648,
WIT-11715,CLM-02263,Dayamai,,Ravi,Dayamai Ravi,99258169437,dayamai74@rediffmail.com,F,2006-10-12,UID-182075466605,
WIT-11716,CLM-02263,Aahana,,Mammen,Aahana Mammen,98632239976,aahana57@gmail.com,F,1966-06-21,AADHAR-8267-9953-4064,
WIT-11717,CLM-02263,Vritti,,Nair,Vritti Nair,97143906424,vritti95@gmail.com,F,1976-01-30,VOTER-D569783,MEM-10417
WIT-11718,CLM-01808,Ayush,,Dave,Ayush Dave,97093795626,ayush88@rediffmail.com,M,2003-04-05,AADHAR-4727-6833-5830,
WIT-11719,CLM-01808,Jackson,,Mohan,Jackson Mohan,99907967172,jackson78@rediffmail.com,M,1997-12-24,AADHAR-1839-1936-5299,
WIT-11720,CLM-01808,Kashvi,,Shukla,Kashvi Shukla,98734699747,kashvi39@outlook.co.in,F,1994-04-18,AADHAR-8412-6298-9058,
WIT-11721,CLM-02426,Bachittar,,Choudhry,Bachittar Choudhry,99548707566,bachittar45@yahoo.com,M,1994-09-13,UID-204923017430,
WIT-11722,CLM-02426,Ishaan,,Mitter,Ishaan Mitter,99940667318,ishaan62@live.com,M,1969-03-26,AADHAR-4557-4642-9433,
WIT-11723,CLM-02928,Sai,,Panchal,Sai Panchal,98288387203,sai13@live.com,F,1988-12-06,AADHAR-6960-7404-2444,MEM-13260
WIT-11724,CLM-01576,Charles,,Golla,Charles Golla,99132878672,charles89@rediffmail.com,M,1982-03-28,UID-519956145214,
WIT-11725,CLM-01750,Odika,,Comar,Odika Comar,98914527946,odika39@outlook.co.in,F,1969-09-20,VOTER-C218510,
WIT-11726,CLM-01750,Aishani,,Date,Aishani Date,97076030562,aishani94@hotmail.com,F,1992-02-12,AADHAR-5345-3467-7056,
WIT-11727,CLM-02214,Jagrati,,Oommen,Jagrati Oommen,99748288617,jagrati32@live.com,F,1997-05-16,VOTER-E867659,
WIT-11728,CLM-01714,Edhitha,,Balay,Edhitha Balay,98447096298,edhitha82@live.com,F,1969-10-23,VOTER-D356494,
WIT-11729,CLM-00837,Sudiksha,,Keer,Sudiksha Keer,97377233933,sudiksha78@outlook.co.in,F,1985-09-27,UID-476995254152,
WIT-11730,CLM-00837,Harish,,Dhar,Harish Dhar,99968179710,harish12@gmail.com,M,1980-03-05,UID-612582515291,MEM-12005
WIT-11731,CLM-00837,Fiyaz,,Karan,Fiyaz Karan,98897792513,fiyaz59@hotmail.com,M,2006-08-30,UID-737302990533,
WIT-11732,CLM-02648,Chandran,,Tank,Chandran Tank,97460409363,chandran97@rediffmail.com,M,2001-06-11,UID-243307936865,
WIT-11733,CLM-02648,Nilima,,Deol,Nilima Deol,98977110319,nilima25@hotmail.com,F,2005-03-13,AADHAR-7646-5360-4561,
WIT-11734,CLM-02648,Ekta,,Chauhan,Ekta Chauhan,99243035957,ekta38@yahoo.com,F,1981-04-20,UID-206657427563,
WIT-11735,CLM-00561,Udyati,,Dash,Udyati Dash,98410452502,udyati29@outlook.co.in,F,1966-05-05,UID-805577794078,
WIT-11736,CLM-00561,Meera,,Chopra,Meera Chopra,99210917185,meera70@rediffmail.com,F,2003-01-08,AADHAR-6271-6931-8046,MEM-10554
WIT-11737,CLM-00994,Hemal,,Saraf,Hemal Saraf,99938003973,hemal27@yahoo.com,F,1972-10-04,UID-225184221046,
WIT-11738,CLM-00994,Qasim,,Deo,Qasim Deo,98183440781,qasim32@live.com,M,1988-12-08,VOTER-C697008,
WIT-11739,CLM-02867,Karan,,Merchant,Karan Merchant,99527609051,karan62@live.com,M,1992-01-08,AADHAR-4469-1310-6104,MEM-12503
WIT-11740,CLM-02867,Shaurya,,Dutt,Shaurya Dutt,98418885199,shaurya70@rediffmail.com,M,1983-10-22,UID-707362329136,
WIT-11741,CLM-02867,Jacob,,Jani,Jacob Jani,98442053505,jacob64@outlook.co.in,M,1994-05-12,VOTER-D679233,MEM-10689
WIT-11742,CLM-01448,Bishakha,,Ghosh,Bishakha Ghosh,99073158300,bishakha13@hotmail.com,F,1963-03-30,VOTER-A697920,
WIT-11743,CLM-00334,Madhav,,Shah,Madhav Shah,97031168830,madhav83@rediffmail.com,M,1954-04-05,UID-352958051649,
WIT-11744,CLM-00334,Zayan,,Virk,Zayan Virk,99526011175,zayan29@rediffmail.com,M,1990-02-09,VOTER-E277221,
WIT-11745,CLM-00334,Aarna,,Sengupta,Aarna Sengupta,98689545759,aarna58@rediffmail.com,F,1972-02-29,UID-715898204116,
WIT-11746,CLM-00099,Amara,,Sengupta,Amara Sengupta,99489996119,amara79@hotmail.com,F,1970-09-23,VOTER-B365371,
WIT-11747,CLM-00099,Megha,,Datta,Megha Datta,97554806650,megha35@yahoo.com,F,2003-05-26,VOTER-E269256,
WIT-11748,CLM-00099,Kritika,,Dutt,Kritika Dutt,99755444473,kritika29@outlook.co.in,F,2003-03-16,AADHAR-3002-7528-4565,
WIT-11749,CLM-01323,Zilmil,,Thakur,Zilmil Thakur,99657777556,zilmil24@live.com,F,1956-06-18,VOTER-B980213,
WIT-11750,CLM-00686,Kashish,,Balasubramanian,Kashish Balasubramanian,99935172815,kashish96@hotmail.com,F,1980-09-14,AADHAR-5973-4410-3179,
WIT-11751,CLM-00686,Manya,,Bath,Manya Bath,98909565159,manya96@gmail.com,F,1953-04-15,AADHAR-1749-5784-6337,
WIT-11752,CLM-02792,Chavvi,,Tailor,Chavvi Tailor,99193875130,chavvi39@live.com,F,2004-07-11,AADHAR-8679-6649-3236,
WIT-11753,CLM-02792,Darpan,,Vyas,Darpan Vyas,99461692928,darpan87@hotmail.com,M,1954-10-03,AADHAR-5315-5669-5619,
WIT-11754,CLM-02403,Pushti,,Keer,Pushti Keer,98025469432,pushti35@outlook.co.in,F,1964-10-26,AADHAR-9731-4158-2199,
WIT-11755,CLM-02403,Harsh,,Ravel,Harsh Ravel,99145084937,harsh55@hotmail.com,M,2003-09-03,AADHAR-3179-4294-8989,
WIT-11756,CLM-02403,Tanveer,,Kant,Tanveer Kant,98115395020,tanveer27@live.com,M,1991-05-18,AADHAR-2936-6613-4417,
WIT-11757,CLM-00749,Gaurang,,Kala,Gaurang Kala,99688385559,gaurang59@hotmail.com,M,2001-05-28,AADHAR-5441-4877-5940,
WIT-11758,CLM-00675,Neel,,Bhatia,Neel Bhatia,98900721589,neel59@live.com,M,2006-10-18,VOTER-E153984,MEM-11222
WIT-11759,CLM-00675,Harinakshi,,Konda,Harinakshi Konda,97341468823,harinakshi95@hotmail.com,F,1992-10-18,UID-172061094993,
WIT-11760,CLM-00675,Ojasvi,,Sagar,Ojasvi Sagar,98266267875,ojasvi61@gmail.com,F,1972-09-28,AADHAR-8419-4725-5846,
WIT-11761,CLM-00834,Warda,,Korpal,Warda Korpal,97014997801,warda58@live.com,F,1965-05-07,VOTER-C254326,
WIT-11762,CLM-00834,Eta,,Chakraborty,Eta Chakraborty,98073253060,eta32@rediffmail.com,F,1973-01-04,UID-953984046629,
WIT-11763,CLM-00834,Turvi,,Pathak,Turvi Pathak,98397186586,turvi12@gmail.com,F,1998-02-01,UID-302065847219,
WIT-11764,CLM-00956,Jeremiah,,Chaudhry,Jeremiah Chaudhry,99971103412,jeremiah57@live.com,M,1955-10-10,AADHAR-4280-8833-8328,
WIT-11765,CLM-00956,Vasana,,Pai,Vasana Pai,97685509355,vasana21@hotmail.com,F,1975-09-01,UID-529849824319,
WIT-11766,CLM-00956,Anika,,Patil,Anika Patil,98099169613,anika69@live.com,F,1977-03-03,VOTER-B789037,
WIT-11767,CLM-00101,Rushil,,Aurora,Rushil Aurora,99809761713,rushil60@yahoo.com,M,1955-08-30,AADHAR-9718-9882-9215,
WIT-11768,CLM-00101,Bishakha,,Ahuja,Bishakha Ahuja,99684884263,bishakha44@gmail.com,F,1962-12-09,AADHAR-5184-1983-6073,
WIT-11769,CLM-01463,Falguni,,Iyer,Falguni Iyer,99260756759,falguni39@hotmail.com,F,1997-06-10,UID-609652485626,MEM-12167
WIT-11770,CLM-02441,Qarin,,Koshy,Qarin Koshy,98792257810,qarin67@gmail.com,M,1994-10-11,VOTER-E703988,
WIT-11771,CLM-02441,Raksha,,Badal,Raksha Badal,98778043852,raksha64@yahoo.com,F,1970-09-17,AADHAR-2773-5145-1771,
